date,payment,vendor,invoice,amount_cents
2026-07-01,4520,VNDE960709B38,CR2607015136,5384
2026-07-01,4521,VNDE960709B38,CR2607015137,5256
2026-07-01,4522,VNDE960709B38,CR2607015138,3488
2026-07-01,4523,VNDE960709B38,CR2607015139,5576
2026-07-01,4524,VNDE960709B38,CR2607015140,5512
2026-07-01,4525,VNDE960709B38,CR2607015141,5424
2026-07-01,4526,VNDE960709B38,CR2607015142,5640
2026-07-01,4527,VNDE960709B38,CR2607015143,5832
2026-07-01,4528,VNDE960709B38,CR2607015144,5896
2026-07-01,4529,VNDE960709B38,CR2607015145,5960
2026-07-01,4530,VNDE960709B38,CR2607015146,5832
2026-07-01,4531,VNDE960709B38,CR2607015147,5832
2026-07-01,6044,VNDDC32CEF05A,1158228,-33651
2026-07-01,6808,VND45EAEDDBC2,CR/CN/6/13-6/26/26,116128
2026-07-01,6809,VNDC29A266294,DV-KM-6.15.2026,35000
2026-07-01,6810,VND56EC956286,6/2026,200000
2026-07-01,6811,VND2020C437A0,6/2026,200000
2026-07-01,6812,VNDB95E8E037A,6/2026,200000
2026-07-01,6813,VNDE6A23FABFB,CR/LD/6.13-06.26.26,261288
2026-07-01,6814,VND007E0F2C41,06/17/26-06/30/26,291667
2026-07-01,6815,VND6595524291,CR/MD/06.13-06-26-25,261288
2026-07-01,6816,VND1B50F89A73,JUNE 2026,408333
2026-07-01,6817,VND655105FDF8,7611-04,156000
2026-07-01,77,VND12199F9892,6/2026,200000
2026-07-01,78,VND3F4E3D5034,6/2026,200000
2026-07-01,79,VND177A3C09EE,1897,741993
2026-07-01,80,VND44164B06BC,354753040,129400
2026-07-02,101,VND88879B21FB,0031911,892200
2026-07-02,102,VND0F82AF1081,6057622203,32198
2026-07-02,102,VND0F82AF1081,6063346845,18000
2026-07-02,102,VND0F82AF1081,6066133720,20590
2026-07-02,102,VND0F82AF1081,6066133722,376
2026-07-02,102,VND0F82AF1081,6066133724,5999
2026-07-02,102,VND0F82AF1081,6066402453,799
2026-07-02,102,VND0F82AF1081,6066402454,9629
2026-07-02,102,VND0F82AF1081,6066472749,19914
2026-07-02,103,VND0D186B42D7,351713948,952102
2026-07-02,105,VND12D72438EF,4005366,20000
2026-07-02,106,VNDE9006C6230,025160672,26374
2026-07-02,108,VND8AA7C5834A,9943448820,496024
2026-07-02,109,VND5696B5D7DE,96793554,534
2026-07-02,109,VND5696B5D7DE,96933853,49354
2026-07-02,109,VND5696B5D7DE,96933854,412
2026-07-02,109,VND5696B5D7DE,96933857,11954
2026-07-02,109,VND5696B5D7DE,96933858,6591
2026-07-02,109,VND5696B5D7DE,96933859,371073
2026-07-02,109,VND5696B5D7DE,96933860,213055
2026-07-02,109,VND5696B5D7DE,96933861,42378
2026-07-02,109,VND5696B5D7DE,96933862,21782
2026-07-02,109,VND5696B5D7DE,96933863,46864
2026-07-02,109,VND5696B5D7DE,97073744,224206
2026-07-02,109,VND5696B5D7DE,97103113,6948
2026-07-02,109,VND5696B5D7DE,97103114,27048
2026-07-02,109,VND5696B5D7DE,97103115,12192
2026-07-02,109,VND5696B5D7DE,97103116,5366
2026-07-02,109,VND5696B5D7DE,97103117,108345
2026-07-02,109,VND5696B5D7DE,97103118,8108
2026-07-02,109,VND5696B5D7DE,97103119,35206
2026-07-02,109,VND5696B5D7DE,97103120,15770
2026-07-02,109,VND5696B5D7DE,97141845,21654
2026-07-02,109,VND5696B5D7DE,97141846,7861
2026-07-02,109,VND5696B5D7DE,97141847,27387
2026-07-02,109,VND5696B5D7DE,97141848,74941
2026-07-02,109,VND5696B5D7DE,97141849,2352
2026-07-02,109,VND5696B5D7DE,97141851,2138
2026-07-02,109,VND5696B5D7DE,97141854,7483
2026-07-02,109,VND5696B5D7DE,97141855,15240
2026-07-02,109,VND5696B5D7DE,97141856,5080
2026-07-02,109,VND5696B5D7DE,97141857,5362
2026-07-02,109,VND5696B5D7DE,97141858,6594
2026-07-02,109,VND5696B5D7DE,97141862,1924
2026-07-02,109,VND5696B5D7DE,97141865,204163
2026-07-02,109,VND5696B5D7DE,97141866,1016
2026-07-02,109,VND5696B5D7DE,97141867,294
2026-07-02,109,VND5696B5D7DE,97141868,4341
2026-07-02,109,VND5696B5D7DE,97141869,40434
2026-07-02,109,VND5696B5D7DE,97174203,43830
2026-07-02,109,VND5696B5D7DE,97197632,8240
2026-07-02,109,VND5696B5D7DE,97197634,1026671
2026-07-02,109,VND5696B5D7DE,97216259,30480
2026-07-02,109,VND5696B5D7DE,977141852,15293
2026-07-02,110,VND6A8F32B4F0,9-344-35767,750
2026-07-02,111,VND09E9FBF696,26SubPanelJun15,7500
2026-07-02,112,VND0ADEE8CD25,215155-10,11397100
2026-07-02,113,VNDCD52791086,AJ6321S,58840
2026-07-02,115,VND01508B6F9B,0000706715236,3000
2026-07-02,116,VNDCB04A1851E,2611094,231039
2026-07-02,117,VND8F200F3D33,86248160,99134
2026-07-02,118,VND506093857D,B7212524,225046
2026-07-02,118,VND506093857D,B7218360,42723
2026-07-02,118,VND506093857D,B7222681,11128
2026-07-02,118,VND506093857D,B7222690,107168
2026-07-02,118,VND506093857D,B7222693,12957
2026-07-02,118,VND506093857D,B7222906,31998
2026-07-02,118,VND506093857D,B7222915,8430
2026-07-02,118,VND506093857D,B7222965,31388
2026-07-02,118,VND506093857D,B7222968,13190
2026-07-02,118,VND506093857D,B7223072,11110
2026-07-02,118,VND506093857D,B7223073,3235
2026-07-02,118,VND506093857D,B7223074,63638
2026-07-02,118,VND506093857D,B7223088,20236
2026-07-02,118,VND506093857D,B7223090,54479
2026-07-02,118,VND506093857D,B7223094,32709
2026-07-02,118,VND506093857D,B7223282,63995
2026-07-02,118,VND506093857D,B7223284,4272
2026-07-02,118,VND506093857D,B7228220,50030
2026-07-02,118,VND506093857D,B7228222,8508
2026-07-02,118,VND506093857D,B7228428,27948
2026-07-02,118,VND506093857D,B7228431,22093
2026-07-02,118,VND506093857D,B7228580,45100
2026-07-02,118,VND506093857D,B7228629,222425
2026-07-02,118,VND506093857D,B7228666,106464
2026-07-02,118,VND506093857D,B7228677,22190
2026-07-02,118,VND506093857D,B7228682,11554
2026-07-02,118,VND506093857D,B7228689,6964
2026-07-02,118,VND506093857D,B7228693,1872
2026-07-02,118,VND506093857D,B722916,10910
2026-07-02,118,VND506093857D,B722970,2972
2026-07-02,118,VND506093857D,B7233472,48171
2026-07-02,118,VND506093857D,B7233742,3412
2026-07-02,118,VND506093857D,B7233746,20427
2026-07-02,118,VND506093857D,B7233956,59156
2026-07-02,118,VND506093857D,B7233958,3408
2026-07-02,118,VND506093857D,B7233959,88065
2026-07-02,118,VND506093857D,B7233963,10434
2026-07-02,118,VND506093857D,B7233967,20463
2026-07-02,118,VND506093857D,B7233970,8228
2026-07-02,118,VND506093857D,B7233973,24392
2026-07-02,118,VND506093857D,B7233983,2249
2026-07-02,118,VND506093857D,B7233984,2249
2026-07-02,118,VND506093857D,B7233985,2249
2026-07-02,118,VND506093857D,B7233998,62494
2026-07-02,118,VND506093857D,B7234000,61841
2026-07-02,118,VND506093857D,B7234010,2249
2026-07-02,118,VND506093857D,B7234011,2249
2026-07-02,118,VND506093857D,B7234012,2249
2026-07-02,118,VND506093857D,B7234013,2249
2026-07-02,118,VND506093857D,B7234014,2249
2026-07-02,118,VND506093857D,B7234015,2249
2026-07-02,118,VND506093857D,B7234016,2249
2026-07-02,118,VND506093857D,B7234076,2249
2026-07-02,118,VND506093857D,B7234077,2249
2026-07-02,118,VND506093857D,B7234078,2249
2026-07-02,118,VND506093857D,B7234079,2249
2026-07-02,118,VND506093857D,B7234080,2249
2026-07-02,118,VND506093857D,B7234085,6404
2026-07-02,118,VND506093857D,B7234086,86292
2026-07-02,118,VND506093857D,B7234089,78271
2026-07-02,118,VND506093857D,B7234090,69725
2026-07-02,118,VND506093857D,B7234092,90251
2026-07-02,118,VND506093857D,B7234169,13948
2026-07-02,118,VND506093857D,B7238499,1799
2026-07-02,118,VND506093857D,B7238500,1799
2026-07-02,118,VND506093857D,B7238703,100531
2026-07-02,118,VND506093857D,B7238747,36250
2026-07-02,118,VND506093857D,B7238873,1799
2026-07-02,118,VND506093857D,B7243514,2699
2026-07-02,118,VND506093857D,B7244105,40734
2026-07-02,118,VND506093857D,B7244112,4016
2026-07-02,118,VND506093857D,B7244113,4016
2026-07-02,118,VND506093857D,B7244114,4016
2026-07-02,118,VND506093857D,B7264084,32167
2026-07-02,119,VND9B57336C00,206681,293750
2026-07-02,119,VND9B57336C00,206711,112500
2026-07-02,120,VND4F67A130AA,0625-253931,15921
2026-07-02,120,VND4F67A130AA,0625-253954,3365
2026-07-02,120,VND4F67A130AA,0625-253978,30447
2026-07-02,120,VND4F67A130AA,0625-253979,7812
2026-07-02,120,VND4F67A130AA,0625-254051,4794
2026-07-02,120,VND4F67A130AA,0625-254182,3834
2026-07-02,120,VND4F67A130AA,0625-254186,4796
2026-07-02,120,VND4F67A130AA,0625-254223,7686
2026-07-02,120,VND4F67A130AA,0625-254268,1984
2026-07-02,120,VND4F67A130AA,0625-254391,3999
2026-07-02,120,VND4F67A130AA,0625-254394,7998
2026-07-02,120,VND4F67A130AA,0625-254407,3816
2026-07-02,120,VND4F67A130AA,0625-254450,31960
2026-07-02,120,VND4F67A130AA,0625-254490,10878
2026-07-02,120,VND4F67A130AA,0625-254504,3039
2026-07-02,120,VND4F67A130AA,0625-254549,32000
2026-07-02,120,VND4F67A130AA,0625-254702,16245
2026-07-02,120,VND4F67A130AA,0625-255308,11216
2026-07-02,120,VND4F67A130AA,0625-255442,3998
2026-07-02,120,VND4F67A130AA,0625-255448,2058
2026-07-02,120,VND4F67A130AA,0633-438469,5977
2026-07-02,121,VND89ADEAAFFF,A868649,6397
2026-07-02,122,VND5094732D1B,454294,9990
2026-07-02,123,VNDB93FF19FB7,90227825,55000
2026-07-02,124,VND332B7967A4,INV0282459,305400
2026-07-02,125,VND14CAEF34EE,17-156,110000
2026-07-02,125,VND14CAEF34EE,17-157,20000
2026-07-02,126,VND66205EC106,49210017,35195
2026-07-02,126,VND66205EC106,49226845,50378
2026-07-02,126,VND66205EC106,49233775,1878
2026-07-02,128,VNDA3D6DA1092,JUNE 2ND HALF 26,866665
2026-07-02,129,VND89370A1512,4175712,11400
2026-07-02,130,VND21A3B8AD24,17145,800000
2026-07-02,130,VND21A3B8AD24,26800-062L,328000
2026-07-02,131,VNDE5C8CEB0EB,INVBAT2592,179700
2026-07-02,132,VND3146C81AA5,3199024,119900
2026-07-02,133,VND44D252EA0A,69232,182600
2026-07-02,134,VNDC784BA22B7,104554556,101110
2026-07-02,134,VNDC784BA22B7,104556620,63575
2026-07-02,135,VND0BE18D292A,25-4970,44136
2026-07-02,135,VND0BE18D292A,25-5032,7992
2026-07-02,135,VND0BE18D292A,25-5066,25725
2026-07-02,135,VND0BE18D292A,25-5076,20484
2026-07-02,135,VND0BE18D292A,25-5110,15500
2026-07-02,136,VND6C133B6E38,55P1836284,24657
2026-07-02,136,VND6C133B6E38,55P1836285,19975
2026-07-02,136,VND6C133B6E38,55P1836286,19975
2026-07-02,136,VND6C133B6E38,55P1836287,19974
2026-07-02,137,VNDDB8E0D5288,185584,206352
2026-07-02,141,VND514BD94314,105260,148744
2026-07-02,141,VND514BD94314,105265,280412
2026-07-02,142,VND63FC3F64CF,485997,11062
2026-07-02,143,VND51F22A8064,B21288415,32620
2026-07-02,144,VND51F22A8064,B21089798,7251856
2026-07-02,145,VND732FC446A2,883048621,11440
2026-07-02,146,VND1CDC5A7959,010105092000603 6/26,452626
2026-07-02,146,VND1CDC5A7959,010105092017901 0626,450977
2026-07-02,146,VND1CDC5A7959,010106112000204 6/26,43230
2026-07-02,146,VND1CDC5A7959,010106112002303 6/26,7322
2026-07-02,146,VND1CDC5A7959,010106112006202 6/26,4301
2026-07-02,146,VND1CDC5A7959,01016112002403 6/26,4301
2026-07-02,147,VNDA23FFF84E8,020201625000401 0626,35862
2026-07-02,147,VNDA23FFF84E8,020201625001701 0626,74226
2026-07-02,148,VNDBC06C0FC3B,17533,1902806
2026-07-02,149,VND192E49B381,19177575,153100
2026-07-02,149,VND192E49B381,19177579,117325
2026-07-02,149,VND192E49B381,19177589,540164
2026-07-02,149,VND192E49B381,19177606,614482
2026-07-02,150,VND22131354E9,CO-02767,40000
2026-07-02,151,VNDBA70BC1F5F,B16016-130,60000
2026-07-02,152,VNDC701A4067E,4981399,1250000
2026-07-02,153,VND934C96EBFB,004-35-K2,638242
2026-07-02,154,VNDE585BEA3CF,PARTIAL 7,6343079
2026-07-02,155,VND6A20575D85,702301C5-0042,49800
2026-07-02,157,VND5ECE206ED8,55616 PSA,207000
2026-07-02,157,VND5ECE206ED8,56012,1730250
2026-07-02,158,VNDAF0E6FF656,106089,27877
2026-07-02,158,VNDAF0E6FF656,106122,13263
2026-07-02,159,VND6D309C34A6,26-CR-1282916S,19320
2026-07-02,161,VNDA19A313B5F,CRIME DISTRICT 158,1668000
2026-07-02,162,VND5F7CD0BCD8,0195835,29441
2026-07-02,162,VND5F7CD0BCD8,0195866,17400
2026-07-02,162,VND5F7CD0BCD8,0195915,27375
2026-07-02,162,VND5F7CD0BCD8,0195956,30932
2026-07-02,162,VND5F7CD0BCD8,0196700,13500
2026-07-02,162,VND5F7CD0BCD8,0196733,156804
2026-07-02,162,VND5F7CD0BCD8,0198104,7055
2026-07-02,162,VND5F7CD0BCD8,0198131,78240
2026-07-02,163,VND86AF9EF14A,215085,51873
2026-07-02,164,VND66084D1F0C,434848,4000
2026-07-02,165,VND01F38E133D,2025CR00893 6-26-26,17000
2026-07-02,165,VND01F38E133D,26C-CR-157268S,17000
2026-07-02,166,VNDA3437DBD18,457,50000
2026-07-02,167,VNDD8A8343028,IN000004999,230400
2026-07-02,167,VNDD8A8343028,IN000005004,230400
2026-07-02,168,VNDEE6A050C76,33GCI9138507,182216
2026-07-02,169,VND611FCF1C13,4941391,3425800
2026-07-02,169,VND611FCF1C13,4953426,5000000
2026-07-02,169,VND611FCF1C13,4953427,2799000
2026-07-02,169,VND611FCF1C13,4985401,2551500
2026-07-02,170,VNDDA1A8E31E9,1329,1620000
2026-07-02,170,VNDDA1A8E31E9,1330,2492025
2026-07-02,171,VND7E9F39CE99,USI067489,182959
2026-07-02,172,VND777AAA6B69,1DK1-KYF1-LL71,14900
2026-07-02,173,VND7318C7CBBA,23CR090631,17943
2026-07-02,174,VND9928246519,june132026,75000
2026-07-02,175,VND03758085BE,216255200,55646
2026-07-02,175,VND03758085BE,CM46354490,-9272
2026-07-02,176,VND834CFEAF14,13440324,30000
2026-07-02,177,VND834CFEAF14,13484566,20000
2026-07-02,178,VND834CFEAF14,13483361,30000
2026-07-02,179,VND4A591C435A,2681,16565
2026-07-02,179,VND4A591C435A,2682,51124
2026-07-02,179,VND4A591C435A,2683,31698
2026-07-02,179,VND4A591C435A,2686,42485
2026-07-02,180,VNDBA2426EBDA,12-260207100,167360
2026-07-02,181,VND7534669E51,NO. 1,1343822
2026-07-02,182,VND2903DC5320,EBR-140,52025465
2026-07-02,183,VND49DD3D410C,613,30000000
2026-07-02,184,VND62BFC1788A,1008,320000
2026-07-02,185,VND6266E7A0DA,6/15-31/2026,275000
2026-07-02,186,VND0FF7E70DAB,P0647807,2522800
2026-07-02,186,VND0FF7E70DAB,P0649807,22890
2026-07-02,187,VND5D2F7D94EE,535537,100910
2026-07-02,187,VND5D2F7D94EE,538540,31849
2026-07-02,188,VNDE0E8F276FE,2,280000
2026-07-02,189,VNDC1343BF557,0000358,65000
2026-07-02,190,VND1A8DED51EE,060126-063026lease,70000
2026-07-02,191,VND12A126BAB3,RHOWARD77409,1393325
2026-07-02,192,VNDBE816E2FB0,2,280000
2026-07-02,193,VNDA9F41FCD70,2,280000
2026-07-02,194,VND91721D3854,077582549162,5940
2026-07-02,194,VND91721D3854,503681836869,1284
2026-07-02,194,VND91721D3854,681817733233,7004372
2026-07-02,194,VND91721D3854,745430505040,17897
2026-07-02,194,VND91721D3854,816526080041,120997
2026-07-02,194,VND91721D3854,922951763288,2172
2026-07-02,194,VND91721D3854,983387034820,1284
2026-07-02,195,VND4887200A1C,2388-2348,68750
2026-07-02,196,VNDF5B7EE4D2C,000460,150000
2026-07-02,197,VND14E811ADAB,2,280000
2026-07-02,198,VND2FE55F69EA,2,280000
2026-07-02,199,VNDF1CFE61FB2,2,280000
2026-07-02,200,VNDA727627B86,2,280000
2026-07-02,201,VNDAABC37C256,260601,200000
2026-07-02,201,VNDAABC37C256,260602,200000
2026-07-02,202,VNDA906180111,2,280000
2026-07-02,203,VND8513D80C68,2026 Summit,150000
2026-07-02,204,VND998B3898F2,PARCEL 4-1C2/A01,5320000
2026-07-02,205,VND3C48C486F8,1129,10043
2026-07-02,207,VNDAC63C945ED,Karen NH 6/27 elect,5372
2026-07-02,278,VND08C636DE10,2026 CD AMAC ANNUAL,236278
2026-07-02,279,VND08C636DE10,2026 MB AMAC ANNUAL,181541
2026-07-02,280,VND08C636DE10,0530pk06232026,50000
2026-07-02,4532,VNDE960709B38,CR2607025148,2628
2026-07-02,4533,VNDE960709B38,CR2607025149,3044
2026-07-02,4534,VNDE960709B38,CR2607025150,2788
2026-07-02,4535,VNDE960709B38,CR2607025151,2756
2026-07-02,4536,VNDE960709B38,CR2607025152,2820
2026-07-02,4537,VNDE960709B38,CR2607025153,2916
2026-07-02,4538,VNDE960709B38,CR2607025154,2948
2026-07-02,4539,VNDE960709B38,CR2607025155,2980
2026-07-02,4540,VNDE960709B38,CR2607025156,2916
2026-07-02,6062,VND5673704393,QUAD070226,2000000
2026-07-02,6818,VND6419D861E2,13486615492,29366
2026-07-02,6819,VNDDF1B535115,15619,832541
2026-07-02,6820,VND96E81D06D8,33-70813-PL-005,915174
2026-07-02,6821,VND78FD06F489,4474,2094
2026-07-02,6821,VND78FD06F489,5500,26634
2026-07-02,6822,VNDEDD33AC203,0088322-IN,56000
2026-07-02,6823,VNDB6D062A110,835-577,15000
2026-07-02,6823,VNDB6D062A110,PR PPE 06.26.26,3415942
2026-07-02,6824,VNDA9434CCE70,Pay App 031 - PS 98,3630783
2026-07-02,6825,VNDCCCD2B28B4,13-2026,127870
2026-07-02,6826,VND57128946A4,EBRPCR070126,812500
2026-07-02,6827,VNDBF2D3FB7FF,1116,17680443
2026-07-02,6828,VND85F7D6CB6F,06-2026,1355400
2026-07-02,6829,VNDFE8318EED5,28723,169000
2026-07-02,6829,VNDFE8318EED5,29255,169000
2026-07-02,6829,VNDFE8318EED5,29776,169000
2026-07-02,6829,VNDFE8318EED5,30298,380000
2026-07-02,6829,VNDFE8318EED5,30351,380000
2026-07-02,6829,VNDFE8318EED5,30357,300000
2026-07-02,6829,VNDFE8318EED5,30358,402000
2026-07-02,6829,VNDFE8318EED5,30359,645000
2026-07-02,6829,VNDFE8318EED5,30360,290500
2026-07-02,6829,VNDFE8318EED5,30361,169000
2026-07-02,6829,VNDFE8318EED5,30362,280000
2026-07-02,6829,VNDFE8318EED5,30365,110000
2026-07-02,6829,VNDFE8318EED5,30845,380000
2026-07-02,6829,VNDFE8318EED5,30879,31800
2026-07-02,6829,VNDFE8318EED5,30881,62430
2026-07-02,6829,VNDFE8318EED5,31014,402000
2026-07-02,6829,VNDFE8318EED5,31015,471000
2026-07-02,6829,VNDFE8318EED5,31016,264000
2026-07-02,6829,VNDFE8318EED5,31017,169000
2026-07-02,6829,VNDFE8318EED5,31018,224000
2026-07-02,6829,VNDFE8318EED5,31021,110000
2026-07-02,6829,VNDFE8318EED5,31603,240000
2026-07-02,6829,VNDFE8318EED5,31607,169000
2026-07-02,6829,VNDFE8318EED5,31608,224000
2026-07-02,6829,VNDFE8318EED5,31609,240900
2026-07-02,6829,VNDFE8318EED5,31610,329232
2026-07-02,6831,VND22A30FB481,26-JUN,2528627
2026-07-02,6832,VND5AB7B02F1F,1197188,11366510
2026-07-02,6833,VND74F6F208CC,INV18099,441000
2026-07-02,6835,VND444B5F3D5E,2606306,1025000
2026-07-02,6836,VND7FCD0BC551,2724.82,272482
2026-07-02,6837,VND3397F001DF,3452661,1778000
2026-07-02,6838,VNDB9768F8269,EBRJD-5/26,192300
2026-07-02,6839,VNDE0354C4DB5,07012026LC,400000
2026-07-02,6840,VND71A3D0737C,0070126,2698450
2026-07-02,81,VNDD4A7038084,587119,23246
2026-07-02,82,VNDC6B8B30FA0,3200,127000
2026-07-02,83,VND1D7ED300B3,153663,109338
2026-07-02,84,VND37530FC813,141951,152075
2026-07-02,84,VND37530FC813,142007,166430
2026-07-02,85,VNDF460B5EC7F,15979-M,350000
2026-07-02,86,VNDFA0267DB49,15696,46900
2026-07-02,86,VNDFA0267DB49,15701,28000
2026-07-02,87,VNDC238B44546,71977,380000
2026-07-02,88,VND35B1EB0D4E,SB355768,7741
2026-07-02,88,VND35B1EB0D4E,SB355776,84428
2026-07-02,88,VND35B1EB0D4E,SB357263,7741
2026-07-02,88,VND35B1EB0D4E,SB359574,84428
2026-07-02,89,VND314B84DB92,IN248606,29400
2026-07-02,89,VND314B84DB92,IN255352,22956
2026-07-02,91,VND0E9273449A,4273305515,38426
2026-07-02,93,VND314D47574B,10021296334,7499678
2026-07-02,93,VND314D47574B,2026504552,4997016
2026-07-02,93,VND314D47574B,2026504571,1301864
2026-07-02,93,VND314D47574B,340004844007,1621117
2026-07-02,94,VND56CB734DA4,27638,12967
2026-07-02,96,VNDC0620CDD61,00089276,57500
2026-07-02,99,VND93ACEED8D3,INV78573,21440
2026-07-02,99,VND93ACEED8D3,INV78574,21440
2026-07-08,281,VND1D7F5E06ED,W749469,81136
2026-07-08,281,VND1D7F5E06ED,W755337,3088
2026-07-08,282,VNDBA5885C4A6,57598,14424
2026-07-08,283,VNDAD371834F3,404050,86400
2026-07-08,283,VNDAD371834F3,404061,21420
2026-07-08,283,VNDAD371834F3,404094,18695
2026-07-08,283,VNDAD371834F3,404116,36200
2026-07-08,283,VNDAD371834F3,404618,20700
2026-07-08,283,VNDAD371834F3,404772,44800
2026-07-08,283,VNDAD371834F3,404811,20400
2026-07-08,284,VND608BF9B3D8,169824,39120
2026-07-08,284,VND608BF9B3D8,172398,50160
2026-07-08,284,VND608BF9B3D8,177586,48642
2026-07-08,284,VND608BF9B3D8,177651,121906
2026-07-08,284,VND608BF9B3D8,178214,40576
2026-07-08,284,VND608BF9B3D8,178655,24000
2026-07-08,284,VND608BF9B3D8,179530,47124
2026-07-08,284,VND608BF9B3D8,180233,25728
2026-07-08,284,VND608BF9B3D8,181725,51216
2026-07-08,284,VND608BF9B3D8,182133,72666
2026-07-08,284,VND608BF9B3D8,182134,83820
2026-07-08,285,VND65E111ABA4,4/14/2026,84000
2026-07-08,286,VND9C87086CEA,10030769,27000
2026-07-08,287,VNDFA0267DB49,15765,25800
2026-07-08,288,VND2AA75DBF85,14347,146090
2026-07-08,289,VND194891F3F9,01499573,6225
2026-07-08,292,VND314B84DB92,IN255355,7968
2026-07-08,293,VND314B84DB92,IN255354,7902
2026-07-08,294,VND314B84DB92,IN255357,8306
2026-07-08,295,VND314B84DB92,IN255356,8238
2026-07-08,296,VND314B84DB92,IN255358,8170
2026-07-08,297,VND314B84DB92,IN256037,13837
2026-07-08,298,VND314B84DB92,IN256036,64869
2026-07-08,299,VND314B84DB92,IN256038,44080
2026-07-08,300,VND314B84DB92,IN256039,4089
2026-07-08,301,VNDCB8E65DC7C,413767,445000
2026-07-08,303,VND0E9273449A,4272909126,38840
2026-07-08,303,VND0E9273449A,4273117281,1805
2026-07-08,303,VND0E9273449A,4273502940,7550
2026-07-08,303,VND0E9273449A,4273502945,379
2026-07-08,303,VND0E9273449A,4273923891,1805
2026-07-08,303,VND0E9273449A,5324772504,3911
2026-07-08,303,VND0E9273449A,5342233305,3540
2026-07-08,303,VND0E9273449A,5342233306,27784
2026-07-08,304,VND0E9273449A,4272330016,22673
2026-07-08,304,VND0E9273449A,4272744601,7770
2026-07-08,304,VND0E9273449A,4273070792,22673
2026-07-08,304,VND0E9273449A,4273935514,15861
2026-07-08,304,VND0E9273449A,5341547609,1891
2026-07-08,305,VND1F4B20B584,PI74749,39402
2026-07-08,305,VND1F4B20B584,PI74850,258713
2026-07-08,305,VND1F4B20B584,PI74966,94662
2026-07-08,305,VND1F4B20B584,PI74968,63510
2026-07-08,305,VND1F4B20B584,PI75096,9903
2026-07-08,305,VND1F4B20B584,PI75157,65633
2026-07-08,306,VNDD82F48C9E0,483305,2246
2026-07-08,307,VND2FE679EDE1,9172912382,8550
2026-07-08,309,VND0972D9C76D,95481,19296
2026-07-08,310,VND06A13AF7B0,Pay APP 8722 May 26,7399104
2026-07-08,311,VND314D47574B,2026505721,23585987
2026-07-08,312,VND91034DB47E,684353,15800
2026-07-08,314,VND162E4C3E25,914381-1,1722
2026-07-08,316,VND65DE8A4375,S18798,130240
2026-07-08,317,VNDB24DE3A5F3,57284685,2010994
2026-07-08,317,VNDB24DE3A5F3,58376945,107600
2026-07-08,320,VNDC85484D068,0456-1262449,238800
2026-07-08,320,VNDC85484D068,0456-1263160,39152
2026-07-08,321,VND0A6EE72845,58380,73000
2026-07-08,322,VND74416F155F,96248,40000
2026-07-08,323,VND0F82AF1081,6065939244,5213
2026-07-08,323,VND0F82AF1081,6066008958,1619
2026-07-08,323,VND0F82AF1081,6066008959,157553
2026-07-08,323,VND0F82AF1081,6066066127,10140
2026-07-08,323,VND0F82AF1081,6066072881,2199
2026-07-08,323,VND0F82AF1081,6066217718,1184
2026-07-08,323,VND0F82AF1081,6066217829,8290
2026-07-08,323,VND0F82AF1081,6066389354,4716
2026-07-08,323,VND0F82AF1081,6066811871,39932
2026-07-08,324,VND0F82AF1081,6066466505,27160
2026-07-08,325,VND0F82AF1081,6066466506,849
2026-07-08,326,VND1727FBD37B,00809,75000
2026-07-08,327,VNDF3CA855638,4277-078-01,59932622
2026-07-08,327,VNDF3CA855638,4277-084-01,63977346
2026-07-08,328,VND0D186B42D7,192544,49500
2026-07-08,328,VND0D186B42D7,355159915,55000
2026-07-08,328,VND0D186B42D7,355312023,68750
2026-07-08,329,VND4C0671F855,487518,53936
2026-07-08,329,VND4C0671F855,487592,92064
2026-07-08,330,VND94A89D9280,25477693,36600
2026-07-08,331,VND6BAF66BC6D,708686,499900
2026-07-08,332,VNDAD36288E2C,1282147,6600
2026-07-08,332,VNDAD36288E2C,1283675,6600
2026-07-08,333,VND5DBF3F1B0F,0000173-2801-8,90284445
2026-07-08,334,VNDF2DC1DF84E,INV306801,45850
2026-07-08,335,VND478C6C900C,3RD QUARTER 2026,11191750
2026-07-08,337,VND8AA7C5834A,9941346315,175125
2026-07-08,337,VND8AA7C5834A,9948341038,144054
2026-07-08,337,VND8AA7C5834A,9948621827,40866
2026-07-08,338,VND3202C9608E,0820-002240056,2284460
2026-07-08,340,VND13E76BDE84,529-81632285,54950
2026-07-08,341,VND23360FB697,MAY2026,1017779
2026-07-08,342,VNDFEB45412C5,2026-00000005,772498
2026-07-08,343,VNDFEB45412C5,2026-00000006,758819
2026-07-08,345,VND8D4B19B51C,50848 - 7/2026,57500
2026-07-08,346,VNDB41C7DE31B,0015711071490801-626,25133
2026-07-08,346,VNDB41C7DE31B,0015711084392301 626,23407
2026-07-08,346,VNDB41C7DE31B,0015711094565601 526,15850
2026-07-08,346,VNDB41C7DE31B,0015711099343101 626,74012
2026-07-08,346,VNDB41C7DE31B,0015713071300101 626,35721
2026-07-08,346,VNDB41C7DE31B,0015713093574501 626,23066
2026-07-08,347,VNDB08E066BB4,16261,5000
2026-07-08,347,VNDB08E066BB4,16291,2500
2026-07-08,348,VNDAFBF165FD6,S12516,27000
2026-07-08,349,VNDCE2D91D09C,1800258553,2837667
2026-07-08,350,VND506093857D,B7244050,20727
2026-07-08,350,VND506093857D,B7244122,141616
2026-07-08,350,VND506093857D,B7244146,45457
2026-07-08,350,VND506093857D,B7244149,1912
2026-07-08,352,VNDB4E031A58A,I02794,2325250
2026-07-08,353,VNDB4E031A58A,I02801,4834850
2026-07-08,354,VND091D0AAA42,41222989,14300
2026-07-08,354,VND091D0AAA42,41461612,14300
2026-07-08,354,VND091D0AAA42,41690324,14300
2026-07-08,354,VND091D0AAA42,41947474,14300
2026-07-08,354,VND091D0AAA42,42207216,18189
2026-07-08,354,VND091D0AAA42,42207220,40305
2026-07-08,354,VND091D0AAA42,42207221,25872
2026-07-08,355,VND091D0AAA42,42207237,29365
2026-07-08,356,VNDBA21302C35,3RD QUARTER 2026,3893750
2026-07-08,357,VND0BE18D292A,25-5129,3500
2026-07-08,358,VND6C133B6E38,55P1836294,29085
2026-07-08,359,VND6C133B6E38,55P1836289,13974
2026-07-08,360,VND2C797EC2E1,00208735951,317382
2026-07-08,360,VND2C797EC2E1,00208735952,266388
2026-07-08,362,VNDDB8E0D5288,215510F,97020
2026-07-08,362,VNDDB8E0D5288,216064F,31163
2026-07-08,362,VNDDB8E0D5288,216066F,1452
2026-07-08,365,VNDA30DCBE956,3RD QUARTER 2026,1781250
2026-07-08,367,VND96045BEE5D,7903968,37373
2026-07-08,368,VND514BD94314,105262,395004
2026-07-08,368,VND514BD94314,105268,350343
2026-07-08,369,VND291C15549B,261660164266,76421250
2026-07-08,370,VND0FF4B543E1,0047654,74440
2026-07-08,371,VND63FC3F64CF,477228,14958
2026-07-08,371,VND63FC3F64CF,478768,7548
2026-07-08,371,VND63FC3F64CF,479923,45013
2026-07-08,371,VND63FC3F64CF,485480,444000
2026-07-08,371,VND63FC3F64CF,486081,418020
2026-07-08,372,VND74863E109E,02-2545236,11802
2026-07-08,373,VND1CDC5A7959,010107703086901 626,6263
2026-07-08,373,VND1CDC5A7959,010107703087001 626,3017
2026-07-08,373,VND1CDC5A7959,010108717052301 0626,1180
2026-07-08,373,VND1CDC5A7959,010109364039403 0626,6234
2026-07-08,373,VND1CDC5A7959,010110084002501 0626,6260
2026-07-08,373,VND1CDC5A7959,010110084002601 0626,10065
2026-07-08,374,VNDA23FFF84E8,020201625000101 0626,15846
2026-07-08,374,VNDA23FFF84E8,020204019068603 0626,1777
2026-07-08,374,VNDA23FFF84E8,020204019074402 0626,2460
2026-07-08,374,VNDA23FFF84E8,020204019137202 0626,1590
2026-07-08,374,VNDA23FFF84E8,020205020014801 0626,4709
2026-07-08,374,VNDA23FFF84E8,020207008049202 0626,5757
2026-07-08,374,VNDA23FFF84E8,020208018059102 0626,1559
2026-07-08,374,VNDA23FFF84E8,020208018079502 0626,1559
2026-07-08,374,VNDA23FFF84E8,020208018133301 0626,1559
2026-07-08,374,VNDA23FFF84E8,020208018153401 0626,1559
2026-07-08,374,VNDA23FFF84E8,020208018155501 0626,1559
2026-07-08,374,VNDA23FFF84E8,020208018156902 0626,1632
2026-07-08,374,VNDA23FFF84E8,020208018222101 0626,8441
2026-07-08,374,VNDA23FFF84E8,020209007033401 0626,1559
2026-07-08,374,VNDA23FFF84E8,020209007035801 0626,19790
2026-07-08,374,VNDA23FFF84E8,020209007035901 0626,1559
2026-07-08,374,VNDA23FFF84E8,020209007044102 0626,1559
2026-07-08,374,VNDA23FFF84E8,020209007063402 0626,1559
2026-07-08,374,VNDA23FFF84E8,020209007240802 0626,1559
2026-07-08,374,VNDA23FFF84E8,020209007246702 0626,1559
2026-07-08,375,VNDF384EA7B9B,509015657,472528
2026-07-08,375,VNDF384EA7B9B,509015659,26145
2026-07-08,375,VNDF384EA7B9B,509015680,231408
2026-07-08,375,VNDF384EA7B9B,509015681,6390
2026-07-08,375,VNDF384EA7B9B,509015682,15056
2026-07-08,375,VNDF384EA7B9B,509015683,7200
2026-07-08,375,VNDF384EA7B9B,509015684,55545
2026-07-08,376,VNDB4D25A7257,8,8078493
2026-07-08,377,VNDB6E53E1B51,22289,11450
2026-07-08,377,VNDB6E53E1B51,22312,10800
2026-07-08,378,VND6F360E2F72,5155616047610,153567
2026-07-08,379,VND1A33628867,541094,49925
2026-07-08,380,VND1A33628867,540474,49925
2026-07-08,381,VND9BFA013670,333183F,68964
2026-07-08,382,VND07D35AA3E7,2026EBR5,520000
2026-07-08,383,VND04B962C659,566527,27500
2026-07-08,384,VNDDB3BCD2242,2073638978,11800
2026-07-08,385,VNDC701A4067E,175824,529700
2026-07-08,385,VNDC701A4067E,175837,325900
2026-07-08,385,VNDC701A4067E,175858,198800
2026-07-08,385,VNDC701A4067E,175863,302100
2026-07-08,385,VNDC701A4067E,175928,373300
2026-07-08,385,VNDC701A4067E,175994,452900
2026-07-08,385,VNDC701A4067E,176001,121600
2026-07-08,385,VNDC701A4067E,176110,43200
2026-07-08,385,VNDC701A4067E,176421,26800
2026-07-08,386,VND42EFDCDA16,287282783078X062026,616487
2026-07-08,386,VND42EFDCDA16,823136416X06192026,25052
2026-07-08,387,VNDB7D4F2F76E,4002576605 0626,924333
2026-07-08,388,VND469D0A0601,42531,262500
2026-07-08,389,VND468028347E,5039129416A,50504
2026-07-08,390,VND3381FE26A4,260465541-002,5150
2026-07-08,390,VND3381FE26A4,261326033-001,223814
2026-07-08,393,VND0D496C63AF,129284,24475
2026-07-08,394,VNDCF6433CD2D,26732419-01,85520
2026-07-08,400,VNDF46E73B2E4,4693,50000
2026-07-08,401,VND2107EBF7A3,124878,108458
2026-07-08,402,VND960417E8F8,EBRS-11162,54000
2026-07-08,404,VNDD5FE54EACB,104711,800000
2026-07-08,406,VNDC866FB4F90,16656,65000
2026-07-08,407,VND74806275E2,17648,22500
2026-07-08,410,VND2F494BD8EA,9247,68640
2026-07-08,412,VND8BF158BBF3,9842,8000
2026-07-08,412,VND8BF158BBF3,9845,41200
2026-07-08,413,VND8AF07BEFC7,2145656,496000
2026-07-08,413,VND8AF07BEFC7,2145669,496000
2026-07-08,414,VND6FC6206B15,154 2026,496000
2026-07-08,415,VND8E1D5EDB37,EBR-CKT#1 3/2026,18000
2026-07-08,417,VNDE685F593AD,20250916,1752000
2026-07-08,419,VND5F7CD0BCD8,0195425,10768
2026-07-08,419,VND5F7CD0BCD8,0195977,156804
2026-07-08,419,VND5F7CD0BCD8,0196009,30932
2026-07-08,419,VND5F7CD0BCD8,0196082,33065
2026-07-08,419,VND5F7CD0BCD8,0196094,184722
2026-07-08,419,VND5F7CD0BCD8,0196225,20392
2026-07-08,419,VND5F7CD0BCD8,0196243,50405
2026-07-08,419,VND5F7CD0BCD8,0196255,20392
2026-07-08,419,VND5F7CD0BCD8,0196272,63546
2026-07-08,419,VND5F7CD0BCD8,0196369,31175
2026-07-08,419,VND5F7CD0BCD8,0196474,73503
2026-07-08,419,VND5F7CD0BCD8,0196586,29991
2026-07-08,419,VND5F7CD0BCD8,0196680,53928
2026-07-08,419,VND5F7CD0BCD8,0196696,6842
2026-07-08,419,VND5F7CD0BCD8,0197991,41278
2026-07-08,419,VND5F7CD0BCD8,0198189,219580
2026-07-08,420,VND9934521B5C,062373,250000
2026-07-08,421,VNDEA944B2A82,664,100000
2026-07-08,422,VNDDAC78BDDD9,193991,93092
2026-07-08,424,VND5B522DD704,17800,246800
2026-07-08,425,VND66084D1F0C,434817,6000
2026-07-08,426,VND37A077D923,27CE-001,21458333
2026-07-08,426,VND37A077D923,27CE-003,2816667
2026-07-08,427,VND01F38E133D,BR02324648 6/30/26,17000
2026-07-08,428,VND4EAEDD6122,7079-26,4000
2026-07-08,429,VND4EAEDD6122,7083-26,4000
2026-07-08,430,VND4EAEDD6122,7086-26,4000
2026-07-08,431,VND4EAEDD6122,8027-26,8000
2026-07-08,432,VNDCAA365B971,0301DN3230,-54000
2026-07-08,432,VNDCAA365B971,0301DO1523,-28800
2026-07-08,432,VNDCAA365B971,0301DO6586,-5500
2026-07-08,432,VNDCAA365B971,0301DT1959,194901
2026-07-08,433,VND5938F1A715,019470,18000
2026-07-08,434,VND9EBDF1C255,0630236,500000
2026-07-08,435,VND5C49AA2FB8,112964,339923
2026-07-08,436,VNDCFA3D9D954,97742,315893
2026-07-08,438,VNDDE437D2DA4,SECURITY - JUNE &,800000
2026-07-08,439,VNDDE437D2DA4,SECURITY - APRIL,164000
2026-07-08,440,VNDD93795DF87,11818,90000
2026-07-08,441,VNDD93795DF87,11827,85000
2026-07-08,442,VNDD93795DF87,11828,60000
2026-07-08,443,VNDD93795DF87,11834,85000
2026-07-08,444,VND25873D1268,26072,125837
2026-07-08,444,VND25873D1268,26201,40805
2026-07-08,444,VND25873D1268,26202,189155
2026-07-08,445,VND6EA0D785D1,114676624,101599
2026-07-08,445,VND6EA0D785D1,114676626,103099
2026-07-08,445,VND6EA0D785D1,114676627,103099
2026-07-08,445,VND6EA0D785D1,114676686,103099
2026-07-08,446,VNDC69F027846,0000449008,75855
2026-07-08,446,VNDC69F027846,448167,105032
2026-07-08,447,VNDB05D158C93,1264,41400
2026-07-08,448,VND777AAA6B69,1119-747Y-LTFK,1199
2026-07-08,448,VND777AAA6B69,11TJ-FGFT-HYT1,16162
2026-07-08,448,VND777AAA6B69,13FM-L7N7-MRTG,1424
2026-07-08,448,VND777AAA6B69,14KL-CDQJ-1TPJ,2995
2026-07-08,448,VND777AAA6B69,1GFW-V3TY-F1QN,5791
2026-07-08,448,VND777AAA6B69,1HJT-VKYN-GLF6,2299
2026-07-08,448,VND777AAA6B69,1HVR-N4RC-HGKQ,2098
2026-07-08,448,VND777AAA6B69,1JLC-DMK1-31TC,1490
2026-07-08,448,VND777AAA6B69,1KD4-QXXC-NLRY,31958
2026-07-08,448,VND777AAA6B69,1MK4-KMY1-9TWQ,54194
2026-07-08,448,VND777AAA6B69,1NNN-XCHY-79CK,3703
2026-07-08,448,VND777AAA6B69,1T1W-VVGP-1DCM,2332
2026-07-08,448,VND777AAA6B69,1TY6-JX31-4QPY,140000
2026-07-08,448,VND777AAA6B69,1V3H-MXFF-1KRK,1182
2026-07-08,448,VND777AAA6B69,4224,235300
2026-07-08,449,VND6932E7CF63,8692649862627,154046
2026-07-08,450,VND27DC6DABAF,21-40-01223,81750
2026-07-08,450,VND27DC6DABAF,21-40-01224,53240
2026-07-08,451,VND7318C7CBBA,26520,12000
2026-07-08,452,VND7318C7CBBA,26521,10000
2026-07-08,453,VND7318C7CBBA,26523,2000
2026-07-08,454,VND7318C7CBBA,26525,8000
2026-07-08,455,VND7318C7CBBA,26526,8000
2026-07-08,456,VND7318C7CBBA,26533,8000
2026-07-08,457,VND461B630DBC,64X01004,120361129
2026-07-08,458,VND461B630DBC,65X00965,117001129
2026-07-08,459,VND8DF33898C8,12896,1500000
2026-07-08,460,VND8F4997CAE3,7004781,29940
2026-07-08,460,VND8F4997CAE3,7555471,1233
2026-07-08,461,VNDBBA3F59362,26800-047L,164000
2026-07-08,461,VNDBBA3F59362,26800-054M,454160
2026-07-08,461,VNDBBA3F59362,26800-057L,328000
2026-07-08,461,VNDBBA3F59362,26800-058M,28105
2026-07-08,461,VNDBBA3F59362,26800-059L,164000
2026-07-08,461,VNDBBA3F59362,26800-061L,328000
2026-07-08,462,VND627F1548C9,INV233263,60597
2026-07-08,462,VND627F1548C9,INV235790,158596
2026-07-08,463,VND90F22CAD36,INV6315,495800
2026-07-08,464,VNDF88F35E791,10613,15000
2026-07-08,466,VNDF973B163DB,212-5156,20000
2026-07-08,467,VND826B4CA36B,063026NH,245833
2026-07-08,468,VND33F7253EB4,0804220694,20940
2026-07-08,469,VNDB0DE02BD22,529756,4169
2026-07-08,470,VNDB0DE02BD22,537165,4169
2026-07-08,471,VNDB0DE02BD22,517687,5307
2026-07-08,471,VNDB0DE02BD22,523589,5307
2026-07-08,471,VNDB0DE02BD22,529769,5307
2026-07-08,471,VNDB0DE02BD22,537152,5307
2026-07-08,471,VNDB0DE02BD22,543125,5307
2026-07-08,471,VNDB0DE02BD22,549295,3032
2026-07-08,471,VNDB0DE02BD22,549324,5307
2026-07-08,471,VNDB0DE02BD22,552995,5880
2026-07-08,472,VNDB0DE02BD22,543141,4169
2026-07-08,473,VND90D554A23C,ECOATES06052026,780312
2026-07-08,474,VNDCD62F7A760,68616,13500
2026-07-08,474,VNDCD62F7A760,68618,13500
2026-07-08,474,VNDCD62F7A760,68815,13500
2026-07-08,475,VNDB4ECFD790C,INV 7811,187500
2026-07-08,476,VND587DA1941D,5280738,203546
2026-07-08,476,VND587DA1941D,5281206,30072
2026-07-08,476,VND587DA1941D,5281209,272817
2026-07-08,476,VND587DA1941D,5281261,3152
2026-07-08,476,VND587DA1941D,5281331,322000
2026-07-08,476,VND587DA1941D,5281495,144666
2026-07-08,477,VNDE2590AFFCF,522918,36688
2026-07-08,477,VNDE2590AFFCF,522919,81244
2026-07-08,479,VNDDA399038D1,000609,180000
2026-07-08,481,VND0FF7E70DAB,P0570907,21000
2026-07-08,482,VNDEB451DF7DD,EBRS-11161,81000
2026-07-08,483,VNDE0FD40503B,14017432,379719
2026-07-08,485,VND295F9E503B,091731,653125
2026-07-08,486,VNDCEB8A82CE4,LiutingChen 09/13/24,85988
2026-07-08,487,VNDC4F5B5D77D,19th JDC #19,8000
2026-07-08,488,VND5CABBE0D04,26SE56217-1,514214
2026-07-08,489,VND3ED6973221,WWALKER06172026,65000
2026-07-08,490,VNDD27B063808,INV-000481,182000
2026-07-08,491,VND2DA4098D56,5/28/26-BOND HEARING,7500
2026-07-08,492,VNDAC63C945ED,Kassidy CERA 7/11-18,227297
2026-07-08,6841,VND6419D861E2,13486616208,7499
2026-07-08,6842,VND871C0D59DE,10861702177,285028
2026-07-08,6842,VND871C0D59DE,10879589172,122741
2026-07-08,6842,VND871C0D59DE,10880244070,48390
2026-07-08,6843,VND78FD06F489,4988,24120
2026-07-08,6844,VND386831CBA4,8282329160,531900
2026-07-08,6845,VNDFD347103B9,9884929045,74400
2026-07-08,6845,VNDFD347103B9,9885011974,72000
2026-07-08,6845,VNDFD347103B9,9885112685,74400
2026-07-08,6846,VND291C15549B,261640000011,125263203
2026-07-08,6847,VND9482CE1F7B,6146166598,541099
2026-07-08,6848,VND9482CE1F7B,6146831603,1079041
2026-07-08,6849,VNDA021A5204F,B2305,312835
2026-07-08,6850,VNDCDF3918BC0,PARTIAL 20,181934402
2026-07-08,6851,VND7A343D77D6,31499,85000
2026-07-08,6852,VND7A343D77D6,31705,85000
2026-07-08,6853,VND7A343D77D6,32024,85000
2026-07-08,6854,VND7A343D77D6,32026,85000
2026-07-08,6855,VND704F52F93B,INV#14647,30725500
2026-07-08,6856,VND77BA284042,81871,50000
2026-07-08,6857,VND93E0414471,172-24566,78790
2026-07-08,6858,VND29AC32CCDB,07-01-2023,25000000
2026-07-08,6859,VND4ED9377DF8,41394,30000
2026-07-08,6860,VND74223BCD52,EBRPAA070126,200000
2026-07-08,6861,VND75F0B177E3,22826,2463198
2026-07-08,6862,VND444B5F3D5E,2607027,887500
2026-07-08,6863,VNDAB37FC549B,H00002888,45988
2026-07-08,6864,VND546C3EEABA,EBRPBT070126,200000
2026-07-08,6865,VNDFF5B3DDCEC,PAYAPP#14 A,23866280
2026-07-08,6866,VNDB780FD8B71,35504118-01,24401
2026-07-08,6867,VNDE9889A7606,06025026,92800
2026-07-08,6868,VNDCC7DFAF638,AUG'84,233400
2026-07-08,6869,VNDBE9E490B01,EBRS-11163,40500
2026-07-08,6870,VNDF194EA079E,EBRJV070226,145000
2026-07-08,6871,VNDCA11772E7F,EBRP JM 070126,180000
2026-07-08,6872,VND99483B74A1,EBRNS070126,203125
2026-07-08,6873,VND6C0A5BA0CB,EBRLL070126,203125
2026-07-09,582,VNDD4A7038084,588158,16786
2026-07-09,583,VND7C59DB9399,131810,84845
2026-07-09,584,VNDBA5885C4A6,57600,21303
2026-07-09,584,VNDBA5885C4A6,57603,15393
2026-07-09,585,VND608BF9B3D8,181726,13464
2026-07-09,585,VND608BF9B3D8,182170,101944
2026-07-09,585,VND608BF9B3D8,182966,112926
2026-07-09,585,VND608BF9B3D8,182967,21120
2026-07-09,585,VND608BF9B3D8,182972,333432
2026-07-09,585,VND608BF9B3D8,182973,80190
2026-07-09,585,VND608BF9B3D8,182976,203478
2026-07-09,586,VND314B84DB92,IN256456,32329
2026-07-09,587,VND0E9273449A,4264924788,27658
2026-07-09,587,VND0E9273449A,4267110221,22047
2026-07-09,587,VND0E9273449A,4267929108,25477
2026-07-09,588,VND1F4B20B584,PI75117,91455
2026-07-09,588,VND1F4B20B584,PI75119,91455
2026-07-09,589,VNDE8EBEE5EE3,7782486,166502
2026-07-09,590,VND0972D9C76D,95477,21955
2026-07-09,591,VNDB9A7F6729B,32937,3744
2026-07-09,592,VND314D47574B,100007724425,18866
2026-07-09,592,VND314D47574B,100007724967,27955
2026-07-09,592,VND314D47574B,10021266870,66964
2026-07-09,592,VND314D47574B,10021294864,813235
2026-07-09,592,VND314D47574B,10021294924,264221
2026-07-09,592,VND314D47574B,10021294926,389316
2026-07-09,592,VND314D47574B,10021294927,903336
2026-07-09,592,VND314D47574B,10021294970,311003
2026-07-09,592,VND314D47574B,10021294991,486084
2026-07-09,592,VND314D47574B,10021295009,337311
2026-07-09,592,VND314D47574B,10021295040,465762
2026-07-09,592,VND314D47574B,10021295041,480842
2026-07-09,592,VND314D47574B,10021295812,753248
2026-07-09,592,VND314D47574B,10021295813,150330
2026-07-09,592,VND314D47574B,130007547990,10893
2026-07-09,592,VND314D47574B,135008595393,35859
2026-07-09,592,VND314D47574B,145008592339,319376
2026-07-09,592,VND314D47574B,15009651120,47281
2026-07-09,592,VND314D47574B,160007472281,137303
2026-07-09,592,VND314D47574B,160007472282,85982
2026-07-09,592,VND314D47574B,160007472283,125854
2026-07-09,592,VND314D47574B,160007474559,16115
2026-07-09,592,VND314D47574B,165008522827,10336
2026-07-09,592,VND314D47574B,185008625757,165361
2026-07-09,592,VND314D47574B,185008632808,528
2026-07-09,592,VND314D47574B,185008632809,528
2026-07-09,592,VND314D47574B,20010884042,556
2026-07-09,592,VND314D47574B,2026503471,2572551
2026-07-09,592,VND314D47574B,215007986600,19016
2026-07-09,592,VND314D47574B,225007898574,17034
2026-07-09,592,VND314D47574B,230006920003,10652
2026-07-09,592,VND314D47574B,230006923013,4382
2026-07-09,592,VND314D47574B,250006935509,1081070
2026-07-09,592,VND314D47574B,25009555239,3338
2026-07-09,592,VND314D47574B,260006930795,556
2026-07-09,592,VND314D47574B,270006959274,17682
2026-07-09,592,VND314D47574B,270006959397,14326
2026-07-09,592,VND314D47574B,270006964796,3560
2026-07-09,592,VND314D47574B,280006953843,11612
2026-07-09,592,VND314D47574B,285007280797,34458
2026-07-09,592,VND314D47574B,285007280798,29506
2026-07-09,592,VND314D47574B,290006934207,116036
2026-07-09,592,VND314D47574B,30010618612,508
2026-07-09,592,VND314D47574B,30010627838,3338
2026-07-09,592,VND314D47574B,30010631691,84923
2026-07-09,592,VND314D47574B,30010631692,203535
2026-07-09,592,VND314D47574B,320005096865,556
2026-07-09,592,VND314D47574B,320005096867,556
2026-07-09,592,VND314D47574B,320005096868,556
2026-07-09,592,VND314D47574B,330005020813,16376
2026-07-09,592,VND314D47574B,380004499953,4025
2026-07-09,592,VND314D47574B,390004451046,725613
2026-07-09,592,VND314D47574B,420003673939,13190
2026-07-09,592,VND314D47574B,435004934303,35372
2026-07-09,592,VND314D47574B,440003712912,31971
2026-07-09,592,VND314D47574B,45009343483,33439
2026-07-09,592,VND314D47574B,460003742921,171393
2026-07-09,592,VND314D47574B,465004731315,397119
2026-07-09,592,VND314D47574B,490003745980,52304
2026-07-09,592,VND314D47574B,500001838400,131709
2026-07-09,592,VND314D47574B,50010232617,70146
2026-07-09,592,VND314D47574B,55009282712,66868
2026-07-09,592,VND314D47574B,55009290949,373726
2026-07-09,592,VND314D47574B,55009290950,223403
2026-07-09,592,VND314D47574B,60009436067,52255
2026-07-09,592,VND314D47574B,65009212443,4760
2026-07-09,592,VND314D47574B,70009325887,5751
2026-07-09,592,VND314D47574B,90009208667,25083
2026-07-09,592,VND314D47574B,95008876010,3338
2026-07-09,593,VND3FC9E38FB2,0063526-IN,265000
2026-07-09,594,VND7911211C25,51676,29660
2026-07-09,595,VND7911211C25,50864,5002
2026-07-09,595,VND7911211C25,51555,25236
2026-07-09,596,VND27425B6C62,118347625,245000
2026-07-09,597,VND65DE8A4375,S18810,22250
2026-07-09,597,VND65DE8A4375,S18833,103600
2026-07-09,598,VND6D1320EF4C,C-12473,124000
2026-07-09,598,VND6D1320EF4C,C-12474,325500
2026-07-09,598,VND6D1320EF4C,C-12478,77500
2026-07-09,598,VND6D1320EF4C,C-12495,46500
2026-07-09,599,VND0BC4BE9B6A,3019756,204324
2026-07-09,600,VNDB24DE3A5F3,58378263,204993
2026-07-09,600,VNDB24DE3A5F3,58378265,113348
2026-07-09,600,VNDB24DE3A5F3,58378290,450000
2026-07-09,600,VNDB24DE3A5F3,58378306,486150
2026-07-09,600,VNDB24DE3A5F3,58646359,454380
2026-07-09,600,VNDB24DE3A5F3,58646403,107025
2026-07-09,600,VNDB24DE3A5F3,58693851,17124
2026-07-09,601,VND74416F155F,96247,27800
2026-07-09,602,VND0F82AF1081,6066217828,3000
2026-07-09,603,VND83E25B6DDA,0413715,1150
2026-07-09,604,VNDDCF6205178,260525,4200668
2026-07-09,605,VNDEE92605660,0040237941,1445
2026-07-09,606,VND8AA7C5834A,9956080627,35641
2026-07-09,606,VND8AA7C5834A,9962788908,19631
2026-07-09,607,VND8AA7C5834A,9955692414,161938
2026-07-09,607,VND8AA7C5834A,9955730974,37860
2026-07-09,608,VND6A8F32B4F0,935495654,2025
2026-07-09,609,VNDAF8AF0D8AE,1-137898041138,50000
2026-07-09,610,VNDAF8AF0D8AE,1-137870545250,90000
2026-07-09,611,VND13E76BDE84,529-81632290,54950
2026-07-09,612,VND97255B31D4,09345141320626,3733
2026-07-09,613,VND97255B31D4,8285-2,3035
2026-07-09,615,VND0C703976D6,5485,650000
2026-07-09,616,VND0C703976D6,5681,650000
2026-07-09,617,VNDCD52791086,AJ7LE3U,72015
2026-07-09,618,VND8F200F3D33,86252705,71000
2026-07-09,619,VND506093857D,B7238544,108090
2026-07-09,619,VND506093857D,B7243733,17164
2026-07-09,619,VND506093857D,M228128,75072
2026-07-09,619,VND506093857D,M228147,12420
2026-07-09,620,VND4F67A130AA,0625-255431,18857
2026-07-09,620,VND4F67A130AA,0625-255432,18857
2026-07-09,620,VND4F67A130AA,0625-256600,2759
2026-07-09,620,VND4F67A130AA,0625-256712,8469
2026-07-09,620,VND4F67A130AA,0625-256913,6926
2026-07-09,620,VND4F67A130AA,0625-256914,793
2026-07-09,620,VND4F67A130AA,0625-256916,16307
2026-07-09,620,VND4F67A130AA,0625-256953,11979
2026-07-09,621,VNDB93FF19FB7,90225747,55000
2026-07-09,621,VNDB93FF19FB7,90225748,55000
2026-07-09,621,VNDB93FF19FB7,90227406,55000
2026-07-09,622,VND332B7967A4,INV0279130,150000
2026-07-09,623,VND63770D2957,0034014,46775
2026-07-09,624,VNDC22744047E,P99299,12469
2026-07-09,625,VND433C3F329B,F36848,6048
2026-07-09,626,VND89370A1512,4175284,158680
2026-07-09,626,VND89370A1512,4175641,89262
2026-07-09,626,VND89370A1512,4176336,2921
2026-07-09,627,VND21A3B8AD24,17146,170000
2026-07-09,627,VND21A3B8AD24,17147,680000
2026-07-09,627,VND21A3B8AD24,17148,457500
2026-07-09,627,VND21A3B8AD24,17149,495000
2026-07-09,627,VND21A3B8AD24,17150,489795
2026-07-09,627,VND21A3B8AD24,17152,55500
2026-07-09,627,VND21A3B8AD24,17153,53850
2026-07-09,627,VND21A3B8AD24,17156,165750
2026-07-09,627,VND21A3B8AD24,17157,150000
2026-07-09,628,VND0FAF2C3B15,044-1172281,212493
2026-07-09,629,VND6C133B6E38,55P1836282,60403
2026-07-09,630,VND2C797EC2E1,00208720658,318984
2026-07-09,630,VND2C797EC2E1,00208720746,350782
2026-07-09,630,VND2C797EC2E1,00208737581,2644
2026-07-09,631,VNDDB8E0D5288,212744F,2182
2026-07-09,631,VNDDB8E0D5288,215531F,13200
2026-07-09,631,VNDDB8E0D5288,215876F,316105
2026-07-09,631,VNDDB8E0D5288,215980F,15400
2026-07-09,631,VNDDB8E0D5288,216020F,2451
2026-07-09,632,VNDBAD8870C1D,106954,70500
2026-07-09,632,VNDBAD8870C1D,106955,199000
2026-07-09,632,VNDBAD8870C1D,107998,137000
2026-07-09,632,VNDBAD8870C1D,109177,253000
2026-07-09,632,VNDBAD8870C1D,110422,108000
2026-07-09,632,VNDBAD8870C1D,130452,257000
2026-07-09,632,VNDBAD8870C1D,135492,180852
2026-07-09,632,VNDBAD8870C1D,140084,228000
2026-07-09,632,VNDBAD8870C1D,141373,97295
2026-07-09,633,VND6DFE713957,910018342,506000
2026-07-09,633,VND6DFE713957,910018345,176000
2026-07-09,633,VND6DFE713957,910018346,99000
2026-07-09,634,VND3AAB7BB3E5,400483,132417
2026-07-09,634,VND3AAB7BB3E5,7466,6960
2026-07-09,634,VND3AAB7BB3E5,7488,8396
2026-07-09,634,VND3AAB7BB3E5,7621,24668
2026-07-09,634,VND3AAB7BB3E5,7896,12049
2026-07-09,635,VND324ABD3BF8,260526.004A,599500
2026-07-09,636,VND324ABD3BF8,260511.029A,599500
2026-07-09,637,VND20CFB29E04,062326EVAG,10000
2026-07-09,638,VND83EB49AFC7,2026-321,20000
2026-07-09,639,VNDD7E2D1A272,4504114,475600
2026-07-09,639,VNDD7E2D1A272,4512588,493136
2026-07-09,640,VND291C15549B,07-01-2026 (2),18000000
2026-07-09,641,VND63FC3F64CF,483685,168716
2026-07-09,641,VND63FC3F64CF,483868,21840
2026-07-09,641,VND63FC3F64CF,485018,307886
2026-07-09,641,VND63FC3F64CF,485022,411579
2026-07-09,641,VND63FC3F64CF,485324,112190
2026-07-09,641,VND63FC3F64CF,486227,3806
2026-07-09,641,VND63FC3F64CF,486253,1558
2026-07-09,641,VND63FC3F64CF,486299,299463
2026-07-09,641,VND63FC3F64CF,486301,22256
2026-07-09,641,VND63FC3F64CF,486692,10920
2026-07-09,641,VND63FC3F64CF,486758,438511
2026-07-09,641,VND63FC3F64CF,486869,358000
2026-07-09,641,VND63FC3F64CF,486870,5199
2026-07-09,641,VND63FC3F64CF,486916,11338
2026-07-09,641,VND63FC3F64CF,486922,3660
2026-07-09,641,VND63FC3F64CF,487145,9932
2026-07-09,641,VND63FC3F64CF,487373,4577
2026-07-09,642,VND51F22A8064,B21057803,70192
2026-07-09,643,VND732FC446A2,883079261,8530
2026-07-09,644,VNDA23FFF84E8,020210014094901 0626,4379
2026-07-09,644,VNDA23FFF84E8,020210015032802 0626,1559
2026-07-09,644,VNDA23FFF84E8,020210015041101 0626,1559
2026-07-09,644,VNDA23FFF84E8,020210015050802 0626,1559
2026-07-09,644,VNDA23FFF84E8,020210015054502 0626,1559
2026-07-09,644,VNDA23FFF84E8,020210015061302 0626,1559
2026-07-09,644,VNDA23FFF84E8,020210015666202 0626,1559
2026-07-09,644,VNDA23FFF84E8,020210015687402 0626,4379
2026-07-09,644,VNDA23FFF84E8,020210015687502 0626,1559
2026-07-09,644,VNDA23FFF84E8,020210015687702 0626,4379
2026-07-09,644,VNDA23FFF84E8,020210015687802 0626,4379
2026-07-09,644,VNDA23FFF84E8,020210015696602 0626,1559
2026-07-09,645,VNDF384EA7B9B,508988952,3118
2026-07-09,645,VNDF384EA7B9B,508988954,6686
2026-07-09,645,VNDF384EA7B9B,508988955,5847
2026-07-09,645,VNDF384EA7B9B,508988956,165965
2026-07-09,645,VNDF384EA7B9B,508988957,28623
2026-07-09,645,VNDF384EA7B9B,508988958,19560
2026-07-09,645,VNDF384EA7B9B,508988959,51690
2026-07-09,645,VNDF384EA7B9B,508988990,55580
2026-07-09,645,VNDF384EA7B9B,508988991,9490
2026-07-09,645,VNDF384EA7B9B,508988992,19710
2026-07-09,645,VNDF384EA7B9B,508988993,187400
2026-07-09,645,VNDF384EA7B9B,508988994,114216
2026-07-09,645,VNDF384EA7B9B,508988995,111690
2026-07-09,645,VNDF384EA7B9B,509015656,11018
2026-07-09,646,VNDB2BF8720F9,41250,90000
2026-07-09,647,VND10AF4874E4,CCI0708F2498,443000
2026-07-09,648,VND192E49B381,19172343,168700
2026-07-09,649,VND3381FE26A4,263257867-001,268736
2026-07-09,650,VND2107EBF7A3,470688,318800
2026-07-09,651,VND49A0B9688E,00006262026GM,75000
2026-07-09,652,VND8937A31C6C,209273688,354632
2026-07-09,652,VND8937A31C6C,209516933,514554
2026-07-09,653,VNDBE5DFFD7CE,4600771,1012250
2026-07-09,654,VND60AA5B8F17,57953,480000
2026-07-09,654,VND60AA5B8F17,58043,84600
2026-07-09,655,VND5F7CD0BCD8,0192178,10768
2026-07-09,655,VND5F7CD0BCD8,0193730,66277
2026-07-09,655,VND5F7CD0BCD8,0194801,212587
2026-07-09,655,VND5F7CD0BCD8,0195722,29798
2026-07-09,655,VND5F7CD0BCD8,0195757,499550
2026-07-09,655,VND5F7CD0BCD8,0195766,124310
2026-07-09,655,VND5F7CD0BCD8,0195771,7410
2026-07-09,655,VND5F7CD0BCD8,0195772,7410
2026-07-09,655,VND5F7CD0BCD8,0195794,98963
2026-07-09,655,VND5F7CD0BCD8,0195975,137188
2026-07-09,655,VND5F7CD0BCD8,0196481,27065
2026-07-09,655,VND5F7CD0BCD8,0196533,248313
2026-07-09,655,VND5F7CD0BCD8,0196646,289750
2026-07-09,655,VND5F7CD0BCD8,0196695,58374
2026-07-09,655,VND5F7CD0BCD8,0197580,8282
2026-07-09,656,VND7C6D576677,7-7-26- HURRICANE,100000
2026-07-09,657,VNDDAC78BDDD9,194172,23670
2026-07-09,658,VNDC9CA9792D0,S015123867.001,2200
2026-07-09,660,VND66084D1F0C,413671,12000
2026-07-09,660,VND66084D1F0C,420392,12000
2026-07-09,660,VND66084D1F0C,427428,12000
2026-07-09,660,VND66084D1F0C,434591,12960
2026-07-09,661,VND9EFC57E77A,4678,487500
2026-07-09,662,VND9E12B58B13,6243313,98449
2026-07-09,663,VNDCFA3D9D954,97793,208686
2026-07-09,664,VNDD93795DF87,11833,85000
2026-07-09,665,VNDD93795DF87,11910,85000
2026-07-09,666,VNDD93795DF87,11913,85000
2026-07-09,667,VNDD93795DF87,11894,85000
2026-07-09,668,VNDFE7BCFF82B,37963,747081
2026-07-09,668,VNDFE7BCFF82B,38032,460239
2026-07-09,668,VNDFE7BCFF82B,38042,292295
2026-07-09,668,VNDFE7BCFF82B,38054,221667
2026-07-09,668,VNDFE7BCFF82B,38060,499998
2026-07-09,668,VNDFE7BCFF82B,38062,358419
2026-07-09,668,VNDFE7BCFF82B,38066,267287
2026-07-09,668,VNDFE7BCFF82B,38068,499999
2026-07-09,668,VNDFE7BCFF82B,38070,84332
2026-07-09,668,VNDFE7BCFF82B,38071,41499
2026-07-09,668,VNDFE7BCFF82B,38080,63998
2026-07-09,669,VND7318C7CBBA,26522,8000
2026-07-09,672,VNDBBA3F59362,26800-063L,328000
2026-07-09,672,VNDBBA3F59362,26800-064L,164000
2026-07-09,672,VNDBBA3F59362,26800-065L,328000
2026-07-09,673,VND7E8AE069C0,INV346327,46500
2026-07-09,673,VND7E8AE069C0,INV346329,46500
2026-07-09,674,VND9EB76744DC,241504949,414000
2026-07-09,675,VNDA53AAC0C02,SRVCE497454,58454
2026-07-09,676,VND122EEFF80B,26-0272,127120
2026-07-09,676,VND122EEFF80B,26-0275,19400
2026-07-09,677,VND03758085BE,216258984,2460
2026-07-09,678,VNDB0DE02BD22,549334,4169
2026-07-09,679,VNDB0DE02BD22,537153,1500
2026-07-09,679,VNDB0DE02BD22,543126,1500
2026-07-09,679,VNDB0DE02BD22,549330,1500
2026-07-09,680,VND28A29C3AC2,2410C008.13,11400
2026-07-09,681,VNDCD62F7A760,68481,20000
2026-07-09,682,VND587DA1941D,5281349,109690
2026-07-09,683,VND7534669E51,NO. 2-A,468516
2026-07-09,684,VND2903DC5320,EBR-C144,5450403
2026-07-09,685,VND4CB8B42720,PEC 5995,139163
2026-07-09,686,VND0CFA6AB9E2,115774,487377
2026-07-09,687,VND3694143347,MH2026 EastBR,50000
2026-07-09,6874,VNDDF1B535115,107632 06/26,13554
2026-07-09,6874,VNDDF1B535115,107633 06/26,13521
2026-07-09,6874,VNDDF1B535115,107638 06/26,12982
2026-07-09,6874,VNDDF1B535115,107640 06/26,13554
2026-07-09,6874,VNDDF1B535115,108950 06/26,35992
2026-07-09,6874,VNDDF1B535115,109585 06/26,58329
2026-07-09,6874,VNDDF1B535115,110364 06/26,31319
2026-07-09,6874,VNDDF1B535115,113940 06/26,39452
2026-07-09,6874,VNDDF1B535115,119131 06/26,19323
2026-07-09,6874,VNDDF1B535115,119162 06/26,4235
2026-07-09,6874,VNDDF1B535115,119163 06/26,3051
2026-07-09,6874,VNDDF1B535115,119165 06/26,21128
2026-07-09,6874,VNDDF1B535115,119171 06/26,23635
2026-07-09,6874,VNDDF1B535115,119179 06/26,24810
2026-07-09,6874,VNDDF1B535115,122139 06/26,12670
2026-07-09,6874,VNDDF1B535115,122857 06/26,46314
2026-07-09,6874,VNDDF1B535115,122858 06/26,14727
2026-07-09,6874,VNDDF1B535115,122860 06/26,37439
2026-07-09,6874,VNDDF1B535115,122862 06/26,155495
2026-07-09,6874,VNDDF1B535115,123513 06/18/26,26754
2026-07-09,6874,VNDDF1B535115,126936 06/26,109448
2026-07-09,6874,VNDDF1B535115,126941 06/26,16565
2026-07-09,6874,VNDDF1B535115,128390 06/26,10328
2026-07-09,6874,VNDDF1B535115,1419898 06/26,3300
2026-07-09,6874,VNDDF1B535115,152388 06/26,7776
2026-07-09,6874,VNDDF1B535115,2080364 06/26,29084
2026-07-09,6874,VNDDF1B535115,332075 06/26,25801
2026-07-09,6874,VNDDF1B535115,332077 06/26,106256
2026-07-09,6875,VND78FD06F489,5641,9116
2026-07-09,6875,VND78FD06F489,5763,2990
2026-07-09,6875,VND78FD06F489,5890,13484
2026-07-09,6875,VND78FD06F489,5891,8388
2026-07-09,6876,VND9A60E50596,316703-01,7136
2026-07-09,6877,VND386831CBA4,8282344711,116480
2026-07-09,6878,VNDAA6CEB0C36,3RD QUARTERLY ALLOT-,2000000
2026-07-09,6879,VNDAA6CEB0C36,2ND QUARTERLY ALLOT-,2000000
2026-07-09,688,VND0FF7E70DAB,P0650307,196914
2026-07-09,688,VND0FF7E70DAB,P0652407,83060
2026-07-09,6880,VNDB6D062A110,972,7500
2026-07-09,6881,VND440D42F5D7,PAY 6/27-7/10/2026,1548474
2026-07-09,6882,VNDCEFA085809,PPE 6-24-26- 7/7/26,1983379
2026-07-09,6883,VND291C15549B,261830000989,86432212
2026-07-09,6884,VNDB288B6B0C3,4898,350000
2026-07-09,6885,VNDC844B67B02,EBRPLM070626,125000
2026-07-09,6886,VND6C8181A5A4,PARTIAL      7,5304780
2026-07-09,689,VNDA31657AB3C,INVUS55792,239970
2026-07-09,6890,VNDDC187A6497,1879,325500
2026-07-09,6891,VNDBBD874914D,2283178,8230889
2026-07-09,6892,VNDBBD874914D,7014141,88400
2026-07-09,6893,VNDBBD874914D,7014165,104000
2026-07-09,6894,VNDBBD874914D,7014201,36400
2026-07-09,6895,VNDD463BC9E0E,26-09-064280,522300
2026-07-09,6895,VNDD463BC9E0E,26-26-064308,518223
2026-07-09,6896,VNDF5B14A47CA,889,420591
2026-07-09,6896,VNDF5B14A47CA,927,726610
2026-07-09,6896,VNDF5B14A47CA,929,371541
2026-07-09,6896,VNDF5B14A47CA,937,120498
2026-07-09,6896,VNDF5B14A47CA,945,450000
2026-07-09,6896,VNDF5B14A47CA,949,375000
2026-07-09,6896,VNDF5B14A47CA,964,486860
2026-07-09,6896,VNDF5B14A47CA,965,500598
2026-07-09,6896,VNDF5B14A47CA,966,486860
2026-07-09,6896,VNDF5B14A47CA,967,500598
2026-07-09,6897,VNDBF39174C07,8815,870625
2026-07-09,6898,VNDBF39174C07,9152,485625
2026-07-09,6899,VND162CA25F89,6/22-6/26/2026,102083
2026-07-09,690,VNDBA5E534B70,00044140,309834
2026-07-09,6900,VND162CA25F89,6/29-7/3/2026,102083
2026-07-09,692,VND0F5E18F30D,35167,3317800
2026-07-09,693,VNDE331FA738C,PAY APPL# 6,17594458
2026-07-09,693,VNDE331FA738C,PAY APPL# 7,13399560
2026-07-09,694,VND5CABBE0D04,26SM57901-1,37500
2026-07-09,695,VNDF5A4C21764,TMM202624,30000
2026-07-09,696,VND91721D3854,000241438664,1950
2026-07-09,696,VND91721D3854,067434985843,272969
2026-07-09,696,VND91721D3854,144499724448,3438
2026-07-09,696,VND91721D3854,168325249353,2662
2026-07-09,696,VND91721D3854,191283215439,6273
2026-07-09,696,VND91721D3854,215966582207,5497
2026-07-09,696,VND91721D3854,248134398457,105542
2026-07-09,696,VND91721D3854,295434826557,1838
2026-07-09,696,VND91721D3854,337308615538,1284
2026-07-09,696,VND91721D3854,394240974415,1284
2026-07-09,696,VND91721D3854,432344894255,5607
2026-07-09,696,VND91721D3854,439222918189,47293
2026-07-09,696,VND91721D3854,545331763863,370534
2026-07-09,696,VND91721D3854,645522493046,6324
2026-07-09,696,VND91721D3854,653673953001,2725
2026-07-09,696,VND91721D3854,658044886770,4832
2026-07-09,696,VND91721D3854,733294288852,4431
2026-07-09,696,VND91721D3854,736943614800,1394
2026-07-09,696,VND91721D3854,784084485978,665042
2026-07-09,696,VND91721D3854,784733888742,709292
2026-07-09,696,VND91721D3854,849361194113,1616
2026-07-09,696,VND91721D3854,871184857085,1284
2026-07-09,696,VND91721D3854,914010553021,1284
2026-07-09,696,VND91721D3854,953920542079,110
2026-07-09,697,VNDAD8E779CCA,95211-1,103800
2026-07-09,698,VNDA776518559,MW061826-1,436000
2026-07-09,699,VND4A0C035C75,13345,3375000
2026-07-09,699,VND4A0C035C75,13346,1125000
2026-07-09,699,VND4A0C035C75,13580,696550
2026-07-09,699,VND4A0C035C75,13592,480140
2026-07-09,702,VND2FA94B8128,501377-100,435600
2026-07-09,703,VND2FA94B8128,501377-101,224400
2026-07-09,704,VND94ECBE244B,C60160,50400
2026-07-09,704,VND94ECBE244B,C60406,24400
2026-07-09,704,VND94ECBE244B,C60494,20700
2026-07-09,704,VND94ECBE244B,C60541,130000
2026-07-09,705,VND94FFA67E89,19JDC033126,25200
2026-07-09,706,VND438949AA19,6/15-7/10/2026,90000
2026-07-09,707,VNDF67AF62EBB,6/15-7/10/2026,90000
2026-07-09,708,VNDADD6685B04,6/8-7/10/2026,50000
2026-07-09,709,VNDF5BF19F2E6,INV077,200000
2026-07-09,710,VND8A3E1DE573,6/15-7/10/2026,90000
2026-07-10,24,VND25737F8A5E,05/26 STX FINAL S,4183739
2026-07-10,6022,VND4A7EFD2059,05/26 STX FINAL O,7076897
2026-07-10,6023,VNDA092BB45EE,05/26 STX FINAL P,698509
2026-07-10,6025,VND5946F3C60B,05/26 STX FINAL T,1541168
2026-07-10,6901,VND6419D861E2,13486615496,35128
2026-07-10,6902,VND871C0D59DE,10877554839,109900
2026-07-10,6903,VNDDF1B535115,119168 06/26,8894
2026-07-10,6903,VNDDF1B535115,223277 06/26,9343
2026-07-10,6904,VND78FD06F489,6465,13236
2026-07-10,6904,VND78FD06F489,6473,8842
2026-07-10,6904,VND78FD06F489,6673,439200
2026-07-10,6905,VND3202C9608E,0820-002240767B,3254574
2026-07-10,6906,VND0A7D5F3033,PPE 7-15-2026,4214292
2026-07-10,6907,VND4ECC8B607E,12A,237902
2026-07-10,6907,VND4ECC8B607E,12B,126053
2026-07-10,6907,VND4ECC8B607E,13,613153
2026-07-10,6907,VND4ECC8B607E,14,410000
2026-07-10,6908,VNDD63893FA83,PPE 6/27/26-7/10/26,1573038
2026-07-10,6909,VNDB6D062A110,971,22500
2026-07-10,6910,VND0E849C8CBC,2026071001,18084
2026-07-10,6910,VND0E849C8CBC,EBRP PPE071026,6203325
2026-07-10,6911,VND9175A188BF,EBRDT062726,230769
2026-07-10,6912,VNDFE8318EED5,31604,502500
2026-07-10,6912,VNDFE8318EED5,31605,526000
2026-07-10,6912,VNDFE8318EED5,31606,263000
2026-07-10,6913,VND74223BCD52,AAPOLZAN 063026 SUPP,137500
2026-07-10,6914,VND75F0B177E3,33126,2417515
2026-07-10,6915,VNDD4E70F097B,76,166600
2026-07-10,6916,VND55CDE6C6D8,399,200000
2026-07-10,6917,VND55CDE6C6D8,397,200000
2026-07-10,711,VNDD4A7038084,42277420,155698
2026-07-10,712,VND7C59DB9399,132263,12395
2026-07-10,713,VNDAD371834F3,402292,13500
2026-07-10,713,VNDAD371834F3,402340,382200
2026-07-10,713,VNDAD371834F3,402355,62100
2026-07-10,713,VNDAD371834F3,402365,27600
2026-07-10,713,VNDAD371834F3,404623,227700
2026-07-10,713,VNDAD371834F3,404683,27600
2026-07-10,713,VNDAD371834F3,404781,259200
2026-07-10,713,VNDAD371834F3,404886,55800
2026-07-10,714,VND608BF9B3D8,178495,29990
2026-07-10,714,VND608BF9B3D8,180691,23539
2026-07-10,714,VND608BF9B3D8,180737,74580
2026-07-10,714,VND608BF9B3D8,184117,23826
2026-07-10,714,VND608BF9B3D8,184120,49830
2026-07-10,714,VND608BF9B3D8,184292,36567
2026-07-10,714,VND608BF9B3D8,184326,4693
2026-07-10,714,VND608BF9B3D8,184328,5122
2026-07-10,714,VND608BF9B3D8,184430,68614
2026-07-10,714,VND608BF9B3D8,184456,1235
2026-07-10,715,VND8974758EC3,194595,16100
2026-07-10,716,VNDC70091CD9E,1571,149100
2026-07-10,716,VNDC70091CD9E,1600,468535
2026-07-10,716,VNDC70091CD9E,1601,150100
2026-07-10,717,VNDFABA4FF358,52991357012,12490
2026-07-10,718,VNDEBD9EC9CF9,Inv485309,25242
2026-07-10,719,VND0E9273449A,4263411583,14604
2026-07-10,719,VND0E9273449A,4264109417,15063
2026-07-10,719,VND0E9273449A,4264924583,15063
2026-07-10,719,VND0E9273449A,42655585942,15063
2026-07-10,719,VND0E9273449A,4266357786,15063
2026-07-10,719,VND0E9273449A,4267110312,15063
2026-07-10,719,VND0E9273449A,4267928800,15063
2026-07-10,719,VND0E9273449A,4268631038,15063
2026-07-10,719,VND0E9273449A,4269377336,15063
2026-07-10,719,VND0E9273449A,4270126710,15063
2026-07-10,719,VND0E9273449A,4270845408,15063
2026-07-10,719,VND0E9273449A,4271696030,15063
2026-07-10,719,VND0E9273449A,4272386655,15063
2026-07-10,719,VND0E9273449A,427313090,15063
2026-07-10,719,VND0E9273449A,4273935095,15063
2026-07-10,719,VND0E9273449A,9367654377,15000
2026-07-10,720,VND0E9273449A,4264109873,29945
2026-07-10,720,VND0E9273449A,4268631475,21809
2026-07-10,720,VND0E9273449A,4269377831,21809
2026-07-10,720,VND0E9273449A,4270126987,21809
2026-07-10,720,VND0E9273449A,4270845947,23715
2026-07-10,720,VND0E9273449A,4271696232,21809
2026-07-10,720,VND0E9273449A,4272387026,21809
2026-07-10,720,VND0E9273449A,4273131418,21809
2026-07-10,720,VND0E9273449A,4273935316,21809
2026-07-10,721,VND1F4B20B584,PI75049,67626
2026-07-10,721,VND1F4B20B584,PI75154,16305
2026-07-10,722,VND2FE679EDE1,5525838155,202760
2026-07-10,723,VND38FB0B177C,756718-2,200000
2026-07-10,724,VND0972D9C76D,95446,20625
2026-07-10,724,VND0972D9C76D,95693,20625
2026-07-10,724,VND0972D9C76D,95694,19296
2026-07-10,725,VNDAE587128F9,294865,14670
2026-07-10,726,VND0BC4BE9B6A,3992280,463125
2026-07-10,727,VNDC85484D068,0456-1262687,75130
2026-07-10,727,VNDC85484D068,0456-1262772,249500
2026-07-10,728,VND74416F155F,96659,25000
2026-07-10,729,VND0F82AF1081,6066526991,54796
2026-07-10,729,VND0F82AF1081,6066592618,3399
2026-07-10,729,VND0F82AF1081,6067225561,5241
2026-07-10,730,VNDD5E4E901C4,INV400053861,2982500
2026-07-10,731,VND94A89D9280,25438503,3525
2026-07-10,731,VND94A89D9280,25438504,3525
2026-07-10,731,VND94A89D9280,25473003,13300
2026-07-10,731,VND94A89D9280,25477692,13300
2026-07-10,731,VND94A89D9280,25477694,13300
2026-07-10,731,VND94A89D9280,25477695,13300
2026-07-10,731,VND94A89D9280,25477745,13300
2026-07-10,731,VND94A89D9280,25482554,13300
2026-07-10,731,VND94A89D9280,25485750,13300
2026-07-10,731,VND94A89D9280,25487557,866500
2026-07-10,732,VNDAD36288E2C,1285139,17500
2026-07-10,733,VND6A8F32B4F0,9-354-15677,1034
2026-07-10,734,VNDD04F233407,6128449,15435
2026-07-10,735,VNDF4E569FC53,1401626,5345
2026-07-10,736,VNDD462516360,4279,6079500
2026-07-10,737,VNDB41C7DE31B,0015711071871802 626,140222
2026-07-10,737,VNDB41C7DE31B,0015711072522603 626,14901
2026-07-10,737,VNDB41C7DE31B,015711071888101 0626,25000
2026-07-10,737,VNDB41C7DE31B,015711075971601 0626,43796
2026-07-10,737,VNDB41C7DE31B,015711079968001 0626,10890
2026-07-10,738,VNDC9813A6861,904257918,364900
2026-07-10,738,VNDC9813A6861,904258212,523500
2026-07-10,739,VNDB08E066BB4,97F13A85B4,11583
2026-07-10,740,VND506093857D,B7228628,40938
2026-07-10,741,VND51A88E7982,APRIL 2026,1038462
2026-07-10,741,VND51A88E7982,MARCH 2026,659674
2026-07-10,741,VND51A88E7982,MAY 2026,692308
2026-07-10,742,VND51A88E7982,3RD QUARTER-2026,36893939
2026-07-10,743,VNDCCD745E802,241077,3602400
2026-07-10,743,VNDCCD745E802,241471,2529100
2026-07-10,744,VND89370A1512,4176866,70870
2026-07-10,745,VND21A3B8AD24,17159,478500
2026-07-10,746,VND091D0AAA42,41947486,21976
2026-07-10,746,VND091D0AAA42,42207268,159956
2026-07-10,747,VND707489D7D3,00094429,1599
2026-07-10,748,VND6DFE713957,910018343,99000
2026-07-10,748,VND6DFE713957,910018344,99000
2026-07-10,748,VND6DFE713957,910018347,88000
2026-07-10,748,VND6DFE713957,910018361,1463000
2026-07-10,748,VND6DFE713957,910018385,110000
2026-07-10,748,VND6DFE713957,910018386,291500
2026-07-10,748,VND6DFE713957,910018387,66000
2026-07-10,748,VND6DFE713957,910018388,33000
2026-07-10,749,VND684C9F2E6A,3871,102216
2026-07-10,750,VND3AAB7BB3E5,7787,25798
2026-07-10,750,VND3AAB7BB3E5,8121,110800
2026-07-10,751,VND324ABD3BF8,260427.032A,599500
2026-07-10,752,VND324ABD3BF8,260526-010A,599500
2026-07-10,753,VND26E1E5C72C,35256,60000
2026-07-10,754,VND83EB49AFC7,2026-334,10000
2026-07-10,755,VND9F19F8369B,3683650,1365800
2026-07-10,756,VND63FC3F64CF,483436,3500
2026-07-10,756,VND63FC3F64CF,483488,57058
2026-07-10,756,VND63FC3F64CF,483804,42498
2026-07-10,756,VND63FC3F64CF,484608,22170
2026-07-10,756,VND63FC3F64CF,486082,21900
2026-07-10,756,VND63FC3F64CF,486101,2401
2026-07-10,756,VND63FC3F64CF,486172,1460
2026-07-10,756,VND63FC3F64CF,486179,4380
2026-07-10,756,VND63FC3F64CF,486225,16027
2026-07-10,756,VND63FC3F64CF,486233,6156
2026-07-10,756,VND63FC3F64CF,486304,22863
2026-07-10,756,VND63FC3F64CF,486347,13635
2026-07-10,756,VND63FC3F64CF,486693,103740
2026-07-10,756,VND63FC3F64CF,486700,61991
2026-07-10,756,VND63FC3F64CF,486854,30280
2026-07-10,756,VND63FC3F64CF,486872,23796
2026-07-10,756,VND63FC3F64CF,486873,15736
2026-07-10,756,VND63FC3F64CF,486974,17520
2026-07-10,756,VND63FC3F64CF,487091,322700
2026-07-10,756,VND63FC3F64CF,487106,489300
2026-07-10,756,VND63FC3F64CF,487186,21223
2026-07-10,756,VND63FC3F64CF,487193,31284
2026-07-10,756,VND63FC3F64CF,487375,474
2026-07-10,756,VND63FC3F64CF,487401,41590
2026-07-10,756,VND63FC3F64CF,487426,18720
2026-07-10,756,VND63FC3F64CF,487427,16849
2026-07-10,756,VND63FC3F64CF,487649,1038
2026-07-10,756,VND63FC3F64CF,487651,1038
2026-07-10,756,VND63FC3F64CF,487658,1038
2026-07-10,756,VND63FC3F64CF,487689,11532
2026-07-10,757,VND49BD47E3A6,NMILLETT - LATE FEE,2500
2026-07-10,758,VND1CDC5A7959,010106112505005 0626,60288
2026-07-10,759,VNDB2BF8720F9,41284,162000
2026-07-10,759,VNDB2BF8720F9,41287,126000
2026-07-10,760,VNDBC06C0FC3B,17270,43865
2026-07-10,761,VNDE745A90617,JUNE 2026,200000
2026-07-10,762,VND6F360E2F72,5155617627268,43188
2026-07-10,763,VND9BFA013670,41789,317848
2026-07-10,764,VND42EFDCDA16,287269465647x061926,6413
2026-07-10,764,VND42EFDCDA16,287302169920X061926,9236
2026-07-10,764,VND42EFDCDA16,287309147402X061926,10438
2026-07-10,764,VND42EFDCDA16,287355060151x062026,99557
2026-07-10,764,VND42EFDCDA16,823537115X06122026,19099
2026-07-10,764,VND42EFDCDA16,832474798X061926,23207
2026-07-10,765,VND11621ABC9D,1967059/1,255000
2026-07-10,766,VND7BC88FF2A0,394201LTG,283913
2026-07-10,767,VND6E49FF6DF8,9511792911,495000
2026-07-10,767,VND6E49FF6DF8,9511799688,445000
2026-07-10,768,VND2107EBF7A3,124659,27167
2026-07-10,769,VND191A545863,CW132959,486077
2026-07-10,769,VND191A545863,QA583114-A,401711
2026-07-10,769,VND191A545863,QA583114-B,401710
2026-07-10,770,VND8937A31C6C,209690534,87192
2026-07-10,771,VND5F7CD0BCD8,0197976,314255
2026-07-10,772,VNDDAC78BDDD9,194267,5790
2026-07-10,772,VNDDAC78BDDD9,194341,5791
2026-07-10,773,VND0C6B7C0A93,190-12350,76850
2026-07-10,773,VND0C6B7C0A93,190-12351,49725
2026-07-10,774,VND914F94D4DE,INV-13175,22500
2026-07-10,775,VND69DFA54E4A,CF26-0655A,45000
2026-07-10,776,VND66084D1F0C,433164,4000
2026-07-10,777,VND37A077D923,26T-2208,583333
2026-07-10,778,VND2E80F86067,6608812-202606-1,10000
2026-07-10,779,VNDD93795DF87,11902,85000
2026-07-10,780,VNDD93795DF87,11899,85000
2026-07-10,781,VNDD93795DF87,11896,85000
2026-07-10,782,VNDD93795DF87,11898,85000
2026-07-10,783,VNDD93795DF87,11903,85000
2026-07-10,784,VNDD93795DF87,11904,85000
2026-07-10,785,VNDD93795DF87,11905,85000
2026-07-10,786,VNDD93795DF87,11914,85000
2026-07-10,787,VNDD93795DF87,11937,85000
2026-07-10,788,VNDD93795DF87,11938,85000
2026-07-10,789,VNDD93795DF87,11940,45000
2026-07-10,790,VND777AAA6B69,14FY-H3XD-7NL7,14250
2026-07-10,790,VND777AAA6B69,1DTN-MTKR-QMYP,6798
2026-07-10,790,VND777AAA6B69,1FTR-QRR9-JXT4,14856
2026-07-10,791,VNDFE7BCFF82B,38056,82330
2026-07-10,791,VNDFE7BCFF82B,38058,319146
2026-07-10,791,VNDFE7BCFF82B,38059,491260
2026-07-10,791,VNDFE7BCFF82B,38061,248000
2026-07-10,791,VNDFE7BCFF82B,38067,72386
2026-07-10,791,VNDFE7BCFF82B,38069,499962
2026-07-10,792,VNDEA93639769,July 2 2026,980000
2026-07-10,793,VNDBBA3F59362,26800-063M,224560
2026-07-10,794,VND122EEFF80B,26-0279,42100
2026-07-10,795,VNDB0DE02BD22,517688,1500
2026-07-10,795,VNDB0DE02BD22,523588,1500
2026-07-10,795,VNDB0DE02BD22,529770,1500
2026-07-10,796,VNDD6728F5D71,INV08003851,312500
2026-07-10,797,VND48DF513700,100402389129,90969
2026-07-10,798,VND810A6034D4,7009,4320000
2026-07-10,799,VND4CB8B42720,PEC 5888,303010
2026-07-10,800,VND50D777B7DA,747274,501499
2026-07-10,801,VND7871AB23C6,481845,149280
2026-07-10,802,VND676C4BC977,0001970824,597000
2026-07-10,803,VNDA7A8E15E22,C260504715671,350000
2026-07-10,804,VNDBDC4259461,June 1-June 15.26,653100
2026-07-10,805,VNDD0CDECB41A,Draw 509 - June 25,110599
2026-07-10,807,VND055179D328,3483,2320000
2026-07-10,808,VNDCF056FDA7F,Draw 8,623750
2026-07-10,809,VND9DF0B9A8D2,916,286000
2026-07-10,810,VND91721D3854,366756944448,36273
2026-07-10,810,VND91721D3854,444947062847,1287
2026-07-10,810,VND91721D3854,790654232124,1313
2026-07-10,810,VND91721D3854,954555000957,213323
2026-07-10,810,VND91721D3854,966369074489,2088
2026-07-10,811,VND6DEB672106,2054,499912
2026-07-10,812,VND7EC1272A69,MBROWN05212026,11950
2026-07-13,4541,VNDE960709B38,CR2607135237,1776
2026-07-13,4542,VNDE960709B38,CR2607135238,1360
2026-07-13,4543,VNDE960709B38,CR2607135239,1520
2026-07-13,4544,VNDE960709B38,CR2607135240,1488
2026-07-13,4545,VNDE960709B38,CR2607135241,1776
2026-07-13,4546,VNDE960709B38,CR2607135242,1424
2026-07-13,4547,VNDE960709B38,CR2607135243,1616
2026-07-13,4548,VNDE960709B38,CR2607135244,1616
2026-07-13,4549,VNDE960709B38,CR2607135245,1744
2026-07-13,4550,VNDE960709B38,CR2607135246,1712
2026-07-13,4551,VNDE960709B38,CR2607135247,1392
2026-07-13,4552,VNDE960709B38,CR2607135248,1616
2026-07-13,4553,VNDE960709B38,CR2607135249,1360
2026-07-13,4554,VNDE960709B38,CR2607135250,1456
2026-07-13,4555,VNDE960709B38,CR2607135251,1584
2026-07-13,4556,VNDE960709B38,CR2607135252,1680
2026-07-13,4557,VNDE960709B38,CR2607135253,1584
2026-07-13,4558,VNDE960709B38,CR2607135254,1584
2026-07-13,4559,VNDE960709B38,CR2607135255,1552
2026-07-13,4560,VNDE960709B38,CR2607135256,1840
2026-07-13,4561,VNDE960709B38,CR2607135257,1328
2026-07-13,4562,VNDE960709B38,CR2607135258,1520
2026-07-13,4563,VNDE960709B38,CR2607135259,1776
2026-07-13,4564,VNDE960709B38,CR2607135260,1680
2026-07-13,4565,VNDE960709B38,CR2607135261,1776
2026-07-13,4566,VNDE960709B38,CR2607135262,1648
2026-07-13,4567,VNDE960709B38,CR2607135263,1808
2026-07-13,4568,VNDE960709B38,CR2607135264,1680
2026-07-13,4569,VNDE960709B38,CR2607135265,1744
2026-07-13,4570,VNDE960709B38,CR2607135266,1424
2026-07-13,4571,VNDE960709B38,CR2607135267,1328
2026-07-13,4572,VNDE960709B38,CR2607135268,1520
2026-07-13,4573,VNDE960709B38,CR2607135269,1296
2026-07-13,4574,VNDE960709B38,CR2607135270,1584
2026-07-13,4575,VNDE960709B38,CR2607135271,1808
2026-07-13,4576,VNDE960709B38,CR2607135272,1680
2026-07-13,4577,VNDE960709B38,CR2607135273,1360
2026-07-13,4578,VNDE960709B38,CR2607135274,1488
2026-07-13,4579,VNDE960709B38,CR2607135275,1808
2026-07-13,4580,VNDE960709B38,CR2607135276,1392
2026-07-13,4581,VNDE960709B38,CR2607135277,1232
2026-07-13,4582,VNDE960709B38,CR2607135278,1648
2026-07-13,4583,VNDE960709B38,CR2607135279,1456
2026-07-13,4584,VNDE960709B38,CR2607135280,1488
2026-07-13,4585,VNDE960709B38,CR2607135281,1552
2026-07-13,4586,VNDE960709B38,CR2607135282,1840
2026-07-13,4587,VNDE960709B38,CR2607135283,1776
2026-07-13,4588,VNDE960709B38,CR2607135284,1776
2026-07-13,4589,VNDE960709B38,CR2607135285,1328
2026-07-13,4590,VNDE960709B38,CR2607135286,1392
2026-07-13,4591,VNDE960709B38,CR2607135287,1264
2026-07-13,4592,VNDE960709B38,CR2607135288,1712
2026-07-13,4593,VNDE960709B38,CR2607135289,1520
2026-07-13,4594,VNDE960709B38,CR2607135290,1616
2026-07-13,4595,VNDE960709B38,CR2607135291,1648
2026-07-13,4596,VNDE960709B38,CR2607135292,1712
2026-07-13,4597,VNDE960709B38,CR2607135293,1328
2026-07-13,4598,VNDE960709B38,CR2607135294,1840
2026-07-13,4599,VNDE960709B38,CR2607135295,1520
2026-07-13,4600,VNDE960709B38,CR2607135296,1552
2026-07-13,4601,VNDE960709B38,CR2607135297,1520
2026-07-13,4602,VNDE960709B38,CR2607135298,1424
2026-07-13,4603,VNDE960709B38,CR2607135299,1392
2026-07-13,4604,VNDE960709B38,CR2607135300,1712
2026-07-13,4605,VNDE960709B38,CR2607135301,1648
2026-07-13,4606,VNDE960709B38,CR2607135302,1744
2026-07-13,4607,VNDE960709B38,CR2607135303,1552
2026-07-13,4608,VNDE960709B38,CR2607135304,1648
2026-07-13,4609,VNDE960709B38,CR2607135305,1392
2026-07-13,4610,VNDE960709B38,CR2607135306,1424
2026-07-13,4611,VNDE960709B38,CR2607135307,1456
2026-07-13,4612,VNDE960709B38,CR2607135308,1328
2026-07-13,4613,VNDE960709B38,CR2607135309,1456
2026-07-13,4614,VNDE960709B38,CR2607135310,1360
2026-07-13,4615,VNDE960709B38,CR2607135311,1584
2026-07-13,4616,VNDE960709B38,CR2607135312,1360
2026-07-13,4617,VNDE960709B38,CR2607135313,1616
2026-07-13,4618,VNDE960709B38,CR2607135314,1776
2026-07-13,4619,VNDE960709B38,CR2607135315,1552
2026-07-13,4620,VNDE960709B38,CR2607135316,1424
2026-07-13,4621,VNDE960709B38,CR2607135317,1680
2026-07-13,4622,VNDE960709B38,CR2607135318,1584
2026-07-13,4623,VNDE960709B38,CR2607135319,1392
2026-07-13,4624,VNDE960709B38,CR2607135320,1680
2026-07-13,4625,VNDE960709B38,CR2607135321,1648
2026-07-13,4626,VNDE960709B38,CR2607135322,1648
2026-07-13,4627,VNDE960709B38,CR2607135323,1360
2026-07-13,4628,VNDE960709B38,CR2607135324,1840
2026-07-13,4629,VNDE960709B38,CR2607135325,1488
2026-07-13,4630,VNDE960709B38,CR2607135326,1424
2026-07-13,4631,VNDE960709B38,CR2607135327,1712
2026-07-13,4632,VNDE960709B38,CR2607135328,1680
2026-07-13,4633,VNDE960709B38,CR2607135329,1680
2026-07-13,4634,VNDE960709B38,CR2607135330,1424
2026-07-13,4635,VNDE960709B38,CR2607135331,1648
2026-07-13,4636,VNDE960709B38,CR2607135332,1424
2026-07-13,4637,VNDE960709B38,CR2607135333,1488
2026-07-13,4638,VNDE960709B38,CR2607135334,1424
2026-07-13,4639,VNDE960709B38,CR2607135335,1456
2026-07-13,4640,VNDE960709B38,CR2607135336,1552
2026-07-13,4641,VNDE960709B38,CR2607135337,1456
2026-07-13,4642,VNDE960709B38,CR2607135338,1680
2026-07-13,4643,VNDE960709B38,CR2607135339,1584
2026-07-13,4644,VNDE960709B38,CR2607135340,1872
2026-07-13,4645,VNDE960709B38,CR2607135341,1616
2026-07-13,4646,VNDE960709B38,CR2607135342,1520
2026-07-13,4647,VNDE960709B38,CR2607135343,1872
2026-07-13,4648,VNDE960709B38,CR2607135344,1616
2026-07-13,4649,VNDE960709B38,CR2607135345,1680
2026-07-13,4650,VNDE960709B38,CR2607135346,1520
2026-07-13,4651,VNDE960709B38,CR2607135347,1712
2026-07-13,4652,VNDE960709B38,CR2607135348,1424
2026-07-13,4653,VNDE960709B38,CR2607135349,1712
2026-07-13,4654,VNDE960709B38,CR2607135350,1520
2026-07-13,4655,VNDE960709B38,CR2607135351,1744
2026-07-13,4656,VNDE960709B38,CR2607135352,1616
2026-07-13,4657,VNDE960709B38,CR2607135353,1680
2026-07-13,4658,VNDE960709B38,CR2607135354,1296
2026-07-13,4659,VNDE960709B38,CR2607135355,1648
2026-07-13,4660,VNDE960709B38,CR2607135356,1488
2026-07-13,4661,VNDE960709B38,CR2607135357,1712
2026-07-13,4662,VNDE960709B38,CR2607135358,1616
2026-07-13,4663,VNDE960709B38,CR2607135359,1744
2026-07-13,4664,VNDE960709B38,CR2607135360,1776
2026-07-13,4665,VNDE960709B38,CR2607135361,1264
2026-07-13,4666,VNDE960709B38,CR2607135362,1680
2026-07-13,4667,VNDE960709B38,CR2607135363,1712
2026-07-13,4668,VNDE960709B38,CR2607135364,1488
2026-07-13,4669,VNDE960709B38,CR2607135365,1520
2026-07-13,4670,VNDE960709B38,CR2607135366,1712
2026-07-13,4671,VNDE960709B38,CR2607135367,1648
2026-07-13,4672,VNDE960709B38,CR2607135368,1392
2026-07-13,4673,VNDE960709B38,CR2607135369,1744
2026-07-13,4674,VNDE960709B38,CR2607135370,2384
2026-07-13,4675,VNDE960709B38,CR2607135371,1520
2026-07-13,4676,VNDE960709B38,CR2607135372,1744
2026-07-13,4677,VNDE960709B38,CR2607135373,1520
2026-07-13,4678,VNDE960709B38,CR2607135374,1328
2026-07-13,4679,VNDE960709B38,CR2607135375,1616
2026-07-13,4680,VNDE960709B38,CR2607135376,1328
2026-07-13,4681,VNDE960709B38,CR2607135377,1616
2026-07-13,4682,VNDE960709B38,CR2607135378,1616
2026-07-13,4683,VNDE960709B38,CR2607135379,1680
2026-07-13,4684,VNDE960709B38,CR2607135380,1296
2026-07-13,4685,VNDE960709B38,CR2607135381,1520
2026-07-13,4686,VNDE960709B38,CR2607135382,1520
2026-07-13,4687,VNDE960709B38,CR2607135383,1744
2026-07-13,4688,VNDE960709B38,CR2607135384,1488
2026-07-13,4689,VNDE960709B38,CR2607135385,1680
2026-07-13,4690,VNDE960709B38,CR2607135386,1968
2026-07-13,4691,VNDE960709B38,CR2607135387,1584
2026-07-13,4692,VNDE960709B38,CR2607135388,1680
2026-07-13,4693,VNDE960709B38,CR2607135389,1744
2026-07-13,4694,VNDE960709B38,CR2607135390,1552
2026-07-13,4695,VNDE960709B38,CR2607135391,2000
2026-07-13,4696,VNDE960709B38,CR2607135392,1776
2026-07-13,4697,VNDE960709B38,CR2607135393,1712
2026-07-13,4698,VNDE960709B38,CR2607135394,1456
2026-07-13,4699,VNDE960709B38,CR2607135395,1712
2026-07-13,4700,VNDE960709B38,CR2607135396,1488
2026-07-13,4701,VNDE960709B38,CR2607135397,1712
2026-07-13,4702,VNDE960709B38,CR2607135398,1616
2026-07-13,4703,VNDE960709B38,CR2607135399,1264
2026-07-13,4704,VNDE960709B38,CR2607135400,1296
2026-07-13,4705,VNDE960709B38,CR2607135401,1840
2026-07-13,4706,VNDE960709B38,CR2607135402,1712
2026-07-13,4707,VNDE960709B38,CR2607135403,1712
2026-07-13,4708,VNDE960709B38,CR2607135404,1488
2026-07-13,4709,VNDE960709B38,CR2607135405,1360
2026-07-13,4710,VNDE960709B38,CR2607135406,1584
2026-07-13,4711,VNDE960709B38,CR2607135407,1488
2026-07-13,4712,VNDE960709B38,CR2607135408,1456
2026-07-13,4713,VNDE960709B38,CR2607135409,1648
2026-07-13,4714,VNDE960709B38,CR2607135410,1776
2026-07-13,4715,VNDE960709B38,CR2607135411,1520
2026-07-13,4716,VNDE960709B38,CR2607135412,1680
2026-07-13,4717,VNDE960709B38,CR2607135413,1360
2026-07-13,6047,VNDE1919A1248,CT2115991-7/26,10429500
2026-07-14,1047,VND6E8879BB31,PEBR4A2606Y1DSF-0001,15435
2026-07-14,1048,VND6E8879BB31,PEBR4A2606RV440-0001,200000
2026-07-14,1049,VND6E8879BB31,PEBR4A2606HK8KM0001,76296
2026-07-14,1050,VND6E8879BB31,PEBR4A2606JM006-0001,243193
2026-07-14,1051,VND6E8879BB31,PEBR4A2512PN9X Z0001,140030
2026-07-14,1052,VND6E8879BB31,PEBR4A2605CF51G-0001,43500
2026-07-14,1053,VND6E8879BB31,PEBR4A2606JM0060001,995000
2026-07-14,1054,VND6E8879BB31,PEBR4A260700WT4-0001,334135
2026-07-14,1055,VND6E8879BB31,PEBR4A2606TYP2W-0001,60000
2026-07-14,1056,VND6E8879BB31,PEBR4A2606HK8KM-0001,56000
2026-07-14,6042,VNDDDF358A653,MPERS 7/2026,454682
2026-07-14,6918,VND6419D861E2,13486615494,12030
2026-07-14,6919,VND871C0D59DE,10844051461,1099000
2026-07-14,6919,VND871C0D59DE,10865444448,446700
2026-07-14,6919,VND871C0D59DE,10881454207,127107
2026-07-14,6920,VNDDF1B535115,109583 06/26,9088
2026-07-14,6920,VNDDF1B535115,109586 06/26,11627
2026-07-14,6920,VNDDF1B535115,112648 06/26,41184
2026-07-14,6920,VNDDF1B535115,112703 06/26,22309
2026-07-14,6920,VNDDF1B535115,114878 06/26,8597
2026-07-14,6920,VNDDF1B535115,119126 06/26,12043
2026-07-14,6920,VNDDF1B535115,119127 06/26,16401
2026-07-14,6920,VNDDF1B535115,119128 06/26,41319
2026-07-14,6920,VNDDF1B535115,119134 06/26,43901
2026-07-14,6920,VNDDF1B535115,119146 06/26,22071
2026-07-14,6920,VNDDF1B535115,119148 06/26,19011
2026-07-14,6920,VNDDF1B535115,119149 06/26,8492
2026-07-14,6920,VNDDF1B535115,119150 06/26,9642
2026-07-14,6920,VNDDF1B535115,119151 06/26,22981
2026-07-14,6920,VNDDF1B535115,119152 06/26,12387
2026-07-14,6920,VNDDF1B535115,119161 06/26,9056
2026-07-14,6920,VNDDF1B535115,119164 06/26,17443
2026-07-14,6920,VNDDF1B535115,119166 06/26,12142
2026-07-14,6920,VNDDF1B535115,119170 06/26,17385
2026-07-14,6920,VNDDF1B535115,119172 06/26,44110
2026-07-14,6920,VNDDF1B535115,119173 06/26,27875
2026-07-14,6920,VNDDF1B535115,119174 06/26,19832
2026-07-14,6920,VNDDF1B535115,119177 06/26,36631
2026-07-14,6920,VNDDF1B535115,119178 06/26,43587
2026-07-14,6920,VNDDF1B535115,119181 06/26,14744
2026-07-14,6920,VNDDF1B535115,122855 06/26,5431
2026-07-14,6920,VNDDF1B535115,122896 06/26,7239
2026-07-14,6920,VNDDF1B535115,126937 06/26,9433
2026-07-14,6920,VNDDF1B535115,129140 06/26,14074
2026-07-14,6920,VNDDF1B535115,136594 06/26,8880
2026-07-14,6920,VNDDF1B535115,144059 06/26,15595
2026-07-14,6920,VNDDF1B535115,144062 06/26,20892
2026-07-14,6920,VNDDF1B535115,144065 06/26,18057
2026-07-14,6920,VNDDF1B535115,144073 06/26,488232
2026-07-14,6920,VNDDF1B535115,144074 06/26,21488
2026-07-14,6920,VNDDF1B535115,144413 06/26,8833
2026-07-14,6920,VNDDF1B535115,1747424 06/26,5285
2026-07-14,6920,VNDDF1B535115,3470241 06/26,4046
2026-07-14,6920,VNDDF1B535115,3474025 06/26,4717
2026-07-14,6920,VNDDF1B535115,758597 06/26,8075
2026-07-14,6921,VNDCB65AFB842,199881,127025
2026-07-14,6921,VNDCB65AFB842,200732,227919
2026-07-14,6922,VND1B00EE0682,PAY APP 011 MAY 26,6417900
2026-07-14,6923,VND78FD06F489,6551,124992
2026-07-14,6924,VND3202C9608E,0820-002240767A,299548770
2026-07-14,6924,VND3202C9608E,0820-002240769,90836100
2026-07-14,6925,VNDBC4CEAB09B,PPE 7/10/26,4563559
2026-07-14,6926,VND386831CBA4,8230563385,14200000
2026-07-14,6927,VND45EAEDDBC2,CR/CN/6/27-7/10/26,261288
2026-07-14,6928,VNDB6D062A110,96343,56100
2026-07-14,6929,VND6A722FE925,312007012026,101540
2026-07-14,6930,VNDAC0EDAD3E7,900027,248220
2026-07-14,6931,VND9482CE1F7B,6145038480,198610
2026-07-14,6931,VND9482CE1F7B,6146179388,469578
2026-07-14,6931,VND9482CE1F7B,6146815636,2910923
2026-07-14,6931,VND9482CE1F7B,6146815637,35300
2026-07-14,6931,VND9482CE1F7B,6147133822,4305
2026-07-14,6932,VND9482CE1F7B,6146908047,8002
2026-07-14,6933,VND9482CE1F7B,6145224863,16088
2026-07-14,6934,VND9482CE1F7B,6146334818,10007
2026-07-14,6935,VND9482CE1F7B,6146398577,194500
2026-07-14,6936,VND461E8AD674,55724,47856
2026-07-14,6936,VND461E8AD674,55743,25539
2026-07-14,6936,VND461E8AD674,55753,117300
2026-07-14,6936,VND461E8AD674,55754,45707
2026-07-14,6936,VND461E8AD674,55773,90975
2026-07-14,6936,VND461E8AD674,55777,29477
2026-07-14,6936,VND461E8AD674,55885,185400
2026-07-14,6937,VNDC844B67B02,EBRLM070226,125000
2026-07-14,6938,VND7470D0747E,7458-01,55564464
2026-07-14,6939,VNDF83E939CE0,BTRSSO23004 Cap,9018372
2026-07-14,6939,VNDF83E939CE0,BTRSSO23004 OMscada,12964158
2026-07-14,6940,VND7A343D77D6,32162,85000
2026-07-14,6941,VND5D43C48DED,Invoice #6,1534000
2026-07-14,6942,VND4AA16F0AA6,75346,3823700
2026-07-14,6943,VND9E89084FD6,JUNE2026,318681
2026-07-14,6944,VNDC1BC25009F,21976,280000
2026-07-14,6945,VND74F6F208CC,INV18305,204000
2026-07-14,6945,VND74F6F208CC,INV18306,481500
2026-07-14,6945,VND74F6F208CC,INV18307,441000
2026-07-14,6946,VND2715E224AE,0041,14000
2026-07-14,6947,VNDFF5B3DDCEC,PAY APP# 6,7600000
2026-07-14,6948,VND2308B621FA,EBRPSA- 6,177300
2026-07-14,6949,VNDDC2DA6C913,1169,455000
2026-07-14,6950,VNDBE9E490B01,EBRS-1116,22500
2026-07-14,6951,VNDD463BC9E0E,26-19-064462,574730
2026-07-14,6952,VNDE6A23FABFB,CR/LD/6.27-07.10.26,261288
2026-07-14,6953,VND6595524291,CR/MD/6.2.26-7.10.26,261288
2026-07-14,814,VNDBA5885C4A6,107121,165362
2026-07-14,814,VNDBA5885C4A6,107124,136156
2026-07-14,815,VNDAD371834F3,402045,83700
2026-07-14,815,VNDAD371834F3,402063,34200
2026-07-14,815,VNDAD371834F3,402146,143700
2026-07-14,815,VNDAD371834F3,402334,23400
2026-07-14,815,VNDAD371834F3,402335,122700
2026-07-14,815,VNDAD371834F3,402345,213900
2026-07-14,815,VNDAD371834F3,402351,641700
2026-07-14,815,VNDAD371834F3,403416,172900
2026-07-14,815,VNDAD371834F3,403431,2900
2026-07-14,815,VNDAD371834F3,403728,7800
2026-07-14,815,VNDAD371834F3,403735,2900
2026-07-14,815,VNDAD371834F3,404228,3000
2026-07-14,815,VNDAD371834F3,404309,16500
2026-07-14,815,VNDAD371834F3,404651,47800
2026-07-14,815,VNDAD371834F3,404694,69000
2026-07-14,815,VNDAD371834F3,404788,67800
2026-07-14,815,VNDAD371834F3,404797,58600
2026-07-14,816,VNDAD371834F3,404650,69300
2026-07-14,817,VND608BF9B3D8,182965,276012
2026-07-14,817,VND608BF9B3D8,184119,38676
2026-07-14,817,VND608BF9B3D8,184454,153582
2026-07-14,818,VNDF33010716A,48168,226100
2026-07-14,819,VND8974758EC3,194610,36400
2026-07-14,820,VND8974758EC3,194615,141697
2026-07-14,821,VNDA9F4639B37,23943,7595
2026-07-14,822,VNDC70091CD9E,1593,37000
2026-07-14,823,VNDFABA4FF358,53036304005,39412
2026-07-14,824,VND35B1EB0D4E,SB350508,84428
2026-07-14,824,VND35B1EB0D4E,SB352934,7741
2026-07-14,824,VND35B1EB0D4E,SB354434,7741
2026-07-14,825,VND194891F3F9,01501958,3750
2026-07-14,826,VND146ABCE719,0209086,68150
2026-07-14,827,VND0E9273449A,4273637980,77624
2026-07-14,828,VND0E9273449A,4271577276,1528
2026-07-14,828,VND0E9273449A,4272329977,1528
2026-07-14,828,VND0E9273449A,4273070656,1528
2026-07-14,828,VND0E9273449A,4273500557,7770
2026-07-14,828,VND0E9273449A,4273821528,1528
2026-07-14,828,VND0E9273449A,4273821546,22673
2026-07-14,829,VND1F4B20B584,WI93179,1279202
2026-07-14,830,VND2FE679EDE1,9173076157,6175
2026-07-14,830,VND2FE679EDE1,9173353527,44950
2026-07-14,832,VND312B4066D7,3270867,32202
2026-07-14,832,VND312B4066D7,INV 3268317,128792
2026-07-14,832,VND312B4066D7,INV 3270240,4595
2026-07-14,832,VND312B4066D7,INV 3270241,53315
2026-07-14,832,VND312B4066D7,INV 3271152,53634
2026-07-14,833,VND0972D9C76D,95837,27418
2026-07-14,834,VND967ADB1CB2,414766,19119
2026-07-14,834,VND967ADB1CB2,414792,62480
2026-07-14,834,VND967ADB1CB2,715353,65026
2026-07-14,835,VND56BE5B0BCA,17446-1,35941
2026-07-14,836,VND5FF83F8D94,203096,250500
2026-07-14,836,VND5FF83F8D94,204087,127900
2026-07-14,837,VND314D47574B,10021315887,2788378
2026-07-14,837,VND314D47574B,2026507989,6153824
2026-07-14,837,VND314D47574B,315006024450,1189949
2026-07-14,837,VND314D47574B,475004715047,52944779
2026-07-14,837,VND314D47574B,475004715048,6259393
2026-07-14,838,VND68E1B0DADC,254342,1287
2026-07-14,840,VND9B49CE3926,613835,2534900
2026-07-14,841,VNDEC085E77FB,1913101031848,10196
2026-07-14,843,VND2CDF279417,MH0426-EBR,110000
2026-07-14,844,VND27425B6C62,118274224,462000
2026-07-14,846,VNDE0724E5396,6712321,1682219
2026-07-14,848,VND74416F155F,96658,40000
2026-07-14,849,VND0F82AF1081,6061281319,119608
2026-07-14,849,VND0F82AF1081,6063712440,50397
2026-07-14,849,VND0F82AF1081,6066592616,-29902
2026-07-14,849,VND0F82AF1081,6066592617,-89706
2026-07-14,849,VND0F82AF1081,6067052260,4998
2026-07-14,849,VND0F82AF1081,6067052262,6777
2026-07-14,850,VND0D186B42D7,356043053,330000
2026-07-14,850,VND0D186B42D7,356301685,68750
2026-07-14,852,VNDE9006C6230,025918167,20525
2026-07-14,852,VNDE9006C6230,025918168,71471
2026-07-14,854,VND6A8F32B4F0,9-335-03417,1034
2026-07-14,854,VND6A8F32B4F0,9-345-00322,1913
2026-07-14,855,VNDAF8AF0D8AE,1-137846658216,451100
2026-07-14,856,VND3202C9608E,0820-002234861,144837
2026-07-14,856,VND3202C9608E,0820-002235093,76385
2026-07-14,856,VND3202C9608E,0820-002235948,129949
2026-07-14,856,VND3202C9608E,0820-002236981,56861
2026-07-14,856,VND3202C9608E,0820-002238326,20156
2026-07-14,856,VND3202C9608E,0820-002238353,19158
2026-07-14,856,VND3202C9608E,0820-002238388,414430
2026-07-14,856,VND3202C9608E,0820-002238614,158606
2026-07-14,856,VND3202C9608E,0820-002238896,67492
2026-07-14,856,VND3202C9608E,0820-002239192,286840
2026-07-14,856,VND3202C9608E,0820-002240045,85490
2026-07-14,856,VND3202C9608E,0820-002240046,85490
2026-07-14,856,VND3202C9608E,0820-002240047,85490
2026-07-14,857,VND3202C9608E,0820-002239226,13270
2026-07-14,858,VND3202C9608E,0820-02236835,17388
2026-07-14,859,VNDB13CA932DA,61726,48400
2026-07-14,860,VNDD04F233407,6128694,4745
2026-07-14,861,VND90647A06F1,DUES2026-JORDEN,19500
2026-07-14,862,VND23360FB697,28137931-002 06/26,28852
2026-07-14,862,VND23360FB697,28139712-002 06/26,2672
2026-07-14,862,VND23360FB697,30168221-001 06/26,1477
2026-07-14,862,VND23360FB697,31181500-001 06/26,1477
2026-07-14,863,VNDA9B2BB2688,DETRA G. JONES,19090691
2026-07-14,865,VND09E9FBF696,26SubPanelMay04,7500
2026-07-14,866,VND09E9FBF696,26SubPanelMay11,7500
2026-07-14,867,VND09E9FBF696,26SubPanelMay18,7500
2026-07-14,868,VND09E9FBF696,26SubPanelMay26,7500
2026-07-14,869,VND09E9FBF696,26SubPanelJun01,7500
2026-07-14,870,VND09E9FBF696,26SubPanelJun08,7500
2026-07-14,871,VND09E9FBF696,26SubPanelJun22,7500
2026-07-14,872,VND09E9FBF696,26SubPanelJun29,7500
2026-07-14,873,VND09E9FBF696,4273,300
2026-07-14,874,VND09E9FBF696,4266,111000
2026-07-14,875,VND09E9FBF696,4250,180
2026-07-14,876,VND09E9FBF696,4259,64000
2026-07-14,877,VND09E9FBF696,4235,114500
2026-07-14,878,VND09E9FBF696,RESO59248.CC,922446
2026-07-14,879,VND09E9FBF696,8762769,202500
2026-07-14,880,VND09E9FBF696,8789634,8500
2026-07-14,881,VND09E9FBF696,8781303,229500
2026-07-14,882,VND09E9FBF696,8781454,81000
2026-07-14,883,VND09E9FBF696,8781638,89500
2026-07-14,884,VND09E9FBF696,8789705,27000
2026-07-14,885,VNDB41C7DE31B,001571088623101 626,19585
2026-07-14,885,VNDB41C7DE31B,0015711050922101 626,1428
2026-07-14,885,VNDB41C7DE31B,0015711067391202 626,35981
2026-07-14,885,VNDB41C7DE31B,0015711067975301 626,11999
2026-07-14,885,VNDB41C7DE31B,0015711074182001 626,12498
2026-07-14,885,VNDB41C7DE31B,0015711074961001 526,27570
2026-07-14,885,VNDB41C7DE31B,0015711081839301 626,51375
2026-07-14,885,VNDB41C7DE31B,0015711082127401 626,38714
2026-07-14,885,VNDB41C7DE31B,0015711090940801 626,58034
2026-07-14,885,VNDB41C7DE31B,001571109184301 626,28199
2026-07-14,885,VNDB41C7DE31B,0015711092332301 626,40864
2026-07-14,885,VNDB41C7DE31B,0015711095600301 626,39241
2026-07-14,885,VNDB41C7DE31B,0015711102000501 626,30788
2026-07-14,885,VNDB41C7DE31B,015711067895601 0626,29254
2026-07-14,885,VNDB41C7DE31B,015711067895901 0626,33926
2026-07-14,885,VNDB41C7DE31B,015711083129801 0626,9900
2026-07-14,885,VNDB41C7DE31B,015711084970601 0626,100468
2026-07-14,885,VNDB41C7DE31B,015713067850602 0626,12288
2026-07-14,886,VNDB41C7DE31B,0015711072008601 626,275000
2026-07-14,887,VNDAF3A04A5A6,Pay App 012 April,7667835
2026-07-14,887,VNDAF3A04A5A6,Pay App 012 Febr,3707176
2026-07-14,887,VNDAF3A04A5A6,Pay App 012 March,3144075
2026-07-14,888,VNDC9813A6861,904257917,498000
2026-07-14,889,VNDB08E066BB4,16827,2500
2026-07-14,890,VND506093857D,B7254092,2249
2026-07-14,890,VND506093857D,B7254705,2249
2026-07-14,890,VND506093857D,B7254710,2249
2026-07-14,890,VND506093857D,B7254725,2249
2026-07-14,890,VND506093857D,B7254728,2249
2026-07-14,890,VND506093857D,B7254771,2249
2026-07-14,891,VND642AC3152E,70049,7910
2026-07-14,891,VND642AC3152E,70946,6140
2026-07-14,892,VND35B57A31E3,SI301004392,268900
2026-07-14,893,VND091D0AAA42,41461629,31067
2026-07-14,894,VND091D0AAA42,41690341,27105
2026-07-14,895,VND091D0AAA42,41947492,27687
2026-07-14,896,VND091D0AAA42,42207217,27242
2026-07-14,897,VND44D252EA0A,69240,63500
2026-07-14,897,VND44D252EA0A,69241,282300
2026-07-14,897,VND44D252EA0A,69242,54400
2026-07-14,897,VND44D252EA0A,69243,314400
2026-07-14,897,VND44D252EA0A,69244,54600
2026-07-14,897,VND44D252EA0A,69245,157200
2026-07-14,897,VND44D252EA0A,69246,133000
2026-07-14,897,VND44D252EA0A,69247,102800
2026-07-14,897,VND44D252EA0A,69248,48400
2026-07-14,898,VND6C133B6E38,55p1836290,18335
2026-07-14,898,VND6C133B6E38,55p1836291,21891
2026-07-14,899,VND3AC88DAE74,T1191984-FINAL,12000
2026-07-14,900,VND3DBF2AE1D7,07072026,15880950
2026-07-14,901,VND2C797EC2E1,00208732945,94990
2026-07-14,902,VNDBB1C78CF79,81800006302026,166850
2026-07-14,903,VNDDB8E0D5288,216065F,2451
2026-07-14,904,VND6DFE713957,910018067,414300
2026-07-14,905,VND7120A37E87,0079722-IN,5267472
2026-07-14,906,VND684C9F2E6A,ARIV1029388,134662
2026-07-14,907,VND50A9C98A86,994528,19000
2026-07-14,908,VND9F19F8369B,3688370,739810
2026-07-14,909,VND129F32F635,3009549663,497431
2026-07-14,910,VND137B7560F8,4731952972,34239
2026-07-14,911,VND63FC3F64CF,284048,15204
2026-07-14,911,VND63FC3F64CF,487702,40589
2026-07-14,911,VND63FC3F64CF,487718,15792
2026-07-14,911,VND63FC3F64CF,487744,9426
2026-07-14,911,VND63FC3F64CF,487914,13595
2026-07-14,912,VND51F22A8064,B21258345,521920
2026-07-14,913,VND862D80DBC2,IN3233,48950
2026-07-14,914,VND1CDC5A7959,010101600119801 0726,4240
2026-07-14,914,VND1CDC5A7959,010101625000101 0726,2398167
2026-07-14,914,VND1CDC5A7959,010110387012602 0626,10435
2026-07-14,914,VND1CDC5A7959,010111362078402 0626,1180
2026-07-14,914,VND1CDC5A7959,010111362086902 0626,1180
2026-07-14,914,VND1CDC5A7959,010111719811002 0626,1180
2026-07-14,914,VND1CDC5A7959,010112030002101 0626,3017
2026-07-14,914,VND1CDC5A7959,010112078003101 0626,1180
2026-07-14,914,VND1CDC5A7959,010112376013602 0626,1180
2026-07-14,914,VND1CDC5A7959,010112376014802 0626,3019
2026-07-14,914,VND1CDC5A7959,010113057412010 0626,5807
2026-07-14,914,VND1CDC5A7959,010114050003501 0626,1180
2026-07-14,914,VND1CDC5A7959,010114050004001 0626,1234
2026-07-14,914,VND1CDC5A7959,010114064005402 0626,3163
2026-07-14,914,VND1CDC5A7959,010114145008203 0626,1180
2026-07-14,914,VND1CDC5A7959,010114145009401 626,6997
2026-07-14,914,VND1CDC5A7959,010114145012401 626,3370
2026-07-14,914,VND1CDC5A7959,010115075013502 0626,3170
2026-07-14,914,VND1CDC5A7959,010115075014602 0626,3163
2026-07-14,914,VND1CDC5A7959,010115086005901 626,15214
2026-07-14,914,VND1CDC5A7959,010115086006401 626,3163
2026-07-14,914,VND1CDC5A7959,010115086007001 0626,11453
2026-07-14,914,VND1CDC5A7959,010115086007101 0626,3165
2026-07-14,914,VND1CDC5A7959,010115086838502 0626,4355
2026-07-14,914,VND1CDC5A7959,010115377005601 0626,1180
2026-07-14,914,VND1CDC5A7959,010118005009502 0626,3017
2026-07-14,914,VND1CDC5A7959,010118016002803 0626,6232
2026-07-14,914,VND1CDC5A7959,010118016003202 0626,1182
2026-07-14,914,VND1CDC5A7959,010118021000602 0626,18793
2026-07-14,914,VND1CDC5A7959,010118068010602 0626,3017
2026-07-14,914,VND1CDC5A7959,010118068010702 0626,3017
2026-07-14,914,VND1CDC5A7959,010119122005001 0626,1185
2026-07-14,914,VND1CDC5A7959,010119164009302 0626,1180
2026-07-14,914,VND1CDC5A7959,010119164014002 0626,9116
2026-07-14,914,VND1CDC5A7959,010119381082001 0626,1180
2026-07-14,914,VND1CDC5A7959,010119381089402 0626,1180
2026-07-14,914,VND1CDC5A7959,010119381090202 0626,3017
2026-07-14,914,VND1CDC5A7959,010119381092202 0626,9738
2026-07-14,914,VND1CDC5A7959,010119381093302 0626,3017
2026-07-14,914,VND1CDC5A7959,010119381146002 0626,4378
2026-07-14,914,VND1CDC5A7959,010119381692003 0626,1180
2026-07-14,914,VND1CDC5A7959,010119383010901 0626,1182
2026-07-14,914,VND1CDC5A7959,010119383011902 0626,1180
2026-07-14,914,VND1CDC5A7959,010119422042102 0626,1180
2026-07-14,914,VND1CDC5A7959,010119422053002 0626,1202
2026-07-14,915,VNDA23FFF84E8,020201010323201 0626,6581
2026-07-14,915,VNDA23FFF84E8,020201625000301 0626,26688
2026-07-14,915,VNDA23FFF84E8,020201625001701 0726,148452
2026-07-14,915,VNDA23FFF84E8,020211024029401 0626,1559
2026-07-14,915,VNDA23FFF84E8,020211024047002 0626,1559
2026-07-14,915,VNDA23FFF84E8,020211024077002 0626,1559
2026-07-14,915,VNDA23FFF84E8,020211024083902 0626,1559
2026-07-14,915,VNDA23FFF84E8,020211024091302 0626,1559
2026-07-14,915,VNDA23FFF84E8,020211024091402 0626,1559
2026-07-14,915,VNDA23FFF84E8,020211024091502 0626,1632
2026-07-14,915,VNDA23FFF84E8,020211054045502 0626,1559
2026-07-14,915,VNDA23FFF84E8,020211054046102 0626,1559
2026-07-14,915,VNDA23FFF84E8,020211065050502 0626,1559
2026-07-14,915,VNDA23FFF84E8,020212026045102 0626,4379
2026-07-14,915,VNDA23FFF84E8,020212026083102 0626,1559
2026-07-14,915,VNDA23FFF84E8,020212052005802 0626,4379
2026-07-14,915,VNDA23FFF84E8,020212052021403 0626,1559
2026-07-14,915,VNDA23FFF84E8,020212052060602 0626,1559
2026-07-14,915,VNDA23FFF84E8,020212052083602 0626,1559
2026-07-14,915,VNDA23FFF84E8,020212052089902 0626,13000
2026-07-14,915,VNDA23FFF84E8,020212052090802 0626,1559
2026-07-14,915,VNDA23FFF84E8,020212052100102 0626,1559
2026-07-14,915,VNDA23FFF84E8,020212052133302 0626,1588
2026-07-14,915,VNDA23FFF84E8,020212055075801 0626,7500
2026-07-14,915,VNDA23FFF84E8,020212055077402 0626,1559
2026-07-14,915,VNDA23FFF84E8,020212055999102 0626,1559
2026-07-14,915,VNDA23FFF84E8,020213056044502 0626,1639
2026-07-14,915,VNDA23FFF84E8,020213056047401 0626,1559
2026-07-14,915,VNDA23FFF84E8,020213056063102 0626,1632
2026-07-14,915,VNDA23FFF84E8,020213056907302 0626,1559
2026-07-14,915,VNDA23FFF84E8,020213056984002 0626,4379
2026-07-14,915,VNDA23FFF84E8,020213057766602 0626,1559
2026-07-14,915,VNDA23FFF84E8,020213058789402 0626,1559
2026-07-14,915,VNDA23FFF84E8,020213064016802 0626,1632
2026-07-14,915,VNDA23FFF84E8,020213064036601 0626,1559
2026-07-14,915,VNDA23FFF84E8,020214027000402 0626,16931
2026-07-14,915,VNDA23FFF84E8,020214027099902 0626,1632
2026-07-14,915,VNDA23FFF84E8,020214027100002 0626,1632
2026-07-14,915,VNDA23FFF84E8,020214051024101 0626,1559
2026-07-14,915,VNDA23FFF84E8,020214051038501 0626,1632
2026-07-14,915,VNDA23FFF84E8,020214051039303 0626,1632
2026-07-14,915,VNDA23FFF84E8,020214051045102 0626,1559
2026-07-14,915,VNDA23FFF84E8,020214051114802 0626,5594
2026-07-14,915,VNDA23FFF84E8,020214051129902 0626,4753
2026-07-14,915,VNDA23FFF84E8,020214051833702 0626,1559
2026-07-14,915,VNDA23FFF84E8,020214051841602 0626,1559
2026-07-14,915,VNDA23FFF84E8,020214059000702 0626,4384
2026-07-14,915,VNDA23FFF84E8,020214059056802 0626,1559
2026-07-14,915,VNDA23FFF84E8,020214059059802 0626,1632
2026-07-14,915,VNDA23FFF84E8,020214059103302 0626,1632
2026-07-14,915,VNDA23FFF84E8,020214059814602 0626,1559
2026-07-14,915,VNDA23FFF84E8,020214059998102 0626,4379
2026-07-14,915,VNDA23FFF84E8,020214061024301 0626,1559
2026-07-14,915,VNDA23FFF84E8,020214061083502 0626,1632
2026-07-14,915,VNDA23FFF84E8,020214061143202 0626,1632
2026-07-14,915,VNDA23FFF84E8,020214062035204 0626,1559
2026-07-14,915,VNDA23FFF84E8,020214062052601 0626,1632
2026-07-14,916,VNDF384EA7B9B,508438271,32310
2026-07-14,916,VNDF384EA7B9B,508438272,48150
2026-07-14,916,VNDF384EA7B9B,508468473,7768
2026-07-14,916,VNDF384EA7B9B,508468474,3740
2026-07-14,916,VNDF384EA7B9B,508468476,11130
2026-07-14,916,VNDF384EA7B9B,508468477,19890
2026-07-14,916,VNDF384EA7B9B,508468478,2910
2026-07-14,916,VNDF384EA7B9B,508468479,5447
2026-07-14,916,VNDF384EA7B9B,508468970,9645
2026-07-14,916,VNDF384EA7B9B,508468971,7080
2026-07-14,916,VNDF384EA7B9B,508502208,10695
2026-07-14,916,VNDF384EA7B9B,508502209,10140
2026-07-14,916,VNDF384EA7B9B,508633149,3135
2026-07-14,916,VNDF384EA7B9B,508656909,113824
2026-07-14,916,VNDF384EA7B9B,509047036,7644
2026-07-14,916,VNDF384EA7B9B,509047037,57539
2026-07-14,916,VNDF384EA7B9B,509047038,43549
2026-07-14,916,VNDF384EA7B9B,509047260,33606
2026-07-14,916,VNDF384EA7B9B,509047261,34671
2026-07-14,916,VNDF384EA7B9B,509047262,5292
2026-07-14,916,VNDF384EA7B9B,509047263,45960
2026-07-14,916,VNDF384EA7B9B,509047264,27927
2026-07-14,916,VNDF384EA7B9B,509047265,183000
2026-07-14,916,VNDF384EA7B9B,509047266,66964
2026-07-14,916,VNDF384EA7B9B,509047267,70992
2026-07-14,916,VNDF384EA7B9B,509047268,97860
2026-07-14,917,VNDB2BF8720F9,41285,81000
2026-07-14,917,VNDB2BF8720F9,41286,60300
2026-07-14,918,VND61BD6BBC7E,1300293875,21855
2026-07-14,918,VND61BD6BBC7E,1300306205,21855
2026-07-14,919,VND1FC3787911,1000252869,12760
2026-07-14,920,VND192E49B381,19177577,153100
2026-07-14,921,VND42EFDCDA16,287290760133x061926,16460
2026-07-14,921,VND42EFDCDA16,28729853348306202026,212505
2026-07-14,921,VND42EFDCDA16,287298556366X062026,21903
2026-07-14,921,VND42EFDCDA16,287325748216X061926,8838
2026-07-14,921,VND42EFDCDA16,822254906X06272026,76194
2026-07-14,921,VND42EFDCDA16,823200744X0622026,4879
2026-07-14,921,VND42EFDCDA16,823200744X07022026,9737
2026-07-14,921,VND42EFDCDA16,876624010X061926,9823
2026-07-14,922,VND42EFDCDA16,287290699170X6202026,94248
2026-07-14,923,VND42EFDCDA16,287325895255,12633
2026-07-14,924,VND42EFDCDA16,287363421626X070226,4373
2026-07-14,925,VND42EFDCDA16,287304401926X070226,10023
2026-07-14,926,VND42EFDCDA16,287274890657X070226,13740
2026-07-14,927,VND42EFDCDA16,875640381X0708202,14696
2026-07-14,928,VND4D9FCBEF1A,BOOT-004,7500
2026-07-14,929,VNDB7D4F2F76E,3000705578 0626,24818
2026-07-14,929,VNDB7D4F2F76E,3002725187 06/26,4890
2026-07-14,930,VND7418636696,1431343,8868000
2026-07-14,931,VND640FA7A548,31734138,61608
2026-07-14,932,VND4D06D2B5A2,57041,11500
2026-07-14,933,VND0D496C63AF,129317,19900
2026-07-14,933,VND0D496C63AF,129340,29053
2026-07-14,934,VND37FA8BDFA8,Pay App 010 - MAY 26,6955375
2026-07-14,935,VNDD21E7DC2C1,0072548,2317
2026-07-14,936,VNDD21E7DC2C1,0072778,2317
2026-07-14,937,VNDD21E7DC2C1,0073088,2317
2026-07-14,938,VNDE78CC46A8A,1139557-1,27348
2026-07-14,939,VND41BEF7AED2,52170119385A,1484975
2026-07-14,939,VND41BEF7AED2,52170120286A,1898024
2026-07-14,939,VND41BEF7AED2,52170121254A,2102396
2026-07-14,940,VND191A545863,CW133534-TDQ,78176
2026-07-14,941,VND8937A31C6C,209187702,223863
2026-07-14,941,VND8937A31C6C,209689359,154684
2026-07-14,941,VND8937A31C6C,209792396,99384
2026-07-14,942,VNDAF0E6FF656,106113,203811
2026-07-14,942,VNDAF0E6FF656,106427,10060
2026-07-14,943,VNDAC919A9D82,6/30/2026,666374
2026-07-14,944,VND5F7CD0BCD8,0198385,8445
2026-07-14,945,VNDCC402ACD3B,11445,10000
2026-07-14,946,VND7C7152DF01,26-2174,55000
2026-07-14,946,VND7C7152DF01,26-2175,100000
2026-07-14,947,VND86AF9EF14A,214432,98328
2026-07-14,948,VND4901F4A6FE,1858,42500
2026-07-14,948,VND4901F4A6FE,1859,37500
2026-07-14,949,VNDB48C9E1553,RESO59248.3,7500000
2026-07-14,950,VND2389DF337C,Pay App 118,4015694
2026-07-14,951,VNDD8A8343028,IN000005024,220500
2026-07-14,952,VNDEE6A050C76,33GCI9138838,10475
2026-07-14,954,VNDB2E8D64E37,INV-32469,25094800
2026-07-14,955,VNDB2E8D64E37,INV-32744,957000
2026-07-14,956,VND007C4524D8,06172026,5000
2026-07-14,956,VND007C4524D8,06182026,15000
2026-07-14,957,VND777AAA6B69,1CVJ-461P-7W1H,19206
2026-07-14,957,VND777AAA6B69,1GWC-TMRH-D7YQ,1289
2026-07-14,957,VND777AAA6B69,1KHV-WWWM-JX3W,43021
2026-07-14,957,VND777AAA6B69,1MHC-NG94-7PXD,3229
2026-07-14,957,VND777AAA6B69,1RPG-YHYX-1K7H,17697
2026-07-14,958,VND777AAA6B69,1T3F-14WD-DGMJ,340892
2026-07-14,959,VNDD2BB15296C,INV10172128,79900
2026-07-14,960,VND20EF735B9E,401903,748254
2026-07-14,961,VND537ED891F7,CD0135826199486,25000000
2026-07-14,961,VND537ED891F7,H-0122921,1400000
2026-07-14,962,VNDFE7BCFF82B,38076,91501
2026-07-14,962,VNDFE7BCFF82B,38082,499962
2026-07-14,962,VNDFE7BCFF82B,38083,219990
2026-07-14,963,VNDBBA3F59362,26800-059M,64960
2026-07-14,963,VNDBBA3F59362,26800-062M,228760
2026-07-14,963,VNDBBA3F59362,26800-064M,1225
2026-07-14,963,VNDBBA3F59362,26800-065M,72520
2026-07-14,964,VND9860BE25A1,FY27-465Dues,154500
2026-07-14,965,VND82442A5FB9,980097298 62126,6290887
2026-07-14,966,VND5B5532B639,061726,10000
2026-07-14,967,VNDB9C8D5A879,INV29487,328465
2026-07-14,968,VND40B4A94C30,412-39790,35139
2026-07-14,969,VNDB0DE02BD22,553802,3120
2026-07-14,969,VNDB0DE02BD22,553803,1706
2026-07-14,969,VNDB0DE02BD22,553804,500
2026-07-14,969,VNDB0DE02BD22,553862,1712
2026-07-14,969,VNDB0DE02BD22,553863,750
2026-07-14,969,VNDB0DE02BD22,553864,3120
2026-07-14,969,VNDB0DE02BD22,553868,2563
2026-07-14,969,VNDB0DE02BD22,553870,2071
2026-07-14,969,VNDB0DE02BD22,553872,2563
2026-07-14,969,VNDB0DE02BD22,553874,1712
2026-07-14,969,VNDB0DE02BD22,553877,500
2026-07-14,969,VNDB0DE02BD22,553878,500
2026-07-14,969,VNDB0DE02BD22,553881,500
2026-07-14,969,VNDB0DE02BD22,553883,1702
2026-07-14,970,VND9A3DDFFAAC,Marco Delcid 6/25/26,475000
2026-07-14,971,VNDCD62F7A760,67981,13500
2026-07-14,971,VNDCD62F7A760,68174,13500
2026-07-14,971,VNDCD62F7A760,68175,13500
2026-07-14,972,VNDD1C945C438,24264,15875000
2026-07-14,973,VND587DA1941D,5281858,41208
2026-07-14,974,VND596B9D1989,87116,40000
2026-07-14,975,VND368299863D,422-10,7342423
2026-07-14,975,VND368299863D,422-9,6309820
2026-07-14,976,VND4CB8B42720,PEC 5887,909500
2026-07-14,977,VND6E6A80DF54,INV478161,912515
2026-07-14,978,VND6AD5370148,161200449,15177
2026-07-14,978,VND6AD5370148,161200455,15074
2026-07-14,979,VNDF8A0B03E69,CO26-186,10000
2026-07-14,980,VNDFA5595F42F,105,40000
2026-07-14,981,VNDD0CDECB41A,000254,150000
2026-07-14,982,VND5F8E90BB43,INV-000135,1349900
2026-07-14,983,VND740B710C35,2372,35000
2026-07-14,984,VNDEF7C61DCD5,3ILA34952,207362
2026-07-14,985,VND54C247AD19,INV994431,159250
2026-07-14,986,VNDD471D94CAF,202605,2925000
2026-07-14,987,VND25A9E0436A,PAY APPL# 10,9594684
2026-07-14,988,VNDCB68FCCA8F,Draw 387,417600
2026-07-14,989,VNDDE81143689,LA-1369-1,260000
2026-07-14,990,VND9DF0B9A8D2,939,195000
2026-07-14,991,VNDE934F6730C,26559,110335
2026-07-14,992,VNDCEB70A75B1,Inv0175,100000
2026-07-14,993,VND1E69965EC7,2025-10,2500000
2026-07-14,994,VND4887200A1C,2388-2670,180000
2026-07-14,995,VND5D7AC045E5,6558044805,12474
2026-07-14,996,VND8450237343,071826,200000
2026-07-16,1104,VNDAD371834F3,404186,7500
2026-07-16,1104,VNDAD371834F3,404462,207800
2026-07-16,1104,VNDAD371834F3,404617,27600
2026-07-16,1104,VNDAD371834F3,404713,34500
2026-07-16,1104,VNDAD371834F3,404727,110400
2026-07-16,1105,VND480A269EF9,PLADL-EBR26,600000
2026-07-16,1106,VND1D18AA97DE,INVP502190045,740000
2026-07-16,1107,VNDFABA4FF358,52701161027,19772
2026-07-16,1108,VNDF460B5EC7F,16052-M,798550
2026-07-16,1108,VNDF460B5EC7F,40711-R,600000
2026-07-16,1109,VND194891F3F9,01501997,432000
2026-07-16,1112,VND314B84DB92,892356-1,138445
2026-07-16,1113,VND314B84DB92,247752,10388
2026-07-16,1113,VND314B84DB92,IN229075,84000
2026-07-16,1113,VND314B84DB92,IN231107,19521
2026-07-16,1113,VND314B84DB92,IN246844,10388
2026-07-16,1113,VND314B84DB92,IN246845,10388
2026-07-16,1113,VND314B84DB92,IN246846,10320
2026-07-16,1113,VND314B84DB92,IN247254,9780
2026-07-16,1113,VND314B84DB92,IN247751,10454
2026-07-16,1113,VND314B84DB92,IN247971,9512
2026-07-16,1113,VND314B84DB92,IN253148,19926
2026-07-16,1113,VND314B84DB92,IN253637,325900
2026-07-16,1113,VND314B84DB92,IN256099,10792
2026-07-16,1113,VND314B84DB92,IN256100,9916
2026-07-16,1113,VND314B84DB92,IN256885,9780
2026-07-16,1113,VND314B84DB92,IN257434,10858
2026-07-16,1113,VND314B84DB92,IN257435,10858
2026-07-16,1113,VND314B84DB92,IN257544,1117
2026-07-16,1113,VND314B84DB92,IN257974,10858
2026-07-16,1113,VND314B84DB92,IN258457,150000
2026-07-16,1113,VND314B84DB92,IN258753,125000
2026-07-16,1113,VND314B84DB92,IN258850,1252
2026-07-16,1113,VND314B84DB92,IN259670,147000
2026-07-16,1114,VND314B84DB92,IN256459,8238
2026-07-16,1115,VND314B84DB92,IN256461,8036
2026-07-16,1116,VND314B84DB92,IN256468,5670
2026-07-16,1117,VND314B84DB92,IN256470,8036
2026-07-16,1118,VND314B84DB92,IN256473,8306
2026-07-16,1119,VND314B84DB92,IN256458,8778
2026-07-16,1120,VND314B84DB92,IN256478,8306
2026-07-16,1121,VND314B84DB92,IN256460,8102
2026-07-16,1122,VND314B84DB92,IN256463,8440
2026-07-16,1123,VND314B84DB92,IN256476,8170
2026-07-16,1124,VND314B84DB92,IN256466,8238
2026-07-16,1125,VND314B84DB92,IN256475,7968
2026-07-16,1126,VND314B84DB92,IN256471,8036
2026-07-16,1127,VND314B84DB92,IN256477,8036
2026-07-16,1128,VND314B84DB92,IN256474,8710
2026-07-16,1129,VND314B84DB92,IN256469,8710
2026-07-16,1130,VND314B84DB92,IN256472,8102
2026-07-16,1131,VND314B84DB92,IN256462,8036
2026-07-16,1132,VND314B84DB92,IN256465,7968
2026-07-16,1133,VND314B84DB92,IN256467,8036
2026-07-16,1134,VND314B84DB92,IN256464,7968
2026-07-16,1136,VND0E9273449A,4271695405,1543
2026-07-16,1136,VND0E9273449A,4271695435,1544
2026-07-16,1136,VND0E9273449A,4272384729,1543
2026-07-16,1136,VND0E9273449A,4272384834,1544
2026-07-16,1136,VND0E9273449A,4272750801,379
2026-07-16,1136,VND0E9273449A,4272750882,7550
2026-07-16,1136,VND0E9273449A,4273933901,1544
2026-07-16,1136,VND0E9273449A,4273933974,1543
2026-07-16,1136,VND0E9273449A,4274303416,379
2026-07-16,1136,VND0E9273449A,4274303455,7550
2026-07-16,1136,VND0E9273449A,4274582563,1805
2026-07-16,1136,VND0E9273449A,9379322838,26100
2026-07-16,1137,VND0E9273449A,4274597376,15861
2026-07-16,1138,VND38FB0B177C,IVC0010139,880600
2026-07-16,1139,VND38FB0B177C,IVC0010129,62721611
2026-07-16,1141,VND56BE5B0BCA,12918-1,59094
2026-07-16,1141,VND56BE5B0BCA,13298-1,5999
2026-07-16,1141,VND56BE5B0BCA,15799-1,19819
2026-07-16,1141,VND56BE5B0BCA,15801-1,17398
2026-07-16,1141,VND56BE5B0BCA,16460-1,499600
2026-07-16,1141,VND56BE5B0BCA,17200-1,55286
2026-07-16,1141,VND56BE5B0BCA,17512-1,17398
2026-07-16,1141,VND56BE5B0BCA,17667-1,31557
2026-07-16,1142,VND314D47574B,10021318171,3410
2026-07-16,1142,VND314D47574B,10021323320,9519
2026-07-16,1142,VND314D47574B,10021328190,24187
2026-07-16,1142,VND314D47574B,110008997100,30244
2026-07-16,1142,VND314D47574B,110009000109,531
2026-07-16,1142,VND314D47574B,110009000110,531
2026-07-16,1142,VND314D47574B,115008739164,531
2026-07-16,1142,VND314D47574B,120007575528,16621
2026-07-16,1142,VND314D47574B,125008667186,3777
2026-07-16,1142,VND314D47574B,125008669089,8971
2026-07-16,1142,VND314D47574B,125008669542,8681
2026-07-16,1142,VND314D47574B,125008681875,881583
2026-07-16,1142,VND314D47574B,135008604513,6607
2026-07-16,1142,VND314D47574B,135008604514,5461
2026-07-16,1142,VND314D47574B,135008614701,65678
2026-07-16,1142,VND314D47574B,135008615111,9118
2026-07-16,1142,VND314D47574B,140007516644,9844
2026-07-16,1142,VND314D47574B,145008604486,56400
2026-07-16,1142,VND314D47574B,150007506854,158372
2026-07-16,1142,VND314D47574B,155008530663,4735
2026-07-16,1142,VND314D47574B,155008536185,3456
2026-07-16,1142,VND314D47574B,155008536250,418618
2026-07-16,1142,VND314D47574B,160007482413,531
2026-07-16,1142,VND314D47574B,160007484111,119796
2026-07-16,1142,VND314D47574B,160007484113,24646
2026-07-16,1142,VND314D47574B,165008537593,5184
2026-07-16,1142,VND314D47574B,165008537594,8463
2026-07-16,1142,VND314D47574B,165008537595,7267
2026-07-16,1142,VND314D47574B,170007470270,24690
2026-07-16,1142,VND314D47574B,185008634909,3410
2026-07-16,1142,VND314D47574B,185008634910,3410
2026-07-16,1142,VND314D47574B,185008634911,3410
2026-07-16,1142,VND314D47574B,190007683241,4950
2026-07-16,1142,VND314D47574B,195008572088,7674
2026-07-16,1142,VND314D47574B,195008572089,6025
2026-07-16,1142,VND314D47574B,195008572090,6634
2026-07-16,1142,VND314D47574B,195008572091,10051
2026-07-16,1142,VND314D47574B,195008576750,3338
2026-07-16,1142,VND314D47574B,200006749471,15222
2026-07-16,1142,VND314D47574B,200006753611,36843
2026-07-16,1142,VND314D47574B,20010916077,1422
2026-07-16,1142,VND314D47574B,2026507981,6464093
2026-07-16,1142,VND314D47574B,215007986451,1349956
2026-07-16,1142,VND314D47574B,220006911005,3574
2026-07-16,1142,VND314D47574B,225007912302,531
2026-07-16,1142,VND314D47574B,240006932319,27711
2026-07-16,1142,VND314D47574B,240006932320,35972
2026-07-16,1142,VND314D47574B,240006932321,83193
2026-07-16,1142,VND314D47574B,245007680516,45562
2026-07-16,1142,VND314D47574B,250006953213,95145
2026-07-16,1142,VND314D47574B,250006953214,7570
2026-07-16,1142,VND314D47574B,250006953215,10350
2026-07-16,1142,VND314D47574B,250006953216,92175
2026-07-16,1142,VND314D47574B,25009574623,51648
2026-07-16,1142,VND314D47574B,260006948741,380274
2026-07-16,1142,VND314D47574B,275007411988,13186
2026-07-16,1142,VND314D47574B,280006958591,5894
2026-07-16,1142,VND314D47574B,280006958617,26738
2026-07-16,1142,VND314D47574B,280006972497,3590
2026-07-16,1142,VND314D47574B,285007292319,451
2026-07-16,1142,VND314D47574B,290006936548,6744
2026-07-16,1142,VND314D47574B,290006939114,15550
2026-07-16,1142,VND314D47574B,300005157407,3410
2026-07-16,1142,VND314D47574B,300005157408,531
2026-07-16,1142,VND314D47574B,300005157409,531
2026-07-16,1142,VND314D47574B,300005159654,9461
2026-07-16,1142,VND314D47574B,300005159655,152171
2026-07-16,1142,VND314D47574B,300005159754,19063778
2026-07-16,1142,VND314D47574B,300005159913,8494
2026-07-16,1142,VND314D47574B,300005163205,4479
2026-07-16,1142,VND314D47574B,30010631737,3397
2026-07-16,1142,VND314D47574B,30010634744,36092
2026-07-16,1142,VND314D47574B,30010634745,17229
2026-07-16,1142,VND314D47574B,320005102449,84466
2026-07-16,1142,VND314D47574B,320005103917,142323
2026-07-16,1142,VND314D47574B,330005030164,50179
2026-07-16,1142,VND314D47574B,350004700129,25841
2026-07-16,1142,VND314D47574B,35009436978,10408
2026-07-16,1142,VND314D47574B,35009442646,12015
2026-07-16,1142,VND314D47574B,360004572700,119082
2026-07-16,1142,VND314D47574B,390004453386,31936
2026-07-16,1142,VND314D47574B,390004453387,27355
2026-07-16,1142,VND314D47574B,390004456099,10055
2026-07-16,1142,VND314D47574B,395005403594,442
2026-07-16,1142,VND314D47574B,40010377283,1213
2026-07-16,1142,VND314D47574B,405005092586,3250895
2026-07-16,1142,VND314D47574B,415005049417,16742
2026-07-16,1142,VND314D47574B,425004996401,55153
2026-07-16,1142,VND314D47574B,425004996406,101656
2026-07-16,1142,VND314D47574B,435004936173,98594
2026-07-16,1142,VND314D47574B,440003712888,63521
2026-07-16,1142,VND314D47574B,440003713863,19432
2026-07-16,1142,VND314D47574B,445004865062,3560
2026-07-16,1142,VND314D47574B,445004866171,11578
2026-07-16,1142,VND314D47574B,45009345855,10459
2026-07-16,1142,VND314D47574B,455004781429,164377
2026-07-16,1142,VND314D47574B,460003745925,11053
2026-07-16,1142,VND314D47574B,460003745926,437
2026-07-16,1142,VND314D47574B,460003745948,45203
2026-07-16,1142,VND314D47574B,475004716080,92648
2026-07-16,1142,VND314D47574B,480003750665,230246
2026-07-16,1142,VND314D47574B,480003750674,55124
2026-07-16,1142,VND314D47574B,480003752929,150014
2026-07-16,1142,VND314D47574B,490003745936,451
2026-07-16,1142,VND314D47574B,495004557463,10217
2026-07-16,1142,VND314D47574B,50010246689,5236
2026-07-16,1142,VND314D47574B,50010246690,7482
2026-07-16,1142,VND314D47574B,50010246691,8121
2026-07-16,1142,VND314D47574B,50010247133,3543
2026-07-16,1142,VND314D47574B,50010250487,11351
2026-07-16,1142,VND314D47574B,50010256787,3410
2026-07-16,1142,VND314D47574B,50010256788,3410
2026-07-16,1142,VND314D47574B,520001743614,26650
2026-07-16,1142,VND314D47574B,520001743698,12668
2026-07-16,1142,VND314D47574B,60009456089,8758
2026-07-16,1142,VND314D47574B,65009211378,9085
2026-07-16,1142,VND314D47574B,65009211528,17493
2026-07-16,1142,VND314D47574B,65009211531,18224
2026-07-16,1142,VND314D47574B,65009212183,3410
2026-07-16,1142,VND314D47574B,65009212337,533
2026-07-16,1142,VND314D47574B,70009333434,33896
2026-07-16,1142,VND314D47574B,75009168640,6187
2026-07-16,1142,VND314D47574B,75009183552,88512
2026-07-16,1142,VND314D47574B,75009183553,102967
2026-07-16,1142,VND314D47574B,80009229163,3410
2026-07-16,1142,VND314D47574B,80009232272,6546
2026-07-16,1142,VND314D47574B,85008999053,3782
2026-07-16,1142,VND314D47574B,85008999591,10920
2026-07-16,1142,VND314D47574B,90009220177,3338
2026-07-16,1142,VND314D47574B,90009223967,91685
2026-07-16,1142,VND314D47574B,90009224095,166187
2026-07-16,1142,VND314D47574B,90009225366,21742
2026-07-16,1142,VND314D47574B,90009227749,3410
2026-07-16,1142,VND314D47574B,95008887831,75637
2026-07-16,1142,VND314D47574B,95008888071,10648
2026-07-16,1142,VND314D47574B,95008888866,5880
2026-07-16,1142,VND314D47574B,95008890059,17846
2026-07-16,1142,VND314D47574B,95008891088,3410
2026-07-16,1142,VND314D47574B,95008891089,3410
2026-07-16,1143,VND8D8DD46FFF,91843589,135000
2026-07-16,1144,VND4331F46BAE,NO.     2,325000
2026-07-16,1145,VNDB3CC361241,110536,16582
2026-07-16,1146,VND65DE8A4375,S18817,74000
2026-07-16,1146,VND65DE8A4375,S18869,310800
2026-07-16,1146,VND65DE8A4375,S18879,59200
2026-07-16,1146,VND65DE8A4375,S18880,44400
2026-07-16,1147,VNDB24DE3A5F3,58852456,434400
2026-07-16,1147,VNDB24DE3A5F3,58855716,336150
2026-07-16,1150,VNDC85484D068,0456-1254847,355890
2026-07-16,1150,VNDC85484D068,0456-1255905,354036
2026-07-16,1151,VND88879B21FB,0031965,401800
2026-07-16,1152,VND0F82AF1081,6066152528,6912
2026-07-16,1152,VND0F82AF1081,6066236021,5696
2026-07-16,1153,VNDC0A61C7EAA,CEC0601-01,10000
2026-07-16,1154,VND0D186B42D7,192547,27500
2026-07-16,1155,VND94A89D9280,25217427,3525
2026-07-16,1155,VND94A89D9280,25217428,3525
2026-07-16,1155,VND94A89D9280,25231847,13300
2026-07-16,1155,VND94A89D9280,25231848,13300
2026-07-16,1155,VND94A89D9280,25231849,13300
2026-07-16,1155,VND94A89D9280,25231850,13300
2026-07-16,1155,VND94A89D9280,25231851,13300
2026-07-16,1155,VND94A89D9280,25231852,13300
2026-07-16,1155,VND94A89D9280,25231853,13300
2026-07-16,1155,VND94A89D9280,25236537,13300
2026-07-16,1156,VND9D700E5BC9,788,230000
2026-07-16,1157,VNDEE92605660,0040232707,2250
2026-07-16,1158,VND16102A69A6,71070,15000
2026-07-16,1159,VNDAD36288E2C,1285297,4245
2026-07-16,1161,VND8AA7C5834A,9957266209,49056
2026-07-16,1161,VND8AA7C5834A,9965156038,36805
2026-07-16,1162,VND5696B5D7DE,97141850,151059
2026-07-16,1162,VND5696B5D7DE,97141853,70416
2026-07-16,1162,VND5696B5D7DE,97141860,15878
2026-07-16,1162,VND5696B5D7DE,97141861,6414
2026-07-16,1162,VND5696B5D7DE,97141864,289940
2026-07-16,1162,VND5696B5D7DE,97197633,1300761
2026-07-16,1163,VNDB13CA932DA,2120476111,66949
2026-07-16,1163,VNDB13CA932DA,4101218116,66949
2026-07-16,1163,VNDB13CA932DA,6589784115,66949
2026-07-16,1165,VND97255B31D4,23723107860626,1091
2026-07-16,1166,VNDF4E569FC53,1363802,2300
2026-07-16,1166,VNDF4E569FC53,1382901,2300
2026-07-16,1166,VNDF4E569FC53,1401251,2300
2026-07-16,1167,VND23360FB697,01005826-001 07/26,1477
2026-07-16,1167,VND23360FB697,04038773-005 0726,12445
2026-07-16,1167,VND23360FB697,08050759-002 07/26,2672
2026-07-16,1167,VND23360FB697,30167716-002 06/26,1477
2026-07-16,1168,VNDFEB45412C5,00000303-001 06/26,21281
2026-07-16,1168,VNDFEB45412C5,12241950-001 06/26,1366
2026-07-16,1168,VNDFEB45412C5,21470400-00 06/26,51689
2026-07-16,1168,VNDFEB45412C5,21473650-000 06/26,2204
2026-07-16,1169,VNDD2B7DF5F92,3RD QUARTERLY ALLOT-,5970750
2026-07-16,1170,VND09E9FBF696,1356494,23500
2026-07-16,1170,VND09E9FBF696,4287,660
2026-07-16,1171,VND09E9FBF696,4288,54000
2026-07-16,1172,VND09E9FBF696,1427606,13500
2026-07-16,1173,VND09E9FBF696,1427606-2,13500
2026-07-16,1174,VND5D517E082C,202649780,913600
2026-07-16,1175,VNDB41C7DE31B,015711067850801 0626,12498
2026-07-16,1175,VNDB41C7DE31B,015711067851101 0626,11999
2026-07-16,1175,VNDB41C7DE31B,015711067851201 0626,11999
2026-07-16,1175,VNDB41C7DE31B,015711067853801 0626,11999
2026-07-16,1175,VNDB41C7DE31B,015711072235801 0626,537480
2026-07-16,1175,VNDB41C7DE31B,015711075048701 0626,436495
2026-07-16,1175,VNDB41C7DE31B,015711081758301 0626,15098
2026-07-16,1175,VNDB41C7DE31B,015711083165001 0726,319608
2026-07-16,1175,VNDB41C7DE31B,015711083579501 0626,5625
2026-07-16,1175,VNDB41C7DE31B,015711084080901 0726,11133
2026-07-16,1175,VNDB41C7DE31B,015711084477401 0626,11657
2026-07-16,1175,VNDB41C7DE31B,015711087516101 0626,22186
2026-07-16,1175,VNDB41C7DE31B,015711089409701 0626,40343
2026-07-16,1175,VNDB41C7DE31B,015711093052501 0626,15408
2026-07-16,1175,VNDB41C7DE31B,015711095180301 0626,12500
2026-07-16,1175,VNDB41C7DE31B,015711095250801 0726,17635
2026-07-16,1175,VNDB41C7DE31B,015711097904301 0626,19041
2026-07-16,1176,VNDB41C7DE31B,015711075823101 0626,58790
2026-07-16,1177,VNDB41C7DE31B,015711079536903 0626,9494
2026-07-16,1178,VNDB41C7DE31B,015713082156501 0626,8995
2026-07-16,1179,VNDB41C7DE31B,015711083190001 0126,36628
2026-07-16,1180,VNDB41C7DE31B,05711083190001 0226,36628
2026-07-16,1181,VNDB41C7DE31B,05711083190001 0326,36628
2026-07-16,1182,VNDB41C7DE31B,015711083190001 0426,36628
2026-07-16,1183,VNDB41C7DE31B,015711083190001 0526,30306
2026-07-16,1184,VNDAF3A04A5A6,Pay App 012 Jan,4270483
2026-07-16,1185,VND801CDB9F4D,254978s3,193400
2026-07-16,1186,VNDB8276D8D20,06160630202651,322538
2026-07-16,1187,VND506093857D,B7243362,23348
2026-07-16,1187,VND506093857D,B7243486,10692
2026-07-16,1187,VND506093857D,B7243489,2972
2026-07-16,1187,VND506093857D,B7243574,10446
2026-07-16,1187,VND506093857D,B7243668,6867
2026-07-16,1187,VND506093857D,B7243673,12900
2026-07-16,1187,VND506093857D,B7243674,6876
2026-07-16,1187,VND506093857D,B7243675,51553
2026-07-16,1187,VND506093857D,B7243676,4772
2026-07-16,1187,VND506093857D,B7243743,68537
2026-07-16,1187,VND506093857D,B7243757,2267
2026-07-16,1187,VND506093857D,B7244049,20882
2026-07-16,1187,VND506093857D,B7244148,4092
2026-07-16,1187,VND506093857D,B7254090,2249
2026-07-16,1187,VND506093857D,B7254706,2249
2026-07-16,1187,VND506093857D,B7254707,2249
2026-07-16,1187,VND506093857D,B7254708,2249
2026-07-16,1187,VND506093857D,B7254709,2249
2026-07-16,1187,VND506093857D,B7254711,1499
2026-07-16,1187,VND506093857D,B7254726,2249
2026-07-16,1187,VND506093857D,B7254727,2249
2026-07-16,1187,VND506093857D,B7254729,2249
2026-07-16,1187,VND506093857D,B7254770,2249
2026-07-16,1188,VND9B57336C00,206820,25000
2026-07-16,1190,VND332B7967A4,INV0282962,2751000
2026-07-16,1191,VND433C3F329B,C29383,2880843
2026-07-16,1192,VND497BF23062,22959,31000
2026-07-16,1193,VND091D0AAA42,42449580,18189
2026-07-16,1193,VND091D0AAA42,42449591,10920
2026-07-16,1194,VND6C133B6E38,55P1826325,8180
2026-07-16,1194,VND6C133B6E38,55P1836280,8180
2026-07-16,1198,VND684C9F2E6A,ARIV1031282,7971975
2026-07-16,1200,VND082D237EBF,227001911-26,889704
2026-07-16,1200,VND082D237EBF,227002018-26,885264
2026-07-16,1200,VND082D237EBF,227002072-26,789996
2026-07-16,1200,VND082D237EBF,227002078-26,885554
2026-07-16,1200,VND082D237EBF,227002106-26,889301
2026-07-16,1200,VND082D237EBF,227002110-26,886475
2026-07-16,1201,VND8653E1AC1D,SI734228,19900
2026-07-16,1202,VNDF384EA7B9B,508159875,35428
2026-07-16,1202,VNDF384EA7B9B,508407383,48285
2026-07-16,1202,VNDF384EA7B9B,508407387,7080
2026-07-16,1202,VNDF384EA7B9B,508407388,20759
2026-07-16,1202,VNDF384EA7B9B,508438195,19398
2026-07-16,1202,VNDF384EA7B9B,508438196,10785
2026-07-16,1202,VNDF384EA7B9B,508438197,18210
2026-07-16,1202,VNDF384EA7B9B,508502460,9728
2026-07-16,1202,VNDF384EA7B9B,508502462,30690
2026-07-16,1202,VNDF384EA7B9B,508502463,6449
2026-07-16,1202,VNDF384EA7B9B,508502464,2910
2026-07-16,1202,VNDF384EA7B9B,508534081,7860
2026-07-16,1202,VNDF384EA7B9B,508534082-,14850
2026-07-16,1202,VNDF384EA7B9B,508534083,2535
2026-07-16,1202,VNDF384EA7B9B,508534084,5155
2026-07-16,1202,VNDF384EA7B9B,508534086,2535
2026-07-16,1202,VNDF384EA7B9B,508534087,2415
2026-07-16,1202,VNDF384EA7B9B,508570164,9900
2026-07-16,1202,VNDF384EA7B9B,508570165,19005
2026-07-16,1202,VNDF384EA7B9B,508570166,3660
2026-07-16,1202,VNDF384EA7B9B,508570167,1785
2026-07-16,1202,VNDF384EA7B9B,508601495,17385
2026-07-16,1202,VNDF384EA7B9B,508601497,18435
2026-07-16,1202,VNDF384EA7B9B,508633148,2535
2026-07-16,1203,VND873C719DC6,INV219236,9413861
2026-07-16,1204,VNDE745A90617,MAY 2026,200000
2026-07-16,1205,VND9A3FE40980,10004420050,2528600
2026-07-16,1206,VND716876EA8F,AD03F410-0002,1485000
2026-07-16,1207,VND9BFA013670,41692,130366
2026-07-16,1208,VND04B962C659,26892-01,23700
2026-07-16,1209,VNDC701A4067E,175207,3481300
2026-07-16,1210,VND42EFDCDA16,287287304752x060226,55977
2026-07-16,1213,VND0D496C63AF,129369,24475
2026-07-16,1214,VND873C0BA893,184,82500
2026-07-16,1215,VND4CE1DF675C,3RD QUARTERLY,261000
2026-07-16,1216,VND3CD67BC8E6,5142139-5,50000
2026-07-16,1216,VND3CD67BC8E6,5142433-6,50000
2026-07-16,1216,VND3CD67BC8E6,51424876,50000
2026-07-16,1217,VND3CD67BC8E6,5142130-6,50000
2026-07-16,1221,VND74806275E2,17677,25000
2026-07-16,1222,VNDAF0E6FF656,101908,8812
2026-07-16,1222,VNDAF0E6FF656,103883,43998
2026-07-16,1222,VNDAF0E6FF656,103892,47131
2026-07-16,1222,VNDAF0E6FF656,103959,53996
2026-07-16,1222,VNDAF0E6FF656,103999,59118
2026-07-16,1222,VNDAF0E6FF656,104001,47131
2026-07-16,1222,VNDAF0E6FF656,104105,47131
2026-07-16,1222,VNDAF0E6FF656,104109,1800
2026-07-16,1222,VNDAF0E6FF656,104114,59118
2026-07-16,1222,VNDAF0E6FF656,104174,47131
2026-07-16,1222,VNDAF0E6FF656,104329,9812
2026-07-16,1222,VNDAF0E6FF656,104445,11120
2026-07-16,1222,VNDAF0E6FF656,104524,47131
2026-07-16,1222,VNDAF0E6FF656,104525,94262
2026-07-16,1222,VNDAF0E6FF656,104537,47131
2026-07-16,1222,VNDAF0E6FF656,104648,47131
2026-07-16,1222,VNDAF0E6FF656,104653,9812
2026-07-16,1222,VNDAF0E6FF656,104690,11120
2026-07-16,1222,VNDAF0E6FF656,104716,133159
2026-07-16,1222,VNDAF0E6FF656,104752,19860
2026-07-16,1222,VNDAF0E6FF656,104780,9812
2026-07-16,1222,VNDAF0E6FF656,104794,59118
2026-07-16,1222,VNDAF0E6FF656,104875,14312
2026-07-16,1222,VNDAF0E6FF656,104905,2875
2026-07-16,1222,VNDAF0E6FF656,104920,9812
2026-07-16,1222,VNDAF0E6FF656,105009,1800
2026-07-16,1222,VNDAF0E6FF656,105050,9141
2026-07-16,1222,VNDAF0E6FF656,105136,1800
2026-07-16,1222,VNDAF0E6FF656,105171,23999
2026-07-16,1222,VNDAF0E6FF656,105215,11612
2026-07-16,1222,VNDAF0E6FF656,105283,59118
2026-07-16,1222,VNDAF0E6FF656,105309,11120
2026-07-16,1222,VNDAF0E6FF656,105415,1800
2026-07-16,1222,VNDAF0E6FF656,105425,1800
2026-07-16,1222,VNDAF0E6FF656,105496,9265
2026-07-16,1222,VNDAF0E6FF656,105500,76440
2026-07-16,1222,VNDAF0E6FF656,105524,9265
2026-07-16,1222,VNDAF0E6FF656,105526,1800
2026-07-16,1222,VNDAF0E6FF656,105530,9265
2026-07-16,1222,VNDAF0E6FF656,105552,11120
2026-07-16,1222,VNDAF0E6FF656,105594,47131
2026-07-16,1222,VNDAF0E6FF656,105712,59118
2026-07-16,1222,VNDAF0E6FF656,105778,10855
2026-07-16,1222,VNDAF0E6FF656,105788,10855
2026-07-16,1222,VNDAF0E6FF656,105806,2700
2026-07-16,1222,VNDAF0E6FF656,105865,10855
2026-07-16,1222,VNDAF0E6FF656,105945,11120
2026-07-16,1222,VNDAF0E6FF656,105950,20854
2026-07-16,1222,VNDAF0E6FF656,105981,59118
2026-07-16,1222,VNDAF0E6FF656,106010,36176
2026-07-16,1222,VNDAF0E6FF656,106020,59118
2026-07-16,1222,VNDAF0E6FF656,106070,12655
2026-07-16,1222,VNDAF0E6FF656,106081,1800
2026-07-16,1222,VNDAF0E6FF656,106127,47131
2026-07-16,1222,VNDAF0E6FF656,106147,10855
2026-07-16,1222,VNDAF0E6FF656,106169,10855
2026-07-16,1222,VNDAF0E6FF656,106181,10855
2026-07-16,1222,VNDAF0E6FF656,106247,10855
2026-07-16,1222,VNDAF0E6FF656,106249,10855
2026-07-16,1222,VNDAF0E6FF656,106252,10855
2026-07-16,1222,VNDAF0E6FF656,106254,10855
2026-07-16,1222,VNDAF0E6FF656,106259,10855
2026-07-16,1222,VNDAF0E6FF656,106267,10855
2026-07-16,1222,VNDAF0E6FF656,106307,1800
2026-07-16,1222,VNDAF0E6FF656,106323,1800
2026-07-16,1222,VNDAF0E6FF656,106325,59118
2026-07-16,1222,VNDAF0E6FF656,106343,47998
2026-07-16,1222,VNDAF0E6FF656,106386,11120
2026-07-16,1222,VNDAF0E6FF656,106411,11120
2026-07-16,1222,VNDAF0E6FF656,106428,1800
2026-07-16,1222,VNDAF0E6FF656,106437,47131
2026-07-16,1222,VNDAF0E6FF656,106447,1800
2026-07-16,1222,VNDAF0E6FF656,106448,84483
2026-07-16,1222,VNDAF0E6FF656,106540,11065
2026-07-16,1222,VNDAF0E6FF656,106640,90107
2026-07-16,1222,VNDAF0E6FF656,106645,71433
2026-07-16,1222,VNDAF0E6FF656,106659,31200
2026-07-16,1222,VNDAF0E6FF656,106811,261272
2026-07-16,1222,VNDAF0E6FF656,106822,13263
2026-07-16,1223,VND9E190E80D7,LA062-230204,7366
2026-07-16,1230,VND38EA8D1BB8,CEDMS/ST/7.11.2026,30000
2026-07-16,1232,VND7C6D576677,SPONS-HURRICANE PREP,400000
2026-07-16,1233,VNDD348E1A86C,1000496424,188475
2026-07-16,1235,VNDBFFE7882A0,2050539,32250
2026-07-16,1236,VND01F38E133D,24BR038136 7/7/26,17000
2026-07-16,1236,VND01F38E133D,BR02363429,9563
2026-07-16,1236,VND01F38E133D,BR02365654,9562
2026-07-16,1237,VND4EAEDD6122,8132-26,16000
2026-07-16,1238,VNDC0A3B79D7A,DWI/TL/7.11.26,30000
2026-07-16,1239,VND7E7878B154,EBR-017,2493209
2026-07-16,1240,VND4CE022C8E8,88743,26900
2026-07-16,1241,VNDA3D2473AEC,4515414600 7/26,2500
2026-07-16,1242,VND777AAA6B69,11DT-V93W-MVHW,50017
2026-07-16,1242,VND777AAA6B69,13NK-KLK1-QJD3,1690
2026-07-16,1243,VND2399ADEB12,9238,1130400
2026-07-16,1244,VNDFE7BCFF82B,37825,178800
2026-07-16,1244,VNDFE7BCFF82B,37887,586590
2026-07-16,1244,VNDFE7BCFF82B,37891,625348
2026-07-16,1244,VNDFE7BCFF82B,38051,47375
2026-07-16,1244,VNDFE7BCFF82B,38075,499993
2026-07-16,1244,VNDFE7BCFF82B,38078,264000
2026-07-16,1244,VNDFE7BCFF82B,38085,499914
2026-07-16,1244,VNDFE7BCFF82B,38092,400280
2026-07-16,1244,VNDFE7BCFF82B,38094,322389
2026-07-16,1244,VNDFE7BCFF82B,38096,113500
2026-07-16,1244,VNDFE7BCFF82B,38098,181000
2026-07-16,1244,VNDFE7BCFF82B,38101,76399
2026-07-16,1244,VNDFE7BCFF82B,38108,235331
2026-07-16,1244,VNDFE7BCFF82B,38109,490225
2026-07-16,1244,VNDFE7BCFF82B,38111,114997
2026-07-16,1244,VNDFE7BCFF82B,38112,64500
2026-07-16,1244,VNDFE7BCFF82B,38113,499988
2026-07-16,1244,VNDFE7BCFF82B,38115,128500
2026-07-16,1244,VNDFE7BCFF82B,38116,128503
2026-07-16,1244,VNDFE7BCFF82B,38117,128506
2026-07-16,1244,VNDFE7BCFF82B,38118,128512
2026-07-16,1244,VNDFE7BCFF82B,38119,448515
2026-07-16,1244,VNDFE7BCFF82B,38122,118569
2026-07-16,1244,VNDFE7BCFF82B,38125,128521
2026-07-16,1244,VNDFE7BCFF82B,38126,52500
2026-07-16,1244,VNDFE7BCFF82B,38127,52510
2026-07-16,1244,VNDFE7BCFF82B,38128,128524
2026-07-16,1244,VNDFE7BCFF82B,38129,128527
2026-07-16,1244,VNDFE7BCFF82B,38130,128530
2026-07-16,1245,VND7318C7CBBA,22CR074735A,8972
2026-07-16,1245,VND7318C7CBBA,26CR161201S,8971
2026-07-16,1246,VND60D2FC1AA4,11975758,1656
2026-07-16,1248,VND3F3A686152,0124FCAP,800000
2026-07-16,1249,VND3F3A686152,0124OMB,910000
2026-07-16,1250,VNDB0DE02BD22,546807,2698
2026-07-16,1250,VNDB0DE02BD22,552941,9328
2026-07-16,1250,VNDB0DE02BD22,552945,2500
2026-07-16,1250,VNDB0DE02BD22,553026,1500
2026-07-16,1250,VNDB0DE02BD22,553028,3239
2026-07-16,1250,VNDB0DE02BD22,553249,1250
2026-07-16,1250,VNDB0DE02BD22,553250,6581
2026-07-16,1250,VNDB0DE02BD22,553278,6081
2026-07-16,1250,VNDB0DE02BD22,553298,3744
2026-07-16,1250,VNDB0DE02BD22,555306,2476
2026-07-16,1251,VND4106D61AB9,Pay App 017 May,3742649
2026-07-16,1252,VND98C055911B,31038,191036
2026-07-16,1253,VND587DA1941D,5279173,-164804
2026-07-16,1253,VND587DA1941D,5282732,-49500
2026-07-16,1253,VND587DA1941D,5282811,392887
2026-07-16,1254,VNDC22C482657,INV-97787,300000
2026-07-16,1255,VND0AB96DFD0D,NO.   2,2160000
2026-07-16,1257,VND56DBCD98D3,SCOPE I/II-EL-71126,20000
2026-07-16,1258,VND2903DC5320,EBR-145,2329361
2026-07-16,1259,VND769E936136,67890105,50000
2026-07-16,1259,VND769E936136,67890106,50000
2026-07-16,1260,VNDFCAB34CA90,14054LM2,3392500
2026-07-16,1261,VND47E395BDEE,0316 a,397440
2026-07-16,1262,VND47E395BDEE,0317,176000
2026-07-16,1263,VND2EFFD0EA99,26-802-2,4567500
2026-07-16,1264,VND6AD5370148,16100451,15973
2026-07-16,1264,VND6AD5370148,161200450,26887
2026-07-16,1264,VND6AD5370148,161200452,16908
2026-07-16,1264,VND6AD5370148,161200453,11541
2026-07-16,1264,VND6AD5370148,161200454,14153
2026-07-16,1264,VND6AD5370148,161200456,10118
2026-07-16,1264,VND6AD5370148,161200457,15494
2026-07-16,1264,VND6AD5370148,161200458,14780
2026-07-16,1265,VND7871AB23C6,482209,11670
2026-07-16,1267,VNDF1CDFE08D1,461868,480000
2026-07-16,1268,VNDA7A8E15E22,N260504715681,108000
2026-07-16,1269,VND6266E7A0DA,07/01/26-07/15/26,275000
2026-07-16,1270,VND921B696F70,3031,100000
2026-07-16,1271,VNDF36E0A9749,25139,301700
2026-07-16,1272,VNDF8A0B03E69,CO26-198,10000
2026-07-16,1274,VNDCA4CF46F40,14202,1410000
2026-07-16,1274,VNDCA4CF46F40,14292,4644000
2026-07-16,1275,VNDE0E8F276FE,3,130000
2026-07-16,1276,VNDC0C15265AC,3RD QUARTERLY ALLOT,1125000
2026-07-16,1278,VNDD471D94CAF,2026003,970000
2026-07-16,1278,VNDD471D94CAF,202601,435000
2026-07-16,1278,VNDD471D94CAF,202602,980000
2026-07-16,1278,VNDD471D94CAF,202604,1095000
2026-07-16,1279,VNDF6181E9FBC,TDICR - 2026 - 003,740000
2026-07-16,1280,VND689E664DE3,64443,312776
2026-07-16,1281,VND21EEA50901,12385,45000
2026-07-16,1281,VND21EEA50901,12386,45000
2026-07-16,1282,VNDECB6E44D05,3836,219500
2026-07-16,1283,VND7215CF0D62,35153063026,29900
2026-07-16,1284,VND13CF8000F9,06/23/26-07/07/26,300000
2026-07-16,1285,VNDBE816E2FB0,3,130000
2026-07-16,1286,VNDA9F41FCD70,3,130000
2026-07-16,1287,VNDFAC85539F8,320751-2606230,143629
2026-07-16,1288,VND91721D3854,042786873185,1287
2026-07-16,1288,VND91721D3854,323969301585,2504
2026-07-16,1288,VND91721D3854,331410210580,3544
2026-07-16,1288,VND91721D3854,349460373513,8046
2026-07-16,1288,VND91721D3854,787603947432,3423
2026-07-16,1288,VND91721D3854,955340891858,4035
2026-07-16,1289,VND9A909BA513,114,250000
2026-07-16,1290,VND0FF0E85DCB,Pay App 2,70792500
2026-07-16,1291,VND5180A84C3E,287-T0000219,132864
2026-07-16,1291,VND5180A84C3E,287-T0000228,370817
2026-07-16,1292,VNDA9A3116E05,7026-394,8500
2026-07-16,1292,VNDA9A3116E05,7026-395,5000
2026-07-16,1293,VND4887200A1C,2388-2532,180000
2026-07-16,1294,VND0114ABB233,JUNE 2026 - 2,2298000
2026-07-16,1295,VND6DEB672106,2133,14999
2026-07-16,1296,VND14E811ADAB,3,130000
2026-07-16,1297,VNDAFD95453EC,7,95000
2026-07-16,1298,VND2FE55F69EA,3,130000
2026-07-16,1299,VNDF1CFE61FB2,3,130000
2026-07-16,1300,VNDFD54453DE2,26-1001,954527
2026-07-16,1301,VNDA727627B86,3,130000
2026-07-16,1302,VNDA906180111,3,130000
2026-07-16,1303,VNDFDE081BEFC,0408,100000
2026-07-16,1303,VNDFDE081BEFC,0412,100000
2026-07-16,1304,VND0A60E73258,JMCKINES06162026,5950
2026-07-16,1305,VNDCBC7F24FB1,MBROWN01062025,9750
2026-07-16,1306,VND281A8017AD,1083,10400
2026-07-16,1307,VND281A8017AD,1032,3250
2026-07-16,1308,VNDA6D29CD0CB,REQ-24599085,8200
2026-07-16,1309,VND871506497F,TTODD061826,180360
2026-07-16,1310,VNDCC52B9391B,000141,220000
2026-07-16,1311,VNDA4ADBE0DEC,00-651486,111000
2026-07-16,1312,VNDF8BDFC38DB,SDJ13-91,84600
2026-07-16,1313,VNDBD102ABD34,1212,75000
2026-07-16,1314,VNDB6B4C0F0B4,163843,2075000
2026-07-16,1329,VNDAC63C945ED,EBRKJ070126,22000
2026-07-16,1406,VND6E8879BB31,141903W7Q73,31790
2026-07-16,1407,VND6E8879BB31,T1191573-FINAL,12250
2026-07-16,1408,VND6E8879BB31,T1191215,125500
2026-07-16,1409,VND764A6A6DEF,183341,41500
2026-07-16,1410,VND764A6A6DEF,183307,12500
2026-07-16,1411,VND764A6A6DEF,183051,13019
2026-07-16,1412,VND764A6A6DEF,182591,12500
2026-07-16,1413,VND764A6A6DEF,177137,25000
2026-07-16,1414,VND764A6A6DEF,183465,12500
2026-07-16,1415,VND08C636DE10,UZ7S-6X1N1G,5450
2026-07-16,1417,VND08C636DE10,DR2026-10463a-1,400000
2026-07-16,1418,VND08C636DE10,DARE26,69000
2026-07-16,1419,VND08C636DE10,DD26PBC-J. THOMAS,17500
2026-07-16,4718,VNDE960709B38,CR2607165414,1552
2026-07-16,4719,VNDE960709B38,CR2607165415,1488
2026-07-16,4720,VNDE960709B38,CR2607165416,1392
2026-07-16,4721,VNDE960709B38,CR2607165417,1488
2026-07-16,4722,VNDE960709B38,CR2607165418,1296
2026-07-16,4723,VNDE960709B38,CR2607165419,1424
2026-07-16,4724,VNDE960709B38,CR2607165420,1456
2026-07-16,4725,VNDE960709B38,CR2607165421,1424
2026-07-16,4726,VNDE960709B38,CR2607165422,1680
2026-07-16,4727,VNDE960709B38,CR2607165423,1552
2026-07-16,4728,VNDE960709B38,CR2607165424,1520
2026-07-16,4729,VNDE960709B38,CR2607165425,1488
2026-07-16,4730,VNDE960709B38,CR2607165426,1488
2026-07-16,4731,VNDE960709B38,CR2607165427,1744
2026-07-16,4732,VNDE960709B38,CR2607165428,1424
2026-07-16,4733,VNDE960709B38,CR2607165429,1424
2026-07-16,4734,VNDE960709B38,CR2607165430,1712
2026-07-16,4735,VNDE960709B38,CR2607165431,1616
2026-07-16,4736,VNDE960709B38,CR2607165432,1648
2026-07-16,4737,VNDE960709B38,CR2607165433,1616
2026-07-16,4738,VNDE960709B38,CR2607165434,1552
2026-07-16,4739,VNDE960709B38,CR2607165435,1552
2026-07-16,4740,VNDE960709B38,CR2607165436,1584
2026-07-16,4741,VNDE960709B38,CR2607165437,1264
2026-07-16,4742,VNDE960709B38,CR2607165438,1520
2026-07-16,4743,VNDE960709B38,CR2607165439,1360
2026-07-16,4744,VNDE960709B38,CR2607165440,1488
2026-07-16,4745,VNDE960709B38,CR2607165441,1872
2026-07-16,4746,VNDE960709B38,CR2607165442,1744
2026-07-16,4747,VNDE960709B38,CR2607165443,1744
2026-07-16,4748,VNDE960709B38,CR2607165444,1360
2026-07-16,4749,VNDE960709B38,CR2607165445,1488
2026-07-16,4750,VNDE960709B38,CR2607165446,1488
2026-07-16,4751,VNDE960709B38,CR2607165447,1520
2026-07-16,4752,VNDE960709B38,CR2607165448,1456
2026-07-16,4753,VNDE960709B38,CR2607165449,1488
2026-07-16,4754,VNDE960709B38,CR2607165450,1808
2026-07-16,4755,VNDE960709B38,CR2607165451,1552
2026-07-16,4756,VNDE960709B38,CR2607165452,1584
2026-07-16,4757,VNDE960709B38,CR2607165453,1392
2026-07-16,4758,VNDE960709B38,CR2607165454,1552
2026-07-16,4759,VNDE960709B38,CR2607165455,1424
2026-07-16,4760,VNDE960709B38,CR2607165456,1648
2026-07-16,4761,VNDE960709B38,CR2607165457,1584
2026-07-16,4762,VNDE960709B38,CR2607165458,1680
2026-07-16,4763,VNDE960709B38,CR2607165459,1616
2026-07-16,4764,VNDE960709B38,CR2607165460,1840
2026-07-16,4765,VNDE960709B38,CR2607165461,1488
2026-07-16,4766,VNDE960709B38,CR2607165462,1840
2026-07-16,4767,VNDE960709B38,CR2607165463,1584
2026-07-16,4768,VNDE960709B38,CR2607165464,1520
2026-07-16,4769,VNDE960709B38,CR2607165465,1680
2026-07-16,4770,VNDE960709B38,CR2607165466,1552
2026-07-16,4771,VNDE960709B38,CR2607165467,1552
2026-07-16,4772,VNDE960709B38,CR2607165468,1520
2026-07-16,4773,VNDE960709B38,CR2607165469,1360
2026-07-16,4774,VNDE960709B38,CR2607165470,1712
2026-07-16,4775,VNDE960709B38,CR2607165471,1520
2026-07-16,4776,VNDE960709B38,CR2607165472,2160
2026-07-16,4777,VNDE960709B38,CR2607165473,1552
2026-07-16,4778,VNDE960709B38,CR2607165474,1392
2026-07-16,4779,VNDE960709B38,CR2607165475,1392
2026-07-16,4780,VNDE960709B38,CR2607165476,1552
2026-07-16,4781,VNDE960709B38,CR2607165477,1488
2026-07-16,4782,VNDE960709B38,CR2607165478,1360
2026-07-16,4783,VNDE960709B38,CR2607165479,1584
2026-07-16,4784,VNDE960709B38,CR2607165480,1680
2026-07-16,4785,VNDE960709B38,CR2607165481,1264
2026-07-16,4786,VNDE960709B38,CR2607165482,1456
2026-07-16,4787,VNDE960709B38,CR2607165483,1712
2026-07-16,4788,VNDE960709B38,CR2607165484,1360
2026-07-16,4789,VNDE960709B38,CR2607165485,1392
2026-07-16,4790,VNDE960709B38,CR2607165486,1712
2026-07-16,4791,VNDE960709B38,CR2607165487,1648
2026-07-16,4792,VNDE960709B38,CR2607165488,1744
2026-07-16,4793,VNDE960709B38,CR2607165489,1744
2026-07-16,4794,VNDE960709B38,CR2607165490,1904
2026-07-16,4795,VNDE960709B38,CR2607165491,1392
2026-07-16,4796,VNDE960709B38,CR2607165492,1520
2026-07-16,4797,VNDE960709B38,CR2607165493,1520
2026-07-16,4798,VNDE960709B38,CR2607165494,1584
2026-07-16,4799,VNDE960709B38,CR2607165495,1296
2026-07-16,4800,VNDE960709B38,CR2607165496,1584
2026-07-16,4801,VNDE960709B38,CR2607165497,1776
2026-07-16,4802,VNDE960709B38,CR2607165498,1488
2026-07-16,4803,VNDE960709B38,CR2607165499,1680
2026-07-16,4804,VNDE960709B38,CR2607165500,1680
2026-07-16,4805,VNDE960709B38,CR2607165501,1520
2026-07-16,4806,VNDE960709B38,CR2607165502,1488
2026-07-16,4807,VNDE960709B38,CR2607165503,1456
2026-07-16,4808,VNDE960709B38,CR2607165504,1648
2026-07-16,4809,VNDE960709B38,CR2607165505,1904
2026-07-16,4810,VNDE960709B38,CR2607165506,1776
2026-07-16,4811,VNDE960709B38,CR2607165507,1616
2026-07-16,4812,VNDE960709B38,CR2607165508,1648
2026-07-16,4813,VNDE960709B38,CR2607165509,1648
2026-07-16,4814,VNDE960709B38,CR2607165510,1552
2026-07-16,4815,VNDE960709B38,CR2607165511,1776
2026-07-16,4816,VNDE960709B38,CR2607165512,1584
2026-07-16,4817,VNDE960709B38,CR2607165513,1712
2026-07-16,4818,VNDE960709B38,CR2607165514,1360
2026-07-16,4819,VNDE960709B38,CR2607165515,1584
2026-07-16,4820,VNDE960709B38,CR2607165516,1392
2026-07-16,4821,VNDE960709B38,CR2607165517,1488
2026-07-16,4822,VNDE960709B38,CR2607165518,1520
2026-07-16,4823,VNDE960709B38,CR2607165519,1680
2026-07-16,4824,VNDE960709B38,CR2607165520,1840
2026-07-16,4825,VNDE960709B38,CR2607165521,1584
2026-07-16,4826,VNDE960709B38,CR2607165522,1680
2026-07-16,4827,VNDE960709B38,CR2607165523,1456
2026-07-16,4828,VNDE960709B38,CR2607165524,1584
2026-07-16,4829,VNDE960709B38,CR2607165525,1552
2026-07-16,4830,VNDE960709B38,CR2607165526,1904
2026-07-16,4831,VNDE960709B38,CR2607165527,1488
2026-07-16,4832,VNDE960709B38,CR2607165528,1392
2026-07-16,4833,VNDE960709B38,CR2607165529,1744
2026-07-16,4834,VNDE960709B38,CR2607165530,1360
2026-07-16,4835,VNDE960709B38,CR2607165531,1328
2026-07-16,4836,VNDE960709B38,CR2607165532,1584
2026-07-16,4837,VNDE960709B38,CR2607165533,1776
2026-07-16,4838,VNDE960709B38,CR2607165534,1360
2026-07-16,4839,VNDE960709B38,CR2607165535,1552
2026-07-16,4840,VNDE960709B38,CR2607165536,1424
2026-07-16,4841,VNDE960709B38,CR2607165537,1328
2026-07-16,4842,VNDE960709B38,CR2607165538,1488
2026-07-16,4843,VNDE960709B38,CR2607165539,1456
2026-07-16,4844,VNDE960709B38,CR2607165540,1552
2026-07-16,4845,VNDE960709B38,CR2607165541,1392
2026-07-16,4846,VNDE960709B38,CR2607165542,1744
2026-07-16,4847,VNDE960709B38,CR2607165543,1424
2026-07-16,4848,VNDE960709B38,CR2607165544,1520
2026-07-16,4849,VNDE960709B38,CR2607165545,1776
2026-07-16,4850,VNDE960709B38,CR2607165546,1840
2026-07-16,4851,VNDE960709B38,CR2607165547,1360
2026-07-16,4852,VNDE960709B38,CR2607165548,1648
2026-07-16,4853,VNDE960709B38,CR2607165549,1360
2026-07-16,4854,VNDE960709B38,CR2607165550,1552
2026-07-16,4855,VNDE960709B38,CR2607165551,1584
2026-07-16,4856,VNDE960709B38,CR2607165552,1360
2026-07-16,4857,VNDE960709B38,CR2607165553,1616
2026-07-16,4858,VNDE960709B38,CR2607165554,1808
2026-07-16,4859,VNDE960709B38,CR2607165555,1872
2026-07-16,4860,VNDE960709B38,CR2607165556,1712
2026-07-16,4861,VNDE960709B38,CR2607165557,1456
2026-07-16,4862,VNDE960709B38,CR2607165558,1296
2026-07-16,4863,VNDE960709B38,CR2607165559,1712
2026-07-16,4864,VNDE960709B38,CR2607165560,1680
2026-07-16,4865,VNDE960709B38,CR2607165561,1552
2026-07-16,4866,VNDE960709B38,CR2607165562,1808
2026-07-16,4867,VNDE960709B38,CR2607165563,1488
2026-07-16,4868,VNDE960709B38,CR2607165564,1584
2026-07-16,4869,VNDE960709B38,CR2607165565,1680
2026-07-16,4870,VNDE960709B38,CR2607165566,1552
2026-07-16,4871,VNDE960709B38,CR2607165567,1584
2026-07-16,4872,VNDE960709B38,CR2607165568,1584
2026-07-16,4873,VNDE960709B38,CR2607165569,1744
2026-07-16,4874,VNDE960709B38,CR2607165570,1520
2026-07-16,4875,VNDE960709B38,CR2607165571,1744
2026-07-16,4876,VNDE960709B38,CR2607165572,1424
2026-07-16,4877,VNDE960709B38,CR2607165573,1232
2026-07-16,4878,VNDE960709B38,CR2607165574,1424
2026-07-16,4879,VNDE960709B38,CR2607165575,1456
2026-07-16,4880,VNDE960709B38,CR2607165576,1648
2026-07-16,4881,VNDE960709B38,CR2607165577,1808
2026-07-16,4882,VNDE960709B38,CR2607165578,1520
2026-07-16,4883,VNDE960709B38,CR2607165579,1648
2026-07-16,4884,VNDE960709B38,CR2607165580,1744
2026-07-16,4885,VNDE960709B38,CR2607165581,1488
2026-07-16,4886,VNDE960709B38,CR2607165582,1616
2026-07-16,4887,VNDE960709B38,CR2607165583,1616
2026-07-16,4888,VNDE960709B38,CR2607165584,1488
2026-07-16,4889,VNDE960709B38,CR2607165585,1584
2026-07-16,4890,VNDE960709B38,CR2607165586,1520
2026-07-16,4891,VNDE960709B38,CR2607165587,1616
2026-07-16,4892,VNDE960709B38,CR2607165588,1360
2026-07-16,4893,VNDE960709B38,CR2607165589,1392
2026-07-16,4894,VNDE960709B38,CR2607165590,1520
2026-07-16,4895,VNDE960709B38,CR2607165591,1456
2026-07-16,4896,VNDE960709B38,CR2607165592,1616
2026-07-16,4897,VNDE960709B38,CR2607165593,1584
2026-07-16,4898,VNDE960709B38,CR2607165594,1712
2026-07-16,4899,VNDE960709B38,CR2607165595,1520
2026-07-16,4900,VNDE960709B38,CR2607165596,1744
2026-07-16,4901,VNDE960709B38,CR2607165597,1808
2026-07-16,4902,VNDE960709B38,CR2607165598,1552
2026-07-16,4903,VNDE960709B38,CR2607165599,1264
2026-07-16,4904,VNDE960709B38,CR2607165600,1264
2026-07-16,4905,VNDE960709B38,CR2607165601,1680
2026-07-16,6966,VND6419D861E2,10941618371,12275
2026-07-16,6966,VND6419D861E2,1094617423,11786
2026-07-16,6966,VND6419D861E2,13486618202,15998
2026-07-16,6967,VNDDF1B535115,108779 06/26,3180
2026-07-16,6967,VNDDF1B535115,108780 06/26,4751
2026-07-16,6967,VNDDF1B535115,108781 06/26,227891
2026-07-16,6967,VNDDF1B535115,108784 06/26,52157
2026-07-16,6967,VNDDF1B535115,110801 06/26,10609
2026-07-16,6967,VNDDF1B535115,113942 06/26,28666
2026-07-16,6967,VNDDF1B535115,117347 06/26,13864
2026-07-16,6967,VNDDF1B535115,119026 06/23/26,110732
2026-07-16,6967,VNDDF1B535115,119123 06/26,18683
2026-07-16,6967,VNDDF1B535115,119124 06/26,21472
2026-07-16,6967,VNDDF1B535115,119132 06/26,19310
2026-07-16,6967,VNDDF1B535115,119133 06/26,33142
2026-07-16,6967,VNDDF1B535115,119135 06/26,29232
2026-07-16,6967,VNDDF1B535115,119136 06/26,14371
2026-07-16,6967,VNDDF1B535115,119139 06/26,52718
2026-07-16,6967,VNDDF1B535115,119153 06/26,6971
2026-07-16,6967,VNDDF1B535115,119155 06/26,18520
2026-07-16,6967,VNDDF1B535115,119158 06/26,3599
2026-07-16,6967,VNDDF1B535115,119167 06/26,21519
2026-07-16,6967,VNDDF1B535115,119182 06/26,19308
2026-07-16,6967,VNDDF1B535115,121994 06/26,10609
2026-07-16,6967,VNDDF1B535115,122156 06/26,1725
2026-07-16,6967,VNDDF1B535115,122859 06/26,41716
2026-07-16,6967,VNDDF1B535115,123514 06/26,19864
2026-07-16,6967,VNDDF1B535115,123931 06/26,25547
2026-07-16,6967,VNDDF1B535115,129138 06/26,6685
2026-07-16,6967,VNDDF1B535115,129139 06/26,1800
2026-07-16,6967,VNDDF1B535115,138151 06/26,3069
2026-07-16,6967,VNDDF1B535115,144066 06/26,21608
2026-07-16,6967,VNDDF1B535115,148429 06/26,500
2026-07-16,6967,VNDDF1B535115,1737065 06/26,6206
2026-07-16,6967,VNDDF1B535115,332076 06/26,9478
2026-07-16,6967,VNDDF1B535115,3455943 06/26,3551
2026-07-16,6967,VNDDF1B535115,3455953 06/26,3564
2026-07-16,6967,VNDDF1B535115,3455955 06/26,3500
2026-07-16,6967,VNDDF1B535115,3462570 06/26,3577
2026-07-16,6968,VND729BE9E42E,PPE 7/1/26-7/15/26,27122225
2026-07-16,6969,VNDB6D062A110,967.1,13125
2026-07-16,6969,VNDB6D062A110,970,9375
2026-07-16,6969,VNDB6D062A110,974,15000
2026-07-16,6969,VNDB6D062A110,975,11250
2026-07-16,6969,VNDB6D062A110,976,18750
2026-07-16,6969,VNDB6D062A110,PR PPE 07.10.26,3357422
2026-07-16,6970,VND291C15549B,261910000323,58624891
2026-07-16,6972,VND45769F3877,CIN470034200,1863729
2026-07-16,6972,VND45769F3877,CIN470035197,756500
2026-07-16,6972,VND45769F3877,CIN470035198,1884141
2026-07-16,6972,VND45769F3877,CIN470035199,1970892
2026-07-16,6972,VND45769F3877,CIN470035201,1958985
2026-07-16,6973,VND461E8AD674,55691,42366
2026-07-16,6973,VND461E8AD674,55792,32460
2026-07-16,6973,VND461E8AD674,55812,33535
2026-07-16,6973,VND461E8AD674,55843,21243
2026-07-16,6973,VND461E8AD674,55849,19214
2026-07-16,6973,VND461E8AD674,55862,44752
2026-07-16,6973,VND461E8AD674,55872,16111
2026-07-16,6973,VND461E8AD674,55887,19214
2026-07-16,6973,VND461E8AD674,55897,38428
2026-07-16,6973,VND461E8AD674,55904,29358
2026-07-16,6973,VND461E8AD674,55924,20288
2026-07-16,6974,VND199F2C0A05,09305009,3215376
2026-07-16,6974,VND199F2C0A05,09406018,4419159
2026-07-16,6975,VNDE8702FA45D,7/10/26,1125000
2026-07-16,6975,VNDE8702FA45D,Draw 1-7864,1350000
2026-07-16,6976,VND85F7D6CB6F,WP_June_26,1095000
2026-07-16,6977,VND4AA16F0AA6,75422 & Catch UpJune,4095082
2026-07-16,6977,VND4AA16F0AA6,75423 & Catch UpJune,15651481
2026-07-16,6978,VNDADEDE9CC9A,SASAP-EW-07.11.2026,30000
2026-07-16,6978,VNDADEDE9CC9A,SCEW6/1/2026,120000
2026-07-16,6978,VNDADEDE9CC9A,SCEW6/16/2026,75000
2026-07-16,6979,VND444B5F3D5E,2607097,697500
2026-07-16,6980,VND372AC4CC38,Draw 445 - Aug 25,669455
2026-07-16,6980,VND372AC4CC38,Draw 446 - Sept 25,474240
2026-07-16,6980,VND372AC4CC38,Draw 450 - Oct 25,673528
2026-07-16,6981,VNDFF5B3DDCEC,PAY APP# 7,5638000
2026-07-16,6982,VNDB4E9DE27B3,BATROU04-03,107045808
2026-07-16,6982,VNDB4E9DE27B3,BATROU04-04,107045808
2026-07-16,6982,VNDB4E9DE27B3,BATROU04-05,107045808
2026-07-16,6982,VNDB4E9DE27B3,BATROU04-06,107045808
2026-07-16,6983,VNDD463BC9E0E,26-18-064458,363594
2026-07-16,6984,VNDADF61B35CC,EBRSB071026,144000
2026-07-16,6985,VND02D4A16A81,35,300000
2026-07-16,6986,VND2B601CD19C,13,200000
2026-07-16,6987,VND162CA25F89,07/06/26-07/10/26,102090
2026-07-16,6988,VNDE8AA61AAED,EBRKG070126,203125
2026-07-16,6989,VND26C754B4EE,EBRVS070126,203125
2026-07-17,1420,VND1D7F5E06ED,W796687,18087
2026-07-17,1421,VNDAD371834F3,402524,36200
2026-07-17,1421,VNDAD371834F3,403904,125350
2026-07-17,1421,VNDAD371834F3,404003,2347100
2026-07-17,1421,VNDAD371834F3,40452,20700
2026-07-17,1421,VNDAD371834F3,404814,21600
2026-07-17,1421,VNDAD371834F3,404825,23700
2026-07-17,1422,VNDAD371834F3,404550,11100
2026-07-17,1423,VND608BF9B3D8,182544,7920
2026-07-17,1423,VND608BF9B3D8,182826,1369
2026-07-17,1423,VND608BF9B3D8,182968,3895
2026-07-17,1423,VND608BF9B3D8,183526,59450
2026-07-17,1423,VND608BF9B3D8,184067,98472
2026-07-17,1423,VND608BF9B3D8,184961,65232
2026-07-17,1423,VND608BF9B3D8,184982,103531
2026-07-17,1423,VND608BF9B3D8,185776,7075
2026-07-17,1423,VND608BF9B3D8,186181,41040
2026-07-17,1423,VND608BF9B3D8,186235,27940
2026-07-17,1423,VND608BF9B3D8,186239,90731
2026-07-17,1423,VND608BF9B3D8,186241,89440
2026-07-17,1423,VND608BF9B3D8,187681,89100
2026-07-17,1423,VND608BF9B3D8,188372,156488
2026-07-17,1423,VND608BF9B3D8,538783,274583
2026-07-17,1424,VND8974758EC3,194649,176496
2026-07-17,1425,VNDA9F4639B37,23945,19500
2026-07-17,1426,VND235993363C,37855,60000
2026-07-17,1428,VND71FECCBC3E,72212,44000
2026-07-17,1429,VND17C258526A,9267094,46500
2026-07-17,1429,VND17C258526A,9276361,77000
2026-07-17,1430,VND1D18AA97DE,INVP502203346,320163
2026-07-17,1431,VNDA610CB7675,240850,9420
2026-07-17,1431,VNDA610CB7675,240870,1194
2026-07-17,1431,VNDA610CB7675,240905,15697
2026-07-17,1432,VNDC70091CD9E,1591,156565
2026-07-17,1433,VND37530FC813,142101,152075
2026-07-17,1434,VNDFA0267DB49,15766,26000
2026-07-17,1434,VNDFA0267DB49,15771,117660
2026-07-17,1434,VNDFA0267DB49,15815,16500
2026-07-17,1435,VND47F6D63303,160493,843686
2026-07-17,1436,VNDE1C2E78ED6,06-05-26 TO 07-07-26,45178
2026-07-17,1437,VND35B1EB0D4E,SB361684,7741
2026-07-17,1438,VND194891F3F9,01501966,5250
2026-07-17,1439,VND194891F3F9,01502635,23385
2026-07-17,1443,VND0E9273449A,5343459701,5483
2026-07-17,1445,VND1A210BC621,404000093.0 6/22/202,1431
2026-07-17,1446,VND06A13AF7B0,NO. 30,1067176
2026-07-17,1447,VNDEC085E77FB,1913101031861,38800
2026-07-17,1451,VND7601B80945,960083,140224
2026-07-17,1452,VND964CFC327C,PATELDJONES07102026,220000
2026-07-17,1453,VND964CFC327C,SCRANTZJJONES0710202,250000
2026-07-17,1454,VND964CFC327C,SCRANTZDJONES7102026,250000
2026-07-17,1455,VND964CFC327C,PATELJJONES07102026,220000
2026-07-17,1457,VND291E1E6078,28272,124878
2026-07-17,1458,VND8AA7C5834A,9962360468,64134
2026-07-17,1459,VND8AA7C5834A,9973090252,31850
2026-07-17,1459,VND8AA7C5834A,9973251797,69251
2026-07-17,1460,VND6A8F32B4F0,9-373-74494,750
2026-07-17,1461,VND13E76BDE84,529-81633810,82425
2026-07-17,1462,VND23360FB697,NO. 3,19502461
2026-07-17,1463,VNDFEB45412C5,12243750-001 0626,20000
2026-07-17,1464,VNDA9B2BB2688,OA-JUNE 2026,19955120
2026-07-17,1465,VNDA9B2BB2688,CPERSDCleveland,4119472
2026-07-17,1466,VNDA9B2BB2688,STEPHEN M. LONG,225599
2026-07-17,1468,VND09E9FBF696,66381.GR.JUNE26,2011560
2026-07-17,1468,VND09E9FBF696,66381.MAY26,1953220
2026-07-17,1469,VND09E9FBF696,LEVELIISHELTER,7900
2026-07-17,1470,VNDB41C7DE31B,015711079682901 0726,167812
2026-07-17,1470,VNDB41C7DE31B,015711082774601 0726,15500
2026-07-17,1470,VNDB41C7DE31B,015711083099801 0726,54462
2026-07-17,1470,VNDB41C7DE31B,015711083580301 0626,7283
2026-07-17,1470,VNDB41C7DE31B,015711094565601 0626,19006
2026-07-17,1470,VNDB41C7DE31B,015711100079001 0726,16104
2026-07-17,1470,VNDB41C7DE31B,015713090559301 0726,14304
2026-07-17,1471,VNDB41C7DE31B,015711083190001 0626,33242
2026-07-17,1472,VNDB41C7DE31B,015711083190001 0726,33242
2026-07-17,1473,VNDB41C7DE31B,015711083532601 0626,101200
2026-07-17,1474,VNDB41C7DE31B,015711093836701 7/26,63000
2026-07-17,1475,VNDB08E066BB4,1800259343,633111
2026-07-17,1476,VNDB08E066BB4,16885,2500
2026-07-17,1477,VNDB08E066BB4,PTAADMIN-BRCC-FF11DA,21250
2026-07-17,1478,VNDEC02A2D016,703-3023-02-JUNE 26,2682269
2026-07-17,1479,VND0448DA64D8,1539605,5450
2026-07-17,1479,VND0448DA64D8,2912,18000
2026-07-17,1479,VND0448DA64D8,3033,5000
2026-07-17,1480,VNDCB04A1851E,2606005772,3417
2026-07-17,1481,VND9B57336C00,206821,527400
2026-07-17,1482,VND4F67A130AA,0625-256653,11979
2026-07-17,1482,VND4F67A130AA,0625-258023,6960
2026-07-17,1484,VND332B7967A4,INV0283169,37400
2026-07-17,1485,VND642AC3152E,71910,3640
2026-07-17,1486,VND6AAAC1CF80,PARCEL 4-2  4-2-C-1,741800
2026-07-17,1487,VNDA3D6DA1092,JULY 1ST HALF 2026,866665
2026-07-17,1488,VND89370A1512,4176092,35308
2026-07-17,1488,VND89370A1512,4176600,11460
2026-07-17,1489,VND0B5695E700,06F8750063792,3896
2026-07-17,1490,VND091D0AAA42,42207223,13419
2026-07-17,1490,VND091D0AAA42,42449558,73917
2026-07-17,1490,VND091D0AAA42,42449559,138937
2026-07-17,1490,VND091D0AAA42,42449586,13419
2026-07-17,1490,VND091D0AAA42,42449604,12995
2026-07-17,1490,VND091D0AAA42,42449611,21751
2026-07-17,1490,VND091D0AAA42,42449616,14803
2026-07-17,1491,VND44D252EA0A,69255,887900
2026-07-17,1491,VND44D252EA0A,69256,2053600
2026-07-17,1492,VNDC9ED79C996,226061,1971806
2026-07-17,1494,VNDDCF202A0EE,26084-KS,4920000
2026-07-17,1495,VNDDB8E0D5288,185485,205016
2026-07-17,1495,VNDDB8E0D5288,215853F,23584
2026-07-17,1495,VNDDB8E0D5288,215854F,23584
2026-07-17,1496,VND0D07791E90,INV01084412,50952
2026-07-17,1499,VND684C9F2E6A,ARIV1029755,840800
2026-07-17,1499,VND684C9F2E6A,ARIV1031070,726116
2026-07-17,1500,VNDDC32CEF05A,CP504b 0629206,28233
2026-07-17,1502,VND6347D5D052,98511,127500
2026-07-17,1503,VND51F22A8064,B21017114,69500
2026-07-17,1504,VND732FC446A2,883085575,7945
2026-07-17,1505,VND1CDC5A7959,010101394004601 0726,16150
2026-07-17,1505,VND1CDC5A7959,010101600053701 0726,4240
2026-07-17,1505,VND1CDC5A7959,010101600097301 0726,3340
2026-07-17,1505,VND1CDC5A7959,010101600107201 0726,3340
2026-07-17,1505,VND1CDC5A7959,010101600109901 0726,3340
2026-07-17,1505,VND1CDC5A7959,010101600116601 0726,3340
2026-07-17,1505,VND1CDC5A7959,010101600117601 0726,2500
2026-07-17,1505,VND1CDC5A7959,010101600119901 0726,3340
2026-07-17,1505,VND1CDC5A7959,010101600151901 0626,8480
2026-07-17,1505,VND1CDC5A7959,010101600152101 0626,5000
2026-07-17,1505,VND1CDC5A7959,010101621007301 0626,32517
2026-07-17,1505,VND1CDC5A7959,010101621007501 0626,12464
2026-07-17,1505,VND1CDC5A7959,010101625000801 0726,70056
2026-07-17,1505,VND1CDC5A7959,010116004003201 0626,13431
2026-07-17,1505,VND1CDC5A7959,010116004003301 0626,6286
2026-07-17,1505,VND1CDC5A7959,010116007001202 0626,3309
2026-07-17,1505,VND1CDC5A7959,010116007001302 0626,3163
2026-07-17,1505,VND1CDC5A7959,010116007001601 0626,3017
2026-07-17,1505,VND1CDC5A7959,010116007001701 0626,3163
2026-07-17,1505,VND1CDC5A7959,010116007001901 626,34652
2026-07-17,1505,VND1CDC5A7959,010116007002102 0626,3224
2026-07-17,1505,VND1CDC5A7959,010116008002402 0626,3370
2026-07-17,1505,VND1CDC5A7959,010116009001201 0626,68738
2026-07-17,1505,VND1CDC5A7959,010116009001501 0626,1234
2026-07-17,1505,VND1CDC5A7959,010116009001702 0626,640090
2026-07-17,1505,VND1CDC5A7959,010116009002301 0626,10906
2026-07-17,1505,VND1CDC5A7959,010116009002601 0626,8919
2026-07-17,1505,VND1CDC5A7959,010116010002302 0626,3370
2026-07-17,1505,VND1CDC5A7959,010116012001804 0626,3370
2026-07-17,1505,VND1CDC5A7959,010116012001902 0626,3370
2026-07-17,1505,VND1CDC5A7959,010116012902607 0626,5119
2026-07-17,1505,VND1CDC5A7959,010116012902705 0626,4355
2026-07-17,1505,VND1CDC5A7959,010116041004302 0626,26767
2026-07-17,1505,VND1CDC5A7959,010116058041902 626,113439
2026-07-17,1505,VND1CDC5A7959,010116058042002 626,157240
2026-07-17,1505,VND1CDC5A7959,010116058048401 0626,3163
2026-07-17,1505,VND1CDC5A7959,010116058048601 0626,27907
2026-07-17,1505,VND1CDC5A7959,010116076006301 0626,3509
2026-07-17,1505,VND1CDC5A7959,010116076013702 0626,3163
2026-07-17,1505,VND1CDC5A7959,010117018002703 0626,3370
2026-07-17,1505,VND1CDC5A7959,010118016001901 0626,289522
2026-07-17,1505,VND1CDC5A7959,010118021002303 0626,21242
2026-07-17,1505,VND1CDC5A7959,010118068007501 0626,12987
2026-07-17,1505,VND1CDC5A7959,010118068008101 0626,208
2026-07-17,1506,VNDAD60726C90,7487,47864
2026-07-17,1507,VNDF384EA7B9B,508407382,10660
2026-07-17,1507,VNDF384EA7B9B,508407385,3959
2026-07-17,1507,VNDF384EA7B9B,508407386,3060
2026-07-17,1507,VNDF384EA7B9B,508407389,2910
2026-07-17,1507,VNDF384EA7B9B,508438199,6200
2026-07-17,1507,VNDF384EA7B9B,508438270,48170
2026-07-17,1507,VNDF384EA7B9B,508570162,3592
2026-07-17,1508,VND47C585AAB3,FLD2250939,79400
2026-07-17,1509,VND47C585AAB3,FLD2250780,343700
2026-07-17,1510,VND47C585AAB3,FLD2374414,212700
2026-07-17,1511,VND47C585AAB3,FLD2417780,232500
2026-07-17,1512,VND47C585AAB3,FLD2404061,321300
2026-07-17,1513,VND47C585AAB3,FLD2404056,108600
2026-07-17,1514,VND47C585AAB3,FLD2404059,101000
2026-07-17,1515,VND47C585AAB3,FLD2404045,700600
2026-07-17,1516,VND47C585AAB3,FLD2404051,387100
2026-07-17,1517,VND47C585AAB3,FLD2404070,245300
2026-07-17,1518,VND47C585AAB3,FLD2374373,230700
2026-07-17,1519,VND47C585AAB3,FLD2374236,236300
2026-07-17,1520,VND47C585AAB3,FLD2250878,292500
2026-07-17,1521,VND47C585AAB3,FLD2374249,154500
2026-07-17,1522,VND47C585AAB3,FLD2374198,163200
2026-07-17,1523,VND47C585AAB3,FLD2250428,106500
2026-07-17,1524,VND192E49B381,18180561,677800
2026-07-17,1524,VND192E49B381,19180566,355214
2026-07-17,1524,VND192E49B381,19180724,50200
2026-07-17,1525,VND35AC20E27D,CBR060126,57000
2026-07-17,1526,VNDB7D4F2F76E,3000705354 0726,14819
2026-07-17,1529,VND7418636696,1429320,5000
2026-07-17,1529,VND7418636696,1429912,886800
2026-07-17,1530,VNDEA1FAAA049,42646,80100
2026-07-17,1531,VNDF6F6D7C9DA,61765,9300
2026-07-17,1532,VNDE78CC46A8A,1139648-1,210000
2026-07-17,1532,VNDE78CC46A8A,1139649-1,54696
2026-07-17,1534,VND2107EBF7A3,476601,68911
2026-07-17,1535,VND970F2DF807,070226 79795,589000
2026-07-17,1537,VND810814517B,7320,19180
2026-07-17,1537,VND810814517B,7478,40000
2026-07-17,1537,VND810814517B,7482,26025
2026-07-17,1539,VNDE903EFC1D1,00024,162500
2026-07-17,1540,VND8A09150EAA,005116923,695640
2026-07-17,1542,VND74BB9BAD1A,117576046,4500
2026-07-17,1543,VND60AA5B8F17,58276,38294
2026-07-17,1546,VND9355CB5416,23-20262000,3961699
2026-07-17,1547,VNDA19A313B5F,110006995774,23020
2026-07-17,1547,VNDA19A313B5F,2025 - 05,529500
2026-07-17,1547,VNDA19A313B5F,2026-06,70000
2026-07-17,1547,VNDA19A313B5F,210006865947,112594
2026-07-17,1549,VND5F7CD0BCD8,0197058,116539
2026-07-17,1549,VND5F7CD0BCD8,0198381,304349
2026-07-17,1550,VND8F2E9428E4,999102890332,1103931
2026-07-17,1550,VND8F2E9428E4,999102890334,16209
2026-07-17,1550,VND8F2E9428E4,999102892187,120000
2026-07-17,1551,VND7E16EC6521,2026-2173,7500
2026-07-17,1552,VNDA82AE1E5BA,26-7179,130924
2026-07-17,1553,VND2D472FD508,0561274468,10000
2026-07-17,1553,VND2D472FD508,0562759578,10000
2026-07-17,1553,VND2D472FD508,0564558749,10000
2026-07-17,1553,VND2D472FD508,0565200914,10000
2026-07-17,1554,VNDDAC78BDDD9,194490,7491
2026-07-17,1555,VND1A23CB348F,B76164,4150
2026-07-17,1556,VND37A077D923,26CE-097,1666695
2026-07-17,1556,VND37A077D923,26CE-100,427821
2026-07-17,1557,VNDD8A8343028,IN000005038,203400
2026-07-17,1558,VND2E80F86067,4773221-202606-1,10000
2026-07-17,1559,VND9EBDF1C255,071526,500000
2026-07-17,1560,VNDA4E0964AF6,609437,31250
2026-07-17,1560,VNDA4E0964AF6,610027,44475
2026-07-17,1560,VNDA4E0964AF6,610088,128400
2026-07-17,1560,VNDA4E0964AF6,610145,27600
2026-07-17,1560,VNDA4E0964AF6,K09540,14250
2026-07-17,1562,VND50BAFAF434,034776876X260703,23748
2026-07-17,1564,VND777AAA6B69,1F1D-R7NR-LVQ9,2889
2026-07-17,1564,VND777AAA6B69,1HFX-9TDH-QLF6,2564
2026-07-17,1564,VND777AAA6B69,1KYH-1J6C-VL1X,2468
2026-07-17,1564,VND777AAA6B69,1X4D-CPLQ-R96N,11085
2026-07-17,1565,VND826B4CA36B,071526NH,245833
2026-07-17,1566,VND22F1CA4271,3512158312,520044
2026-07-17,1567,VND834CFEAF14,13557642,19269
2026-07-17,1568,VNDB0DE02BD22,2147284108-JUNE 2026,63480
2026-07-17,1568,VNDB0DE02BD22,552396,1500
2026-07-17,1568,VNDB0DE02BD22,552397,3950
2026-07-17,1568,VNDB0DE02BD22,552579,4748
2026-07-17,1568,VNDB0DE02BD22,554197,18900
2026-07-17,1568,VNDB0DE02BD22,554200,2500
2026-07-17,1568,VNDB0DE02BD22,555024,4668
2026-07-17,1569,VNDD6728F5D71,SI1055268,4265196
2026-07-17,1570,VNDBB8100E20B,NO. 10,3938832
2026-07-17,1571,VNDE1AD1F7036,INV4274467,538800
2026-07-17,1572,VNDE2590AFFCF,524726,29810
2026-07-17,1573,VND9A2405D0A3,200734685,140985
2026-07-17,1575,VNDCC30E02EED,07-2026,50000
2026-07-17,1576,VNDC1CAA9305F,25T006A04,5681779
2026-07-17,1577,VND994EEDB4F5,NO. 005,1071970
2026-07-17,1578,VNDF8894F958E,1617,120000
2026-07-17,1579,VNDA8E52236CA,S-20751,30000
2026-07-17,1580,VND7871AB23C6,477744,380800
2026-07-17,1580,VND7871AB23C6,477752,460000
2026-07-17,1581,VND39ADE6A8A7,594715-00,15422486
2026-07-17,1581,VND39ADE6A8A7,594717-00,15580184
2026-07-17,1582,VND0FF7E70DAB,P0654107,143578
2026-07-17,1583,VNDE8120B2984,6-26EBREMS,8575403
2026-07-17,1585,VNDB3282381FA,3126,60000
2026-07-17,1586,VND21EEA50901,12387,45000
2026-07-17,1586,VND21EEA50901,12388,45000
2026-07-17,1586,VND21EEA50901,12391,45000
2026-07-17,1586,VND21EEA50901,12392,45000
2026-07-17,1587,VND4912066CDE,110343,2317075
2026-07-17,1588,VND9B9E2DD02C,1001743-1025,1000
2026-07-17,1589,VNDD1F56FE12A,7961-3,1493500
2026-07-17,1589,VNDD1F56FE12A,7961-4,1097000
2026-07-17,1590,VND69A2920FB6,2016,500000
2026-07-17,1591,VND3ED6973221,EREYES07142026,1000
2026-07-17,1592,VND3ED6973221,MBROWN62626,100000
2026-07-17,1593,VND27C1D4F506,JIR3Z-000017,25450
2026-07-17,1594,VNDAABC37C256,260603,200000
2026-07-17,1595,VND3FA2576663,2026.18,63450
2026-07-17,1608,VND6E8879BB31,PEBR4A2605BC91X-0001,378452
2026-07-17,4906,VNDE960709B38,CR2607175602,1712
2026-07-17,4907,VNDE960709B38,CR2607175603,1520
2026-07-17,4908,VNDE960709B38,CR2607175604,1584
2026-07-17,4909,VNDE960709B38,CR2607175605,1776
2026-07-17,4910,VNDE960709B38,CR2607175606,1744
2026-07-17,4911,VNDE960709B38,CR2607175607,1616
2026-07-17,4912,VNDE960709B38,CR2607175608,1840
2026-07-17,4913,VNDE960709B38,CR2607175609,1648
2026-07-17,4914,VNDE960709B38,CR2607175610,1968
2026-07-17,4915,VNDE960709B38,CR2607175611,1584
2026-07-17,4916,VNDE960709B38,CR2607175612,1968
2026-07-17,4917,VNDE960709B38,CR2607175613,1648
2026-07-17,4918,VNDE960709B38,CR2607175614,1712
2026-07-17,4919,VNDE960709B38,CR2607175615,1584
2026-07-17,4920,VNDE960709B38,CR2607175616,2160
2026-07-17,4921,VNDE960709B38,CR2607175617,1296
2026-07-17,4922,VNDE960709B38,CR2607175618,1424
2026-07-17,4923,VNDE960709B38,CR2607175619,1776
2026-07-17,4924,VNDE960709B38,CR2607175620,1392
2026-07-17,4925,VNDE960709B38,CR2607175621,1712
2026-07-17,4926,VNDE960709B38,CR2607175622,1392
2026-07-17,4927,VNDE960709B38,CR2607175623,1712
2026-07-17,4928,VNDE960709B38,CR2607175624,1584
2026-07-17,4929,VNDE960709B38,CR2607175625,1776
2026-07-17,4930,VNDE960709B38,CR2607175626,1616
2026-07-17,4931,VNDE960709B38,CR2607175627,1648
2026-07-17,4932,VNDE960709B38,CR2607175628,1424
2026-07-17,4933,VNDE960709B38,CR2607175629,1712
2026-07-17,4934,VNDE960709B38,CR2607175630,1456
2026-07-17,4935,VNDE960709B38,CR2607175631,1520
2026-07-17,4936,VNDE960709B38,CR2607175632,1776
2026-07-17,4937,VNDE960709B38,CR2607175633,1680
2026-07-17,4938,VNDE960709B38,CR2607175634,1424
2026-07-17,4939,VNDE960709B38,CR2607175635,1200
2026-07-17,4940,VNDE960709B38,CR2607175636,1680
2026-07-17,4941,VNDE960709B38,CR2607175637,1744
2026-07-17,4942,VNDE960709B38,CR2607175638,1264
2026-07-17,4943,VNDE960709B38,CR2607175639,1264
2026-07-17,4944,VNDE960709B38,CR2607175640,1488
2026-07-17,4945,VNDE960709B38,CR2607175641,1552
2026-07-17,4946,VNDE960709B38,CR2607175642,1392
2026-07-17,4947,VNDE960709B38,CR2607175643,1616
2026-07-17,4948,VNDE960709B38,CR2607175644,1680
2026-07-17,4949,VNDE960709B38,CR2607175645,1840
2026-07-17,4950,VNDE960709B38,CR2607175646,1296
2026-07-17,4951,VNDE960709B38,CR2607175647,1808
2026-07-17,4952,VNDE960709B38,CR2607175648,1264
2026-07-17,4953,VNDE960709B38,CR2607175649,1520
2026-07-17,4954,VNDE960709B38,CR2607175650,2884
2026-07-17,4955,VNDE960709B38,CR2607175651,2692
2026-07-17,4956,VNDE960709B38,CR2607175652,2852
2026-07-17,4957,VNDE960709B38,CR2607175653,2660
2026-07-17,4958,VNDE960709B38,CR2607175654,2948
2026-07-17,4959,VNDE960709B38,CR2607175655,2596
2026-07-17,4960,VNDE960709B38,CR2607175656,2916
2026-07-17,4961,VNDE960709B38,CR2607175657,5896
2026-07-17,4962,VNDE960709B38,CR2607175658,2628
2026-07-17,4963,VNDE960709B38,CR2607175659,5256
2026-07-17,4964,VNDE960709B38,CR2607175660,5512
2026-07-17,6082,VNDDC32CEF05A,1163393,-1742
2026-07-17,6990,VND6419D861E2,10941618370,38032
2026-07-17,6990,VND6419D861E2,10941618378,49964
2026-07-17,6990,VND6419D861E2,10941618385,12213
2026-07-17,6990,VND6419D861E2,10941618387,37947
2026-07-17,6990,VND6419D861E2,10941618716,27979
2026-07-17,6990,VND6419D861E2,10941618717,13729
2026-07-17,6990,VND6419D861E2,11428618340,6797
2026-07-17,6990,VND6419D861E2,13486618214,14485
2026-07-17,6990,VND6419D861E2,13486618294,4446
2026-07-17,6990,VND6419D861E2,13486618295,1969
2026-07-17,6990,VND6419D861E2,13486618296,14646
2026-07-17,6990,VND6419D861E2,13486618297,24813
2026-07-17,6990,VND6419D861E2,13486618298,24470
2026-07-17,6990,VND6419D861E2,7704618706,31430
2026-07-17,6991,VNDDF1B535115,119156 07/26,78741
2026-07-17,6991,VNDDF1B535115,119169 07/26,33500
2026-07-17,6992,VND96E81D06D8,NO. 86,1010010
2026-07-17,6993,VND936B6C3133,8-1116809,536391
2026-07-17,6994,VNDC70DE8A9D2,REIMBURSEMENT 06,1615734
2026-07-17,6995,VND386831CBA4,8282356501,65232
2026-07-17,6996,VND15B43E8C56,PPE 6-27-26-7-10-26,1781836
2026-07-17,6997,VNDB6D062A110,002827,60000
2026-07-17,6997,VNDB6D062A110,004108,86250
2026-07-17,6997,VNDB6D062A110,004203,570000
2026-07-17,6997,VNDB6D062A110,2026-07,30000
2026-07-17,6997,VNDB6D062A110,2026-6-30,399148
2026-07-17,6997,VNDB6D062A110,404472,78900
2026-07-17,6997,VNDB6D062A110,454793,297600
2026-07-17,6997,VNDB6D062A110,KCLEMENTMILEMAYJUN26,4568
2026-07-17,6998,VND78D84D4F17,INV14758,482400
2026-07-17,6999,VNDAC0EDAD3E7,26-07110,2769231
2026-07-17,7000,VND6BF911E73D,1514,662500
2026-07-17,7001,VNDF83E939CE0,BTRSSO23004,141577
2026-07-17,7002,VNDB441C43FC0,ECHRISTOPHER INV# 2,20000
2026-07-17,7003,VND84B17CD0BC,DB 4376195,35500
2026-07-17,7004,VND60CD131565,Pay App 001March-Apr,11625000
2026-07-17,7004,VND60CD131565,Pay App 002 MAY 2026,16619540
2026-07-17,7005,VND7023A7F8AF,1,2041500
2026-07-17,7006,VND0E2E5E838C,INV159137,105341
2026-07-17,7006,VND0E2E5E838C,INV159153,154820
2026-07-17,7006,VND0E2E5E838C,INV159211,25502
2026-07-17,7006,VND0E2E5E838C,IV159092,37413
2026-07-17,7007,VND8055FC49B2,42235,70000
2026-07-17,7008,VND6C76791EA0,399132612173,169532
2026-07-17,7009,VND5AB7B02F1F,1200085,10467826
2026-07-17,7009,VND5AB7B02F1F,1200522,10761346
2026-07-17,7010,VND75F0B177E3,13126,2359663
2026-07-17,7011,VND444B5F3D5E,800007848,497500
2026-07-17,7012,VND070B145A18,1030004816,212695
2026-07-17,7013,VND3397F001DF,3446905,471500
2026-07-17,7014,VNDF98C207678,ADA.48,140169
2026-07-17,7015,VND0C47546280,LLE26,700000
2026-07-17,7016,VNDDB73B27F09,6/2026,200000
2026-07-17,7017,VNDA5C4C5D634,PARTIAL 07,3128600
2026-07-17,7018,VNDFCD827DA4C,140,477412
2026-07-17,7019,VNDF194EA079E,EBRJV071626,65000
2026-07-17,8234,VNDFE5DE12664,SPONS-L. ADAMS FOUND,250000
2026-07-20,6063,VND5673704393,QUAD072026,2000000
2026-07-21,1609,VND1D7F5E06ED,W808821,70124
2026-07-21,1609,VND1D7F5E06ED,W827478,14299
2026-07-21,1609,VND1D7F5E06ED,W830645,2840
2026-07-21,1610,VNDBA5885C4A6,57151,296873
2026-07-21,1610,VNDBA5885C4A6,57599,12724
2026-07-21,1610,VNDBA5885C4A6,57601,7884
2026-07-21,1611,VNDAD371834F3,404616,55200
2026-07-21,1615,VND314B84DB92,IN257543,32635
2026-07-21,1617,VND55723888F8,1260604201,560770
2026-07-21,1618,VND1F4B20B584,PI75120,349097
2026-07-21,1618,VND1F4B20B584,PI75159,11728
2026-07-21,1619,VND38FB0B177C,REIMB04,39952700
2026-07-21,1620,VNDB9A7F6729B,32375,7788
2026-07-21,1620,VNDB9A7F6729B,32632,464699
2026-07-21,1620,VNDB9A7F6729B,33058,60983
2026-07-21,1620,VNDB9A7F6729B,33113,39350
2026-07-21,1621,VND56BE5B0BCA,19401-1,40491
2026-07-21,1622,VND314D47574B,100007752212,28859
2026-07-21,1622,VND314D47574B,10021361850,44941
2026-07-21,1622,VND314D47574B,10021361851,16086
2026-07-21,1622,VND314D47574B,110009012113,6011
2026-07-21,1622,VND314D47574B,115008734323,32249
2026-07-21,1622,VND314D47574B,125008678135,18640
2026-07-21,1622,VND314D47574B,13010281668,33321
2026-07-21,1622,VND314D47574B,135008612776,2126089
2026-07-21,1622,VND314D47574B,145008622243,25700
2026-07-21,1622,VND314D47574B,15009721551,160159
2026-07-21,1622,VND314D47574B,15009729645,77762
2026-07-21,1622,VND314D47574B,155008532026,302295
2026-07-21,1622,VND314D47574B,155008536355,41970
2026-07-21,1622,VND314D47574B,160007484027,62771
2026-07-21,1622,VND314D47574B,160007484112,17291
2026-07-21,1622,VND314D47574B,175008507662,19337
2026-07-21,1622,VND314D47574B,180007563592,419301
2026-07-21,1622,VND314D47574B,180007564413,20359
2026-07-21,1622,VND314D47574B,190007687948,16820
2026-07-21,1622,VND314D47574B,195008571824,21479
2026-07-21,1622,VND314D47574B,200006762338,28431
2026-07-21,1622,VND314D47574B,200006762400,86846
2026-07-21,1622,VND314D47574B,2026507411,1281171
2026-07-21,1622,VND314D47574B,215008003557,80601
2026-07-21,1622,VND314D47574B,230006933894,59801
2026-07-21,1622,VND314D47574B,230006933895,42418
2026-07-21,1622,VND314D47574B,235007770750,196863
2026-07-21,1622,VND314D47574B,240006932164,5088
2026-07-21,1622,VND314D47574B,240006932322,90184
2026-07-21,1622,VND314D47574B,240006934114,12022
2026-07-21,1622,VND314D47574B,240006937806,41107
2026-07-21,1622,VND314D47574B,25009581989,14772
2026-07-21,1622,VND314D47574B,25009587510,214326
2026-07-21,1622,VND314D47574B,25009587511,716546
2026-07-21,1622,VND314D47574B,275007411973,388719
2026-07-21,1622,VND314D47574B,275007416971,269964
2026-07-21,1622,VND314D47574B,280006958729,24138
2026-07-21,1622,VND314D47574B,280006972122,44703
2026-07-21,1622,VND314D47574B,280006972193,288621
2026-07-21,1622,VND314D47574B,290006954821,12015
2026-07-21,1622,VND314D47574B,290006954906,22622
2026-07-21,1622,VND314D47574B,320005111765,20808
2026-07-21,1622,VND314D47574B,350004701107,37748
2026-07-21,1622,VND314D47574B,35009461179,10304
2026-07-21,1622,VND314D47574B,35009461636,19694
2026-07-21,1622,VND314D47574B,40010383952,54982
2026-07-21,1622,VND314D47574B,45009359457,835414
2026-07-21,1622,VND314D47574B,45009359458,83572
2026-07-21,1622,VND314D47574B,45009371436,16338
2026-07-21,1622,VND314D47574B,45009371490,128147
2026-07-21,1622,VND314D47574B,45009373986,30162
2026-07-21,1622,VND314D47574B,45009374022,17361
2026-07-21,1622,VND314D47574B,55009303790,553102
2026-07-21,1622,VND314D47574B,65009216329,202441
2026-07-21,1622,VND314D47574B,65009227946,110318
2026-07-21,1622,VND314D47574B,70009341847,24393
2026-07-21,1622,VND314D47574B,70009359184,27540
2026-07-21,1622,VND314D47574B,75009185696,86205
2026-07-21,1622,VND314D47574B,80009233778,29031
2026-07-21,1622,VND314D47574B,80009254987,48894
2026-07-21,1622,VND314D47574B,80009254988,15752
2026-07-21,1622,VND314D47574B,80009254989,33709
2026-07-21,1622,VND314D47574B,90009224477,24138
2026-07-21,1623,VND162E4C3E25,916658-1,62640
2026-07-21,1623,VND162E4C3E25,916658-2,30960
2026-07-21,1623,VND162E4C3E25,916677-1,1508
2026-07-21,1623,VND162E4C3E25,916678-1,1508
2026-07-21,1624,VND4331F46BAE,NO.    3,130000
2026-07-21,1627,VND65DE8A4375,S18881,37500
2026-07-21,1627,VND65DE8A4375,S18882,30000
2026-07-21,1628,VNDB24DE3A5F3,58816893,438312
2026-07-21,1628,VNDB24DE3A5F3,58816907,370190
2026-07-21,1628,VNDB24DE3A5F3,58816909,489600
2026-07-21,1628,VNDB24DE3A5F3,58852429,462080
2026-07-21,1628,VNDB24DE3A5F3,58852453,482040
2026-07-21,1628,VNDB24DE3A5F3,58852601,375600
2026-07-21,1628,VNDB24DE3A5F3,58852627,428736
2026-07-21,1628,VNDB24DE3A5F3,58855737,473648
2026-07-21,1628,VNDB24DE3A5F3,58855742,482261
2026-07-21,1628,VNDB24DE3A5F3,58871564,5200
2026-07-21,1628,VNDB24DE3A5F3,58928987,23350
2026-07-21,1631,VND88879B21FB,0032011,4483800
2026-07-21,1632,VND0F82AF1081,6044815671,35879
2026-07-21,1632,VND0F82AF1081,6045113231,30269
2026-07-21,1632,VND0F82AF1081,6066533451,15456
2026-07-21,1632,VND0F82AF1081,6066533452,26140
2026-07-21,1632,VND0F82AF1081,6066601981,-6117
2026-07-21,1632,VND0F82AF1081,6066601982,-7209
2026-07-21,1632,VND0F82AF1081,6066681758,13999
2026-07-21,1632,VND0F82AF1081,6066811867,9776
2026-07-21,1632,VND0F82AF1081,6066878424,9676
2026-07-21,1632,VND0F82AF1081,6067209975,40356
2026-07-21,1632,VND0F82AF1081,6067306748,70046
2026-07-21,1632,VND0F82AF1081,6067306750,69626
2026-07-21,1632,VND0F82AF1081,6068215431,36858
2026-07-21,1633,VND0F82AF1081,6067313382,67858
2026-07-21,1634,VND0F82AF1081,6067313381,7392
2026-07-21,1635,VND7B11AB56B7,11504-52,709094
2026-07-21,1637,VNDF9E7CB2B1F,89228-129,364160
2026-07-21,1637,VNDF9E7CB2B1F,89228-130,408077
2026-07-21,1639,VND6BAF66BC6D,711396,1499
2026-07-21,1640,VNDEE92605660,0040128739,18747
2026-07-21,1640,VNDEE92605660,0040128742,18783
2026-07-21,1640,VNDEE92605660,0040193279,18747
2026-07-21,1640,VNDEE92605660,0040263383,31442
2026-07-21,1640,VNDEE92605660,0040263386,18747
2026-07-21,1640,VNDEE92605660,0040263387,701
2026-07-21,1640,VNDEE92605660,0040263389,18783
2026-07-21,1640,VNDEE92605660,0040263390,2780
2026-07-21,1640,VNDEE92605660,0040263391,1390
2026-07-21,1640,VNDEE92605660,0040263392,6938
2026-07-21,1640,VNDEE92605660,0040263393,1390
2026-07-21,1640,VNDEE92605660,0040263394,2079
2026-07-21,1640,VNDEE92605660,0040263395,11096
2026-07-21,1640,VNDEE92605660,0040285962,28241
2026-07-21,1640,VNDEE92605660,40263384,44214
2026-07-21,1641,VND0E3E3E8899,INV463823,73728
2026-07-21,1642,VNDAD36288E2C,1285223,7600
2026-07-21,1643,VNDBFC0B28F1A,853780467,240561
2026-07-21,1643,VNDBFC0B28F1A,853783419,425363
2026-07-21,1643,VNDBFC0B28F1A,853855158,53277
2026-07-21,1644,VND845DA57072,311,221087
2026-07-21,1644,VND845DA57072,54818,214500
2026-07-21,1644,VND845DA57072,911,225319
2026-07-21,1645,VNDE9006C6230,025918154,8915
2026-07-21,1646,VND291E1E6078,28364,38922
2026-07-21,1646,VND291E1E6078,28391,31044
2026-07-21,1648,VND8AA7C5834A,9968296062,33492
2026-07-21,1648,VND8AA7C5834A,9970812401,440568
2026-07-21,1648,VND8AA7C5834A,9971646865,113272
2026-07-21,1648,VND8AA7C5834A,9976309238,193860
2026-07-21,1649,VND5696B5D7DE,97350937,1371404
2026-07-21,1649,VND5696B5D7DE,97350939,5772
2026-07-21,1649,VND5696B5D7DE,97350945,7044
2026-07-21,1649,VND5696B5D7DE,97350946,4712
2026-07-21,1649,VND5696B5D7DE,97452273,50415
2026-07-21,1649,VND5696B5D7DE,97525533,6188
2026-07-21,1649,VND5696B5D7DE,97525534,68685
2026-07-21,1649,VND5696B5D7DE,97525535,58696
2026-07-21,1649,VND5696B5D7DE,97525536,15240
2026-07-21,1649,VND5696B5D7DE,97525537,24216
2026-07-21,1649,VND5696B5D7DE,97525539,566416
2026-07-21,1650,VND3202C9608E,0820-002237098,13866
2026-07-21,1651,VNDB13CA932DA,MAY26ATT,3904468
2026-07-21,1652,VNDB13CA932DA,2117046117,804257
2026-07-21,1653,VNDB13CA932DA,2127046115,4958320
2026-07-21,1654,VND13E76BDE84,529-81633970,60940
2026-07-21,1654,VND13E76BDE84,529-81634175,109725
2026-07-21,1654,VND13E76BDE84,529-81634185,54950
2026-07-21,1654,VND13E76BDE84,529-81634240,54950
2026-07-21,1655,VND2C79FC2F94,077750,494200
2026-07-21,1655,VND2C79FC2F94,077750FR,26500
2026-07-21,1656,VNDE6819ED656,US90970015,175139
2026-07-21,1657,VND1C44D76FA4,08152025,14675274
2026-07-21,1659,VNDCD52791086,AJ9KG8S,288162
2026-07-21,1660,VNDC9813A6861,904257919,9000
2026-07-21,1660,VNDC9813A6861,904260097,6000
2026-07-21,1661,VND9273B63C47,391610,47500
2026-07-21,1662,VNDEC02A2D016,20260504080,45000
2026-07-21,1662,VNDEC02A2D016,20260601080,45000
2026-07-21,1662,VNDEC02A2D016,20260701080,45000
2026-07-21,1664,VND4F67A130AA,0625-252341,-19800
2026-07-21,1664,VND4F67A130AA,0625-254555,-3110
2026-07-21,1664,VND4F67A130AA,0625-258337,53463
2026-07-21,1664,VND4F67A130AA,0625-259468,12227
2026-07-21,1664,VND4F67A130AA,0625-259778,56169
2026-07-21,1664,VND4F67A130AA,0625-259925,5660
2026-07-21,1664,VND4F67A130AA,0625-260018,2700
2026-07-21,1664,VND4F67A130AA,0633-4469828,17199
2026-07-21,1665,VNDCCD745E802,243119,232674
2026-07-21,1666,VNDC6FEA6D9A6,990586248,185812
2026-07-21,1666,VNDC6FEA6D9A6,990593528,24256
2026-07-21,1668,VND66205EC106,49324012,1499
2026-07-21,1668,VND66205EC106,49327373,475
2026-07-21,1668,VND66205EC106,49340198,11313
2026-07-21,1668,VND66205EC106,49350518,19998
2026-07-21,1668,VND66205EC106,49367152,11248
2026-07-21,1668,VND66205EC106,49374206,6838
2026-07-21,1668,VND66205EC106,49383199,14138
2026-07-21,1668,VND66205EC106,49390645,4078
2026-07-21,1668,VND66205EC106,49398706,6608
2026-07-21,1669,VND9C38D74E0D,172830-R,278525
2026-07-21,1669,VND9C38D74E0D,173024-R,400000
2026-07-21,1670,VND89370A1512,4176900,6875
2026-07-21,1671,VND21A3B8AD24,17158,130000
2026-07-21,1671,VND21A3B8AD24,17161,66638
2026-07-21,1671,VND21A3B8AD24,17165,53850
2026-07-21,1672,VND091D0AAA42,41461631,32024
2026-07-21,1672,VND091D0AAA42,41690343,35839
2026-07-21,1672,VND091D0AAA42,41947494,35210
2026-07-21,1672,VND091D0AAA42,41947517,14037
2026-07-21,1672,VND091D0AAA42,41947518,12967
2026-07-21,1672,VND091D0AAA42,41947518-1,23790
2026-07-21,1672,VND091D0AAA42,41947519,15307
2026-07-21,1672,VND091D0AAA42,42207219,41676
2026-07-21,1672,VND091D0AAA42,42207242,17160
2026-07-21,1672,VND091D0AAA42,42207243,12967
2026-07-21,1672,VND091D0AAA42,42207243-1,7666
2026-07-21,1672,VND091D0AAA42,42207244,15647
2026-07-21,1672,VND091D0AAA42,42449556,125922
2026-07-21,1672,VND091D0AAA42,42449557,108472
2026-07-21,1672,VND091D0AAA42,42449590,10190
2026-07-21,1672,VND091D0AAA42,42449597,34863
2026-07-21,1672,VND091D0AAA42,42449599,13117
2026-07-21,1672,VND091D0AAA42,42449605,11716
2026-07-21,1672,VND091D0AAA42,42449607,31304
2026-07-21,1672,VND091D0AAA42,42449608,23756
2026-07-21,1672,VND091D0AAA42,42449609,15501
2026-07-21,1672,VND091D0AAA42,42449621,88981
2026-07-21,1672,VND091D0AAA42,42449624,15010
2026-07-21,1672,VND091D0AAA42,42449626,17102
2026-07-21,1672,VND091D0AAA42,42449627,15010
2026-07-21,1672,VND091D0AAA42,42449628,15010
2026-07-21,1672,VND091D0AAA42,42449629,21286
2026-07-21,1672,VND091D0AAA42,42449630,33821
2026-07-21,1672,VND091D0AAA42,42449631,12311
2026-07-21,1672,VND091D0AAA42,42454554,23933
2026-07-21,1672,VND091D0AAA42,42473819,13419
2026-07-21,1673,VND091D0AAA42,42449615,23949
2026-07-21,1674,VND44D252EA0A,69257,86233
2026-07-21,1675,VND330D20593D,0080140877,10006
2026-07-21,1676,VND1A66F6F6AF,6060452,103230
2026-07-21,1677,VNDBB1C78CF79,2575006302026,630000
2026-07-21,1678,VNDDB8E0D5288,213084F,26180
2026-07-21,1678,VNDDB8E0D5288,213354F,4785
2026-07-21,1678,VNDDB8E0D5288,213402F,3927
2026-07-21,1678,VNDDB8E0D5288,213404F,1540
2026-07-21,1678,VNDDB8E0D5288,214492F,57671
2026-07-21,1678,VNDDB8E0D5288,215530F,462890
2026-07-21,1678,VNDDB8E0D5288,215891F,85668
2026-07-21,1678,VNDDB8E0D5288,216288F,8424
2026-07-21,1679,VNDAFFFA2BB50,CINV002139603,33329
2026-07-21,1681,VND6DFE713957,910018348,825000
2026-07-21,1681,VND6DFE713957,910018389,38500
2026-07-21,1681,VND6DFE713957,910018390,71500
2026-07-21,1683,VNDD20D7F3048,2042476,4471800
2026-07-21,1684,VND684C9F2E6A,3870,136076
2026-07-21,1685,VNDDC32CEF05A,2025 PCORI FEE,3449856
2026-07-21,1686,VND3AAB7BB3E5,400617,13600
2026-07-21,1686,VND3AAB7BB3E5,7132,12857
2026-07-21,1686,VND3AAB7BB3E5,7134,8157
2026-07-21,1686,VND3AAB7BB3E5,7878,11200
2026-07-21,1686,VND3AAB7BB3E5,7880,37342
2026-07-21,1689,VND8FC13EF0F0,72583,14900
2026-07-21,1690,VND9F72FF75D2,SPONS-BREADA,150000
2026-07-21,1691,VND63FC3F64CF,284005,43493
2026-07-21,1691,VND63FC3F64CF,485633,14455
2026-07-21,1691,VND63FC3F64CF,486055,25314
2026-07-21,1691,VND63FC3F64CF,486979,4380
2026-07-21,1691,VND63FC3F64CF,487075,11381
2026-07-21,1691,VND63FC3F64CF,487698,62711
2026-07-21,1691,VND63FC3F64CF,487825,36420
2026-07-21,1691,VND63FC3F64CF,487884,9360
2026-07-21,1691,VND63FC3F64CF,487899,7914
2026-07-21,1691,VND63FC3F64CF,487901,27703
2026-07-21,1691,VND63FC3F64CF,488004,267036
2026-07-21,1691,VND63FC3F64CF,488005,16599
2026-07-21,1691,VND63FC3F64CF,488049,62260
2026-07-21,1691,VND63FC3F64CF,488097,4063
2026-07-21,1691,VND63FC3F64CF,488109,5376
2026-07-21,1691,VND63FC3F64CF,488112,276
2026-07-21,1691,VND63FC3F64CF,488116,17660
2026-07-21,1691,VND63FC3F64CF,488117,36149
2026-07-21,1691,VND63FC3F64CF,488308,6599
2026-07-21,1691,VND63FC3F64CF,488314,26892
2026-07-21,1691,VND63FC3F64CF,488342,12914
2026-07-21,1691,VND63FC3F64CF,488353,18593
2026-07-21,1691,VND63FC3F64CF,488433,130256
2026-07-21,1691,VND63FC3F64CF,488470,5799
2026-07-21,1691,VND63FC3F64CF,488474,1440
2026-07-21,1691,VND63FC3F64CF,488477,1440
2026-07-21,1691,VND63FC3F64CF,488484,72641
2026-07-21,1691,VND63FC3F64CF,488518,51078
2026-07-21,1691,VND63FC3F64CF,488561,2844
2026-07-21,1691,VND63FC3F64CF,488615,41802
2026-07-21,1691,VND63FC3F64CF,488744,19150
2026-07-21,1691,VND63FC3F64CF,488751,1878
2026-07-21,1691,VND63FC3F64CF,488763,17138
2026-07-21,1691,VND63FC3F64CF,488768,9886
2026-07-21,1691,VND63FC3F64CF,488865,67612
2026-07-21,1691,VND63FC3F64CF,489036,74467
2026-07-21,1691,VND63FC3F64CF,489075,11381
2026-07-21,1693,VND51F22A8064,B21383747,260960
2026-07-21,1694,VND732FC446A2,883105969,28900
2026-07-21,1694,VND732FC446A2,883105970,3798
2026-07-21,1694,VND732FC446A2,883120927,17572
2026-07-21,1695,VND1CDC5A7959,010101600117501 0726,4240
2026-07-21,1695,VND1CDC5A7959,010102353003802 0726,6289
2026-07-21,1695,VND1CDC5A7959,010102353004501 0726,10582
2026-07-21,1695,VND1CDC5A7959,010102358004602 0726,1234
2026-07-21,1695,VND1CDC5A7959,010102360003101 0726,1234
2026-07-21,1695,VND1CDC5A7959,010102369012402 0726,1234
2026-07-21,1695,VND1CDC5A7959,010102380003301 0726,1234
2026-07-21,1695,VND1CDC5A7959,010103356020701 0726,6147
2026-07-21,1695,VND1CDC5A7959,010103356020801 0726,6275
2026-07-21,1695,VND1CDC5A7959,010103393002902 0726,1987
2026-07-21,1695,VND1CDC5A7959,010103393003101 0726,126420
2026-07-21,1695,VND1CDC5A7959,010112034000802 626,16241
2026-07-21,1695,VND1CDC5A7959,010112034005301 626,4306
2026-07-21,1695,VND1CDC5A7959,010117013002302 0626,3370
2026-07-21,1695,VND1CDC5A7959,010117013002402 0626,3224
2026-07-21,1695,VND1CDC5A7959,010117013002502 0626,3370
2026-07-21,1695,VND1CDC5A7959,010117013002602 0626,3370
2026-07-21,1695,VND1CDC5A7959,010117018001902 626,3163
2026-07-21,1695,VND1CDC5A7959,010117018002001 626,10986
2026-07-21,1695,VND1CDC5A7959,010117024000502 626,17574
2026-07-21,1695,VND1CDC5A7959,010117042002502 0626,3017
2026-07-21,1695,VND1CDC5A7959,010117042002602 0626,3017
2026-07-21,1695,VND1CDC5A7959,010117042439806 626,13405
2026-07-21,1695,VND1CDC5A7959,010117043002702 0626,3163
2026-07-21,1695,VND1CDC5A7959,010117077062502 0626,3177
2026-07-21,1695,VND1CDC5A7959,010120146018602 0626,1180
2026-07-21,1695,VND1CDC5A7959,010120201055701 0626,1180
2026-07-21,1695,VND1CDC5A7959,010120407036901 0626,1182
2026-07-21,1695,VND1CDC5A7959,010120407045502 0626,1180
2026-07-21,1695,VND1CDC5A7959,010120408099801 0626,1180
2026-07-21,1695,VND1CDC5A7959,010120408105403 0626,10060
2026-07-21,1695,VND1CDC5A7959,010120408105501 0626,18788
2026-07-21,1695,VND1CDC5A7959,010120431026202 0626,1180
2026-07-21,1695,VND1CDC5A7959,010120431027802 0626,1180
2026-07-21,1695,VND1CDC5A7959,010120437075702 0626,1180
2026-07-21,1695,VND1CDC5A7959,010120437083603 0626,1180
2026-07-21,1695,VND1CDC5A7959,010120437120402 0626,3017
2026-07-21,1695,VND1CDC5A7959,010120437122802 0626,3017
2026-07-21,1695,VND1CDC5A7959,010120439028302 0626,1182
2026-07-21,1695,VND1CDC5A7959,010120443064202 0626,3017
2026-07-21,1695,VND1CDC5A7959,010120444012102 0626,1180
2026-07-21,1695,VND1CDC5A7959,010120451001502 0626,1202
2026-07-21,1695,VND1CDC5A7959,010120718003902 0626,1180
2026-07-21,1695,VND1CDC5A7959,010121323043002 0626,1234
2026-07-21,1695,VND1CDC5A7959,010121406067401 0626,8471
2026-07-21,1695,VND1CDC5A7959,010121406067901 0626,160755
2026-07-21,1695,VND1CDC5A7959,010121411070602 0626,3043
2026-07-21,1695,VND1CDC5A7959,010121411088301 626,7314
2026-07-21,1695,VND1CDC5A7959,010121415088202 0626,1256
2026-07-21,1695,VND1CDC5A7959,010121421143801 0626,1236
2026-07-21,1695,VND1CDC5A7959,010121441063902 0626,1234
2026-07-21,1695,VND1CDC5A7959,010121441083202 0626,1234
2026-07-21,1695,VND1CDC5A7959,010121441091402 0626,1234
2026-07-21,1695,VND1CDC5A7959,010121441106202 0626,1236
2026-07-21,1695,VND1CDC5A7959,010121441151202 0626,1234
2026-07-21,1695,VND1CDC5A7959,010121441183202 0626,1234
2026-07-21,1695,VND1CDC5A7959,010121710054902 0626,1234
2026-07-21,1695,VND1CDC5A7959,010121710056401 0626,1234
2026-07-21,1696,VNDF384EA7B9B,509074312,17753
2026-07-21,1696,VNDF384EA7B9B,509074313,5996
2026-07-21,1696,VNDF384EA7B9B,509074314,52650
2026-07-21,1696,VNDF384EA7B9B,509074315,36030
2026-07-21,1696,VNDF384EA7B9B,509074318,74194
2026-07-21,1696,VNDF384EA7B9B,509074319,68805
2026-07-21,1696,VNDF384EA7B9B,509074320,213138
2026-07-21,1696,VNDF384EA7B9B,509074321,25230
2026-07-21,1697,VNDF1D7164620,1314212,1180400
2026-07-21,1698,VND6F360E2F72,5155535340196,88201
2026-07-21,1700,VND192E49B381,19180536,411200
2026-07-21,1700,VND192E49B381,19180551,246092
2026-07-21,1700,VND192E49B381,19180558,141200
2026-07-21,1700,VND192E49B381,19180648,453600
2026-07-21,1700,VND192E49B381,19180664,255848
2026-07-21,1700,VND192E49B381,19180885,134600
2026-07-21,1700,VND192E49B381,PayApp005 May2026,1479180
2026-07-21,1702,VND42EFDCDA16,287247619307x070226,7247
2026-07-21,1702,VND42EFDCDA16,820710836X06252026,63276
2026-07-21,1702,VND42EFDCDA16,823146463X062526,27681
2026-07-21,1702,VND42EFDCDA16,823166478X07122026,150984
2026-07-21,1703,VND42EFDCDA16,877469808x07022026,9018
2026-07-21,1704,VND42EFDCDA16,287025811129X070226,25284
2026-07-21,1705,VND42EFDCDA16,287298098667X07062-,16692
2026-07-21,1706,VND3F4FEE385D,22511-0001,131200
2026-07-21,1709,VND4D06D2B5A2,57042,269500
2026-07-21,1710,VNDB1841736DC,907694329,5535
2026-07-21,1712,VND747FF1E792,Pay App 007 MAY 2026,9872500
2026-07-21,1713,VNDD38F7DD906,71695,98058
2026-07-21,1715,VND5F6FFF0AE1,20INV000958847,3946800
2026-07-21,1717,VNDA13E5227A8,3369,210000
2026-07-21,1720,VNDDA5C9EEF92,0726-01EBR,962340
2026-07-21,1722,VND2F494BD8EA,8999,125840
2026-07-21,1723,VND8BF158BBF3,9865,53800
2026-07-21,1724,VND8AF07BEFC7,2119222,486000
2026-07-21,1724,VND8AF07BEFC7,2119257,467028
2026-07-21,1725,VND17EFA4CC4F,0026,226100
2026-07-21,1727,VND5F7CD0BCD8,0198536,302532
2026-07-21,1727,VND5F7CD0BCD8,0198541,358624
2026-07-21,1727,VND5F7CD0BCD8,0198665,40702
2026-07-21,1727,VND5F7CD0BCD8,0198679,289750
2026-07-21,1727,VND5F7CD0BCD8,0198800,428175
2026-07-21,1727,VND5F7CD0BCD8,0198801,157506
2026-07-21,1727,VND5F7CD0BCD8,0199151,64764
2026-07-21,1728,VNDC1B4990CC4,24252,407500
2026-07-21,1728,VNDC1B4990CC4,24373,329000
2026-07-21,1728,VNDC1B4990CC4,24398,52500
2026-07-21,1729,VNDEA944B2A82,672,35000
2026-07-21,1730,VND0B19C534A3,6-2026,30000
2026-07-21,1731,VND549FAFA0EC,20835,241000
2026-07-21,1732,VND9E437EDE3F,853801696,174885
2026-07-21,1733,VND1F66A9B1C6,GRESS6/26,37663
2026-07-21,1734,VND9C38D74E0D,172708-R,200000
2026-07-21,1734,VND9C38D74E0D,3754-M,120000
2026-07-21,1735,VND4EAEDD6122,8115-26,30000
2026-07-21,1736,VND2389DF337C,32-8196,4605416
2026-07-21,1736,VND2389DF337C,33-8247,3342276
2026-07-21,1737,VNDCC7F2B2BBA,Draw 532,225524
2026-07-21,1737,VNDCC7F2B2BBA,Draw 533,265439
2026-07-21,1737,VNDCC7F2B2BBA,Draw 534,504007
2026-07-21,1738,VND8245F711AD,HERM6/26,3124
2026-07-21,1739,VND489E9120F4,PFESS6/26,1032
2026-07-21,1740,VND9B1D4A6C53,MESS6/26,77752
2026-07-21,1741,VNDB2470F21C2,48967,13000
2026-07-21,1741,VNDB2470F21C2,48981,8500
2026-07-21,1742,VNDA2FAB02326,32565559,568333
2026-07-21,1743,VNDAF742FEAD1,260600414101,5480
2026-07-21,1744,VND777AAA6B69,131Q-7GFQ-FCHH,11340
2026-07-21,1744,VND777AAA6B69,1471-P397-YRYX,45122
2026-07-21,1744,VND777AAA6B69,196Y-D4P1-DC4L,2599
2026-07-21,1744,VND777AAA6B69,1M6W-VV3L-D1HQ,8815
2026-07-21,1744,VND777AAA6B69,1M7G-16JQ-676D,8436
2026-07-21,1744,VND777AAA6B69,1RCT-13X9-CCFH,2464
2026-07-21,1744,VND777AAA6B69,1RQJ-N1RV-H6JT,5311
2026-07-21,1744,VND777AAA6B69,1TFX-HC9K-6VLH,2715
2026-07-21,1744,VND777AAA6B69,1X4D-CPLQ-XFFR,12783
2026-07-21,1744,VND777AAA6B69,1XNR-MMHJ-VDLV,11180
2026-07-21,1744,VND777AAA6B69,1YNX-3LGX-7L1P,9797
2026-07-21,1745,VND777AAA6B69,1MJ7J4133MR4,20165
2026-07-21,1746,VND777AAA6B69,14KM-CH4L-94Y9,175930
2026-07-21,1746,VND777AAA6B69,1DW6-979J-9DVX,84613
2026-07-21,1746,VND777AAA6B69,1LQD-GVWD-FY74,243591
2026-07-21,1746,VND777AAA6B69,1TJH-W9YL-YQQC,627177
2026-07-21,1746,VND777AAA6B69,1XTV-JJGY-CKC3,-57900
2026-07-21,1747,VNDF20311C499,07022026,30400
2026-07-21,1748,VNDBBA3F59362,26800-031L,164000
2026-07-21,1748,VNDBBA3F59362,26800-031M,6125
2026-07-21,1748,VNDBBA3F59362,26800-058L,36750
2026-07-21,1748,VNDBBA3F59362,26800-061M,378560
2026-07-21,1748,VNDBBA3F59362,26800-066L,193000
2026-07-21,1748,VNDBBA3F59362,26800-066M,105931
2026-07-21,1748,VNDBBA3F59362,26800-067L,492000
2026-07-21,1748,VNDBBA3F59362,26800-067M,282240
2026-07-21,1748,VNDBBA3F59362,26800-068M,2520
2026-07-21,1748,VNDBBA3F59362,26804-1,4862900
2026-07-21,1748,VNDBBA3F59362,26804-2,200000
2026-07-21,1749,VND11E0142FA6,2415220325,10293
2026-07-21,1749,VND11E0142FA6,24225964769,30878
2026-07-21,1749,VND11E0142FA6,2433815906,6255
2026-07-21,1749,VND11E0142FA6,247212894248,8687
2026-07-21,1750,VND9D61E9CC36,2218,8750
2026-07-21,1750,VND9D61E9CC36,2877,8750
2026-07-21,1750,VND9D61E9CC36,2879,8750
2026-07-21,1750,VND9D61E9CC36,3094,8750
2026-07-21,1750,VND9D61E9CC36,3100,17500
2026-07-21,1750,VND9D61E9CC36,3157,8750
2026-07-21,1750,VND9D61E9CC36,3188,8750
2026-07-21,1750,VND9D61E9CC36,3202,8750
2026-07-21,1750,VND9D61E9CC36,3223,8750
2026-07-21,1750,VND9D61E9CC36,3242,8750
2026-07-21,1750,VND9D61E9CC36,3263,8750
2026-07-21,1750,VND9D61E9CC36,3304,8750
2026-07-21,1750,VND9D61E9CC36,3363,22500
2026-07-21,1750,VND9D61E9CC36,3400,963900
2026-07-21,1750,VND9D61E9CC36,3551,8750
2026-07-21,1750,VND9D61E9CC36,3554,8750
2026-07-21,1750,VND9D61E9CC36,79588,8750
2026-07-21,1750,VND9D61E9CC36,80390,8750
2026-07-21,1750,VND9D61E9CC36,80503,45000
2026-07-21,1751,VND28D84142E4,INV213766,19250
2026-07-21,1752,VND038283E7E9,57370791,31921
2026-07-21,1753,VND2419E021E2,6353092625,101100
2026-07-21,1754,VND1300A8C8C0,53810142-01,275773
2026-07-21,1755,VNDF93C737EE6,807710,76100
2026-07-21,1756,VNDDF7FCC90EF,08P58628,239272
2026-07-21,1757,VND03758085BE,426231696,3744
2026-07-21,1758,VND38A6D63C43,3635,1053500
2026-07-21,1759,VNDB0DE02BD22,556172,1500
2026-07-21,1759,VNDB0DE02BD22,556173,3687
2026-07-21,1760,VND4106D61AB9,Pay App 18 June 2026,4820462
2026-07-21,1761,VNDB4ECFD790C,INV 7628,187500
2026-07-21,1761,VNDB4ECFD790C,INV 7634,74000
2026-07-21,1762,VNDFA126B940E,#8,160000
2026-07-21,1762,VNDFA126B940E,#9,140000
2026-07-21,1763,VNDBB8100E20B,Pay App 39,6110316
2026-07-21,1764,VNDBB8100E20B,NO.   2,1781895
2026-07-21,1765,VNDC0577E9132,EBRSH071226,200000
2026-07-21,1766,VNDE2590AFFCF,520749,48483
2026-07-21,1767,VND880EB9064F,765949B,4846
2026-07-21,1768,VNDC5BB98C4B2,40190s,326658
2026-07-21,1769,VNDCD361582C7,NO.   6,600000
2026-07-21,1770,VNDB5429FBD82,RI-5158,459535
2026-07-21,1771,VNDC85861102E,43121070726,72235
2026-07-21,1772,VNDBFCBADDFC0,IW13573,157316
2026-07-21,1772,VNDBFCBADDFC0,IW13612,12588
2026-07-21,1772,VNDBFCBADDFC0,IW13615,38964
2026-07-21,1772,VNDBFCBADDFC0,IW13619,15792
2026-07-21,1773,VNDE60456DFD2,INV18226,1500000
2026-07-21,1775,VNDA1265F5CFE,90752608,1800000
2026-07-21,1776,VND289E08D1A1,Juky2026,105000
2026-07-21,1777,VNDAF9EC758D1,PARTIAL 2,7675066
2026-07-21,1778,VND21EEA50901,12389,15000
2026-07-21,1778,VND21EEA50901,12394,30000
2026-07-21,1779,VND5DBAF0D8F9,19812,806784
2026-07-21,1780,VND91721D3854,119147256942,525095
2026-07-21,1780,VND91721D3854,251743827693,1287
2026-07-21,1780,VND91721D3854,297758850087,5617
2026-07-21,1780,VND91721D3854,377546390860 626,5718
2026-07-21,1780,VND91721D3854,995234168777,148
2026-07-21,1780,VND91721D3854,998142314772 626,7825
2026-07-21,1782,VNDCDD6FABF0B,20645,247610
2026-07-21,1782,VNDCDD6FABF0B,20646,654020
2026-07-21,1782,VNDCDD6FABF0B,20647,553725
2026-07-21,1783,VND037843E621,0200872-IN,4153427
2026-07-21,1784,VNDC417A246DB,SPONS-HAPPY RUN CLUB,200000
2026-07-21,4965,VNDE960709B38,CR2607215661,3044
2026-07-21,4966,VNDE960709B38,CR2607215662,3044
2026-07-21,4967,VNDE960709B38,CR2607215663,2820
2026-07-21,4968,VNDE960709B38,CR2607215664,2756
2026-07-21,4969,VNDE960709B38,CR2607215665,2692
2026-07-21,4970,VNDE960709B38,CR2607215666,2756
2026-07-21,4971,VNDE960709B38,CR2607215667,2852
2026-07-21,4972,VNDE960709B38,CR2607215668,3076
2026-07-21,4973,VNDE960709B38,CR2607215669,3140
2026-07-21,4974,VNDE960709B38,CR2607215670,3076
2026-07-21,4975,VNDE960709B38,CR2607215671,2916
2026-07-21,7020,VND871C0D59DE,10881080158,1926800
2026-07-21,7021,VNDDF1B535115,103724 07/26,7893
2026-07-21,7021,VNDDF1B535115,103725 07/26,2914
2026-07-21,7021,VNDDF1B535115,108778 07/26,639101
2026-07-21,7021,VNDDF1B535115,108783 07/26,184272
2026-07-21,7021,VNDDF1B535115,117462 07/26,6721
2026-07-21,7021,VNDDF1B535115,117463 07/26,2242
2026-07-21,7021,VNDDF1B535115,119129 07/26,23937
2026-07-21,7021,VNDDF1B535115,119130 07/26,78275
2026-07-21,7021,VNDDF1B535115,119137 07/26,54019
2026-07-21,7021,VNDDF1B535115,119138 07/26,21324
2026-07-21,7021,VNDDF1B535115,119143 07/26,106378
2026-07-21,7021,VNDDF1B535115,119144 07/26,31869
2026-07-21,7021,VNDDF1B535115,119176 07/26,24328
2026-07-21,7021,VNDDF1B535115,120763 07/26,16888
2026-07-21,7021,VNDDF1B535115,122897 07/26,11677
2026-07-21,7021,VNDDF1B535115,123555 07/26,11858
2026-07-21,7021,VNDDF1B535115,123565 07/26,67086
2026-07-21,7021,VNDDF1B535115,123574 07/26,10806
2026-07-21,7021,VNDDF1B535115,125560 07/26,17720
2026-07-21,7021,VNDDF1B535115,126940 07/26,15087
2026-07-21,7021,VNDDF1B535115,141651 07/26,10836
2026-07-21,7021,VNDDF1B535115,144056 07/26,1673
2026-07-21,7021,VNDDF1B535115,144072 07/26,10103
2026-07-21,7021,VNDDF1B535115,307404 0726,81836
2026-07-21,7021,VNDDF1B535115,3426291 07/26,3224
2026-07-21,7021,VNDDF1B535115,3426295 07/26,14701
2026-07-21,7022,VND78FD06F489,6703,29996
2026-07-21,7023,VND936B6C3133,9-1117763,126175
2026-07-21,7025,VND3202C9608E,0820-002240767C,1158750
2026-07-21,7026,VND47FD7D35CE,COLLECTIONS 626,3233849
2026-07-21,7027,VND0ADEE8CD25,2150118-03,21374365
2026-07-21,7028,VND4ECC8B607E,Draw 558,63318
2026-07-21,7029,VND14FCEA47EA,61639,306200
2026-07-21,7030,VND2F24BE3C73,MCRA-06,478254
2026-07-21,7031,VND291C15549B,261990000441,166681027
2026-07-21,7032,VND75DF5218D5,1595,159500
2026-07-21,7034,VND9482CE1F7B,6146922709,33328
2026-07-21,7035,VND6BF911E73D,1513,47500
2026-07-21,7036,VNDC844B67B02,EBRPLM061726,125000
2026-07-21,7036,VNDC844B67B02,EBRPLM072026,125000
2026-07-21,7037,VNDF83E939CE0,BTRSSO23005 MAY CAP,10323595
2026-07-21,7037,VNDF83E939CE0,BTRSSO23005 MAY O&M,11543460
2026-07-21,7038,VNDFE8318EED5,31602,57000
2026-07-21,7039,VND77BA284042,81881,50000
2026-07-21,7040,VND6B4B7ABA11,COLLECT 6-26,2147284
2026-07-21,7041,VNDC3D6FED9D4,2103,700000
2026-07-21,7041,VNDC3D6FED9D4,2110,109716
2026-07-21,7042,VNDB827C0B5C9,062026TMI,408400
2026-07-21,7043,VND3FB53A56AC,1183,450000
2026-07-21,7044,VND75F0B177E3,CJCC 7/1/26-9/30/26,3250000
2026-07-21,7045,VND55CDE6C6D8,403,200000
2026-07-21,7046,VND55CDE6C6D8,401,200000
2026-07-21,7047,VND55CDE6C6D8,398,200000
2026-07-21,7048,VND55CDE6C6D8,402,200000
2026-07-21,7049,VND55CDE6C6D8,400,200000
2026-07-21,7050,VND47E395BDEE,0318,196960
2026-07-21,7050,VND47E395BDEE,0319,30000
2026-07-21,7051,VND44591CB3CB,54,83333
2026-07-21,7052,VNDA4BA6EE922,11524,10609000
2026-07-21,7053,VNDD9C9A5C4D7,26015,1489260
2026-07-21,7054,VND2CA3F0E4ED,April 2026,2915190
2026-07-21,7055,VND007E0F2C41,07/06/26-07/17/26,291663
2026-07-21,7056,VND162CA25F89,07/13/26-07/17/26,102083
2026-07-22,1840,VND887D83EC9C,June 1-25  2026,555500
2026-07-22,1841,VND4DDE27D128,1-2,5000000
2026-07-22,4976,VNDE960709B38,CR2607225672,3044
2026-07-22,4977,VNDE960709B38,CR2607225673,2756
2026-07-22,4978,VNDE960709B38,CR2607225674,3044
2026-07-22,4979,VNDE960709B38,CR2607225675,2820
2026-07-22,4980,VNDE960709B38,CR2607225676,2756
2026-07-22,4981,VNDE960709B38,CR2607225677,2692
2026-07-22,4982,VNDE960709B38,CR2607225678,2756
2026-07-22,4983,VNDE960709B38,CR2607225679,2852
2026-07-22,4984,VNDE960709B38,CR2607225680,3076
2026-07-22,4985,VNDE960709B38,CR2607225681,3140
2026-07-22,4986,VNDE960709B38,CR2607225682,2916
2026-07-22,4987,VNDE960709B38,CR2607225683,2032
2026-07-22,4988,VNDE960709B38,CR2607225684,1552
2026-07-22,4989,VNDE960709B38,CR2607225685,1360
2026-07-22,4990,VNDE960709B38,CR2607225686,1744
2026-07-22,4991,VNDE960709B38,CR2607225687,1712
2026-07-22,4992,VNDE960709B38,CR2607225688,1296
2026-07-22,4993,VNDE960709B38,CR2607225689,1488
2026-07-22,4994,VNDE960709B38,CR2607225690,1520
2026-07-22,4995,VNDE960709B38,CR2607225691,1712
2026-07-22,4996,VNDE960709B38,CR2607225692,1712
2026-07-22,4997,VNDE960709B38,CR2607225693,1456
2026-07-22,4998,VNDE960709B38,CR2607225694,1648
2026-07-22,4999,VNDE960709B38,CR2607225695,1584
2026-07-22,5000,VNDE960709B38,CR2607225696,1584
2026-07-22,5001,VNDE960709B38,CR2607225697,1648
2026-07-22,5002,VNDE960709B38,CR2607225698,1584
2026-07-22,5003,VNDE960709B38,CR2607225699,1552
2026-07-22,5004,VNDE960709B38,CR2607225700,1584
2026-07-22,5005,VNDE960709B38,CR2607225701,1680
2026-07-22,5006,VNDE960709B38,CR2607225702,1392
2026-07-22,5007,VNDE960709B38,CR2607225703,1328
2026-07-22,5008,VNDE960709B38,CR2607225704,1424
2026-07-22,5009,VNDE960709B38,CR2607225705,1712
2026-07-22,5010,VNDE960709B38,CR2607225706,1328
2026-07-22,5011,VNDE960709B38,CR2607225707,1616
2026-07-22,5012,VNDE960709B38,CR2607225708,1584
2026-07-22,5013,VNDE960709B38,CR2607225709,1488
2026-07-22,5014,VNDE960709B38,CR2607225710,1552
2026-07-22,5015,VNDE960709B38,CR2607225711,1584
2026-07-22,5016,VNDE960709B38,CR2607225712,1552
2026-07-22,5017,VNDE960709B38,CR2607225713,1488
2026-07-22,5018,VNDE960709B38,CR2607225714,1648
2026-07-22,5019,VNDE960709B38,CR2607225715,1488
2026-07-22,5020,VNDE960709B38,CR2607225716,1872
2026-07-22,5021,VNDE960709B38,CR2607225717,1488
2026-07-22,5022,VNDE960709B38,CR2607225718,1744
2026-07-22,5023,VNDE960709B38,CR2607225719,1584
2026-07-22,5024,VNDE960709B38,CR2607225720,1488
2026-07-22,5025,VNDE960709B38,CR2607225721,1744
2026-07-22,5026,VNDE960709B38,CR2607225722,1584
2026-07-22,5027,VNDE960709B38,CR2607225723,1392
2026-07-22,5028,VNDE960709B38,CR2607225724,1584
2026-07-22,5029,VNDE960709B38,CR2607225725,1328
2026-07-22,5030,VNDE960709B38,CR2607225726,1488
2026-07-22,5031,VNDE960709B38,CR2607225727,1328
2026-07-22,5032,VNDE960709B38,CR2607225728,1808
2026-07-22,5033,VNDE960709B38,CR2607225729,1392
2026-07-22,5034,VNDE960709B38,CR2607225730,1680
2026-07-23,1842,VNDEAC3734AF5,0000145443-001,70080
2026-07-23,1843,VNDBA5885C4A6,107153,185599
2026-07-23,1844,VND3D57A41404,526391,14000
2026-07-23,1844,VND3D57A41404,526392,119000
2026-07-23,1844,VND3D57A41404,526393,17500
2026-07-23,1845,VND3D6F43AD20,747419,287500
2026-07-23,1845,VND3D6F43AD20,749208,237000
2026-07-23,1848,VNDCB8E65DC7C,413907,55000
2026-07-23,1850,VND0E9273449A,4263797377-2,20000
2026-07-23,1850,VND0E9273449A,4274825171,25705
2026-07-23,1850,VND0E9273449A,9333404765,15000
2026-07-23,1850,VND0E9273449A,936221415,15000
2026-07-23,1850,VND0E9273449A,936621215,15000
2026-07-23,1850,VND0E9273449A,9366221173,15000
2026-07-23,1850,VND0E9273449A,9366221196,15000
2026-07-23,1850,VND0E9273449A,9366221226,14000
2026-07-23,1850,VND0E9273449A,9366221241,15000
2026-07-23,1850,VND0E9273449A,9366221361,12060
2026-07-23,1850,VND0E9273449A,9366221385,15000
2026-07-23,1850,VND0E9273449A,9366221433,15000
2026-07-23,1850,VND0E9273449A,9366221452,15000
2026-07-23,1850,VND0E9273449A,936622158,14400
2026-07-23,1850,VND0E9273449A,9366404789,15000
2026-07-23,1850,VND0E9273449A,9367359967,11400
2026-07-23,1850,VND0E9273449A,9367828141,15000
2026-07-23,1851,VND0E9273449A,4271577300,5583
2026-07-23,1851,VND0E9273449A,4271699314,3052
2026-07-23,1851,VND0E9273449A,4272330013,5583
2026-07-23,1851,VND0E9273449A,4272394591,3052
2026-07-23,1851,VND0E9273449A,4273070706,5583
2026-07-23,1851,VND0E9273449A,4273140685,3052
2026-07-23,1851,VND0E9273449A,4273821555,5583
2026-07-23,1851,VND0E9273449A,4273939730,3052
2026-07-23,1851,VND0E9273449A,4274302240,7770
2026-07-23,1851,VND0E9273449A,4274492342,22673
2026-07-23,1851,VND0E9273449A,4274892879,7770
2026-07-23,1851,VND0E9273449A,4275318240,22701
2026-07-23,1851,VND0E9273449A,4275436404,15861
2026-07-23,1851,VND0E9273449A,5345416708,753
2026-07-23,1851,VND0E9273449A,5345416710,753
2026-07-23,1851,VND0E9273449A,8408448388,91350
2026-07-23,1851,VND0E9273449A,9379325588,13050
2026-07-23,1851,VND0E9273449A,9379335792,9918
2026-07-23,1852,VND1F4B20B584,PI75311,37425
2026-07-23,1853,VND2FE679EDE1,5525899023,31450
2026-07-23,1853,VND2FE679EDE1,9173363535,5700
2026-07-23,1853,VND2FE679EDE1,9173620062,24750
2026-07-23,1855,VND312B4066D7,INV 3271921,169295
2026-07-23,1856,VNDDA7E6F0350,24702B-5,235650
2026-07-23,1857,VND56BE5B0BCA,19589-1,46096
2026-07-23,1858,VND314D47574B,100007750134,66974
2026-07-23,1858,VND314D47574B,170007491319,49055
2026-07-23,1858,VND314D47574B,25009587512,16603
2026-07-23,1858,VND314D47574B,425005000369,587296
2026-07-23,1858,VND314D47574B,495004561558,30779
2026-07-23,1858,VND314D47574B,510001817923,2379
2026-07-23,1858,VND314D47574B,65009230485,69993
2026-07-23,1860,VND7911211C25,52055,194155
2026-07-23,1862,VND27425B6C62,118371507,90000
2026-07-23,1864,VND65DE8A4375,S18793,577200
2026-07-23,1864,VND65DE8A4375,S18804,118400
2026-07-23,1864,VND65DE8A4375,S18805,80597
2026-07-23,1864,VND65DE8A4375,S18816,518000
2026-07-23,1864,VND65DE8A4375,S18868,148000
2026-07-23,1865,VND0BC4BE9B6A,3020035,67750
2026-07-23,1865,VND0BC4BE9B6A,3020036,198207
2026-07-23,1865,VND0BC4BE9B6A,3020037,175584
2026-07-23,1866,VNDB24DE3A5F3,59043823,486150
2026-07-23,1866,VNDB24DE3A5F3,59094004,5466
2026-07-23,1866,VNDB24DE3A5F3,59168399,27262
2026-07-23,1866,VNDB24DE3A5F3,59245434,44181
2026-07-23,1866,VNDB24DE3A5F3,59245438,358625
2026-07-23,1866,VNDB24DE3A5F3,59245443,421512
2026-07-23,1866,VNDB24DE3A5F3,59245466,476901
2026-07-23,1869,VND88879B21FB,0032014,426200
2026-07-23,1870,VND0F82AF1081,6067854055,16986
2026-07-23,1871,VNDA2D12EB9DA,01035437,189350
2026-07-23,1872,VND83E25B6DDA,412877,1150
2026-07-23,1873,VND0D186B42D7,192879,175000
2026-07-23,1873,VND0D186B42D7,192880,70000
2026-07-23,1873,VND0D186B42D7,356676459,165000
2026-07-23,1874,VNDF3BD6EE6F7,0023534,1141841
2026-07-23,1876,VNDEE92605660,0040263388,9682
2026-07-23,1877,VND85CF6239EE,21345-2,110000
2026-07-23,1877,VND85CF6239EE,21758-1,237500
2026-07-23,1878,VNDAD36288E2C,1285299,28100
2026-07-23,1879,VNDBFC0B28F1A,853856532,248724
2026-07-23,1880,VND845DA57072,41432,429900
2026-07-23,1881,VNDE9006C6230,025918459,11672
2026-07-23,1881,VNDE9006C6230,025918460,11672
2026-07-23,1881,VNDE9006C6230,025918461,24728
2026-07-23,1881,VNDE9006C6230,025918462,-6285
2026-07-23,1881,VNDE9006C6230,025927687,6752
2026-07-23,1882,VNDE9006C6230,025918463,4165
2026-07-23,1883,VNDE9006C6230,025918464,28689
2026-07-23,1884,VND291E1E6078,28370,15366
2026-07-23,1886,VND5696B5D7DE,97350934,209935
2026-07-23,1886,VND5696B5D7DE,97350935,6096
2026-07-23,1886,VND5696B5D7DE,97350936,1016
2026-07-23,1886,VND5696B5D7DE,97350941,620629
2026-07-23,1886,VND5696B5D7DE,97350943,12457
2026-07-23,1886,VND5696B5D7DE,97350944,167125
2026-07-23,1886,VND5696B5D7DE,97452272,6414
2026-07-23,1886,VND5696B5D7DE,97452274,423655
2026-07-23,1886,VND5696B5D7DE,97525532,34410
2026-07-23,1888,VND13E76BDE84,529-81633790,60930
2026-07-23,1889,VNDD04F233407,6112793,8450
2026-07-23,1891,VNDA9B2BB2688,PPE: 6/12/2026,2529428
2026-07-23,1892,VNDA9B2BB2688,PPE: 6/26/2026,2565410
2026-07-23,1893,VNDA9B2BB2688,PPE: 7/10/2026,2661899
2026-07-23,1894,VNDA9B2BB2688,6089,539836
2026-07-23,1895,VNDA9B2BB2688,EC.MONTGOMERY,354064
2026-07-23,1898,VNDB41C7DE31B,0157 11074961001 062,44264
2026-07-23,1898,VNDB41C7DE31B,015711067895901 0726,33926
2026-07-23,1898,VNDB41C7DE31B,015711075971601 0726,36297
2026-07-23,1898,VNDB41C7DE31B,015711084653701 0726,2833
2026-07-23,1898,VNDB41C7DE31B,015711084682601 0726,2220
2026-07-23,1898,VNDB41C7DE31B,015711084797101 0726,55000
2026-07-23,1898,VNDB41C7DE31B,015711085731501 0726,24000
2026-07-23,1898,VNDB41C7DE31B,015711094927201 0726,16286
2026-07-23,1898,VNDB41C7DE31B,015713067850602 0726,12288
2026-07-23,1898,VNDB41C7DE31B,025711084872401 0726,178190
2026-07-23,1899,VNDB41C7DE31B,015711071396202 0626,84136
2026-07-23,1900,VNDB41C7DE31B,015711068948001 0726,288936
2026-07-23,1901,VNDB41C7DE31B,015711077733103 0626,18216
2026-07-23,1903,VNDCB04A1851E,2612103,86624
2026-07-23,1905,VND21A3B8AD24,17155,750000
2026-07-23,1905,VND21A3B8AD24,17160,720000
2026-07-23,1905,VND21A3B8AD24,17162,194621
2026-07-23,1905,VND21A3B8AD24,17163,76500
2026-07-23,1905,VND21A3B8AD24,17167,478200
2026-07-23,1906,VND091D0AAA42,37848776,15010
2026-07-23,1906,VND091D0AAA42,38291406REV,15010
2026-07-23,1906,VND091D0AAA42,41461671,63321
2026-07-23,1906,VND091D0AAA42,41690380,48455
2026-07-23,1906,VND091D0AAA42,41716630,13419
2026-07-23,1906,VND091D0AAA42,41947504,26729
2026-07-23,1906,VND091D0AAA42,41947520,22651
2026-07-23,1906,VND091D0AAA42,41947522,22998
2026-07-23,1906,VND091D0AAA42,41947523,47866
2026-07-23,1906,VND091D0AAA42,42204218,39226
2026-07-23,1906,VND091D0AAA42,42207200,47612
2026-07-23,1906,VND091D0AAA42,42207218,39226
2026-07-23,1906,VND091D0AAA42,42207230,302669
2026-07-23,1906,VND091D0AAA42,42207245,20633
2026-07-23,1906,VND091D0AAA42,42207247,22998
2026-07-23,1906,VND091D0AAA42,42207248,46572
2026-07-23,1906,VND091D0AAA42,42207270,23741
2026-07-23,1906,VND091D0AAA42,42207270-1,5208
2026-07-23,1906,VND091D0AAA42,42439231,18384
2026-07-23,1906,VND091D0AAA42,42439232,20030
2026-07-23,1906,VND091D0AAA42,42449582,39226
2026-07-23,1906,VND091D0AAA42,42449595,26729
2026-07-23,1906,VND091D0AAA42,42449610,23955
2026-07-23,1906,VND091D0AAA42,42449612,22998
2026-07-23,1906,VND091D0AAA42,42449613,66694
2026-07-23,1906,VND091D0AAA42,42449634,23741
2026-07-23,1906,VND091D0AAA42,42449634-1,293
2026-07-23,1907,VND44D252EA0A,69141,35306
2026-07-23,1907,VND44D252EA0A,69143,48997
2026-07-23,1907,VND44D252EA0A,69145,275022
2026-07-23,1908,VND0BE18D292A,25-5192,15500
2026-07-23,1910,VND204E35F960,1740-00029-0005,268000
2026-07-23,1911,VNDDB8E0D5288,185879,288995
2026-07-23,1911,VNDDB8E0D5288,210341F,139722
2026-07-23,1911,VNDDB8E0D5288,210390F,232469
2026-07-23,1911,VNDDB8E0D5288,215019F,54665
2026-07-23,1911,VNDDB8E0D5288,216372F,48620
2026-07-23,1911,VNDDB8E0D5288,216509F,274616
2026-07-23,1912,VNDDB8E0D5288,216272F,34312
2026-07-23,1912,VNDDB8E0D5288,216348F,73008
2026-07-23,1912,VNDDB8E0D5288,216350F,36308
2026-07-23,1912,VNDDB8E0D5288,216444F,25300
2026-07-23,1912,VNDDB8E0D5288,216479F,2640
2026-07-23,1912,VNDDB8E0D5288,216530F,4345
2026-07-23,1913,VND9C38D74E0D,3753-M,185000
2026-07-23,1915,VND6DFE713957,910018584,434500
2026-07-23,1918,VND83EB49AFC7,2026-349,20000
2026-07-23,1919,VNDD7E2D1A272,4521446,419922
2026-07-23,1919,VNDD7E2D1A272,4523710,449400
2026-07-23,1920,VND9F19F8369B,3668520,50000
2026-07-23,1921,VND51F22A8064,B21410090,2972781
2026-07-23,1922,VND1CDC5A7959,010101600107001 0726,4240
2026-07-23,1922,VND1CDC5A7959,010101600176501 0726,17500
2026-07-23,1922,VND1CDC5A7959,010101600179602 0726,4452
2026-07-23,1922,VND1CDC5A7959,010101621001301 0726,4303
2026-07-23,1922,VND1CDC5A7959,010101621001401 0726,8457
2026-07-23,1922,VND1CDC5A7959,010101621001501 0726,16369
2026-07-23,1922,VND1CDC5A7959,010101621003301 0726,16050
2026-07-23,1922,VND1CDC5A7959,010101621008601 0726,4169496
2026-07-23,1922,VND1CDC5A7959,010101626000201 0726,5540
2026-07-23,1922,VND1CDC5A7959,010101626000301 0726,4240
2026-07-23,1922,VND1CDC5A7959,010121415046002 0626,15898
2026-07-23,1923,VNDA23FFF84E8,06-05-26 TO 07-07-26,780
2026-07-23,1924,VNDA23FFF84E8,020202005001702 0726,1559
2026-07-23,1924,VNDA23FFF84E8,020202005001802 0726,1559
2026-07-23,1924,VNDA23FFF84E8,020202006014801 0726,1559
2026-07-23,1924,VNDA23FFF84E8,020202006014901 0726,1559
2026-07-23,1924,VNDA23FFF84E8,020202006015201 0726,1559
2026-07-23,1924,VNDA23FFF84E8,020202006015301 0726,1559
2026-07-23,1924,VNDA23FFF84E8,020202006016102 0726,18003
2026-07-23,1924,VNDA23FFF84E8,020202006038202 0726,7335
2026-07-23,1924,VNDA23FFF84E8,020202006245902 0726,4379
2026-07-23,1924,VNDA23FFF84E8,020202006285802 0726,4680
2026-07-23,1924,VNDA23FFF84E8,020202032013902 0726,15501
2026-07-23,1924,VNDA23FFF84E8,020202032027302 0726,1588
2026-07-23,1925,VNDF384EA7B9B,508534082 a,11754
2026-07-23,1925,VNDF384EA7B9B,509074316,146505
2026-07-23,1925,VNDF384EA7B9B,509074317,8853
2026-07-23,1925,VNDF384EA7B9B,509074322,282327
2026-07-23,1926,VNDB2BF8720F9,41450,207000
2026-07-23,1926,VNDB2BF8720F9,41451,96750
2026-07-23,1926,VNDB2BF8720F9,41452,90000
2026-07-23,1926,VNDB2BF8720F9,41453,180000
2026-07-23,1926,VNDB2BF8720F9,41483,270000
2026-07-23,1926,VNDB2BF8720F9,41484,92250
2026-07-23,1926,VNDB2BF8720F9,41485,72000
2026-07-23,1926,VNDB2BF8720F9,41486,162000
2026-07-23,1927,VNDB6E53E1B51,22408,13200
2026-07-23,1928,VND1FC3787911,8014668135,52973
2026-07-23,1929,VND35AC20E27D,CBR070126,57000
2026-07-23,1930,VND38A054378D,INV48325,338739
2026-07-23,1930,VND38A054378D,INV49033,498875
2026-07-23,1931,VND11621ABC9D,1974622-1,5865
2026-07-23,1931,VND11621ABC9D,1974624-1,21850
2026-07-23,1932,VND7BC88FF2A0,394483BTR,136500
2026-07-23,1933,VND3381FE26A4,264343424-001,71200
2026-07-23,1933,VND3381FE26A4,264381570-001,53400
2026-07-23,1936,VND834CFEAF14,13482937,18000
2026-07-23,1936,VND834CFEAF14,13554045,60000
2026-07-23,1937,VNDF547188B60,3322892945,90747
2026-07-23,1938,VNDCEC2E6B4A3,9024410897,8000
2026-07-23,1938,VNDCEC2E6B4A3,9026553746,196120
2026-07-23,1939,VND3B79984E2F,0568840,173670
2026-07-23,1941,VND933DE78474,623310301,119972
2026-07-23,1942,VND8A09150EAA,005117074-2,11161150
2026-07-23,1944,VND8937A31C6C,209901181,129244
2026-07-23,1948,VND54884F02EF,INV001098,364711
2026-07-23,1951,VND8F2E9428E4,999102912676,3969000
2026-07-23,1952,VND7E7F8DD59B,50461 1,8333250
2026-07-23,1953,VNDFF4D34EB3D,56355,30635
2026-07-23,1953,VNDFF4D34EB3D,56356,248313
2026-07-23,1953,VNDFF4D34EB3D,56357,181765
2026-07-23,1954,VNDF2BD877ACB,70945405,1121900
2026-07-23,1955,VND60458584E2,MS63933,21830
2026-07-23,1956,VND86AF9EF14A,216014,109500
2026-07-23,1956,VND86AF9EF14A,216107,109500
2026-07-23,1956,VND86AF9EF14A,216109,109500
2026-07-23,1956,VND86AF9EF14A,2161108,109500
2026-07-23,1956,VND86AF9EF14A,216134,42500
2026-07-23,1956,VND86AF9EF14A,216135,42500
2026-07-23,1957,VNDC384CA4485,INV4279,3357000
2026-07-23,1958,VNDEE6A050C76,33GCI9133386,57543
2026-07-23,1959,VND5938F1A715,019651,63851
2026-07-23,1960,VND5C49AA2FB8,113147,29279
2026-07-23,1961,VNDA4E0964AF6,609353,99750
2026-07-23,1961,VNDA4E0964AF6,609545,78125
2026-07-23,1965,VND29B4FDCE4F,0004522,1337875
2026-07-23,1966,VND627F1548C9,INV241613,423958
2026-07-23,1967,VNDC6BA0E6FB6,313491,39500
2026-07-23,1969,VNDECFE069C91,30932,60732
2026-07-23,1969,VNDECFE069C91,30945,33233
2026-07-23,1970,VNDA53AAC0C02,SRVCE502222,46940
2026-07-23,1971,VND1938246EAA,6207,520000
2026-07-23,1972,VND122EEFF80B,26-0227,42100
2026-07-23,1973,VND03758085BE,216261497,109950
2026-07-23,1974,VND9B8486C03D,F1801114_8,1685000
2026-07-23,1975,VND834CFEAF14,13558913,55500
2026-07-23,1976,VND834CFEAF14,13566219,120000
2026-07-23,1977,VNDB0DE02BD22,2147284116-0626,51837
2026-07-23,1977,VNDB0DE02BD22,540492,1500
2026-07-23,1977,VNDB0DE02BD22,552960,1954
2026-07-23,1977,VNDB0DE02BD22,553190,1767
2026-07-23,1977,VNDB0DE02BD22,553237,1860
2026-07-23,1977,VNDB0DE02BD22,553302,1500
2026-07-23,1977,VNDB0DE02BD22,554181,1500
2026-07-23,1977,VNDB0DE02BD22,555048,1500
2026-07-23,1977,VNDB0DE02BD22,555333,1500
2026-07-23,1977,VNDB0DE02BD22,555590,4678
2026-07-23,1977,VNDB0DE02BD22,555591,1500
2026-07-23,1977,VNDB0DE02BD22,555592,6680
2026-07-23,1977,VNDB0DE02BD22,555889,2356
2026-07-23,1978,VNDB0DE02BD22,2147284095-6/2026,4169
2026-07-23,1979,VND3DF4C7BD78,EBR DT072026,300000
2026-07-23,1980,VNDE2590AFFCF,526626,146496
2026-07-23,1981,VNDA21584C98F,2027-092,1726400
2026-07-23,1983,VND528DA6DEBA,SI017007,2528636
2026-07-23,1984,VND4370C7B075,26-211-1,275000
2026-07-23,1985,VND2903DC5320,EBR-C146,15414281
2026-07-23,1986,VNDCEF95AC0D5,314954,6000
2026-07-23,1987,VND28BCE1135A,1258,100000
2026-07-23,1988,VNDC3DDDB01AC,95672,168206
2026-07-23,1989,VND12F07A3EFB,2375,636535
2026-07-23,1990,VNDBDC4259461,June 16-June30,708085
2026-07-23,1991,VNDF7FACDF303,3236,151400
2026-07-23,1992,VND35CFBAF7F5,1012,425000
2026-07-23,1993,VND82151F85A9,2221,98148
2026-07-23,1994,VND5D2F7D94EE,539621,167260
2026-07-23,1995,VND5CCC81D9D8,CO-2026-001,5000
2026-07-23,1996,VNDE630F862DF,CO-2026-001,15000
2026-07-23,1998,VND10D05A63C9,88034,308290
2026-07-23,1999,VNDA7EDB78222,EBRPSASG072026,58420
2026-07-23,2000,VND9593C3C369,CATBROS-1056,259500
2026-07-23,2001,VND69A2920FB6,2009,100000
2026-07-23,2002,VNDD50FB3F0E5,CO-2026-001,5000
2026-07-23,2003,VND408A9983F6,CO-2026-001,5000
2026-07-23,2004,VND8FDD9FCCDA,02,7500
2026-07-23,2005,VND85D6DC0960,759,260286
2026-07-23,2006,VNDF1D6437D4F,2026-127,150000
2026-07-23,2007,VNDCBC95A09E5,5231,678125
2026-07-23,2008,VNDA39FCA5D53,1-2,4000000
2026-07-23,2009,VND8C1C83646F,CO-2026-001,76000
2026-07-23,2010,VNDAC63C945ED,Joanne July 2026,8000
2026-07-23,7057,VNDDF1B535115,103729_07132026,344541
2026-07-23,7057,VNDDF1B535115,114740_07132026,80114
2026-07-23,7057,VNDDF1B535115,119160_07132026,4330
2026-07-23,7057,VNDDF1B535115,119180_07132026,39348
2026-07-23,7057,VNDDF1B535115,125827_07132026,10839
2026-07-23,7057,VNDDF1B535115,129141_07132026,32479
2026-07-23,7057,VNDDF1B535115,135244 - 7/26,43661
2026-07-23,7057,VNDDF1B535115,137519_07132026,126242
2026-07-23,7057,VNDDF1B535115,191154_07132026,867980
2026-07-23,7057,VNDDF1B535115,226600_07132026,435698
2026-07-23,7057,VNDDF1B535115,252261_07132026,519268
2026-07-23,7057,VNDDF1B535115,3419636_07132026,24945
2026-07-23,7057,VNDDF1B535115,3457037_07132026,10946
2026-07-23,7057,VNDDF1B535115,3487258_07132026,174678
2026-07-23,7058,VNDDF1B535115,119175_07082026,14778
2026-07-23,7059,VNDCB65AFB842,200399,64433
2026-07-23,7059,VNDCB65AFB842,200732A,319174
2026-07-23,7059,VNDCB65AFB842,201105,15819
2026-07-23,7059,VNDCB65AFB842,201106,105034
2026-07-23,7059,VNDCB65AFB842,201115,291918
2026-07-23,7060,VND1B00EE0682,Pay App 012 FEB2026,3333175
2026-07-23,7060,VND1B00EE0682,PayApp 012 APRIL2026,4611825
2026-07-23,7060,VND1B00EE0682,PayApp 012 MARCH2026,4370553
2026-07-23,7061,VNDB6D062A110,00002268,30020
2026-07-23,7062,VND440D42F5D7,PAY 7/11-24/2026,1575351
2026-07-23,7063,VNDCCCD2B28B4,14-2026,121140
2026-07-23,7064,VND9482CE1F7B,342565135-00001,164101
2026-07-23,7064,VND9482CE1F7B,6147538991,106434
2026-07-23,7064,VND9482CE1F7B,6147756773,185901
2026-07-23,7064,VND9482CE1F7B,6147946695,116029
2026-07-23,7064,VND9482CE1F7B,6147946696,337387
2026-07-23,7064,VND9482CE1F7B,6148313782,92554
2026-07-23,7064,VND9482CE1F7B,68491141,20739
2026-07-23,7065,VND9482CE1F7B,6148306423,32010
2026-07-23,7066,VND9482CE1F7B,6146908272,5212
2026-07-23,7066,VND9482CE1F7B,6147549436,161999
2026-07-23,7066,VND9482CE1F7B,6147883808,8060
2026-07-23,7066,VND9482CE1F7B,6148035930,19383
2026-07-23,7067,VND9482CE1F7B,6146882155,8002
2026-07-23,7068,VND9482CE1F7B,6147865749,28338
2026-07-23,7069,VND461E8AD674,55712,94636
2026-07-23,7069,VND461E8AD674,55850,19691
2026-07-23,7070,VND95C413CA63,9623,96000
2026-07-23,7071,VND4588B79C5B,025-553802,333500
2026-07-23,7071,VND4588B79C5B,025-554726,115420
2026-07-23,7071,VND4588B79C5B,025-556003,307400
2026-07-23,7071,VND4588B79C5B,025-556574,375000
2026-07-23,7072,VND9175A188BF,EBRDT071126,230769
2026-07-23,7073,VND84B17CD0BC,DB 4379501,35500
2026-07-23,7074,VND77BA284042,81893,50000
2026-07-23,7099,VND5AB7B02F1F,1201625,11204138
2026-07-23,7100,VND102D6D0EC6,9577,108550
2026-07-23,7101,VNDB780FD8B71,35713627-01,854500
2026-07-23,7102,VNDB21935E142,2110,445300
2026-07-23,7102,VNDB21935E142,2111,229000
2026-07-23,7103,VNDD463BC9E0E,26-12-064284,815580
2026-07-24,1002,VND51FE3633C9,2026-029 A and B,152100
2026-07-24,2061,VNDD4A7038084,587093,66000
2026-07-24,2061,VNDD4A7038084,589777,66000
2026-07-24,2061,VNDD4A7038084,589806,23246
2026-07-24,2062,VND7C59DB9399,133044,3850
2026-07-24,2063,VNDF4E4AE3EE5,JFOSTER070726,200000
2026-07-24,2064,VND0E9273449A,9366221017,15000
2026-07-24,2064,VND0E9273449A,9366221042,15000
2026-07-24,2064,VND0E9273449A,9366221074,15000
2026-07-24,2064,VND0E9273449A,9366221102,15000
2026-07-24,2064,VND0E9273449A,9366221114,15000
2026-07-24,2064,VND0E9273449A,9366221142,13050
2026-07-24,2065,VND312B4066D7,3272277,128280
2026-07-24,2065,VND312B4066D7,3272278,247569
2026-07-24,2066,VNDC03DE23B95,92501,65960
2026-07-24,2067,VND314D47574B,10021370986,371363
2026-07-24,2067,VND314D47574B,105008776927,3410
2026-07-24,2067,VND314D47574B,130007569224,30824
2026-07-24,2067,VND314D47574B,130007569798,3410
2026-07-24,2067,VND314D47574B,130007569799,3410
2026-07-24,2067,VND314D47574B,130007573169,212953
2026-07-24,2067,VND314D47574B,140007528156,3410
2026-07-24,2067,VND314D47574B,15009730490,3410
2026-07-24,2067,VND314D47574B,210006881008,612539
2026-07-24,2067,VND314D47574B,215008011614,8062
2026-07-24,2067,VND314D47574B,225007926188,3338
2026-07-24,2067,VND314D47574B,225007926189,3338
2026-07-24,2067,VND314D47574B,25009596690,95457
2026-07-24,2067,VND314D47574B,25009596691,37808
2026-07-24,2067,VND314D47574B,255007579385,176141
2026-07-24,2067,VND314D47574B,315006031897,4011948
2026-07-24,2067,VND314D47574B,40010394802,3722
2026-07-24,2067,VND314D47574B,445004863452,131996
2026-07-24,2067,VND314D47574B,475004716107,48587
2026-07-24,2067,VND314D47574B,480003757279,109944
2026-07-24,2067,VND314D47574B,55009320632,3410
2026-07-24,2067,VND314D47574B,55009320633,3338
2026-07-24,2067,VND314D47574B,55009322321,8281
2026-07-24,2067,VND314D47574B,70009341408,4732
2026-07-24,2067,VND314D47574B,70009356612,533
2026-07-24,2067,VND314D47574B,70009361167,11924
2026-07-24,2067,VND314D47574B,80009257023,38430
2026-07-24,2067,VND314D47574B,85009021567,17258
2026-07-24,2067,VND314D47574B,90009224028,235633
2026-07-24,2067,VND314D47574B,90009237333,3410
2026-07-24,2068,VNDC85484D068,0456-1262971,113276
2026-07-24,2068,VNDC85484D068,0456-1262973,107652
2026-07-24,2068,VNDC85484D068,0456-1264269,5600
2026-07-24,2069,VND74416F155F,96742,148600
2026-07-24,2070,VND0F82AF1081,6066466507,58137
2026-07-24,2070,VND0F82AF1081,6066526990,9577
2026-07-24,2071,VNDBFC0B28F1A,853783413.1,399601
2026-07-24,2071,VNDBFC0B28F1A,853801715,95920
2026-07-24,2071,VNDBFC0B28F1A,853856529,137092
2026-07-24,2072,VND5696B5D7DE,97350938,481
2026-07-24,2072,VND5696B5D7DE,97350940,238171
2026-07-24,2073,VND6A8F32B4F0,934403484,1756
2026-07-24,2074,VND29E5EEA4FC,5827,26050
2026-07-24,2074,VND29E5EEA4FC,5828,20500
2026-07-24,2075,VNDB41C7DE31B,15713071300101 0726,35722
2026-07-24,2078,VND4F67A130AA,0625-260248,5138
2026-07-24,2079,VNDC6FEA6D9A6,316038476,357425
2026-07-24,2080,VND332B7967A4,INV0276610,4338400
2026-07-24,2081,VND66205EC106,49426699,17637
2026-07-24,2081,VND66205EC106,49458047,14349
2026-07-24,2082,VNDE53A84EBC0,3999-7TR,200000
2026-07-24,2083,VND89370A1512,4176455,255616
2026-07-24,2083,VND89370A1512,4177010,42596
2026-07-24,2083,VND89370A1512,4177478,1726
2026-07-24,2084,VND091D0AAA42,42449555,38043
2026-07-24,2084,VND091D0AAA42,42449575,21976
2026-07-24,2085,VND091D0AAA42,42449614,11532
2026-07-24,2086,VNDA972CB00C4,1675308,4580
2026-07-24,2087,VND3DBF2AE1D7,07222026,17571487
2026-07-24,2088,VNDDB8E0D5288,211184F,26180
2026-07-24,2088,VNDDB8E0D5288,213097F,26180
2026-07-24,2088,VNDDB8E0D5288,213277F,5093
2026-07-24,2088,VNDDB8E0D5288,214425F,54665
2026-07-24,2088,VNDDB8E0D5288,215981F,112270
2026-07-24,2088,VNDDB8E0D5288,216270F,34383
2026-07-24,2088,VNDDB8E0D5288,216273F,33614
2026-07-24,2088,VNDDB8E0D5288,216307F,596
2026-07-24,2088,VNDDB8E0D5288,216352F,3000
2026-07-24,2089,VND7313FB7192,2366718042,228500
2026-07-24,2090,VND6D0FBDBD42,1021180,47039
2026-07-24,2090,VND6D0FBDBD42,1021346,118166
2026-07-24,2091,VND6DFE713957,910018337,638000
2026-07-24,2091,VND6DFE713957,910018586,77000
2026-07-24,2092,VND684C9F2E6A,ARIV1031232,59200
2026-07-24,2093,VND684C9F2E6A,3873,119990
2026-07-24,2093,VND684C9F2E6A,3874,340325
2026-07-24,2093,VND684C9F2E6A,3875,437412
2026-07-24,2093,VND684C9F2E6A,3876,326200
2026-07-24,2093,VND684C9F2E6A,3877,846144
2026-07-24,2093,VND684C9F2E6A,3878,226442
2026-07-24,2093,VND684C9F2E6A,3879,1294000
2026-07-24,2094,VND51F22A8064,B21414250,133485
2026-07-24,2095,VND732FC446A2,883155039,15988
2026-07-24,2096,VND1CDC5A7959,010105092000603 7/26,529281
2026-07-24,2097,VND1CDC5A7959,01010160000980803 72,4229
2026-07-24,2097,VND1CDC5A7959,010101600021102 726,5802
2026-07-24,2097,VND1CDC5A7959,010101600021501 0726,2500
2026-07-24,2097,VND1CDC5A7959,010101600047501 726,3006
2026-07-24,2097,VND1CDC5A7959,010101600049201 0726,5817
2026-07-24,2097,VND1CDC5A7959,010101600049301 0726,2625
2026-07-24,2097,VND1CDC5A7959,010101600058401 0726,5817
2026-07-24,2097,VND1CDC5A7959,010101600058501 0726,2625
2026-07-24,2097,VND1CDC5A7959,010101600070401 726,4028
2026-07-24,2097,VND1CDC5A7959,010101600070501 0726,4452
2026-07-24,2097,VND1CDC5A7959,010101600075301 726,4431
2026-07-24,2097,VND1CDC5A7959,010101600100802 0726,5817
2026-07-24,2097,VND1CDC5A7959,010101600115301 726,4399
2026-07-24,2097,VND1CDC5A7959,010101600116701 0726,5540
2026-07-24,2097,VND1CDC5A7959,010101600122001 0726,5540
2026-07-24,2097,VND1CDC5A7959,010101600124001 0726,2500
2026-07-24,2097,VND1CDC5A7959,010101600124601 726,5802
2026-07-24,2097,VND1CDC5A7959,010101600151901 0726,4240
2026-07-24,2097,VND1CDC5A7959,010101600152101 0726,2500
2026-07-24,2097,VND1CDC5A7959,010101600154101 726,5789
2026-07-24,2097,VND1CDC5A7959,010101600173101 0726,4452
2026-07-24,2097,VND1CDC5A7959,010101600188801 726,5802
2026-07-24,2097,VND1CDC5A7959,010101600191101 726,4240
2026-07-24,2097,VND1CDC5A7959,010101600196103 0726,4240
2026-07-24,2097,VND1CDC5A7959,010101600542001 0726,4240
2026-07-24,2097,VND1CDC5A7959,010101600552005 726,4028
2026-07-24,2097,VND1CDC5A7959,010101600596001 0726,3340
2026-07-24,2097,VND1CDC5A7959,010101621001801 0726,4301
2026-07-24,2097,VND1CDC5A7959,010101621005901 7/26,1806852
2026-07-24,2097,VND1CDC5A7959,010101621007301 6/26,22354
2026-07-24,2097,VND1CDC5A7959,010101621007501 0726,6232
2026-07-24,2097,VND1CDC5A7959,010101704300003 0726,4757
2026-07-24,2097,VND1CDC5A7959,010101705086302 0726,1180
2026-07-24,2097,VND1CDC5A7959,010101705116702 0726,1234
2026-07-24,2097,VND1CDC5A7959,010102360003302 726,6138
2026-07-24,2097,VND1CDC5A7959,010102380005001 726,6345
2026-07-24,2097,VND1CDC5A7959,010103090015901 0726,6539
2026-07-24,2097,VND1CDC5A7959,010103340002101 726,10049
2026-07-24,2097,VND1CDC5A7959,010103393003802 0726,74564
2026-07-24,2097,VND1CDC5A7959,0101033930091010726,28995
2026-07-24,2097,VND1CDC5A7959,010103393009201 0726,3017
2026-07-24,2097,VND1CDC5A7959,010103417009901 0726,3293
2026-07-24,2097,VND1CDC5A7959,010103707011702 0726,1234
2026-07-24,2097,VND1CDC5A7959,010103713014902 0726,4355
2026-07-24,2097,VND1CDC5A7959,010104370010102 0726,17265
2026-07-24,2097,VND1CDC5A7959,010104370010202 0726,12691
2026-07-24,2097,VND1CDC5A7959,010104372001002 0726,874
2026-07-24,2097,VND1CDC5A7959,010105091024901 0726,1180
2026-07-24,2097,VND1CDC5A7959,010105091025001 0726,18810
2026-07-24,2097,VND1CDC5A7959,010105346008002 0726,1180
2026-07-24,2097,VND1CDC5A7959,010105355000202 0726,1180
2026-07-24,2097,VND1CDC5A7959,010105399037301 0726,1180
2026-07-24,2097,VND1CDC5A7959,010105399041602 0726,1180
2026-07-24,2097,VND1CDC5A7959,010106706997607 0726,4330
2026-07-24,2097,VND1CDC5A7959,10101600658003 0726,5540
2026-07-24,2097,VND1CDC5A7959,10105092021402 0726,3224
2026-07-24,2098,VNDA23FFF84E8,020201003018001 0726,24971
2026-07-24,2098,VNDA23FFF84E8,020201004005602 0726,1632
2026-07-24,2098,VNDA23FFF84E8,020201004007002 0726,1632
2026-07-24,2098,VNDA23FFF84E8,020201004010002 0726,1632
2026-07-24,2098,VNDA23FFF84E8,020201011000402 0726,1632
2026-07-24,2098,VNDA23FFF84E8,020201029006302 0726,1559
2026-07-24,2098,VNDA23FFF84E8,020201060015701 0726,2500
2026-07-24,2098,VNDA23FFF84E8,020203009013802 0726,1632
2026-07-24,2098,VNDA23FFF84E8,020203009040402 0726,1632
2026-07-24,2098,VNDA23FFF84E8,020203009049802 0726,1632
2026-07-24,2098,VNDA23FFF84E8,020203009165602 0726,1559
2026-07-24,2098,VNDA23FFF84E8,020203013029702 0726,2102
2026-07-24,2098,VNDA23FFF84E8,020203013031102 0726,1632
2026-07-24,2098,VNDA23FFF84E8,020203013032402 0726,4452
2026-07-24,2098,VNDA23FFF84E8,020203013032702 0726,1632
2026-07-24,2098,VNDA23FFF84E8,020203034011201 0726,61742
2026-07-24,2098,VNDA23FFF84E8,020203034023602 0726,1632
2026-07-24,2098,VNDA23FFF84E8,020203034030202 0726,1588
2026-07-24,2098,VNDA23FFF84E8,20204019068603 0726,2325
2026-07-24,2098,VNDA23FFF84E8,20204019137202 726,1590
2026-07-24,2098,VNDA23FFF84E8,20205020014801 726,14129
2026-07-24,2099,VNDA581067C38,1337681,90300
2026-07-24,2100,VND37FA8BDFA8,Pay App 044- May2026,5954675
2026-07-24,2101,VND76E3D7943B,4417484.81026,3150
2026-07-24,2102,VND970F2DF807,STLM-LEVII-6162026,950000
2026-07-24,2103,VND4A253FE43E,20073,816448
2026-07-24,2103,VND4A253FE43E,20077,3035129
2026-07-24,2104,VND9E190E80D7,227751,29400
2026-07-24,2105,VND2D472FD508,0564524753,8700
2026-07-24,2106,VNDB96C4CC6D7,102-99458-01,2400
2026-07-24,2107,VND4EAEDD6122,8108-26,4000
2026-07-24,2107,VND4EAEDD6122,8113-26,18000
2026-07-24,2107,VND4EAEDD6122,8141-26,20000
2026-07-24,2108,VND24756D6469,A. BECK7/15/26 0014,961909
2026-07-24,2109,VND24756D6469,0426008338,570864
2026-07-24,2110,VND24756D6469,0526008381,716577
2026-07-24,2111,VND8D465452B5,6222656,550000
2026-07-24,2112,VNDB9C8D5A879,INV29371,329260
2026-07-24,2113,VNDEA6EC130C5,LFT0521,532000
2026-07-24,2114,VNDB0DE02BD22,2147284091-6/2026,3150
2026-07-24,2114,VNDB0DE02BD22,2147284124-JUNE2026,53879
2026-07-24,2114,VNDB0DE02BD22,552976,2000
2026-07-24,2114,VNDB0DE02BD22,552977,3752
2026-07-24,2114,VNDB0DE02BD22,556154,5880
2026-07-24,2114,VNDB0DE02BD22,556394,1500
2026-07-24,2114,VNDB0DE02BD22,556433,3811
2026-07-24,2114,VNDB0DE02BD22,556436,1250
2026-07-24,2114,VNDB0DE02BD22,556448,1800
2026-07-24,2114,VNDB0DE02BD22,556481,3514
2026-07-24,2114,VNDB0DE02BD22,556658,1500
2026-07-24,2114,VNDB0DE02BD22,556705,3032
2026-07-24,2115,VNDB0DE02BD22,2147284094-6/2026,3600
2026-07-24,2116,VNDB0DE02BD22,2147284097-6/2026,47700
2026-07-24,2117,VNDB0DE02BD22,2147284114-6/2026,83537
2026-07-24,2118,VNDB0DE02BD22,2147284118-6/2026,66017
2026-07-24,2119,VND4A591C435A,2693,15000
2026-07-24,2119,VND4A591C435A,2695,25168
2026-07-24,2119,VND4A591C435A,2696,91207
2026-07-24,2119,VND4A591C435A,2697,6500
2026-07-24,2119,VND4A591C435A,2699,42485
2026-07-24,2120,VND4999DA36F9,BTR 0015,113850
2026-07-24,2121,VND596B9D1989,88085,40000
2026-07-24,2122,VND10C75672B6,INVPRA11273154,192192
2026-07-24,2123,VND084779280B,1205,230000
2026-07-24,2124,VNDF8A0858D46,1423 MAY 2026,2069250
2026-07-24,2125,VND8BE9B93341,28479,830731
2026-07-24,2126,VND8BF40506B0,INV-507130,850000
2026-07-24,2127,VND6DF20D240E,230155,120000
2026-07-24,2127,VND6DF20D240E,230156,159661
2026-07-24,2127,VND6DF20D240E,230922,189431
2026-07-24,2128,VND1DFF25D4F5,260200257,1560000
2026-07-24,2129,VNDAF32B574E8,Draw 559,158297
2026-07-24,2130,VND04A1F8335B,1-20332,31760
2026-07-24,2131,VND0FF7E70DAB,P0660607,86606
2026-07-24,2131,VND0FF7E70DAB,P0660707,28920
2026-07-24,2132,VNDF64BBA5A1F,KC072426,200000
2026-07-24,2133,VNDD5600C40A3,061026A,157900
2026-07-24,2134,VNDD87DEFF562,30,738381
2026-07-24,2135,VND0F5E18F30D,35280,197900
2026-07-24,2136,VND2936D6358D,058,2200000
2026-07-24,2137,VNDFEC6D29A9D,2212,1175000
2026-07-24,2138,VND1666742C13,INV4792,176613
2026-07-24,2138,VND1666742C13,INV4795,172497
2026-07-24,2139,VNDD9BDA6A543,PAY APP#7,16724931
2026-07-24,2140,VND09677EE4A0,8982,48250
2026-07-24,2141,VNDE9778B7890,26-2824,1326460
2026-07-24,2142,VND392B7C2761,PAY APP#1,20492200
2026-07-24,2143,VNDFF28B7A59E,2026,1500000
2026-07-24,2144,VND6E8879BB31,T1191416-FINAL,95500
2026-07-24,5035,VNDE960709B38,CR2607245731,1360
2026-07-24,5036,VNDE960709B38,CR2607245732,1424
2026-07-24,5037,VNDE960709B38,CR2607245733,1392
2026-07-24,5038,VNDE960709B38,CR2607245734,1520
2026-07-24,5039,VNDE960709B38,CR2607245735,1392
2026-07-24,5040,VNDE960709B38,CR2607245736,1712
2026-07-24,5041,VNDE960709B38,CR2607245737,1712
2026-07-24,5042,VNDE960709B38,CR2607245738,1616
2026-07-24,5043,VNDE960709B38,CR2607245739,1328
2026-07-24,5044,VNDE960709B38,CR2607245740,1744
2026-07-24,5045,VNDE960709B38,CR2607245741,1552
2026-07-24,5046,VNDE960709B38,CR2607245742,1616
2026-07-24,5047,VNDE960709B38,CR2607245743,1648
2026-07-24,5048,VNDE960709B38,CR2607245744,1776
2026-07-24,5049,VNDE960709B38,CR2607245745,1616
2026-07-24,5050,VNDE960709B38,CR2607245746,1616
2026-07-24,5051,VNDE960709B38,CR2607245747,1296
2026-07-24,5052,VNDE960709B38,CR2607245748,1360
2026-07-24,5053,VNDE960709B38,CR2607245749,1296
2026-07-24,5054,VNDE960709B38,CR2607245750,1616
2026-07-24,5055,VNDE960709B38,CR2607245751,1776
2026-07-24,5056,VNDE960709B38,CR2607245752,1296
2026-07-24,5057,VNDE960709B38,CR2607245753,1520
2026-07-24,5058,VNDE960709B38,CR2607245754,1744
2026-07-24,5059,VNDE960709B38,CR2607245755,1616
2026-07-24,5060,VNDE960709B38,CR2607245756,1520
2026-07-24,5061,VNDE960709B38,CR2607245757,1392
2026-07-24,5062,VNDE960709B38,CR2607245758,1520
2026-07-24,5063,VNDE960709B38,CR2607245759,1872
2026-07-24,5064,VNDE960709B38,CR2607245760,1776
2026-07-24,5065,VNDE960709B38,CR2607245761,1520
2026-07-24,5066,VNDE960709B38,CR2607245762,1616
2026-07-24,5067,VNDE960709B38,CR2607245763,1520
2026-07-24,5068,VNDE960709B38,CR2607245764,1360
2026-07-24,5069,VNDE960709B38,CR2607245765,1264
2026-07-24,5070,VNDE960709B38,CR2607245766,1776
2026-07-24,5071,VNDE960709B38,CR2607245767,1424
2026-07-24,5072,VNDE960709B38,CR2607245768,1552
2026-07-24,5073,VNDE960709B38,CR2607245769,1680
2026-07-24,5074,VNDE960709B38,CR2607245770,1456
2026-07-24,5075,VNDE960709B38,CR2607245771,1744
2026-07-24,5076,VNDE960709B38,CR2607245772,1648
2026-07-24,5077,VNDE960709B38,CR2607245773,1552
2026-07-24,5078,VNDE960709B38,CR2607245774,1584
2026-07-24,5079,VNDE960709B38,CR2607245775,1936
2026-07-24,5080,VNDE960709B38,CR2607245776,1712
2026-07-24,5081,VNDE960709B38,CR2607245777,1488
2026-07-24,5082,VNDE960709B38,CR2607245778,1776
2026-07-24,5083,VNDE960709B38,CR2607245779,1456
2026-07-24,5084,VNDE960709B38,CR2607245780,1616
2026-07-24,5085,VNDE960709B38,CR2607245781,1520
2026-07-24,5086,VNDE960709B38,CR2607245782,1584
2026-07-24,5087,VNDE960709B38,CR2607245783,1456
2026-07-24,5088,VNDE960709B38,CR2607245784,1392
2026-07-24,5089,VNDE960709B38,CR2607245785,1616
2026-07-24,5090,VNDE960709B38,CR2607245786,1360
2026-07-24,5091,VNDE960709B38,CR2607245787,1648
2026-07-24,5092,VNDE960709B38,CR2607245788,1616
2026-07-24,5093,VNDE960709B38,CR2607245789,1776
2026-07-24,5094,VNDE960709B38,CR2607245790,1392
2026-07-24,5095,VNDE960709B38,CR2607245791,1488
2026-07-24,5096,VNDE960709B38,CR2607245792,1520
2026-07-24,5097,VNDE960709B38,CR2607245793,1264
2026-07-24,5098,VNDE960709B38,CR2607245794,1744
2026-07-24,5099,VNDE960709B38,CR2607245795,1552
2026-07-24,5100,VNDE960709B38,CR2607245796,1616
2026-07-24,5101,VNDE960709B38,CR2607245797,1584
2026-07-24,5102,VNDE960709B38,CR2607245798,1520
2026-07-24,5103,VNDE960709B38,CR2607245799,1776
2026-07-24,5104,VNDE960709B38,CR2607245800,1392
2026-07-24,5105,VNDE960709B38,CR2607245801,1520
2026-07-24,5106,VNDE960709B38,CR2607245802,1712
2026-07-24,5107,VNDE960709B38,CR2607245803,1552
2026-07-24,5108,VNDE960709B38,CR2607245804,1552
2026-07-24,5109,VNDE960709B38,CR2607245805,1744
2026-07-24,5110,VNDE960709B38,CR2607245806,1712
2026-07-24,5111,VNDE960709B38,CR2607245807,1424
2026-07-24,5112,VNDE960709B38,CR2607245808,1584
2026-07-24,5113,VNDE960709B38,CR2607245809,1520
2026-07-24,5114,VNDE960709B38,CR2607245810,1552
2026-07-24,5115,VNDE960709B38,CR2607245811,1968
2026-07-24,5116,VNDE960709B38,CR2607245812,1776
2026-07-24,5117,VNDE960709B38,CR2607245813,1520
2026-07-24,5118,VNDE960709B38,CR2607245814,1648
2026-07-24,5119,VNDE960709B38,CR2607245815,1552
2026-07-24,5120,VNDE960709B38,CR2607245816,1520
2026-07-24,5121,VNDE960709B38,CR2607245817,3076
2026-07-24,5122,VNDE960709B38,CR2607245818,2756
2026-07-24,5123,VNDE960709B38,CR2607245819,3044
2026-07-24,5124,VNDE960709B38,CR2607245820,3140
2026-07-24,5125,VNDE960709B38,CR2607245821,2916
2026-07-24,5126,VNDE960709B38,CR2607245822,2852
2026-07-24,5127,VNDE960709B38,CR2607245823,3044
2026-07-24,5128,VNDE960709B38,CR2607245824,2692
2026-07-24,5129,VNDE960709B38,CR2607245825,3076
2026-07-24,5130,VNDE960709B38,CR2607245826,2756
2026-07-24,5131,VNDE960709B38,CR2607245827,2756
2026-07-24,5132,VNDE960709B38,CR2607245828,2820
2026-07-24,7104,VND0ADEE8CD25,215155-11,6581600
2026-07-24,7105,VND0A7D5F3033,PPE 7/29/2026,4274747
2026-07-24,7106,VNDFD347103B9,9885218365,72000
2026-07-24,7107,VNDCEFA085809,PPE 7/08/26-7/21/26,1910244
2026-07-24,7108,VNDAC0EDAD3E7,26-07231,2769231
2026-07-24,7109,VNDC3D6FED9D4,2108,100000
2026-07-24,7110,VNDA7D1322056,Pay App 030 June2026,2539578
2026-07-24,7111,VND3397F001DF,3291847,12000000
2026-07-24,7112,VND8F96DC27D8,0626,477600
2026-07-24,7113,VND652D56DC0E,Draw 555,266800
2026-07-24,7113,VND652D56DC0E,Draw 556,543600
2026-07-24,7113,VND652D56DC0E,Draw 557,205000
2026-07-24,7114,VNDDC2DA6C913,1170,483000
2026-07-24,7115,VND56A80F7BB2,007,125000
2026-07-27,5133,VNDE960709B38,CR2607275829,1936
2026-07-27,5134,VNDE960709B38,CR2607275830,1584
2026-07-27,5135,VNDE960709B38,CR2607275831,1552
2026-07-27,5136,VNDE960709B38,CR2607275832,1520
2026-07-27,5137,VNDE960709B38,CR2607275833,1584
2026-07-27,5138,VNDE960709B38,CR2607275834,1776
2026-07-27,5139,VNDE960709B38,CR2607275835,1616
2026-07-27,5140,VNDE960709B38,CR2607275836,1936
2026-07-27,5141,VNDE960709B38,CR2607275837,1488
2026-07-27,5142,VNDE960709B38,CR2607275838,1296
2026-07-27,5143,VNDE960709B38,CR2607275839,1808
2026-07-27,5144,VNDE960709B38,CR2607275840,1776
2026-07-27,5145,VNDE960709B38,CR2607275841,1520
2026-07-27,5146,VNDE960709B38,CR2607275842,1776
2026-07-27,5147,VNDE960709B38,CR2607275843,1296
2026-07-27,5148,VNDE960709B38,CR2607275844,1392
2026-07-27,5149,VNDE960709B38,CR2607275845,1392
2026-07-27,5150,VNDE960709B38,CR2607275846,1456
2026-07-28,2145,VNDAD371834F3,404151,678100
2026-07-28,2145,VNDAD371834F3,404665,89700
2026-07-28,2145,VNDAD371834F3,404968,31600
2026-07-28,2146,VNDAD371834F3,404543,2900
2026-07-28,2147,VND194891F3F9,01502915,16442
2026-07-28,2148,VNDEBD9EC9CF9,Inv487586,21868
2026-07-28,2150,VND0E9273449A,4275426711,1805
2026-07-28,2150,VND0E9273449A,4275503248,24782
2026-07-28,2150,VND0E9273449A,5346308106,3092
2026-07-28,2151,VND314D47574B,125008688135,3411
2026-07-28,2151,VND314D47574B,170007470271,113144
2026-07-28,2151,VND314D47574B,190007698572,3338
2026-07-28,2151,VND314D47574B,2026513880,1195254
2026-07-28,2151,VND314D47574B,230006948487,4063
2026-07-28,2151,VND314D47574B,240006925767,31564
2026-07-28,2151,VND314D47574B,250006953204,34757
2026-07-28,2151,VND314D47574B,250006953205,42738
2026-07-28,2151,VND314D47574B,250006953206,42027
2026-07-28,2151,VND314D47574B,250006953212,105047
2026-07-28,2151,VND314D47574B,310005141866,102117
2026-07-28,2151,VND314D47574B,35009461173,6426
2026-07-28,2151,VND314D47574B,440003713883,1352
2026-07-28,2151,VND314D47574B,470003747834,9418
2026-07-28,2151,VND314D47574B,475004716106,35395
2026-07-28,2151,VND314D47574B,475004716108,139213
2026-07-28,2151,VND314D47574B,495004562430,241198
2026-07-28,2152,VNDB238A0E07A,1385,304000
2026-07-28,2153,VND88879B21FB,0032068,2849600
2026-07-28,2154,VND0F82AF1081,068524441,2739
2026-07-28,2154,VND0F82AF1081,6058672009,92224
2026-07-28,2154,VND0F82AF1081,6065734073,7257
2026-07-28,2154,VND0F82AF1081,6065933020,26615
2026-07-28,2154,VND0F82AF1081,6066592626,595
2026-07-28,2154,VND0F82AF1081,6067209998,57092
2026-07-28,2154,VND0F82AF1081,6067221230,16229
2026-07-28,2154,VND0F82AF1081,6067526471,10448
2026-07-28,2154,VND0F82AF1081,6067534086,2658
2026-07-28,2154,VND0F82AF1081,6068553966,14203
2026-07-28,2154,VND0F82AF1081,6068553969,22612
2026-07-28,2154,VND0F82AF1081,6068668071,30654
2026-07-28,2154,VND0F82AF1081,6068683064,10060
2026-07-28,2154,VND0F82AF1081,6068683065,2589
2026-07-28,2154,VND0F82AF1081,6068683066,2589
2026-07-28,2154,VND0F82AF1081,6068742608,23814
2026-07-28,2154,VND0F82AF1081,6068772744,34342
2026-07-28,2154,VND0F82AF1081,6069021421,2899
2026-07-28,2154,VND0F82AF1081,6069227208,651
2026-07-28,2155,VND0F82AF1081,6068513102,80176
2026-07-28,2157,VNDC1841126F5,10077,1200
2026-07-28,2158,VNDAD36288E2C,1283686,7600
2026-07-28,2159,VND2A7CD71C7F,19321,335000
2026-07-28,2160,VND8AA7C5834A,9975028227,1948
2026-07-28,2160,VND8AA7C5834A,9975829962,3562
2026-07-28,2161,VND6A8F32B4F0,938209982,2025
2026-07-28,2162,VNDD04F233407,6128858,4990
2026-07-28,2163,VND06BF67CABA,353,250000
2026-07-28,2164,VNDCCD745E802,242487,115400
2026-07-28,2165,VND433C3F329B,C30250,352252
2026-07-28,2166,VND06BF116A0E,1502303,1651000
2026-07-28,2167,VND0B5695E700,06F8750261222,12363
2026-07-28,2168,VND2001AF358E,#1 2026,50000
2026-07-28,2169,VND091D0AAA42,39629400REV,9998
2026-07-28,2169,VND091D0AAA42,41690376,29820
2026-07-28,2169,VND091D0AAA42,41947528,30171
2026-07-28,2169,VND091D0AAA42,42207253,29322
2026-07-28,2169,VND091D0AAA42,42449564,35037
2026-07-28,2169,VND091D0AAA42,42449589,20872
2026-07-28,2169,VND091D0AAA42,42449600,14653
2026-07-28,2169,VND091D0AAA42,42449622,27001
2026-07-28,2169,VND091D0AAA42,42449633,23268
2026-07-28,2170,VND091D0AAA42,42449581,33011
2026-07-28,2171,VND091D0AAA42,42449601,13535
2026-07-28,2172,VND091D0AAA42,42449602,29176
2026-07-28,2173,VND618F918C06,C-3980,60000
2026-07-28,2173,VND618F918C06,C-3994,60000
2026-07-28,2174,VND44D252EA0A,69258,75500
2026-07-28,2175,VNDDB8E0D5288,186495,252727
2026-07-28,2175,VNDDB8E0D5288,187710,133784
2026-07-28,2176,VND021504B4CB,91011049086,5614900
2026-07-28,2177,VND0D07791E90,INV01084612,142280
2026-07-28,2177,VND0D07791E90,INV01099686,182400
2026-07-28,2178,VND6DFE713957,910018580,225000
2026-07-28,2178,VND6DFE713957,910018581,909709
2026-07-28,2178,VND6DFE713957,910018583,16500
2026-07-28,2178,VND6DFE713957,910018587,93500
2026-07-28,2178,VND6DFE713957,910018708,3118500
2026-07-28,2180,VNDDA326533DE,0370085780 7/8/26,8549
2026-07-28,2181,VNDCF0FD8E995,20261948-417,373975
2026-07-28,2182,VND14552CC8D8,261025,80000
2026-07-28,2183,VNDFBB8135EB9,397220,791800
2026-07-28,2184,VNDB9D8340DFA,257191,1054000
2026-07-28,2185,VND082D237EBF,227002154-26,903026
2026-07-28,2185,VND082D237EBF,227002170-26,920384
2026-07-28,2186,VND1CDC5A7959,010101600762002 7/26,4452
2026-07-28,2186,VND1CDC5A7959,010101600764002 7/26,10500
2026-07-28,2186,VND1CDC5A7959,010101621001701 7/26,8902
2026-07-28,2187,VNDA23FFF84E8,020201625000101 0726,31692
2026-07-28,2187,VNDA23FFF84E8,020201625000401 0726,71724
2026-07-28,2187,VNDA23FFF84E8,020204019025402 0726,24505
2026-07-28,2187,VNDA23FFF84E8,020204019074402 0726,2281
2026-07-28,2187,VNDA23FFF84E8,020204025005401 0726,21933
2026-07-28,2187,VNDA23FFF84E8,020205016025802 0726,4379
2026-07-28,2187,VNDA23FFF84E8,020205020018501 0726,1559
2026-07-28,2187,VNDA23FFF84E8,020205022001602 0726,1559
2026-07-28,2187,VNDA23FFF84E8,020205068045501 0726,1559
2026-07-28,2187,VNDA23FFF84E8,020205068068701 0726,1559
2026-07-28,2187,VNDA23FFF84E8,020205068070601 0726,1559
2026-07-28,2187,VNDA23FFF84E8,020205068097901 0726,1561
2026-07-28,2187,VNDA23FFF84E8,020205068101701 0726,1559
2026-07-28,2187,VNDA23FFF84E8,02020801822210 0726,8437
2026-07-28,2188,VND192E49B381,19181189,1867500
2026-07-28,2188,VND192E49B381,19181237,2203625
2026-07-28,2189,VNDE4971BCC6F,9212893926,6756480
2026-07-28,2190,VND20AC6F3E34,2026-0020AL,122500
2026-07-28,2191,VND3381FE26A4,264384104-001,2178000
2026-07-28,2194,VND2107EBF7A3,14147,178890
2026-07-28,2194,VND2107EBF7A3,477355,187419
2026-07-28,2195,VND5CBDCF39D4,06BLC-2026,46375
2026-07-28,2195,VND5CBDCF39D4,06RL-2026,91875
2026-07-28,2196,VND7ED3DD0CD0,3111,560000
2026-07-28,2197,VND6D309C34A6,25ABC-000531A,19320
2026-07-28,2198,VNDC3733139E5,6222026,100625
2026-07-28,2199,VNDC1B4990CC4,24509,46000
2026-07-28,2199,VNDC1B4990CC4,24526,119000
2026-07-28,2199,VNDC1B4990CC4,24527,104500
2026-07-28,2199,VNDC1B4990CC4,24541,15000
2026-07-28,2200,VNDDAC78BDDD9,194763,12087
2026-07-28,2201,VND01F38E133D,22BR031456,9563
2026-07-28,2201,VND01F38E133D,24-BR-212313,8500
2026-07-28,2201,VND01F38E133D,25-CR-173877S 7-20,11687
2026-07-28,2201,VND01F38E133D,26-CR-157268S,12750
2026-07-28,2202,VND2389DF337C,Pay App 119,4686339
2026-07-28,2203,VNDFE8F60FD73,28466,468318
2026-07-28,2204,VND5938F1A715,019692,181688
2026-07-28,2205,VND9E12B58B13,6708761,103626
2026-07-28,2206,VND9EBDF1C255,071526.1,6000
2026-07-28,2207,VND4CE022C8E8,88991,26900
2026-07-28,2208,VND7318C7CBBA,20-BR-076190,8971
2026-07-28,2208,VND7318C7CBBA,26-CR-112274S,8972
2026-07-28,2209,VND60556E9295,22122215,299326
2026-07-28,2210,VNDA99F80A5B7,07242026OJJ,300000
2026-07-28,2211,VNDB0DE02BD22,556143,3988
2026-07-28,2211,VNDB0DE02BD22,556144,6488
2026-07-28,2212,VNDD1F7DEE740,July2026,166666
2026-07-28,2213,VND42D869B48C,15176,114252
2026-07-28,2214,VND0C4ECF6D90,53944277,35000
2026-07-28,2214,VND0C4ECF6D90,53989928,10500
2026-07-28,2214,VND0C4ECF6D90,53989940,7500
2026-07-28,2215,VND880EB9064F,162488,37350
2026-07-28,2216,VNDB5429FBD82,RI-5178,108800
2026-07-28,2217,VNDD5069C475A,2129966 R.1,81888
2026-07-28,2218,VNDC81AEDF052,4289656-5,336500
2026-07-28,2219,VND6DF20D240E,230412,504408
2026-07-28,2220,VND0FF7E70DAB,P0665507,1910800
2026-07-28,2221,VND496C844693,0000025235,999500
2026-07-28,2222,VND5D2F7D94EE,541095,33262
2026-07-28,2223,VND397CBDAB9F,3679-1196,159000
2026-07-28,2224,VND1666742C13,INV4788,153289
2026-07-28,2224,VND1666742C13,INV4796,153289
2026-07-28,2225,VNDAEE190FABF,2026067104,45000
2026-07-28,2225,VNDAEE190FABF,2026067108,45000
2026-07-28,2226,VND8F3342CA35,007232026,72000
2026-07-28,2227,VNDCE0D49871A,UNIT P2133,368178
2026-07-28,2229,VND4A0C035C75,13384,2700000
2026-07-28,2230,VND7950E84960,062626,27500
2026-07-28,2231,VND805EDFFE6A,6/24/26 R COWELL,85000
2026-07-28,2233,VND6E8879BB31,PEBR4A2607559F7-0001,335819
2026-07-28,2234,VND6E8879BB31,PEBR4A2604HKF4K-0001,84240
2026-07-28,2235,VND6E8879BB31,PEBR4A2604DFHB2-0001,72920
2026-07-28,2236,VND6E8879BB31,PEBR4A26076640K-0001,216350
2026-07-28,2237,VND6E8879BB31,PEBR4A2603VXLX6-0001,990000
2026-07-28,7116,VND871C0D59DE,10878948667,9764
2026-07-28,7117,VNDDF1B535115,123513 07202026,32005
2026-07-28,7117,VNDDF1B535115,123514  07172026,27159
2026-07-28,7118,VND96E81D06D8,0034,930048
2026-07-28,7119,VND08E2AF2030,219003,352740
2026-07-28,7120,VNDBC4CEAB09B,PPE 7/24/26,3626726
2026-07-28,7121,VNDD63893FA83,PPE 7/11-24/26,1510792
2026-07-28,7122,VNDB6D062A110,5711068534101JUL2026,22168
2026-07-28,7122,VNDB6D062A110,DREAMPROJMADEJUN2026,216000
2026-07-28,7122,VNDB6D062A110,MENAPROJMADEJUN2026,92000
2026-07-28,7123,VND291C15549B,261990000442,121959357
2026-07-28,7124,VND45769F3877,CIN470035196,1177470
2026-07-28,7125,VND9482CE1F7B,603000081371,124687
2026-07-28,7126,VND555D2B5787,8930,369375
2026-07-28,7127,VND0E849C8CBC,2026072401,15684
2026-07-28,7127,VND0E849C8CBC,EBRCOR PPE072426,6034017
2026-07-28,7128,VNDBCB6A39BA1,EBRPSA-FINAL,75500
2026-07-28,7129,VND7A343D77D6,322253,412500
2026-07-28,7130,VND99DF1D1186,00104624,56244
2026-07-28,7131,VND7023A7F8AF,202602,400000
2026-07-28,7131,VND7023A7F8AF,202603,400000
2026-07-28,7131,VND7023A7F8AF,202604,400000
2026-07-28,7132,VNDADEDE9CC9A,PAM-EW-07.18.2026,30000
2026-07-28,7133,VND0E2E5E838C,INV159572,25512
2026-07-28,7134,VND1C495F13FB,07/31/26-PRIDE,182966
2026-07-28,7135,VND147A10411B,Sup/Materials  Jun,148758
2026-07-28,7136,VND444B5F3D5E,2607207,655000
2026-07-28,7137,VNDF5B14A47CA,904,434266
2026-07-28,7137,VNDF5B14A47CA,982,466616
2026-07-28,7138,VNDADF61B35CC,EBRSB07242026,96000
2026-07-28,7139,VND4D11714756,March 1-30  2026,1287084
2026-07-28,7140,VND710C15C9F4,20267,337500
2026-07-29,2273,VNDBDC4259461,CROSAMI7TKT1 REIM.,68250
2026-07-29,7148,VND147A10411B,Facility Expense Jun,209726
2026-07-29,7148,VND147A10411B,Outreach June26,350000
2026-07-29,7149,VND147A10411B,Youth Stipends,862500
2026-07-30,2274,VND7EF81FE66F,83928,329890
2026-07-30,2275,VNDD4A7038084,42529797,155698
2026-07-30,2276,VND7C59DB9399,132993,59030
2026-07-30,2276,VND7C59DB9399,133113,81200
2026-07-30,2277,VNDBA5885C4A6,57799,17935
2026-07-30,2277,VNDBA5885C4A6,57924,5599
2026-07-30,2277,VNDBA5885C4A6,57928,51021
2026-07-30,2278,VNDAD371834F3,402346,358800
2026-07-30,2278,VNDAD371834F3,404317,113400
2026-07-30,2278,VNDAD371834F3,404429,68700
2026-07-30,2278,VNDAD371834F3,404456,27800
2026-07-30,2278,VNDAD371834F3,404457,38700
2026-07-30,2278,VNDAD371834F3,404459,158700
2026-07-30,2278,VNDAD371834F3,404460,146400
2026-07-30,2278,VNDAD371834F3,404461,98400
2026-07-30,2278,VNDAD371834F3,404466,53700
2026-07-30,2278,VNDAD371834F3,404511,53700
2026-07-30,2279,VND608BF9B3D8,178496,12724
2026-07-30,2279,VND608BF9B3D8,180874,58790
2026-07-30,2279,VND608BF9B3D8,183525,304128
2026-07-30,2279,VND608BF9B3D8,185089,49830
2026-07-30,2279,VND608BF9B3D8,186953,31190
2026-07-30,2279,VND608BF9B3D8,188142,7352
2026-07-30,2279,VND608BF9B3D8,188833,92511
2026-07-30,2279,VND608BF9B3D8,189093,21842
2026-07-30,2279,VND608BF9B3D8,189174,4844
2026-07-30,2279,VND608BF9B3D8,189221,89217
2026-07-30,2279,VND608BF9B3D8,189620,2451
2026-07-30,2279,VND608BF9B3D8,189661,133697
2026-07-30,2279,VND608BF9B3D8,189666,17160
2026-07-30,2279,VND608BF9B3D8,190494,58200
2026-07-30,2279,VND608BF9B3D8,190658,5159
2026-07-30,2279,VND608BF9B3D8,190959,52866
2026-07-30,2279,VND608BF9B3D8,190991,6457
2026-07-30,2279,VND608BF9B3D8,192039,41301
2026-07-30,2279,VND608BF9B3D8,192777,250050
2026-07-30,2279,VND608BF9B3D8,193089,48232
2026-07-30,2279,VND608BF9B3D8,193918,177114
2026-07-30,2279,VND608BF9B3D8,194200,30470
2026-07-30,2279,VND608BF9B3D8,194203,60675
2026-07-30,2279,VND608BF9B3D8,CM120428,-12366
2026-07-30,2279,VND608BF9B3D8,CM130536C,-4900
2026-07-30,2279,VND608BF9B3D8,CM168179,-15000
2026-07-30,2279,VND608BF9B3D8,CM175480,-7500
2026-07-30,2279,VND608BF9B3D8,CM182972,-64416
2026-07-30,2280,VND65E111ABA4,7/15/26,101500
2026-07-30,2281,VNDA610CB7675,240834,2048
2026-07-30,2282,VNDAD0128DBE2,105601,1807039
2026-07-30,2283,VND37530FC813,142204,166430
2026-07-30,2284,VNDFA0267DB49,15828,12736
2026-07-30,2284,VNDFA0267DB49,15831,191029
2026-07-30,2284,VNDFA0267DB49,15832,76490
2026-07-30,2285,VND194891F3F9,01498300,10466
2026-07-30,2285,VND194891F3F9,01503055,66231
2026-07-30,2286,VND3D57A41404,528259,63000
2026-07-30,2286,VND3D57A41404,528263,38500
2026-07-30,2287,VND314B84DB92,498963 6/9/2026,30256
2026-07-30,2288,VND314B84DB92,IN260177,47199
2026-07-30,2289,VND55723888F8,1260702590,41958331
2026-07-30,2290,VND0E9273449A,4274490365,39072
2026-07-30,2290,VND0E9273449A,4274898833,379
2026-07-30,2290,VND0E9273449A,4274898855,7550
2026-07-30,2290,VND0E9273449A,4275147661,39072
2026-07-30,2290,VND0E9273449A,4275745860,379
2026-07-30,2290,VND0E9273449A,4275745891,7550
2026-07-30,2290,VND0E9273449A,4276164108,1805
2026-07-30,2290,VND0E9273449A,4276320324,24782
2026-07-30,2290,VND0E9273449A,4276487654,379
2026-07-30,2290,VND0E9273449A,4276487657,7550
2026-07-30,2290,VND0E9273449A,5344880905,43167
2026-07-30,2290,VND0E9273449A,5347575802,34670
2026-07-30,2290,VND0E9273449A,5348710410,9991
2026-07-30,2291,VND0E9273449A,4265104583,33133
2026-07-30,2291,VND0E9273449A,4265821896,35992
2026-07-30,2291,VND0E9273449A,4265990094,33133
2026-07-30,2291,VND0E9273449A,4266734732,32378
2026-07-30,2291,VND0E9273449A,4267413126,32448
2026-07-30,2291,VND0E9273449A,4271001396,4398
2026-07-30,2291,VND0E9273449A,4271001780,30314
2026-07-30,2291,VND0E9273449A,4271248222,3378
2026-07-30,2291,VND0E9273449A,4271248492,33398
2026-07-30,2291,VND0E9273449A,4271413541,5143
2026-07-30,2291,VND0E9273449A,4271413673,31179
2026-07-30,2291,VND0E9273449A,4271573321,11455
2026-07-30,2291,VND0E9273449A,4271573612,35137
2026-07-30,2291,VND0E9273449A,4271841293,4398
2026-07-30,2291,VND0E9273449A,4271841330,30314
2026-07-30,2291,VND0E9273449A,4271912617,3378
2026-07-30,2291,VND0E9273449A,4271913144,32710
2026-07-30,2291,VND0E9273449A,4272166937,5143
2026-07-30,2291,VND0E9273449A,4272167030,31110
2026-07-30,2291,VND0E9273449A,4272327974,11455
2026-07-30,2291,VND0E9273449A,4272328130,35137
2026-07-30,2291,VND0E9273449A,4272586735,4398
2026-07-30,2291,VND0E9273449A,4272586849,30314
2026-07-30,2291,VND0E9273449A,4272740538,3378
2026-07-30,2291,VND0E9273449A,4272740902,31071
2026-07-30,2291,VND0E9273449A,4272913910,30422
2026-07-30,2291,VND0E9273449A,4272913916,5143
2026-07-30,2291,VND0E9273449A,4273069447,11455
2026-07-30,2291,VND0E9273449A,4273069605,33237
2026-07-30,2291,VND0E9273449A,4273308085,4398
2026-07-30,2291,VND0E9273449A,4273308302,30314
2026-07-30,2291,VND0E9273449A,4273498422,3378
2026-07-30,2291,VND0E9273449A,4273498637,30934
2026-07-30,2291,VND0E9273449A,4273645857,5143
2026-07-30,2291,VND0E9273449A,4273646028,30422
2026-07-30,2291,VND0E9273449A,4273820230,11455
2026-07-30,2291,VND0E9273449A,4273820313,32531
2026-07-30,2291,VND0E9273449A,4274124944,4652
2026-07-30,2291,VND0E9273449A,4274125060,30314
2026-07-30,2291,VND0E9273449A,4274128152,3378
2026-07-30,2291,VND0E9273449A,4274128244,30934
2026-07-30,2291,VND0E9273449A,4274306684,5143
2026-07-30,2291,VND0E9273449A,4274306743,30422
2026-07-30,2291,VND0E9273449A,4274596691,15063
2026-07-30,2291,VND0E9273449A,4274597007,23964
2026-07-30,2291,VND0E9273449A,4275436199,15063
2026-07-30,2291,VND0E9273449A,4275436317,25488
2026-07-30,2291,VND0E9273449A,4275740958,7770
2026-07-30,2291,VND0E9273449A,4276176920,15861
2026-07-30,2291,VND0E9273449A,4276483559,7770
2026-07-30,2291,VND0E9273449A,4276852942,15861
2026-07-30,2291,VND0E9273449A,5346308104,2071
2026-07-30,2292,VND1F4B20B584,PI75115,214135
2026-07-30,2293,VND312B4066D7,3273615,202740
2026-07-30,2294,VND1A210BC621,116001220.0 0726,1403
2026-07-30,2295,VND1A210BC621,215083100.0 071326,1943
2026-07-30,2296,VND06A13AF7B0,NO. 001,116446
2026-07-30,2297,VNDA3AB86727E,1510068-IN,4900000
2026-07-30,2298,VND314D47574B,10021388754,1657664
2026-07-30,2298,VND314D47574B,105008782757,5997
2026-07-30,2298,VND314D47574B,110009012055,57825
2026-07-30,2298,VND314D47574B,110009016408,10209
2026-07-30,2298,VND314D47574B,115008754415,5057
2026-07-30,2298,VND314D47574B,115008755651,14480
2026-07-30,2298,VND314D47574B,120007605098,3338
2026-07-30,2298,VND314D47574B,135008632578,10183
2026-07-30,2298,VND314D47574B,145008634261,24226
2026-07-30,2298,VND314D47574B,145008634262,29028
2026-07-30,2298,VND314D47574B,145008634264,18485
2026-07-30,2298,VND314D47574B,145008634279,22497
2026-07-30,2298,VND314D47574B,145008634281,19994
2026-07-30,2298,VND314D47574B,145008634524,41924
2026-07-30,2298,VND314D47574B,15009742219,533
2026-07-30,2298,VND314D47574B,155008559406,531
2026-07-30,2298,VND314D47574B,155008560005,219150
2026-07-30,2298,VND314D47574B,155008560008,3193
2026-07-30,2298,VND314D47574B,160007511650,8732
2026-07-30,2298,VND314D47574B,165008557580,27110
2026-07-30,2298,VND314D47574B,180007582402,9933
2026-07-30,2298,VND314D47574B,185008664932,3410
2026-07-30,2298,VND314D47574B,185008664933,3338
2026-07-30,2298,VND314D47574B,190007700258,531
2026-07-30,2298,VND314D47574B,190007700259,531
2026-07-30,2298,VND314D47574B,190007701644,27314
2026-07-30,2298,VND314D47574B,200006780912,6576
2026-07-30,2298,VND314D47574B,200006780915,11135
2026-07-30,2298,VND314D47574B,200006780916,28890
2026-07-30,2298,VND314D47574B,200006780917,5910
2026-07-30,2298,VND314D47574B,205008093110,178284
2026-07-30,2298,VND314D47574B,215008018277,80080
2026-07-30,2298,VND314D47574B,220006932583,342065
2026-07-30,2298,VND314D47574B,225007932146,145108
2026-07-30,2298,VND314D47574B,230006949139,3338
2026-07-30,2298,VND314D47574B,235007796444,666027
2026-07-30,2298,VND314D47574B,250006949828 726,55744
2026-07-30,2298,VND314D47574B,25009605608,36497
2026-07-30,2298,VND314D47574B,255007584302,38253
2026-07-30,2298,VND314D47574B,255007584303,88436
2026-07-30,2298,VND314D47574B,260006966249,133851
2026-07-30,2298,VND314D47574B,270006992364,20774
2026-07-30,2298,VND314D47574B,270006992379,18015
2026-07-30,2298,VND314D47574B,270006992394,5384397
2026-07-30,2298,VND314D47574B,270006992459,6827
2026-07-30,2298,VND314D47574B,270006992460,3782
2026-07-30,2298,VND314D47574B,270006992461,7419
2026-07-30,2298,VND314D47574B,270006992462,75525
2026-07-30,2298,VND314D47574B,270006992463,22770
2026-07-30,2298,VND314D47574B,270006992464,256219
2026-07-30,2298,VND314D47574B,270006992465,29969
2026-07-30,2298,VND314D47574B,270006992466,3338
2026-07-30,2298,VND314D47574B,270006992468,17334
2026-07-30,2298,VND314D47574B,270006992469,6277
2026-07-30,2298,VND314D47574B,270006992471,24959
2026-07-30,2298,VND314D47574B,270006992472,51979
2026-07-30,2298,VND314D47574B,280006982750,51105
2026-07-30,2298,VND314D47574B,280006982751,45610
2026-07-30,2298,VND314D47574B,295007208435,19587
2026-07-30,2298,VND314D47574B,300005176629,234227
2026-07-30,2298,VND314D47574B,30010664144,10188
2026-07-30,2298,VND314D47574B,30010671559,491
2026-07-30,2298,VND314D47574B,325005937693,1625893
2026-07-30,2298,VND314D47574B,340004867612,3410
2026-07-30,2298,VND314D47574B,40010408079,3338
2026-07-30,2298,VND314D47574B,420003698628,126875
2026-07-30,2298,VND314D47574B,420003698629,38604
2026-07-30,2298,VND314D47574B,420003698630,24608
2026-07-30,2298,VND314D47574B,420003698631,170969
2026-07-30,2298,VND314D47574B,420003698634,766671
2026-07-30,2298,VND314D47574B,435004940748 726,73129
2026-07-30,2298,VND314D47574B,45009386548,531
2026-07-30,2298,VND314D47574B,45009386550,531
2026-07-30,2298,VND314D47574B,45009386551,531
2026-07-30,2298,VND314D47574B,455004790000,7478
2026-07-30,2298,VND314D47574B,465004741455,437
2026-07-30,2298,VND314D47574B,475004722286,35019
2026-07-30,2298,VND314D47574B,50010283850,21677
2026-07-30,2298,VND314D47574B,55009323893,367705
2026-07-30,2298,VND314D47574B,55009331501,78820
2026-07-30,2298,VND314D47574B,60009487617,140756
2026-07-30,2298,VND314D47574B,70009362573,32740
2026-07-30,2298,VND314D47574B,70009369379,79885
2026-07-30,2298,VND314D47574B,80009266355,50232
2026-07-30,2299,VND62F41E7792,15069801,16936
2026-07-30,2300,VND2CDF279417,MH0326EBR,120000
2026-07-30,2301,VND27425B6C62,118294175,475500
2026-07-30,2303,VND88879B21FB,0032031,654300
2026-07-30,2303,VND88879B21FB,0032040,1385300
2026-07-30,2304,VND0F82AF1081,6067526472,3812
2026-07-30,2304,VND0F82AF1081,6068362171,6195
2026-07-30,2304,VND0F82AF1081,6068369143,171828
2026-07-30,2304,VND0F82AF1081,6068455895,4819
2026-07-30,2304,VND0F82AF1081,6069227209,434
2026-07-30,2305,VNDC8619BA3E0,90194049,689250
2026-07-30,2307,VNDE9006C6230,025918473,40274
2026-07-30,2308,VND7BDF043D58,936934,4347
2026-07-30,2309,VND291E1E6078,PARTIAL   10,40352440
2026-07-30,2310,VND291E1E6078,PARTIAL    11,435826
2026-07-30,2312,VND5696B5D7DE,97350942,1495295
2026-07-30,2312,VND5696B5D7DE,97452271,281355
2026-07-30,2312,VND5696B5D7DE,97525538,407921
2026-07-30,2312,VND5696B5D7DE,97780974,472123
2026-07-30,2312,VND5696B5D7DE,97780975,79601
2026-07-30,2312,VND5696B5D7DE,97780976,26195
2026-07-30,2312,VND5696B5D7DE,97780977,81822
2026-07-30,2312,VND5696B5D7DE,97780978,40354
2026-07-30,2312,VND5696B5D7DE,97780979,26724
2026-07-30,2312,VND5696B5D7DE,97780980,37792
2026-07-30,2312,VND5696B5D7DE,97780981,37689
2026-07-30,2312,VND5696B5D7DE,97780982,7112
2026-07-30,2312,VND5696B5D7DE,97780984,108153
2026-07-30,2312,VND5696B5D7DE,97780985,192895
2026-07-30,2312,VND5696B5D7DE,97780986,20438
2026-07-30,2312,VND5696B5D7DE,97780987,5080
2026-07-30,2312,VND5696B5D7DE,97780988,36716
2026-07-30,2312,VND5696B5D7DE,97780989,291808
2026-07-30,2312,VND5696B5D7DE,97780990,32318
2026-07-30,2312,VND5696B5D7DE,97780991,41965
2026-07-30,2312,VND5696B5D7DE,97780992,91585
2026-07-30,2312,VND5696B5D7DE,97780993,61639
2026-07-30,2312,VND5696B5D7DE,97780994,40383
2026-07-30,2312,VND5696B5D7DE,97780995,6414
2026-07-30,2312,VND5696B5D7DE,97780996,36615
2026-07-30,2312,VND5696B5D7DE,97780997,917953
2026-07-30,2312,VND5696B5D7DE,97780998,164409
2026-07-30,2312,VND5696B5D7DE,97780999,40396
2026-07-30,2312,VND5696B5D7DE,97781000,4460
2026-07-30,2312,VND5696B5D7DE,97781001,85232
2026-07-30,2312,VND5696B5D7DE,97781002,84501
2026-07-30,2312,VND5696B5D7DE,97781003,231067
2026-07-30,2312,VND5696B5D7DE,97781005,74210
2026-07-30,2312,VND5696B5D7DE,97781006,157144
2026-07-30,2312,VND5696B5D7DE,97808020,20025
2026-07-30,2312,VND5696B5D7DE,97808022,163790
2026-07-30,2312,VND5696B5D7DE,97808023,38520
2026-07-30,2312,VND5696B5D7DE,97808024,16035
2026-07-30,2312,VND5696B5D7DE,97808025,43597
2026-07-30,2312,VND5696B5D7DE,97808026,459460
2026-07-30,2312,VND5696B5D7DE,97808028,56330
2026-07-30,2312,VND5696B5D7DE,97808029,12030
2026-07-30,2312,VND5696B5D7DE,97808030,1363
2026-07-30,2312,VND5696B5D7DE,97808031,10323
2026-07-30,2312,VND5696B5D7DE,97808032,18635
2026-07-30,2312,VND5696B5D7DE,97808033,154161
2026-07-30,2312,VND5696B5D7DE,97808036,59474
2026-07-30,2312,VND5696B5D7DE,97808037,7112
2026-07-30,2312,VND5696B5D7DE,97808038,62536
2026-07-30,2312,VND5696B5D7DE,97808040,5515
2026-07-30,2312,VND5696B5D7DE,97808041,1069
2026-07-30,2312,VND5696B5D7DE,97808042,909
2026-07-30,2312,VND5696B5D7DE,97808043,7797
2026-07-30,2312,VND5696B5D7DE,97808044,589
2026-07-30,2312,VND5696B5D7DE,97832527,695
2026-07-30,2312,VND5696B5D7DE,97832528,1284
2026-07-30,2312,VND5696B5D7DE,97832529,11308
2026-07-30,2312,VND5696B5D7DE,97832530,99736
2026-07-30,2312,VND5696B5D7DE,97832531,1016
2026-07-30,2312,VND5696B5D7DE,97832532,15662
2026-07-30,2312,VND5696B5D7DE,97832533,942
2026-07-30,2312,VND5696B5D7DE,97832534,557
2026-07-30,2313,VNDB41C7DE31B,015711071396202 0726,42087
2026-07-30,2313,VNDB41C7DE31B,015711088901801 0626,37698
2026-07-30,2314,VNDAF3A04A5A6,Pay App 013 May,15196981
2026-07-30,2315,VND27478716C7,52571480,283675
2026-07-30,2316,VNDCD52791086,AJ8M32S,39854
2026-07-30,2317,VNDC9813A6861,904268159,42730
2026-07-30,2318,VNDB8276D8D20,07010715202651,323045
2026-07-30,2320,VND9B57336C00,206838,21253373
2026-07-30,2321,VNDC6FEA6D9A6,21368881,381349
2026-07-30,2321,VNDC6FEA6D9A6,990578964,13900
2026-07-30,2322,VNDB93FF19FB7,90225746,55000
2026-07-30,2322,VNDB93FF19FB7,90227405,55000
2026-07-30,2322,VNDB93FF19FB7,90227407,55000
2026-07-30,2322,VNDB93FF19FB7,90227518,55000
2026-07-30,2322,VNDB93FF19FB7,90227519,55000
2026-07-30,2322,VNDB93FF19FB7,90227520,55000
2026-07-30,2322,VNDB93FF19FB7,90227521,55000
2026-07-30,2322,VNDB93FF19FB7,90227590,55000
2026-07-30,2322,VNDB93FF19FB7,90227824,55000
2026-07-30,2323,VND332B7967A4,INV0277030,798100
2026-07-30,2323,VND332B7967A4,INV0277437,500000
2026-07-30,2324,VND14CAEF34EE,17-158,130000
2026-07-30,2324,VND14CAEF34EE,17-159,10000
2026-07-30,2325,VND66205EC106,49463566,31134
2026-07-30,2325,VND66205EC106,49505522,22999
2026-07-30,2326,VNDE53A84EBC0,4053-4,200000
2026-07-30,2327,VND21A3B8AD24,17166,730000
2026-07-30,2327,VND21A3B8AD24,17168,90000
2026-07-30,2327,VND21A3B8AD24,17169,483750
2026-07-30,2327,VND21A3B8AD24,17170,52500
2026-07-30,2327,VND21A3B8AD24,17171,870000
2026-07-30,2327,VND21A3B8AD24,17172,90000
2026-07-30,2328,VNDDA1CC381C3,INV00049641,92192
2026-07-30,2329,VND091D0AAA42,42449598,20458
2026-07-30,2329,VND091D0AAA42,SH632315,26781
2026-07-30,2330,VND44D252EA0A,69140,610800
2026-07-30,2330,VND44D252EA0A,69142,1098700
2026-07-30,2330,VND44D252EA0A,69144,274100
2026-07-30,2331,VND3D5FA52629,1073680,86500
2026-07-30,2332,VND0BE18D292A,25-5280,44136
2026-07-30,2333,VND6C133B6E38,55P1832602,23098
2026-07-30,2333,VND6C133B6E38,55p184272,13974
2026-07-30,2334,VND6B288CB220,382890,36000
2026-07-30,2335,VND3AC88DAE74,T1193495,11500
2026-07-30,2336,VND6DFE713957,910018660,489500
2026-07-30,2336,VND6DFE713957,910018819,748000
2026-07-30,2337,VND843CDACF9C,B068689,169350
2026-07-30,2338,VND83EB49AFC7,2026-361,30000
2026-07-30,2338,VND83EB49AFC7,2026-375,20000
2026-07-30,2339,VNDD7E2D1A272,4526380,230230
2026-07-30,2339,VNDD7E2D1A272,4528103,493136
2026-07-30,2340,VND1CDC5A7959,010103393016901 0726,14129
2026-07-30,2340,VND1CDC5A7959,010106112005301 0726,8656
2026-07-30,2341,VNDA23FFF84E8,020201060003601 726,6600
2026-07-30,2341,VNDA23FFF84E8,020201060006701 726,6015
2026-07-30,2341,VNDA23FFF84E8,020201060019502 0726,2625
2026-07-30,2341,VNDA23FFF84E8,20201625000301 726,53376
2026-07-30,2342,VNDA23FFF84E8,020204019068603 0726,2325
2026-07-30,2343,VNDA23FFF84E8,020205020014801 0706,9418
2026-07-30,2344,VNDA23FFF84E8,020204019137202/0702,1590
2026-07-30,2345,VNDA23FFF84E8,020201625001801 0726,165132
2026-07-30,2346,VNDA23FFF84E8,020203009002601 0726,7343
2026-07-30,2347,VND8653E1AC1D,SI743323,205792
2026-07-30,2348,VND59325753EC,995711,13080
2026-07-30,2349,VND07D35AA3E7,2026-EBR6,460000
2026-07-30,2350,VND04B962C659,572311,55521
2026-07-30,2351,VND468028347E,5039485261,1320873
2026-07-30,2352,VNDE85DFC673D,2593936,66011135
2026-07-30,2353,VND834CFEAF14,13571453,15552
2026-07-30,2354,VND3CD67BC8E6,4434061-,270000
2026-07-30,2355,VND5DE1CB3A07,141180868,14084
2026-07-30,2356,VNDF46E73B2E4,4729,85000
2026-07-30,2357,VND960417E8F8,EBRS-0200,85500
2026-07-30,2359,VNDDA5C9EEF92,0626-01EBR,10000
2026-07-30,2360,VND1F629813F3,NO. 31,80040
2026-07-30,2361,VND8AF07BEFC7,2159839,162000
2026-07-30,2362,VNDCC402ACD3B,11450,10000
2026-07-30,2363,VND43172ECA09,0267110,9903120
2026-07-30,2363,VND43172ECA09,0267352,3318542
2026-07-30,2363,VND43172ECA09,0268009,1145363
2026-07-30,2363,VND43172ECA09,0268455,872504
2026-07-30,2364,VND38EA8D1BB8,CEDMS/ST/7.18.2026,30000
2026-07-30,2365,VND86AF9EF14A,SEPT 2025,18077023
2026-07-30,2366,VND49D6DEF147,TQ50450,850000
2026-07-30,2367,VNDCE4F07B4A2,SCIKW07-24-2026,75000
2026-07-30,2368,VNDF96E1A10A4,473959124,8298
2026-07-30,2369,VND8A1299B77B,4698304,1875000
2026-07-30,2370,VNDCC7F2B2BBA,Draw 531,89489
2026-07-30,2371,VND9EBDF1C255,073126,500000
2026-07-30,2373,VND4D2F688869,0052103005-7/20/26,56434
2026-07-30,2374,VNDD93795DF87,11835,85000
2026-07-30,2376,VND167B9B73AA,70959731,9700
2026-07-30,2377,VNDF5E9F244A7,CEC-26-118,270000
2026-07-30,2378,VNDEBC0FF3CE0,7533,40000
2026-07-30,2379,VND7318C7CBBA,BR02357172,5981
2026-07-30,2379,VND7318C7CBBA,BR02362660,5981
2026-07-30,2379,VND7318C7CBBA,BR62409735,5981
2026-07-30,2380,VND9D61E9CC36,3660,8750
2026-07-30,2380,VND9D61E9CC36,3662,8750
2026-07-30,2380,VND9D61E9CC36,3754,8750
2026-07-30,2380,VND9D61E9CC36,3755,8750
2026-07-30,2380,VND9D61E9CC36,3760,8750
2026-07-30,2380,VND9D61E9CC36,3761,8750
2026-07-30,2380,VND9D61E9CC36,3765,8750
2026-07-30,2380,VND9D61E9CC36,3777,8750
2026-07-30,2380,VND9D61E9CC36,3836,11240
2026-07-30,2380,VND9D61E9CC36,3961,8750
2026-07-30,2380,VND9D61E9CC36,3970,8750
2026-07-30,2380,VND9D61E9CC36,3983,8750
2026-07-30,2380,VND9D61E9CC36,4182,8750
2026-07-30,2380,VND9D61E9CC36,4247,8750
2026-07-30,2380,VND9D61E9CC36,4248,8750
2026-07-30,2380,VND9D61E9CC36,4263,8750
2026-07-30,2380,VND9D61E9CC36,4271,8750
2026-07-30,2380,VND9D61E9CC36,4285,8750
2026-07-30,2380,VND9D61E9CC36,4286,8750
2026-07-30,2380,VND9D61E9CC36,4287,8750
2026-07-30,2380,VND9D61E9CC36,4290,8750
2026-07-30,2380,VND9D61E9CC36,4314,8750
2026-07-30,2380,VND9D61E9CC36,4318,8750
2026-07-30,2380,VND9D61E9CC36,4343,8750
2026-07-30,2380,VND9D61E9CC36,4364,8750
2026-07-30,2380,VND9D61E9CC36,4384,8750
2026-07-30,2380,VND9D61E9CC36,4393,8750
2026-07-30,2380,VND9D61E9CC36,4399,8750
2026-07-30,2380,VND9D61E9CC36,4400,8750
2026-07-30,2380,VND9D61E9CC36,4429,8750
2026-07-30,2380,VND9D61E9CC36,4442,8750
2026-07-30,2380,VND9D61E9CC36,4445,8750
2026-07-30,2380,VND9D61E9CC36,4447,8750
2026-07-30,2380,VND9D61E9CC36,4448,8750
2026-07-30,2380,VND9D61E9CC36,4451,8750
2026-07-30,2380,VND9D61E9CC36,4460,8750
2026-07-30,2380,VND9D61E9CC36,4468,8750
2026-07-30,2380,VND9D61E9CC36,4492,8750
2026-07-30,2380,VND9D61E9CC36,4496,8750
2026-07-30,2380,VND9D61E9CC36,4497,8750
2026-07-30,2380,VND9D61E9CC36,4510,8750
2026-07-30,2380,VND9D61E9CC36,4522,8750
2026-07-30,2380,VND9D61E9CC36,4539,8750
2026-07-30,2380,VND9D61E9CC36,4548,8750
2026-07-30,2380,VND9D61E9CC36,4549,8750
2026-07-30,2380,VND9D61E9CC36,4552,8750
2026-07-30,2380,VND9D61E9CC36,4569,8750
2026-07-30,2380,VND9D61E9CC36,4596,8750
2026-07-30,2380,VND9D61E9CC36,4597,8750
2026-07-30,2380,VND9D61E9CC36,4617,4500
2026-07-30,2380,VND9D61E9CC36,4637,8750
2026-07-30,2380,VND9D61E9CC36,4638,8750
2026-07-30,2380,VND9D61E9CC36,4639,8750
2026-07-30,2380,VND9D61E9CC36,4666,8750
2026-07-30,2380,VND9D61E9CC36,4712,8750
2026-07-30,2380,VND9D61E9CC36,4732,8750
2026-07-30,2380,VND9D61E9CC36,4733,8750
2026-07-30,2380,VND9D61E9CC36,4769,8750
2026-07-30,2380,VND9D61E9CC36,4785,8750
2026-07-30,2380,VND9D61E9CC36,4786,10742
2026-07-30,2380,VND9D61E9CC36,4793,8750
2026-07-30,2380,VND9D61E9CC36,4797,8750
2026-07-30,2380,VND9D61E9CC36,4802,13250
2026-07-30,2380,VND9D61E9CC36,4817,8750
2026-07-30,2380,VND9D61E9CC36,4825,8750
2026-07-30,2380,VND9D61E9CC36,4836,8750
2026-07-30,2380,VND9D61E9CC36,4848,8750
2026-07-30,2380,VND9D61E9CC36,4855,10742
2026-07-30,2380,VND9D61E9CC36,4857,10244
2026-07-30,2380,VND9D61E9CC36,4862,10244
2026-07-30,2380,VND9D61E9CC36,4883,8750
2026-07-30,2380,VND9D61E9CC36,4915,8750
2026-07-30,2381,VND29B4FDCE4F,May 2026,2008875
2026-07-30,2382,VNDF88F35E791,10656,11000
2026-07-30,2383,VND826B4CA36B,073126NH,245833
2026-07-30,2384,VND834CFEAF14,13547347,100000
2026-07-30,2385,VND834CFEAF14,13557520,198600
2026-07-30,2386,VNDED3FEB667C,4688,495000
2026-07-30,2387,VNDB0DE02BD22,556729,4169
2026-07-30,2388,VNDB0DE02BD22,2147284092-june 2026,3112
2026-07-30,2388,VNDB0DE02BD22,510807,3032
2026-07-30,2388,VNDB0DE02BD22,520959,39500
2026-07-30,2388,VNDB0DE02BD22,526559,39500
2026-07-30,2388,VNDB0DE02BD22,540200,39500
2026-07-30,2388,VNDB0DE02BD22,546123,39500
2026-07-30,2388,VNDB0DE02BD22,550238,6488
2026-07-30,2388,VNDB0DE02BD22,552409,39500
2026-07-30,2388,VNDB0DE02BD22,555323,3752
2026-07-30,2388,VNDB0DE02BD22,555324,2000
2026-07-30,2388,VNDB0DE02BD22,556494,2281
2026-07-30,2388,VNDB0DE02BD22,556520,3663
2026-07-30,2388,VNDB0DE02BD22,557398,1954
2026-07-30,2388,VNDB0DE02BD22,557424,5173
2026-07-30,2388,VNDB0DE02BD22,557693,2500
2026-07-30,2388,VNDB0DE02BD22,557694,9328
2026-07-30,2388,VNDB0DE02BD22,558042,1500
2026-07-30,2388,VNDB0DE02BD22,558229,3950
2026-07-30,2388,VNDB0DE02BD22,558234,1500
2026-07-30,2389,VND4106D61AB9,NO. 011,1671930
2026-07-30,2390,VND28A29C3AC2,2410C008.14,11400
2026-07-30,2391,VND98C055911B,30391,478800
2026-07-30,2392,VND875C7880E1,1269-2026-12,805428
2026-07-30,2393,VNDEFAC08380F,EBRES072326,200000
2026-07-30,2394,VND0AB96DFD0D,NO.  1,850000
2026-07-30,2395,VND7534669E51,NO. 2,335955
2026-07-30,2396,VND56DBCD98D3,SCOPE I/II-EL-7.18,20000
2026-07-30,2397,VND0555DCE760,NO.   3,800000
2026-07-30,2398,VNDFE1323921A,3061,151100
2026-07-30,2399,VND994EEDB4F5,NO. 017,1131345
2026-07-30,2400,VNDCD361582C7,NO.      3,160000
2026-07-30,2401,VND34B976E7C5,NO.     3,1500000
2026-07-30,2402,VNDDC7A6205FE,19645,6205300
2026-07-30,2403,VNDC81AEDF052,4296439-5,32000
2026-07-30,2404,VND4CB8B42720,PEC 5876rev,236935
2026-07-30,2404,VND4CB8B42720,PEC 5877 rev,584464
2026-07-30,2405,VND41913EBF5C,NO. 002,992000
2026-07-30,2406,VNDE90822705F,3058,125600
2026-07-30,2407,VND26B55A2480,3062,120400
2026-07-30,2408,VND2CDC2F309E,06-01-2026,28800
2026-07-30,2409,VND3CE3811396,69936-1,116538
2026-07-30,2410,VND1A01E749BA,Inv486051,18606
2026-07-30,2411,VNDF8A0B03E69,CO26-203,10000
2026-07-30,2412,VND5AE1F9E199,15718134,33998
2026-07-30,2412,VND5AE1F9E199,15825686,16999
2026-07-30,2413,VND397CBDAB9F,3679-1196A,25000
2026-07-30,2414,VND2499F48F40,4880,112500
2026-07-30,2415,VND0F5E18F30D,35281,590000
2026-07-30,2416,VNDFD48F08DB4,243 8/2026,30800
2026-07-30,2416,VNDFD48F08DB4,243 9/2026,30800
2026-07-30,2417,VNDFD48F08DB4,08/05/26 -09/04/26,30000
2026-07-30,2418,VNDEF5ECA423D,SC00284564,9965
2026-07-30,2419,VND1666742C13,INV4793,141627
2026-07-30,2419,VND1666742C13,INV4797,153289
2026-07-30,2420,VND989AC36838,0030188973 7-20-26,112604
2026-07-30,2421,VND04196552C6,13496,20000
2026-07-30,2422,VNDAEE190FABF,2026077113,45000
2026-07-30,2422,VNDAEE190FABF,2026077119,45000
2026-07-30,2423,VND3BEEA02D4A,PARTIAL 8,105174530
2026-07-30,2423,VND3BEEA02D4A,PARTIAL 9,89465232
2026-07-30,2424,VNDFA758B99C3,000632,90000
2026-07-30,2425,VND0D84CB2C7E,31226,418177
2026-07-30,2426,VNDBBC0B9D186,5796B,120000
2026-07-30,2427,VND31A5EA4FF9,PARCEL 4-1C3A/03,3320000
2026-07-30,2428,VND969156F026,PARCEL 3-1  3-1-C-1,2385200
2026-07-30,2429,VND8EBE17C942,PARCEL 12-7,3067300
2026-07-30,2430,VND21E2E86B33,956,120000
2026-07-30,2446,VND08C636DE10,71626,20000
2026-07-30,5151,VNDE960709B38,CR2607305956,3044
2026-07-30,5152,VNDE960709B38,CR2607305957,2756
2026-07-30,5153,VNDE960709B38,CR2607305958,3044
2026-07-30,5154,VNDE960709B38,CR2607305959,2820
2026-07-30,5155,VNDE960709B38,CR2607305960,2692
2026-07-30,5156,VNDE960709B38,CR2607305961,2756
2026-07-30,5157,VNDE960709B38,CR2607305962,2852
2026-07-30,5158,VNDE960709B38,CR2607305963,3076
2026-07-30,5159,VNDE960709B38,CR2607305964,3140
2026-07-30,5160,VNDE960709B38,CR2607305965,3076
2026-07-30,5161,VNDE960709B38,CR2607305966,3552
2026-07-30,5162,VNDE960709B38,CR2607305967,3616
2026-07-30,5163,VNDE960709B38,CR2607305968,1744
2026-07-30,5164,VNDE960709B38,CR2607305969,3488
2026-07-30,5165,VNDE960709B38,CR2607305970,3360
2026-07-30,5166,VNDE960709B38,CR2607305971,3104
2026-07-30,5167,VNDE960709B38,CR2607305972,9724
2026-07-30,5168,VNDE960709B38,CR2607305973,1840
2026-07-30,5169,VNDE960709B38,CR2607305974,9980
2026-07-30,5170,VNDE960709B38,CR2607305975,3488
2026-07-30,5171,VNDE960709B38,CR2607305976,3424
2026-07-30,5172,VNDE960709B38,CR2607305977,3168
2026-07-30,5173,VNDE960709B38,CR2607305978,10236
2026-07-30,5174,VNDE960709B38,CR2607305979,10236
2026-07-30,5175,VNDE960709B38,CR2607305980,2784
2026-07-30,5176,VNDE960709B38,CR2607305981,2592
2026-07-30,5177,VNDE960709B38,CR2607305982,1808
2026-07-30,5178,VNDE960709B38,CR2607305983,1488
2026-07-30,5179,VNDE960709B38,CR2607305984,3936
2026-07-30,5180,VNDE960709B38,CR2607305985,3104
2026-07-30,5181,VNDE960709B38,CR2607305986,3488
2026-07-30,5182,VNDE960709B38,CR2607305987,2848
2026-07-30,5183,VNDE960709B38,CR2607305988,3488
2026-07-30,5184,VNDE960709B38,CR2607305989,3232
2026-07-30,5185,VNDE960709B38,CR2607305990,10748
2026-07-30,5186,VNDE960709B38,CR2607305991,2720
2026-07-30,5187,VNDE960709B38,CR2607305992,10108
2026-07-30,5188,VNDE960709B38,CR2607305993,1648
2026-07-30,5189,VNDE960709B38,CR2607305994,2528
2026-07-30,5190,VNDE960709B38,CR2607305995,3104
2026-07-30,5191,VNDE960709B38,CR2607305996,1552
2026-07-30,5192,VNDE960709B38,CR2607305997,2912
2026-07-30,5193,VNDE960709B38,CR2607305998,1552
2026-07-30,5194,VNDE960709B38,CR2607305999,3104
2026-07-30,5195,VNDE960709B38,CR2607306000,1776
2026-07-30,5196,VNDE960709B38,CR2607306001,1744
2026-07-30,5197,VNDE960709B38,CR2607306002,2720
2026-07-30,5198,VNDE960709B38,CR2607306003,2912
2026-07-30,5199,VNDE960709B38,CR2607306004,1808
2026-07-30,5200,VNDE960709B38,CR2607306005,3488
2026-07-30,5201,VNDE960709B38,CR2607306006,10236
2026-07-30,5202,VNDE960709B38,CR2607306007,3168
2026-07-30,5203,VNDE960709B38,CR2607306008,9340
2026-07-30,5204,VNDE960709B38,CR2607306009,2976
2026-07-30,5205,VNDE960709B38,CR2607306010,3424
2026-07-30,5206,VNDE960709B38,CR2607306011,3168
2026-07-30,5207,VNDE960709B38,CR2607306012,3296
2026-07-30,5208,VNDE960709B38,CR2607306013,3040
2026-07-30,5209,VNDE960709B38,CR2607306014,3296
2026-07-30,5210,VNDE960709B38,CR2607306015,1360
2026-07-30,5211,VNDE960709B38,CR2607306016,3296
2026-07-30,5212,VNDE960709B38,CR2607306017,2720
2026-07-30,5213,VNDE960709B38,CR2607306018,1456
2026-07-30,5214,VNDE960709B38,CR2607306019,10364
2026-07-30,5215,VNDE960709B38,CR2607306020,3488
2026-07-30,5216,VNDE960709B38,CR2607306021,2592
2026-07-30,5217,VNDE960709B38,CR2607306022,3296
2026-07-30,5218,VNDE960709B38,CR2607306023,3104
2026-07-30,5219,VNDE960709B38,CR2607306024,10748
2026-07-30,5220,VNDE960709B38,CR2607306025,10492
2026-07-30,5221,VNDE960709B38,CR2607306026,2784
2026-07-30,5222,VNDE960709B38,CR2607306027,9084
2026-07-30,5223,VNDE960709B38,CR2607306028,1520
2026-07-30,5224,VNDE960709B38,CR2607306029,2720
2026-07-30,5225,VNDE960709B38,CR2607306030,10108
2026-07-30,5226,VNDE960709B38,CR2607306031,3104
2026-07-30,5227,VNDE960709B38,CR2607306032,1616
2026-07-30,5228,VNDE960709B38,CR2607306033,2848
2026-07-30,5229,VNDE960709B38,CR2607306034,11132
2026-07-30,6075,VNDE1919A1248,EBRPUBIMP13A-8/26,1854875
2026-07-30,6076,VNDE1919A1248,EBRPIST19-8/26,8124550
2026-07-30,6077,VND098F7B7F1F,PRIDE18-8/26,8846478
2026-07-30,6078,VND098F7B7F1F,CHANEYVILLE18-8/26,4090000
2026-07-30,6079,VND098F7B7F1F,CHANEYVILLE25-8/26,3010501
2026-07-30,7150,VND6419D861E2,10941618388,11372
2026-07-30,7150,VND6419D861E2,10941618996,17294
2026-07-30,7150,VND6419D861E2,10941619720,40902
2026-07-30,7150,VND6419D861E2,10941620243,18470
2026-07-30,7150,VND6419D861E2,11428619883,34210
2026-07-30,7150,VND6419D861E2,11428619886,13590
2026-07-30,7151,VND871C0D59DE,10879589025,245482
2026-07-30,7152,VNDDF1B535115,108780 07/26,4773
2026-07-30,7152,VNDDF1B535115,108950 07/26,24794
2026-07-30,7152,VNDDF1B535115,109583 07/26,9844
2026-07-30,7152,VNDDF1B535115,109585 07/26,55510
2026-07-30,7152,VNDDF1B535115,110364 07/26,25494
2026-07-30,7152,VNDDF1B535115,110801 07/26,10655
2026-07-30,7152,VNDDF1B535115,112370 071726,25575
2026-07-30,7152,VNDDF1B535115,113887 071726,27523
2026-07-30,7152,VNDDF1B535115,113940 07/26,32179
2026-07-30,7152,VNDDF1B535115,113942 07/26,27332
2026-07-30,7152,VNDDF1B535115,117347 07/26,13873
2026-07-30,7152,VNDDF1B535115,119026 07/26,106938
2026-07-30,7152,VNDDF1B535115,119123 07/26,21865
2026-07-30,7152,VNDDF1B535115,119124 07/26,26261
2026-07-30,7152,VNDDF1B535115,119131 07/26,13839
2026-07-30,7152,VNDDF1B535115,119132 07/26,17464
2026-07-30,7152,VNDDF1B535115,119133 07/26,37846
2026-07-30,7152,VNDDF1B535115,119135 07/26,29960
2026-07-30,7152,VNDDF1B535115,119136 07/26,17313
2026-07-30,7152,VNDDF1B535115,119139 07/26,35863
2026-07-30,7152,VNDDF1B535115,119153 07/26,7017
2026-07-30,7152,VNDDF1B535115,119155 07/26,20317
2026-07-30,7152,VNDDF1B535115,119162 07/26,3948
2026-07-30,7152,VNDDF1B535115,119163 07/26,2983
2026-07-30,7152,VNDDF1B535115,119165 07/26,19171
2026-07-30,7152,VNDDF1B535115,119167 07/26,23534
2026-07-30,7152,VNDDF1B535115,119171 07/26,20735
2026-07-30,7152,VNDDF1B535115,119182 07/26,19056
2026-07-30,7152,VNDDF1B535115,121994 07/26,10655
2026-07-30,7152,VNDDF1B535115,122139 07/26,12207
2026-07-30,7152,VNDDF1B535115,122156 07/26,1732
2026-07-30,7152,VNDDF1B535115,122857 07/26,31577
2026-07-30,7152,VNDDF1B535115,122858 07/26,12714
2026-07-30,7152,VNDDF1B535115,122859 07/26,44141
2026-07-30,7152,VNDDF1B535115,122860 07/26,34106
2026-07-30,7152,VNDDF1B535115,122862 07/26,133974
2026-07-30,7152,VNDDF1B535115,123931 07/26,30411
2026-07-30,7152,VNDDF1B535115,126936 07/26,99774
2026-07-30,7152,VNDDF1B535115,126941 07/26,13439
2026-07-30,7152,VNDDF1B535115,128390 07/26,9188
2026-07-30,7152,VNDDF1B535115,129138 07/26,6724
2026-07-30,7152,VNDDF1B535115,129139 07/26,2035
2026-07-30,7152,VNDDF1B535115,133974 0726,210940
2026-07-30,7152,VNDDF1B535115,1419898 07/26,3300
2026-07-30,7152,VNDDF1B535115,144066 07/26,27182
2026-07-30,7152,VNDDF1B535115,144068 072026,74950
2026-07-30,7152,VNDDF1B535115,144069 072026,6066
2026-07-30,7152,VNDDF1B535115,144071 7/26,155175
2026-07-30,7152,VNDDF1B535115,152388 07/26,7867
2026-07-30,7152,VNDDF1B535115,1747424 07/26,5567
2026-07-30,7152,VNDDF1B535115,2080364 07/26,19372
2026-07-30,7152,VNDDF1B535115,332075 07/26,23351
2026-07-30,7152,VNDDF1B535115,332076 07/26,10128
2026-07-30,7152,VNDDF1B535115,332077 07/26,97926
2026-07-30,7152,VNDDF1B535115,3470241 07/26,4111
2026-07-30,7152,VNDDF1B535115,3474025 07/26,4907
2026-07-30,7152,VNDDF1B535115,758597 07/26,8813
2026-07-30,7153,VNDDF1B535115,119175 071526,15517
2026-07-30,7154,VNDDF1B535115,135244 071026,39209
2026-07-30,7155,VNDCB65AFB842,196197A,21650
2026-07-30,7156,VNDCB65AFB842,196197,53597
2026-07-30,7157,VND96E81D06D8,15-82867-PL-003,1612200
2026-07-30,7158,VND9A60E50596,316852-00,461376
2026-07-30,7159,VND0ADEE8CD25,2150117-061,406474
2026-07-30,7159,VND0ADEE8CD25,2150117-062,108399
2026-07-30,7160,VND15B43E8C56,PPE 7-11-26-7-24-26,1734472
2026-07-30,7161,VND14FCEA47EA,61675,63000
2026-07-30,7162,VND291C15549B,262050000570,109926587
2026-07-30,7163,VNDE36085BDD6,2026-1036,408500
2026-07-30,7163,VNDE36085BDD6,2026-1037,408500
2026-07-30,7164,VND461E8AD674,PARTIAL   4,18562200
2026-07-30,7165,VND95C413CA63,9626,839105
2026-07-30,7165,VND95C413CA63,9627,83149
2026-07-30,7166,VNDE585BEA3CF,PARTIAL 8,3868420
2026-07-30,7167,VNDE585BEA3CF,PARTIAL NO. 1,15882695
2026-07-30,7168,VND7470D0747E,6518-16,14433303
2026-07-30,7169,VND7A343D77D6,32023,85000
2026-07-30,7170,VND7A343D77D6,32025,85000
2026-07-30,7171,VND4588B79C5B,025-558991,490680
2026-07-30,7172,VND6C8181A5A4,PARTIAL   5,8780530
2026-07-30,7173,VNDB757532633,130843 (21),3274140
2026-07-30,7173,VNDB757532633,130844 (22),1921218
2026-07-30,7173,VNDB757532633,130845 (23),160101
2026-07-30,7173,VNDB757532633,130846 (25),320203
2026-07-30,7174,VND77EB157287,JUNE 2026,195000
2026-07-30,7174,VND77EB157287,MAY 2026,718945
2026-07-30,7175,VNDFE8318EED5,31020,90000
2026-07-30,7176,VND60CD131565,PARTIAL 11,5918250
2026-07-30,7177,VNDADEDE9CC9A,SCEW7/15/26,145000
2026-07-30,7178,VNDF1A007367B,TPH072226,214583
2026-07-30,7179,VND4ED9377DF8,41437,30000
2026-07-30,7180,VND5AB7B02F1F,1202130,12183224
2026-07-30,7181,VND74223BCD52,EBRAA072026SUPPLE,165000
2026-07-30,7182,VNDA5C4C5D634,PARTIAL NO. 3,5729151
2026-07-30,7183,VNDA5C4C5D634,PARTIAL NO. 1,11784256
2026-07-30,7184,VNDA5C4C5D634,PARTIAL       9,3114599
2026-07-30,7185,VNDFB272B43D5,CRKCC-2026-0726,120000
2026-07-30,7186,VND3FD47F4978,CRKCC-2026-0726,80000
2026-07-30,7187,VNDA25A9B00C2,71626,451000
2026-07-30,7188,VND9598075286,AUGUST 2026,570000
2026-07-31,2447,VND7EF81FE66F,83995,66475
2026-07-31,2448,VNDAD371834F3,404315,4500
2026-07-31,2448,VNDAD371834F3,404316,3500
2026-07-31,2448,VNDAD371834F3,404347,2900
2026-07-31,2448,VNDAD371834F3,404430,3695
2026-07-31,2448,VNDAD371834F3,404476,2900
2026-07-31,2448,VNDAD371834F3,404481,2900
2026-07-31,2448,VNDAD371834F3,404482,2900
2026-07-31,2448,VNDAD371834F3,404483,2900
2026-07-31,2448,VNDAD371834F3,404484,2900
2026-07-31,2448,VNDAD371834F3,404486,2900
2026-07-31,2448,VNDAD371834F3,404487,2900
2026-07-31,2448,VNDAD371834F3,404488,2900
2026-07-31,2448,VNDAD371834F3,404489,2900
2026-07-31,2448,VNDAD371834F3,404512,2900
2026-07-31,2448,VNDAD371834F3,404688,20700
2026-07-31,2448,VNDAD371834F3,404712,13800
2026-07-31,2448,VNDAD371834F3,405430,23600
2026-07-31,2449,VNDA610CB7675,240937,3948
2026-07-31,2450,VNDF460B5EC7F,16155-M,45000
2026-07-31,2451,VND3D57A41404,528260,168000
2026-07-31,2452,VND314B84DB92,20395434FAI,51879
2026-07-31,2452,VND314B84DB92,497711RCB,39449
2026-07-31,2452,VND314B84DB92,892356 7/8/26,138445
2026-07-31,2453,VND314B84DB92,IN259944,350000
2026-07-31,2454,VND314B84DB92,IN257104,8440
2026-07-31,2455,VND314B84DB92,IN257107,7968
2026-07-31,2456,VND314B84DB92,IN257108,8102
2026-07-31,2457,VND314B84DB92,IN261056,24244
2026-07-31,2458,VNDCB8E65DC7C,414265,1259000
2026-07-31,2459,VNDE0ADF88C85,9712906,19845
2026-07-31,2460,VND146ABCE719,0208973,87442
2026-07-31,2460,VND146ABCE719,0209921,278410
2026-07-31,2461,VND0E9273449A,4276636339,41514
2026-07-31,2461,VND0E9273449A,4276847024,1805
2026-07-31,2461,VND0E9273449A,4276995101,24782
2026-07-31,2461,VND0E9273449A,4277237441,7550
2026-07-31,2461,VND0E9273449A,4277237459,379
2026-07-31,2462,VNDEB2259DC34,2605-893437,18093
2026-07-31,2462,VNDEB2259DC34,2605-893481,11697
2026-07-31,2463,VNDDF25BB9322,9018779080,7365
2026-07-31,2464,VND1F4B20B584,PI75381,15762
2026-07-31,2464,VND1F4B20B584,PI75403,133953
2026-07-31,2464,VND1F4B20B584,PI75417,30161
2026-07-31,2464,VND1F4B20B584,PI75487,7977
2026-07-31,2464,VND1F4B20B584,PI75519,245543
2026-07-31,2464,VND1F4B20B584,PI75592,27561
2026-07-31,2465,VND38FB0B177C,IVC0010159,1388586
2026-07-31,2466,VND312B4066D7,INV 3272876,111632
2026-07-31,2466,VND312B4066D7,INV 3274012,10600
2026-07-31,2466,VND312B4066D7,INV 3274277,85660
2026-07-31,2467,VND06A13AF7B0,INV. 002,2300116
2026-07-31,2468,VND06A13AF7B0,NO. 98,8340963
2026-07-31,2469,VND967ADB1CB2,716714,5757
2026-07-31,2470,VND56BE5B0BCA,19920-9,29817
2026-07-31,2471,VND314D47574B,10021397197,345160
2026-07-31,2471,VND314D47574B,10021401010,27110
2026-07-31,2471,VND314D47574B,115008755632,6218
2026-07-31,2471,VND314D47574B,115008758157,191751
2026-07-31,2471,VND314D47574B,120007612031,16202
2026-07-31,2471,VND314D47574B,145008634160,379846
2026-07-31,2471,VND314D47574B,145008634178,571023
2026-07-31,2471,VND314D47574B,145008634427,3669
2026-07-31,2471,VND314D47574B,155008519050,710163
2026-07-31,2471,VND314D47574B,175008519481,13752
2026-07-31,2471,VND314D47574B,175008520054,22042
2026-07-31,2471,VND314D47574B,175008521469,16736
2026-07-31,2471,VND314D47574B,175008521578,34775
2026-07-31,2471,VND314D47574B,175008521579,28671
2026-07-31,2471,VND314D47574B,175008522107,3338
2026-07-31,2471,VND314D47574B,175008525115,379384
2026-07-31,2471,VND314D47574B,175008525116,232733
2026-07-31,2471,VND314D47574B,180007586219,3338
2026-07-31,2471,VND314D47574B,185008673565,1005874
2026-07-31,2471,VND314D47574B,195008604832,1102868
2026-07-31,2471,VND314D47574B,195008605296,10913
2026-07-31,2471,VND314D47574B,200006780913,6239
2026-07-31,2471,VND314D47574B,200006780914,102763
2026-07-31,2471,VND314D47574B,200006784638,10515
2026-07-31,2471,VND314D47574B,20010938325,150231
2026-07-31,2471,VND314D47574B,20010938548,180047
2026-07-31,2471,VND314D47574B,20010941346,531
2026-07-31,2471,VND314D47574B,2026517571,3338
2026-07-31,2471,VND314D47574B,2026518217,5444069
2026-07-31,2471,VND314D47574B,2026545395,21551926
2026-07-31,2471,VND314D47574B,205008093122,30821
2026-07-31,2471,VND314D47574B,205008098593,3338
2026-07-31,2471,VND314D47574B,210006891431,16118
2026-07-31,2471,VND314D47574B,215008018242,6086
2026-07-31,2471,VND314D47574B,215008018243,4851
2026-07-31,2471,VND314D47574B,230006952978,10296
2026-07-31,2471,VND314D47574B,245007702708,17601
2026-07-31,2471,VND314D47574B,245007702742,6369
2026-07-31,2471,VND314D47574B,245007702743,11301
2026-07-31,2471,VND314D47574B,260006969317,324281
2026-07-31,2471,VND314D47574B,265007511939,24348
2026-07-31,2471,VND314D47574B,270006992467,21581
2026-07-31,2471,VND314D47574B,270006992470,23228
2026-07-31,2471,VND314D47574B,270006992473,10205
2026-07-31,2471,VND314D47574B,275007430714,50104
2026-07-31,2471,VND314D47574B,285007316921,14733
2026-07-31,2471,VND314D47574B,295007208446,24154
2026-07-31,2471,VND314D47574B,295007208447,38103
2026-07-31,2471,VND314D47574B,295007208448,96849
2026-07-31,2471,VND314D47574B,30010667648,60392
2026-07-31,2471,VND314D47574B,35009465347,127914
2026-07-31,2471,VND314D47574B,35009480719,94965
2026-07-31,2471,VND314D47574B,40010410753,14977
2026-07-31,2471,VND314D47574B,470003753366,413894
2026-07-31,2471,VND314D47574B,50010288720,28969
2026-07-31,2471,VND314D47574B,50010288721,59801
2026-07-31,2471,VND314D47574B,55009322745,37433
2026-07-31,2471,VND314D47574B,55009336815,5940
2026-07-31,2471,VND314D47574B,55009339852,11286
2026-07-31,2471,VND314D47574B,60009485611,190958
2026-07-31,2471,VND314D47574B,65009246392,27570
2026-07-31,2471,VND314D47574B,65009246393,4809
2026-07-31,2471,VND314D47574B,65009246394,3468
2026-07-31,2471,VND314D47574B,65009248873,1466848
2026-07-31,2471,VND314D47574B,70009378014,230365
2026-07-31,2471,VND314D47574B,80009269432,15173
2026-07-31,2471,VND314D47574B,95008920955,20051
2026-07-31,2475,VNDAD8272B707,166-0139437,32514
2026-07-31,2476,VNDB24DE3A5F3,59349423,151830
2026-07-31,2476,VNDB24DE3A5F3,59471265,437346
2026-07-31,2476,VNDB24DE3A5F3,59471280,462080
2026-07-31,2476,VNDB24DE3A5F3,59471301,447762
2026-07-31,2476,VNDB24DE3A5F3,59473649,217876
2026-07-31,2476,VNDB24DE3A5F3,59473651,489984
2026-07-31,2476,VNDB24DE3A5F3,59474365,306572
2026-07-31,2476,VNDB24DE3A5F3,59739074,3685
2026-07-31,2476,VNDB24DE3A5F3,59761217,5000
2026-07-31,2476,VNDB24DE3A5F3,59774366,5000
2026-07-31,2477,VND479D92EFDB,PSI674347,210000
2026-07-31,2477,VND479D92EFDB,PSI678818,210000
2026-07-31,2477,VND479D92EFDB,PSI684245,51845
2026-07-31,2478,VND907E03065D,043605,399200
2026-07-31,2479,VNDC486990838,247956,529
2026-07-31,2480,VNDC85484D068,0456-1264472,136340
2026-07-31,2481,VND74416F155F,96481,65000
2026-07-31,2483,VND0F82AF1081,6069311482,2589
2026-07-31,2484,VND0F82AF1081,6069227210,217
2026-07-31,2485,VND0F82AF1081,6069156895,23681
2026-07-31,2486,VND1727FBD37B,70060,57500
2026-07-31,2487,VND1727FBD37B,70080,57500
2026-07-31,2488,VND8668882415,0748584-IN,12143
2026-07-31,2489,VND12D72438EF,4005129,486718
2026-07-31,2490,VND6BAF66BC6D,714744,36899
2026-07-31,2490,VND6BAF66BC6D,715134,12909
2026-07-31,2491,VNDB154721964,i291468,129076
2026-07-31,2492,VNDEE92605660,0040244385,3000
2026-07-31,2493,VNDF05635F340,1354581,8775
2026-07-31,2494,VND845DA57072,25003-2026,105047
2026-07-31,2494,VND845DA57072,3114,246681
2026-07-31,2494,VND845DA57072,81118,394391
2026-07-31,2494,VND845DA57072,81947,203692
2026-07-31,2494,VND845DA57072,87200,215399
2026-07-31,2494,VND845DA57072,91440,478362
2026-07-31,2495,VNDE9006C6230,025972414,3802
2026-07-31,2495,VNDE9006C6230,025972415,3802
2026-07-31,2496,VNDE9006C6230,025972416,15686
2026-07-31,2497,VNDE9006C6230,026045652,9205
2026-07-31,2498,VNDDD7A339CF0,912,247932
2026-07-31,2499,VND8AA7C5834A,835410077-1,95503
2026-07-31,2499,VND8AA7C5834A,9000938911,6452
2026-07-31,2499,VND8AA7C5834A,9000938929,6452
2026-07-31,2499,VND8AA7C5834A,9005247904,155740
2026-07-31,2499,VND8AA7C5834A,9005862256,321845
2026-07-31,2499,VND8AA7C5834A,9006238878,96333
2026-07-31,2499,VND8AA7C5834A,9006972963,9603
2026-07-31,2499,VND8AA7C5834A,9009865198,11105
2026-07-31,2499,VND8AA7C5834A,9009865206,22287
2026-07-31,2499,VND8AA7C5834A,9011739423,26652
2026-07-31,2499,VND8AA7C5834A,9968792391,19400
2026-07-31,2500,VND5696B5D7DE,98131384,412
2026-07-31,2500,VND5696B5D7DE,98131385,802
2026-07-31,2500,VND5696B5D7DE,98159874,69702
2026-07-31,2500,VND5696B5D7DE,98159875,17640
2026-07-31,2501,VND6A8F32B4F0,9-306-92750,1252
2026-07-31,2501,VND6A8F32B4F0,9-325-13822,2125
2026-07-31,2501,VND6A8F32B4F0,9-335-28279,11910
2026-07-31,2501,VND6A8F32B4F0,9-353-51766,1269
2026-07-31,2501,VND6A8F32B4F0,9-373-64890,7238
2026-07-31,2501,VND6A8F32B4F0,9-383-03014,1269
2026-07-31,2501,VND6A8F32B4F0,939240826,750
2026-07-31,2502,VNDAF8AF0D8AE,1-137965752647,98400
2026-07-31,2502,VNDAF8AF0D8AE,1-137978875749,111222
2026-07-31,2502,VNDAF8AF0D8AE,1-138012267695,454600
2026-07-31,2503,VND3202C9608E,0820-002238327,42323
2026-07-31,2503,VND3202C9608E,0820-002241833,144837
2026-07-31,2504,VNDB13CA932DA,5373656118,90000
2026-07-31,2505,VNDB13CA932DA,287290699170x0720202,64605
2026-07-31,2506,VNDB13CA932DA,313116292 07/26,17482
2026-07-31,2507,VND23360FB697,11061851-002 071626,19163
2026-07-31,2507,VND23360FB697,21089880-002 72326,88469
2026-07-31,2507,VND23360FB697,21089885-002 72326,4456
2026-07-31,2507,VND23360FB697,23099007-002 07/26,1477
2026-07-31,2507,VND23360FB697,26105517-001 07/26,2672
2026-07-31,2508,VNDFEB45412C5,04104700-000 07/26,1300
2026-07-31,2508,VNDFEB45412C5,06131500-002  71026,4840
2026-07-31,2508,VNDFEB45412C5,06131550-000 7-10-26,6197
2026-07-31,2508,VNDFEB45412C5,08168650-001 07/26,1600
2026-07-31,2508,VNDFEB45412C5,2026-008,120000
2026-07-31,2509,VNDFEB45412C5,2026-00000007,754968
2026-07-31,2510,VND09E9FBF696,8799846,135000
2026-07-31,2511,VND09E9FBF696,8799922,202500
2026-07-31,2512,VND09E9FBF696,8819439,13500
2026-07-31,2513,VND09E9FBF696,8819466,54000
2026-07-31,2514,VND09E9FBF696,8819464,337500
2026-07-31,2515,VNDB41C7DE31B,0015711084872401 726,1684601
2026-07-31,2515,VNDB41C7DE31B,015711067391202 0726,35982
2026-07-31,2515,VNDB41C7DE31B,015711067850801 0726,12498
2026-07-31,2515,VNDB41C7DE31B,015711067975301 0726,11999
2026-07-31,2515,VNDB41C7DE31B,015711071490801 0726,25133
2026-07-31,2515,VNDB41C7DE31B,015711071871802 0726,140222
2026-07-31,2515,VNDB41C7DE31B,015711071888101 0726,25000
2026-07-31,2515,VNDB41C7DE31B,015711072235601 0726,40799
2026-07-31,2515,VNDB41C7DE31B,015711072522603 0726,14901
2026-07-31,2515,VNDB41C7DE31B,015711074182001 0726,12498
2026-07-31,2515,VNDB41C7DE31B,015711079968001 0726,10890
2026-07-31,2515,VNDB41C7DE31B,015711081839301 0726,51378
2026-07-31,2515,VNDB41C7DE31B,015711083129801 0726,9900
2026-07-31,2515,VNDB41C7DE31B,015711083766401 0726,93105
2026-07-31,2515,VNDB41C7DE31B,015711084970601 0726,100492
2026-07-31,2515,VNDB41C7DE31B,015711087516101 0726,22187
2026-07-31,2515,VNDB41C7DE31B,015711089409701 0726,40343
2026-07-31,2515,VNDB41C7DE31B,015711091084301 0726,28199
2026-07-31,2515,VNDB41C7DE31B,015711099343101 0726,158565
2026-07-31,2515,VNDB41C7DE31B,015713072236101 0626,3791
2026-07-31,2515,VNDB41C7DE31B,015713072236101 0726,3791
2026-07-31,2516,VNDB41C7DE31B,015711084392301 0726,23409
2026-07-31,2517,VNDB41C7DE31B,015711050922101 0726,2306
2026-07-31,2518,VNDB41C7DE31B,015713093574501 0726,46132
2026-07-31,2519,VNDE170E133C6,2579480,176366
2026-07-31,2521,VNDC9813A6861,904275562,59800
2026-07-31,2522,VND6AAAC1CF80,PARCEL 12-3,426700
2026-07-31,2523,VND6AAAC1CF80,PARCEL 19-2,5810800
2026-07-31,2524,VNDD21B132B43,101523,1442740
2026-07-31,2525,VND1CDC5A7959,010107200124201 0726,1180
2026-07-31,2525,VND1CDC5A7959,010107200143002 0726,1180
2026-07-31,2525,VND1CDC5A7959,010107703078902 0726,1180
2026-07-31,2525,VND1CDC5A7959,010107703086901 0726,6917
2026-07-31,2525,VND1CDC5A7959,010107703087001 0726,3349
2026-07-31,2525,VND1CDC5A7959,010107703095202 0726,1180
2026-07-31,2525,VND1CDC5A7959,010108711042202 0726,1180
2026-07-31,2525,VND1CDC5A7959,010108717052301 0726,1180
2026-07-31,2525,VND1CDC5A7959,010108717053202 0726,1180
2026-07-31,2525,VND1CDC5A7959,010109364015504 0726,3224
2026-07-31,2525,VND1CDC5A7959,010109364039403 0726,6242
2026-07-31,2525,VND1CDC5A7959,010109364077702 0726,3017
2026-07-31,2525,VND1CDC5A7959,010109364122901 0726,6232
2026-07-31,2525,VND1CDC5A7959,010109391108002 0726,1180
2026-07-31,2525,VND1CDC5A7959,010109397002202 0726,1180
2026-07-31,2525,VND1CDC5A7959,010109397156002 0726,1180
2026-07-31,2525,VND1CDC5A7959,010109397163602 0726,1180
2026-07-31,2525,VND1CDC5A7959,010109397172502 0726,1180
2026-07-31,2525,VND1CDC5A7959,010110084002601 0726,10558
2026-07-31,2525,VND1CDC5A7959,010110385025402 0726,1180
2026-07-31,2525,VND1CDC5A7959,010110387012602 726,9175
2026-07-31,2525,VND1CDC5A7959,010110708026901 0726,1180
2026-07-31,2525,VND1CDC5A7959,010110708027301 0726,1180
2026-07-31,2525,VND1CDC5A7959,010110708027501 0726,1180
2026-07-31,2525,VND1CDC5A7959,010110708028401 0726,1180
2026-07-31,2525,VND1CDC5A7959,010110708029702 0726,1180
2026-07-31,2525,VND1CDC5A7959,010110709052301 0726,1180
2026-07-31,2525,VND1CDC5A7959,010110736065302 0726,1180
2026-07-31,2525,VND1CDC5A7959,010111362078402 0726,1234
2026-07-31,2525,VND1CDC5A7959,010111362086902 0726,1234
2026-07-31,2525,VND1CDC5A7959,010111719811002 0726,1234
2026-07-31,2525,VND1CDC5A7959,010112030002101 0726,3017
2026-07-31,2525,VND1CDC5A7959,010112078003101 0726,1180
2026-07-31,2525,VND1CDC5A7959,010112376013602 0726,1234
2026-07-31,2525,VND1CDC5A7959,010112376014802 0726,3027
2026-07-31,2525,VND1CDC5A7959,010115086007001 0726,11405
2026-07-31,2525,VND1CDC5A7959,010115086007101 0726,3176
2026-07-31,2525,VND1CDC5A7959,010115086838502 0726,662
2026-07-31,2525,VND1CDC5A7959,010116004003201 0726,13178
2026-07-31,2525,VND1CDC5A7959,010116004003301 0726,6291
2026-07-31,2525,VND1CDC5A7959,010116058048401 0726,3163
2026-07-31,2525,VND1CDC5A7959,010116058048601 0726,18114
2026-07-31,2525,VND1CDC5A7959,020207008049202 0726,4683
2026-07-31,2526,VNDA23FFF84E8,020201010323201 0629,14235
2026-07-31,2527,VNDB2BF8720F9,41519,207000
2026-07-31,2527,VNDB2BF8720F9,41520,90000
2026-07-31,2527,VNDB2BF8720F9,41521,77625
2026-07-31,2527,VNDB2BF8720F9,41522,162000
2026-07-31,2527,VNDB2BF8720F9,41554,220500
2026-07-31,2527,VNDB2BF8720F9,41557,178875
2026-07-31,2528,VND9BFA013670,334900F,26859
2026-07-31,2529,VND04B962C659,26179-01,2232000
2026-07-31,2529,VND04B962C659,26339-01,378000
2026-07-31,2529,VND04B962C659,26750-01,497500
2026-07-31,2530,VNDDB3BCD2242,2074698112,11800
2026-07-31,2531,VND5673704393,Q2447420,223558
2026-07-31,2533,VND42EFDCDA16,287269465647x071926,6419
2026-07-31,2533,VND42EFDCDA16,287282783078X070226,625007
2026-07-31,2533,VND42EFDCDA16,287287304752x072026,30765
2026-07-31,2533,VND42EFDCDA16,287290760133x071926,16468
2026-07-31,2533,VND42EFDCDA16,287298533483x072026,229077
2026-07-31,2533,VND42EFDCDA16,287302169920X071926,9259
2026-07-31,2533,VND42EFDCDA16,287309147402X071926,10540
2026-07-31,2533,VND42EFDCDA16,287325748216X071926,8940
2026-07-31,2533,VND42EFDCDA16,287355060151x072026,100052
2026-07-31,2533,VND42EFDCDA16,832474798X071926,23464
2026-07-31,2533,VND42EFDCDA16,876624010X071926,9844
2026-07-31,2534,VND42EFDCDA16,823136416X07192026,12545
2026-07-31,2535,VND42EFDCDA16,287325895255x072026,12645
2026-07-31,2536,VND42EFDCDA16,287250018168X070226,4858
2026-07-31,2537,VND3F4FEE385D,55471,25000
2026-07-31,2537,VND3F4FEE385D,55472,25000
2026-07-31,2537,VND3F4FEE385D,55473,37500
2026-07-31,2537,VND3F4FEE385D,55474,25000
2026-07-31,2538,VNDB7D4F2F76E,3001089180 07/26,5307
2026-07-31,2538,VNDB7D4F2F76E,4002576605 716,830724
2026-07-31,2539,VND0A4E1F0525,NO. 018,3706415
2026-07-31,2540,VND64DF5D39C3,87303,1850
2026-07-31,2540,VND64DF5D39C3,87305,5900
2026-07-31,2540,VND64DF5D39C3,87308,1850
2026-07-31,2540,VND64DF5D39C3,87309,1850
2026-07-31,2540,VND64DF5D39C3,87316,2200
2026-07-31,2541,VND4EAEDD6122,8102-26,8000
2026-07-31,2542,VND4EAEDD6122,8129-26,16000
2026-07-31,2543,VND4EAEDD6122,8131-26,8000
2026-07-31,2544,VND4EAEDD6122,8314-26,8000
2026-07-31,2545,VND4EAEDD6122,8079-26,4000
2026-07-31,2546,VND4EAEDD6122,8080-26,14000
2026-07-31,2547,VND4EAEDD6122,8092-26,8000
2026-07-31,2548,VND4EAEDD6122,8100-26,8000
2026-07-31,2549,VND4EAEDD6122,8105-26,8000
2026-07-31,2550,VND4EAEDD6122,8140-26,8000
2026-07-31,2551,VND4EAEDD6122,8003-26,8000
2026-07-31,2552,VND4EAEDD6122,8107-26,4000
2026-07-31,2553,VND4EAEDD6122,8116-26,8000
2026-07-31,2554,VND4EAEDD6122,8117-26,4000
2026-07-31,2555,VND4EAEDD6122,8120-26,4000
2026-07-31,2556,VND4EAEDD6122,8126-26,4000
2026-07-31,2557,VND4EAEDD6122,8128-26,8000
2026-07-31,2558,VNDCC7F2B2BBA,Draw 491,545750
2026-07-31,2558,VNDCC7F2B2BBA,Draw 494,543524
2026-07-31,2559,VND3D29FB49E4,60-0078/1002425 0726,2291
2026-07-31,2560,VND0710F14E30,201708022,348216
2026-07-31,2561,VND7318C7CBBA,26492,8000
2026-07-31,2562,VND7318C7CBBA,26528,6000
2026-07-31,2563,VND7318C7CBBA,26539,8000
2026-07-31,2564,VND461B630DBC,66X00002,118904156
2026-07-31,2565,VND8DF33898C8,12912,1500000
2026-07-31,2566,VND8F4997CAE3,3726731,27395
2026-07-31,2567,VNDEFAC08380F,EBRES072926,100000
2026-07-31,2568,VNDDE39E2BAFE,APRIL 2026,2000000
2026-07-31,2568,VNDDE39E2BAFE,MAY 2026,2000000
2026-07-31,2569,VND994EEDB4F5,NO. 006,1013913
2026-07-31,2570,VND994EEDB4F5,NO. 18,1639510
2026-07-31,2571,VNDF8A0858D46,June 2026 Invoice,1495610
2026-07-31,2572,VND6266E7A0DA,07/16-31/26,275000
2026-07-31,2573,VNDA66F996039,1-2026,2000000
2026-07-31,2574,VNDC4F5B5D77D,476865-000021,12000
2026-07-31,2575,VND13CF8000F9,07/08-22/26,300000
2026-07-31,2576,VND91721D3854,681907175783,1275331
2026-07-31,2577,VND1DEC998EAB,0726,410000
2026-07-31,2578,VND0D84CB2C7E,31228,136700
2026-07-31,2579,VND0D84CB2C7E,31227,833300
2026-07-31,2580,VNDC2E39E6510,12054,15125
2026-07-31,2580,VNDC2E39E6510,12347,13750
2026-07-31,2581,VNDF5B7EE4D2C,000459,476171
2026-07-31,2582,VND94FFA67E89,P-107301,48000
2026-07-31,6083,VNDDC32CEF05A,1166919,-866
2026-07-31,6084,VND31ED4F5C72,1158227,-3360
2026-07-31,7189,VND6419D861E2,13486614856,1710
2026-07-31,7189,VND6419D861E2,88202612603,17028
2026-07-31,7190,VND871C0D59DE,10813977944,27900
2026-07-31,7190,VND871C0D59DE,10881126360,148900
2026-07-31,7191,VNDCB65AFB842,201106A,19382
2026-07-31,7192,VND96E81D06D8,NO. 87,326689
2026-07-31,7193,VNDC70DE8A9D2,102666027-5-6-26,4500
2026-07-31,7194,VNDC70DE8A9D2,AUGUST SALARIES-26,41656117
2026-07-31,7195,VND0A7D5F3033,FIREFIGHTER RETIREM,128990
2026-07-31,7196,VND0A7D5F3033,FIREFIGHTER RETIRE R,127424
2026-07-31,7197,VND45EAEDDBC2,CR/CN/7.11-7.24.26,261288
2026-07-31,7198,VND440D42F5D7,PAY PT 7/11-24/26,40285
2026-07-31,7199,VND9482CE1F7B,6147526351,351159
2026-07-31,7199,VND9482CE1F7B,6148341375,6208
2026-07-31,7199,VND9482CE1F7B,6149097612,43447
2026-07-31,7200,VND9482CE1F7B,6148883775,72653
2026-07-31,7201,VND9482CE1F7B,6148906929,41492
2026-07-31,7202,VND9482CE1F7B,6148906927,134328
2026-07-31,7203,VND9482CE1F7B,6148035932,6003
2026-07-31,7203,VND9482CE1F7B,6148035933,4001
2026-07-31,7203,VND9482CE1F7B,6148673729,546151
2026-07-31,7203,VND9482CE1F7B,6148884374,95564
2026-07-31,7204,VNDD625408CC1,1576911,543254
2026-07-31,7205,VND4ED9377DF8,41494,3750
2026-07-31,7206,VND4174CC59F3,3661,350000
2026-07-31,7207,VNDE6A23FABFB,CR/LD/7.11-07.24.26,290320
2026-07-31,7208,VND02D4A16A81,36,300000
2026-07-31,7209,VND007E0F2C41,07/20-30/26,291667
2026-07-31,7210,VND162CA25F89,07/20-24/26,102090
2026-07-31,7210,VND162CA25F89,07/27-31/26,102090
2026-07-31,7211,VND6595524291,CR/MD7.11.26-7.24.26,261288
2026-07-31,7212,VND1B50F89A73,JULY 2026,408333
2026-07-31,7213,VND5D43C48DED,01-052026,250000
2026-07-31,7213,VND5D43C48DED,062026,258000
2026-08-04,2621,VNDAD371834F3,403074,23400
2026-08-04,2621,VNDAD371834F3,403105,20700
2026-08-04,2621,VNDAD371834F3,403615,92400
2026-08-04,2621,VNDAD371834F3,403775,34500
2026-08-04,2621,VNDAD371834F3,404458,176700
2026-08-04,2621,VNDAD371834F3,404465,31200
2026-08-04,2621,VNDAD371834F3,404467,87800
2026-08-04,2621,VNDAD371834F3,404485,2900
2026-08-04,2621,VNDAD371834F3,404619,6900
2026-08-04,2621,VNDAD371834F3,404697,37800
2026-08-04,2621,VNDAD371834F3,404706,23600
2026-08-04,2621,VNDAD371834F3,404707,18700
2026-08-04,2621,VNDAD371834F3,404709,4500
2026-08-04,2621,VNDAD371834F3,404711,2900
2026-08-04,2621,VNDAD371834F3,404878,8500
2026-08-04,2621,VNDAD371834F3,404981,15800
2026-08-04,2621,VNDAD371834F3,405260,207800
2026-08-04,2621,VNDAD371834F3,405431,18700
2026-08-04,2621,VNDAD371834F3,405450,8700
2026-08-04,2621,VNDAD371834F3,405489,13800
2026-08-04,2621,VNDAD371834F3,405499,49790
2026-08-04,2621,VNDAD371834F3,405521,20400
2026-08-04,2622,VND608BF9B3D8,188994,156420
2026-08-04,2622,VND608BF9B3D8,189222,7260
2026-08-04,2622,VND608BF9B3D8,189224,74801
2026-08-04,2622,VND608BF9B3D8,191873,99660
2026-08-04,2622,VND608BF9B3D8,192768,9699
2026-08-04,2622,VND608BF9B3D8,193034,7760
2026-08-04,2622,VND608BF9B3D8,193659,67760
2026-08-04,2622,VND608BF9B3D8,195310,157916
2026-08-04,2622,VND608BF9B3D8,195465,16560
2026-08-04,2622,VND608BF9B3D8,195466,5089
2026-08-04,2622,VND608BF9B3D8,195540,89217
2026-08-04,2622,VND608BF9B3D8,196607,1599
2026-08-04,2622,VND608BF9B3D8,196608,56404
2026-08-04,2623,VNDFE2AFFF880,69642,2573220
2026-08-04,2623,VNDFE2AFFF880,69644,5320339
2026-08-04,2623,VNDFE2AFFF880,69648,573680
2026-08-04,2624,VNDA610CB7675,240982,3235
2026-08-04,2625,VNDA610CB7675,240871,8614
2026-08-04,2626,VNDFABA4FF358,53580426036,55788
2026-08-04,2627,VNDFABA4FF358,53369097020,30752
2026-08-04,2628,VNDAD0128DBE2,105870,366401
2026-08-04,2629,VND194891F3F9,01505070,5250
2026-08-04,2630,VND3D57A41404,528261,24500
2026-08-04,2630,VND3D57A41404,528262,10500
2026-08-04,2631,VNDEBD9EC9CF9,INV486789,42561
2026-08-04,2632,VND3EEA9B0084,ENREYES07242026,3400
2026-08-04,2633,VND314B84DB92,IN259671,1151
2026-08-04,2633,VND314B84DB92,IN260478,33165
2026-08-04,2633,VND314B84DB92,IN261043,41553
2026-08-04,2634,VND314B84DB92,IN259632,6582
2026-08-04,2634,VND314B84DB92,IN261897,414100
2026-08-04,2634,VND314B84DB92,IN262088,898150
2026-08-04,2635,VND314B84DB92,IN257106,8508
2026-08-04,2636,VND314B84DB92,IN257105,8440
2026-08-04,2637,VND314B84DB92,IN258143,85660
2026-08-04,2638,VND314B84DB92,IN260265,239506
2026-08-04,2639,VND314B84DB92,IN260266,148030
2026-08-04,2640,VND314B84DB92,IN260267,11163
2026-08-04,2641,VND314B84DB92,IN261440,4998
2026-08-04,2642,VND314B84DB92,IN261439,4796
2026-08-04,2643,VND314B84DB92,IN261438,4796
2026-08-04,2644,VND314B84DB92,IN261983,7968
2026-08-04,2645,VND314B84DB92,IN261988,8036
2026-08-04,2646,VND314B84DB92,IN261985,7968
2026-08-04,2647,VND314B84DB92,IN261993,8306
2026-08-04,2648,VND314B84DB92,IN261982,7968
2026-08-04,2649,VND314B84DB92,IN261984,7968
2026-08-04,2650,VND314B84DB92,IN261991,7902
2026-08-04,2651,VND314B84DB92,IN261989,8102
2026-08-04,2652,VND314B84DB92,IN261987,8036
2026-08-04,2653,VND314B84DB92,IN261994,7968
2026-08-04,2654,VND314B84DB92,IN261990,7968
2026-08-04,2655,VND314B84DB92,IN261981,5602
2026-08-04,2656,VND314B84DB92,IN261992,8036
2026-08-04,2657,VND314B84DB92,IN261986,7968
2026-08-04,2658,VND0E9273449A,4276738135,22701
2026-08-04,2658,VND0E9273449A,4277235246,7770
2026-08-04,2659,VNDD82F48C9E0,Inv486781,3900
2026-08-04,2660,VND2FE679EDE1,9173631229,3800
2026-08-04,2660,VND2FE679EDE1,9173948140,29875
2026-08-04,2660,VND2FE679EDE1,9173948191,6325
2026-08-04,2660,VND2FE679EDE1,9174111814,24750
2026-08-04,2661,VND38FB0B177C,IVC0010153,745511
2026-08-04,2662,VND312B4066D7,3272582,298500
2026-08-04,2662,VND312B4066D7,3272794,254850
2026-08-04,2665,VND0972D9C76D,95502,21955
2026-08-04,2665,VND0972D9C76D,95695,11135
2026-08-04,2666,VNDB9A7F6729B,33210,217650
2026-08-04,2666,VNDB9A7F6729B,33256,81540
2026-08-04,2667,VND97AAB494D9,488934,59575
2026-08-04,2667,VND97AAB494D9,489189,44596
2026-08-04,2668,VND9A4582E5DB,127138,474000
2026-08-04,2669,VNDA3AB86727E,1506130-IN,1184700
2026-08-04,2669,VNDA3AB86727E,1510254-IN,2344500
2026-08-04,2670,VND314D47574B,10021394202,822313
2026-08-04,2670,VND314D47574B,10021394512,921725
2026-08-04,2670,VND314D47574B,10021395288,835896
2026-08-04,2670,VND314D47574B,130007590568,511
2026-08-04,2670,VND314D47574B,130007590569,511
2026-08-04,2670,VND314D47574B,15009741924,133578
2026-08-04,2670,VND314D47574B,20010938793,3960
2026-08-04,2670,VND314D47574B,2026518684,2444701
2026-08-04,2670,VND314D47574B,80009275214,4893
2026-08-04,2671,VND91034DB47E,683499,10999
2026-08-04,2671,VND91034DB47E,683777,43000
2026-08-04,2671,VND91034DB47E,683778,21119
2026-08-04,2671,VND91034DB47E,683779,3390
2026-08-04,2671,VND91034DB47E,684801,10999
2026-08-04,2672,VND56CB734DA4,27641,3996
2026-08-04,2673,VND68E1B0DADC,258629,5799
2026-08-04,2674,VND8D8DD46FFF,91854387,135000
2026-08-04,2675,VND162E4C3E25,914351-1,1817
2026-08-04,2675,VND162E4C3E25,917019-1,9715
2026-08-04,2675,VND162E4C3E25,918323-1,70625
2026-08-04,2675,VND162E4C3E25,918607-1,3808
2026-08-04,2676,VNDEC085E77FB,1913101031750,16465
2026-08-04,2676,VNDEC085E77FB,1913101031941,98790
2026-08-04,2677,VND7911211C25,51924,51670
2026-08-04,2677,VND7911211C25,51961,1028
2026-08-04,2678,VNDC0620CDD61,00089430,10000
2026-08-04,2679,VND27425B6C62,118371116,462000
2026-08-04,2679,VND27425B6C62,118426943,90000
2026-08-04,2680,VND65DE8A4375,S18842,282400
2026-08-04,2680,VND65DE8A4375,S18843,467600
2026-08-04,2680,VND65DE8A4375,S18875,266400
2026-08-04,2680,VND65DE8A4375,S18876,22200
2026-08-04,2680,VND65DE8A4375,S18893,592000
2026-08-04,2680,VND65DE8A4375,S18920,236800
2026-08-04,2680,VND65DE8A4375,S18923,340400
2026-08-04,2680,VND65DE8A4375,S18930,640840
2026-08-04,2680,VND65DE8A4375,S18931,234238
2026-08-04,2680,VND65DE8A4375,S18943,384800
2026-08-04,2680,VND65DE8A4375,S18944,207200
2026-08-04,2681,VND93ACEED8D3,INV79644,133900
2026-08-04,2681,VND93ACEED8D3,INV79645,115500
2026-08-04,2682,VND0BC4BE9B6A,3996950,176986
2026-08-04,2682,VND0BC4BE9B6A,BTR-300064,301629
2026-08-04,2683,VNDB24DE3A5F3,59386070,482040
2026-08-04,2683,VNDB24DE3A5F3,59412750,486150
2026-08-04,2683,VNDB24DE3A5F3,59471599,425900
2026-08-04,2684,VND74416F155F,96835,24000
2026-08-04,2685,VND0F82AF1081,6068742612,43554
2026-08-04,2685,VND0F82AF1081,6068767914,22464
2026-08-04,2685,VND0F82AF1081,6068767915,11970
2026-08-04,2685,VND0F82AF1081,6068832869,28800
2026-08-04,2685,VND0F82AF1081,6069021420,10006
2026-08-04,2685,VND0F82AF1081,6069366591,49936
2026-08-04,2685,VND0F82AF1081,6069491513,28276
2026-08-04,2685,VND0F82AF1081,6069491515,1690
2026-08-04,2685,VND0F82AF1081,6069896975,3708
2026-08-04,2686,VND1727FBD37B,70054,75000
2026-08-04,2687,VND83E25B6DDA,0413749,168885
2026-08-04,2688,VND0D186B42D7,357249265,165000
2026-08-04,2688,VND0D186B42D7,357560183,82500
2026-08-04,2688,VND0D186B42D7,357959572,137500
2026-08-04,2689,VND87DAA5B405,54892,254000
2026-08-04,2691,VND94A89D9280,25521875,13300
2026-08-04,2691,VND94A89D9280,25521876,13300
2026-08-04,2691,VND94A89D9280,25521877,13300
2026-08-04,2691,VND94A89D9280,25521880,13300
2026-08-04,2691,VND94A89D9280,25521881,13300
2026-08-04,2691,VND94A89D9280,25521882,13300
2026-08-04,2691,VND94A89D9280,25522599,13300
2026-08-04,2691,VND94A89D9280,25522600,13300
2026-08-04,2691,VND94A89D9280,54292048,4590
2026-08-04,2692,VND76BE7CF85A,12815115,70000
2026-08-04,2693,VND6BAF66BC6D,715363,1694
2026-08-04,2694,VNDEE92605660,0040255965,3000
2026-08-04,2694,VNDEE92605660,004026382,6454
2026-08-04,2694,VNDEE92605660,0040293519,2250
2026-08-04,2694,VNDEE92605660,0040296839,7600
2026-08-04,2695,VND16102A69A6,71499,31350
2026-08-04,2696,VND85CF6239EE,21347-3,158500
2026-08-04,2697,VNDAD36288E2C,1286774,17500
2026-08-04,2698,VNDAD36288E2C,1285298,6600
2026-08-04,2699,VNDAD36288E2C,1285296,45600
2026-08-04,2700,VND8AA7C5834A,9011892230,2544
2026-08-04,2700,VND8AA7C5834A,9012215787,12550
2026-08-04,2700,VND8AA7C5834A,9014179205,8733
2026-08-04,2700,VND8AA7C5834A,9973496152,57763
2026-08-04,2701,VNDAF8AF0D8AE,1-138012088665,451100
2026-08-04,2701,VNDAF8AF0D8AE,C1-137846714117,1264300
2026-08-04,2702,VND13E76BDE84,529-81636095,233100
2026-08-04,2702,VND13E76BDE84,529-81636340,54950
2026-08-04,2702,VND13E76BDE84,529-81636945,54950
2026-08-04,2703,VND97255B31D4,10517141320626,244261
2026-08-04,2703,VND97255B31D4,11192141320626,76324
2026-08-04,2703,VND97255B31D4,14725141320626,53150
2026-08-04,2703,VND97255B31D4,20193141320726,7483
2026-08-04,2703,VND97255B31D4,29019107860726,5644
2026-08-04,2703,VND97255B31D4,90392127560726,6167
2026-08-04,2704,VNDD04F233407,6062039,12500
2026-08-04,2704,VNDD04F233407,6105200,7645
2026-08-04,2704,VNDD04F233407,6135544,8450
2026-08-04,2709,VNDA9B2BB2688,ASHLEY FAUCHEAUX,489007
2026-08-04,2710,VND09E9FBF696,0088259,93152
2026-08-04,2710,VND09E9FBF696,0088903,1021896
2026-08-04,2710,VND09E9FBF696,0090009,93832
2026-08-04,2710,VND09E9FBF696,089466,85859
2026-08-04,2710,VND09E9FBF696,26050113,256405
2026-08-04,2710,VND09E9FBF696,26050364,53685
2026-08-04,2710,VND09E9FBF696,26051027,146595
2026-08-04,2710,VND09E9FBF696,586310,178500
2026-08-04,2711,VND09E9FBF696,32905,39000
2026-08-04,2712,VND09E9FBF696,274147,7000
2026-08-04,2713,VNDB41C7DE31B,00157110952508010,17636
2026-08-04,2713,VNDB41C7DE31B,015711083165001-0726,306961
2026-08-04,2714,VNDB41C7DE31B,001571109094081 7/26,58034
2026-08-04,2715,VNDB41C7DE31B,015711067890101 0726,32190
2026-08-04,2716,VND4B642A6645,1191195,483000
2026-08-04,2717,VNDCD52791086,AK21C8J,114056
2026-08-04,2719,VNDB08E066BB4,771842,8000
2026-08-04,2720,VND0448DA64D8,1540325,20000
2026-08-04,2721,VND8F200F3D33,70380106,-71000
2026-08-04,2721,VND8F200F3D33,86229198,49170
2026-08-04,2721,VND8F200F3D33,86249276,49170
2026-08-04,2721,VND8F200F3D33,86291348,13895
2026-08-04,2722,VND8F200F3D33,86192003,15781
2026-08-04,2723,VND506093857D,B7243381,344066
2026-08-04,2723,VND506093857D,B7248331,95957
2026-08-04,2723,VND506093857D,B7248352,40938
2026-08-04,2723,VND506093857D,B7248469,58772
2026-08-04,2723,VND506093857D,B7248484,8508
2026-08-04,2723,VND506093857D,B7254105,128940
2026-08-04,2723,VND506093857D,B7254719,24795
2026-08-04,2723,VND506093857D,B7254720,40544
2026-08-04,2723,VND506093857D,B7268664,44908
2026-08-04,2723,VND506093857D,B7268666,135809
2026-08-04,2723,VND506093857D,B7268745,80137
2026-08-04,2723,VND506093857D,B7268871,112574
2026-08-04,2723,VND506093857D,B7268925,6404
2026-08-04,2723,VND506093857D,B7273457,20557
2026-08-04,2723,VND506093857D,B7273459,10525
2026-08-04,2723,VND506093857D,B7274105,2972
2026-08-04,2723,VND506093857D,B7274106,5864
2026-08-04,2723,VND506093857D,M224754,53268
2026-08-04,2723,VND506093857D,M224770,1449
2026-08-04,2723,VND506093857D,M225338,63687
2026-08-04,2723,VND506093857D,M225359,7935
2026-08-04,2723,VND506093857D,M228950,77556
2026-08-04,2723,VND506093857D,M228970,12765
2026-08-04,2724,VNDC6FEA6D9A6,990627784,3302400
2026-08-04,2725,VNDA3D6DA1092,JULY 2ND HALF 2026,866665
2026-08-04,2726,VND89370A1512,4176457,27500
2026-08-04,2728,VNDD20D7F3048,2048703,4419600
2026-08-04,2729,VND51F22A8064,B20427098B,7402600
2026-08-04,2730,VND1CDC5A7959,010105092017901 7/26,182194
2026-08-04,2730,VND1CDC5A7959,010106112000204 7/26,15663
2026-08-04,2730,VND1CDC5A7959,010106112002303 7/26,6303
2026-08-04,2730,VND1CDC5A7959,010106112002403 7/26,4355
2026-08-04,2730,VND1CDC5A7959,010106112006202 7/26,4357
2026-08-04,2731,VND1CDC5A7959,010101600046301 726,4240
2026-08-04,2731,VND1CDC5A7959,010101621003701 726,4925
2026-08-04,2731,VND1CDC5A7959,010101621004601 726,6234
2026-08-04,2731,VND1CDC5A7959,010101621004701 726,3017
2026-08-04,2731,VND1CDC5A7959,010121441002402 0626,1234
2026-08-04,2732,VNDF384EA7B9B,509109570,19653
2026-08-04,2732,VNDF384EA7B9B,509109571,44194
2026-08-04,2732,VNDF384EA7B9B,509109572,77475
2026-08-04,2732,VNDF384EA7B9B,509109573,37050
2026-08-04,2732,VNDF384EA7B9B,509109574,164827
2026-08-04,2732,VNDF384EA7B9B,509109575,45360
2026-08-04,2732,VNDF384EA7B9B,509109576,153630
2026-08-04,2732,VNDF384EA7B9B,509109577,17190
2026-08-04,2732,VNDF384EA7B9B,509109578,4200
2026-08-04,2732,VNDF384EA7B9B,509109579,102390
2026-08-04,2732,VNDF384EA7B9B,509109580,163464
2026-08-04,2733,VNDB2BF8720F9,41555,72000
2026-08-04,2733,VNDB2BF8720F9,41556,90000
2026-08-04,2733,VNDB2BF8720F9,41591,234000
2026-08-04,2733,VNDB2BF8720F9,41593,78300
2026-08-04,2733,VNDB2BF8720F9,41594,162000
2026-08-04,2734,VND2B6431058B,2026-055,712500
2026-08-04,2735,VNDBC06C0FC3B,17630,125000
2026-08-04,2735,VNDBC06C0FC3B,17663,146500
2026-08-04,2736,VNDF97FB4280B,L04-90185,102500
2026-08-04,2737,VND59325753EC,989644,1643000
2026-08-04,2738,VND59325753EC,987145,13080
2026-08-04,2738,VND59325753EC,996653,13080
2026-08-04,2739,VND192E49B381,19181315,49713
2026-08-04,2740,VND22131354E9,C0-02787,40000
2026-08-04,2741,VND04B962C659,26165-01,1600000
2026-08-04,2741,VND04B962C659,26180-01,861000
2026-08-04,2741,VND04B962C659,26428-01,470439
2026-08-04,2741,VND04B962C659,26746,243950
2026-08-04,2742,VNDBB320919B0,26070805,48285
2026-08-04,2742,VNDBB320919B0,26071098,28995
2026-08-04,2743,VND1117BB7B83,JD698-26,50000
2026-08-04,2744,VND6E49A891EC,00002275,62615
2026-08-04,2745,VND7BC88FF2A0,391674LTG,958928
2026-08-04,2745,VND7BC88FF2A0,392578LTG,336490
2026-08-04,2746,VND7BC88FF2A0,394904BTR,1338669
2026-08-04,2747,VND7BC88FF2A0,395099LTG,2614644
2026-08-04,2748,VND468028347E,5039485261 A,29215
2026-08-04,2749,VND3381FE26A4,262918618-001,112200
2026-08-04,2749,VND3381FE26A4,262938356-001,1420600
2026-08-04,2749,VND3381FE26A4,263257867-002,198400
2026-08-04,2749,VND3381FE26A4,264343424-002,17800
2026-08-04,2749,VND3381FE26A4,264366356-001,113842
2026-08-04,2749,VND3381FE26A4,264867171-001,69114
2026-08-04,2750,VNDE85DFC673D,2560896,4610896
2026-08-04,2750,VNDE85DFC673D,2577591,2932691
2026-08-04,2751,VND640FA7A548,15322072,98281
2026-08-04,2752,VNDB1841736DC,907706224,15040
2026-08-04,2752,VNDB1841736DC,907706225,45120
2026-08-04,2753,VNDC074D4A803,LA69807172026091430,10985
2026-08-04,2754,VND6A20575D85,702301C5-0043,49800
2026-08-04,2755,VNDCAB732B931,4283536,200000
2026-08-04,2756,VND6E49FF6DF8,9511877669,495000
2026-08-04,2757,VND25FD7F166C,BB4838429,31000
2026-08-04,2757,VND25FD7F166C,BB4838431,18200
2026-08-04,2757,VND25FD7F166C,BB4838433,11000
2026-08-04,2757,VND25FD7F166C,BB4838435,15200
2026-08-04,2757,VND25FD7F166C,BB4838437,28000
2026-08-04,2758,VNDF46E73B2E4,4734,85000
2026-08-04,2759,VNDD5FE54EACB,104680,916666
2026-08-04,2760,VND6FC6206B15,160,344000
2026-08-04,2761,VNDB49A05C272,B17159,-20606
2026-08-04,2761,VNDB49A05C272,b62675,561941
2026-08-04,2762,VNDA19A313B5F,CRIME DISTRICT 159,1623000
2026-08-04,2763,VND64DF5D39C3,87158,1850
2026-08-04,2763,VND64DF5D39C3,87164,11800
2026-08-04,2763,VND64DF5D39C3,87168,3700
2026-08-04,2763,VND64DF5D39C3,87175,2200
2026-08-04,2763,VND64DF5D39C3,87231,1850
2026-08-04,2763,VND64DF5D39C3,87232,5900
2026-08-04,2763,VND64DF5D39C3,87235,1850
2026-08-04,2763,VND64DF5D39C3,87237,1850
2026-08-04,2763,VND64DF5D39C3,87245,2200
2026-08-04,2764,VNDCE4F07B4A2,DWI-IW7/18/2026,30000
2026-08-04,2765,VND72B93CFE5B,8014927422,12495
2026-08-04,2766,VNDE8A506A719,14983,164900
2026-08-04,2767,VND5B522DD704,17982,246800
2026-08-04,2768,VND4EAEDD6122,6671-25,7500
2026-08-04,2769,VND4EAEDD6122,6675-25,3750
2026-08-04,2770,VND4EAEDD6122,6706-25,7500
2026-08-04,2771,VND4EAEDD6122,6749-25,3750
2026-08-04,2772,VND4EAEDD6122,6754-25,7500
2026-08-04,2773,VND4EAEDD6122,6839-25,7500
2026-08-04,2774,VND4EAEDD6122,6841-25,3750
2026-08-04,2775,VND4EAEDD6122,6845-25,3750
2026-08-04,2776,VND3274F92FF4,100018,537281
2026-08-04,2777,VNDCFA3D9D954,97970,39396
2026-08-04,2778,VND7E9F39CE99,USI067993,182959
2026-08-04,2779,VND4CE022C8E8,89007,234500
2026-08-04,2779,VND4CE022C8E8,89008,199500
2026-08-04,2780,VNDB644B73722,172-24261A,193261
2026-08-04,2780,VNDB644B73722,172-24287A,159750
2026-08-04,2780,VNDB644B73722,172-24566,78790
2026-08-04,2781,VNDE495C7BA81,202609,719509
2026-08-04,2781,VNDE495C7BA81,202610,669428
2026-08-04,2781,VNDE495C7BA81,202611,646898
2026-08-04,2781,VNDE495C7BA81,202616,633696
2026-08-04,2781,VNDE495C7BA81,202617,681051
2026-08-04,2781,VNDE495C7BA81,202618,679903
2026-08-04,2782,VNDD93795DF87,11829,85000
2026-08-04,2783,VNDD93795DF87,11830,85000
2026-08-04,2784,VNDD93795DF87,11895,85000
2026-08-04,2785,VNDD93795DF87,11900,85000
2026-08-04,2786,VNDD93795DF87,11901,85000
2026-08-04,2787,VNDD93795DF87,11906,85000
2026-08-04,2788,VNDD93795DF87,11908,85000
2026-08-04,2789,VNDD93795DF87,11912,85000
2026-08-04,2790,VNDD93795DF87,11915,85000
2026-08-04,2791,VNDD93795DF87,11936,85000
2026-08-04,2792,VND25873D1268,26061-1,39350
2026-08-04,2792,VND25873D1268,26061-3,12650
2026-08-04,2792,VND25873D1268,26061-4,14875
2026-08-04,2792,VND25873D1268,26062,48250
2026-08-04,2792,VND25873D1268,26062-1,21550
2026-08-04,2792,VND25873D1268,26062-2,17100
2026-08-04,2792,VND25873D1268,26063-1,43800
2026-08-04,2792,VND25873D1268,26063-2,12650
2026-08-04,2792,VND25873D1268,26063-3,26000
2026-08-04,2792,VND25873D1268,26147-1,21550
2026-08-04,2792,VND25873D1268,26147-2,19325
2026-08-04,2792,VND25873D1268,26147-3,14875
2026-08-04,2792,VND25873D1268,26147-4,12650
2026-08-04,2792,VND25873D1268,26153-1,37633
2026-08-04,2792,VND25873D1268,26153-2,28733
2026-08-04,2792,VND25873D1268,26153-3,28733
2026-08-04,2792,VND25873D1268,26155-2,12650
2026-08-04,2792,VND25873D1268,26155-3,21550
2026-08-04,2792,VND25873D1268,26155-4,39350
2026-08-04,2792,VND25873D1268,26156-1,12650
2026-08-04,2792,VND25873D1268,26156-2,28225
2026-08-04,2792,VND25873D1268,26156-3,28225
2026-08-04,2792,VND25873D1268,26157,58544
2026-08-04,2792,VND25873D1268,26158-1,21550
2026-08-04,2792,VND25873D1268,26158-2,34900
2026-08-04,2792,VND25873D1268,26158-4,10425
2026-08-04,2792,VND25873D1268,26159-1,24250
2026-08-04,2792,VND25873D1268,26159-2,19800
2026-08-04,2792,VND25873D1268,26159-3,28700
2026-08-04,2792,VND25873D1268,26160-1,19325
2026-08-04,2792,VND25873D1268,26160-2,21550
2026-08-04,2792,VND25873D1268,26160-3,12650
2026-08-04,2793,VNDA2D7FFBE15,8824044551,125000
2026-08-04,2794,VNDB05D158C93,1286,14400
2026-08-04,2795,VND777AAA6B69,14T9-49LQ-NGM1,3499
2026-08-04,2795,VND777AAA6B69,196H-V4JP-94GK,14817
2026-08-04,2795,VND777AAA6B69,196Y-D4P1-K6XK,12981
2026-08-04,2795,VND777AAA6B69,1XMC-7GHK-1T9G,1898
2026-08-04,2795,VND777AAA6B69,1XMC-7GHK-3C44,3598
2026-08-04,2796,VNDFE7BCFF82B,38120,306984
2026-08-04,2796,VNDFE7BCFF82B,38124,226000
2026-08-04,2796,VNDFE7BCFF82B,38135,56195
2026-08-04,2796,VNDFE7BCFF82B,38137,39800
2026-08-04,2797,VND7318C7CBBA,25366,3750
2026-08-04,2798,VND7318C7CBBA,25399,7500
2026-08-04,2799,VND7318C7CBBA,25414,3750
2026-08-04,2800,VND7318C7CBBA,25415,7500
2026-08-04,2801,VND60556E9295,NO. 007,1427344
2026-08-04,2802,VND9D61E9CC36,4645,37500
2026-08-04,2802,VND9D61E9CC36,4925,8750
2026-08-04,2802,VND9D61E9CC36,4938,8750
2026-08-04,2802,VND9D61E9CC36,4973,8750
2026-08-04,2802,VND9D61E9CC36,6803,8750
2026-08-04,2802,VND9D61E9CC36,6890,8750
2026-08-04,2802,VND9D61E9CC36,77737A,10000
2026-08-04,2802,VND9D61E9CC36,78410,8750
2026-08-04,2802,VND9D61E9CC36,78628,8750
2026-08-04,2802,VND9D61E9CC36,79206,8750
2026-08-04,2802,VND9D61E9CC36,80091,8750
2026-08-04,2802,VND9D61E9CC36,80124,8750
2026-08-04,2802,VND9D61E9CC36,80326,8750
2026-08-04,2802,VND9D61E9CC36,80327,8750
2026-08-04,2802,VND9D61E9CC36,80388,8750
2026-08-04,2802,VND9D61E9CC36,80389,8750
2026-08-04,2803,VND038283E7E9,57378953,5034
2026-08-04,2804,VND834CFEAF14,13494357,65000
2026-08-04,2805,VND834CFEAF14,13519242,250000
2026-08-04,2806,VND834CFEAF14,13582588,175000
2026-08-04,2807,VND38A6D63C43,3654,1152125
2026-08-04,2808,VND2903DC5320,EBR-143,52025465
2026-08-04,2809,VNDA0B5230414,8255,96000
2026-08-04,2810,VND1DFF25D4F5,260300536,1586000
2026-08-04,2811,VND5D2F7D94EE,543073,1445717
2026-08-04,2812,VND1771E258ED,1468,675000
2026-08-04,2813,VNDEFCA871CC4,SI0002435,8886966
2026-08-04,2814,VND21EEA50901,12397,30000
2026-08-04,2814,VND21EEA50901,12400,15000
2026-08-04,2814,VND21EEA50901,12401,15000
2026-08-04,2814,VND21EEA50901,12402,15000
2026-08-04,2816,VND4912066CDE,110344,2317075
2026-08-04,2817,VNDE10743BDAE,7272,415000
2026-08-04,2818,VND91721D3854,1425203045154,1394
2026-08-04,2818,VND91721D3854,249602148911,1727
2026-08-04,2818,VND91721D3854,363317761139,2204
2026-08-04,2818,VND91721D3854,373305041828,395265
2026-08-04,2818,VND91721D3854,627544187826,862302
2026-08-04,2818,VND91721D3854,634974806132,132088
2026-08-04,2819,VND7545252416,2026-06-013,237500
2026-08-04,2820,VNDF5B7EE4D2C,000470,150000
2026-08-04,2822,VND960ABB710F,5638,85276
2026-08-04,2823,VND9C8313119A,1206-REVISED,873600
2026-08-04,2823,VND9C8313119A,1282,94095
2026-08-04,2824,VNDA4ADBE0DEC,00-0651514,34000
2026-08-04,2825,VNDDF42F28DAD,26-71,40000
2026-08-04,2826,VND3CDA6EDDDD,1939,403800
2026-08-04,7214,VND6419D861E2,13486615490,15262
2026-08-04,7214,VND6419D861E2,13486620972,27749
2026-08-04,7214,VND6419D861E2,13486620977,20247
2026-08-04,7215,VND871C0D59DE,10879596286,958400
2026-08-04,7215,VND871C0D59DE,10885984444,329700
2026-08-04,7216,VND78FD06F489,16361,3467
2026-08-04,7216,VND78FD06F489,6920,9342
2026-08-04,7216,VND78FD06F489,7134,25457
2026-08-04,7216,VND78FD06F489,7546,29994
2026-08-04,7216,VND78FD06F489,8762,7140
2026-08-04,7216,VND78FD06F489,8763,13071
2026-08-04,7217,VND729BE9E42E,PPE 7/16/26-7/31/26,22287002
2026-08-04,7218,VNDEDD33AC203,0088543-IN,61875
2026-08-04,7219,VND14FCEA47EA,61456,30000
2026-08-04,7219,VND14FCEA47EA,61680,40000
2026-08-04,7220,VNDA9434CCE70,204215,430000
2026-08-04,7222,VNDAC0EDAD3E7,10011,168000
2026-08-04,7222,VNDAC0EDAD3E7,20011,168000
2026-08-04,7222,VNDAC0EDAD3E7,600028,65000
2026-08-04,7222,VNDAC0EDAD3E7,700028,96030
2026-08-04,7222,VNDAC0EDAD3E7,800028,162840
2026-08-04,7223,VND9482CE1F7B,6148906928,91339
2026-08-04,7224,VND9482CE1F7B,6148906925,195926
2026-08-04,7225,VND9482CE1F7B,6148906924,273904
2026-08-04,7226,VND9482CE1F7B,6148906926,641093
2026-08-04,7227,VNDA021A5204F,B2309,21600
2026-08-04,7227,VNDA021A5204F,B2310,312835
2026-08-04,7227,VNDA021A5204F,B2311,175707
2026-08-04,7227,VNDA021A5204F,B2312,121514
2026-08-04,7228,VND95C413CA63,9629,32000
2026-08-04,7228,VND95C413CA63,9631,152000
2026-08-04,7228,VND95C413CA63,9633,240000
2026-08-04,7228,VND95C413CA63,9636,142357
2026-08-04,7229,VND6BF911E73D,1515,47500
2026-08-04,7230,VND98945AF4EF,000026,30000
2026-08-04,7230,VND98945AF4EF,000027,30000
2026-08-04,7231,VNDF83E939CE0,BTRSSO23005MAY MS4,185138
2026-08-04,7232,VND6C8181A5A4,PARTIAL     8,8160471
2026-08-04,7233,VND57128946A4,EBRPCR080126,812500
2026-08-04,7234,VNDBF2D3FB7FF,1117,15737933
2026-08-04,7235,VNDAC8696501A,260624202249331 #60,708500
2026-08-04,7236,VNDD625408CC1,1577033,402975
2026-08-04,7237,VND84B17CD0BC,DB4388524,35500
2026-08-04,7238,VNDFE8318EED5,30996,380000
2026-08-04,7238,VNDFE8318EED5,31590,380000
2026-08-04,7238,VNDFE8318EED5,31611,108000
2026-08-04,7238,VNDFE8318EED5,32237,334732
2026-08-04,7239,VND7023A7F8AF,202605,400000
2026-08-04,7239,VND7023A7F8AF,202606,400000
2026-08-04,7240,VND22A30FB481,26-Jul,3397701
2026-08-04,7241,VND80F8BEEAC0,Dec - 2025,1549186
2026-08-04,7241,VND80F8BEEAC0,Feb 2026,1248990
2026-08-04,7242,VNDF51B4DBE21,9-372,736560
2026-08-04,7243,VND47E395BDEE,0320,196800
2026-08-04,7243,VND47E395BDEE,0321- 0726,192000
2026-08-04,7244,VNDD93FDE1EE8,EBRPSA50,102300
2026-08-04,7245,VNDE9889A7606,07027026,92800
2026-08-04,7245,VNDE9889A7606,0742726,50000
2026-08-04,7246,VNDDC2DA6C913,1178,310000
2026-08-04,7247,VNDDEA3E0B781,0040,19800
2026-08-04,7248,VNDA25A9B00C2,6-2026,356400
2026-08-04,7249,VNDF5B14A47CA,940,1204493
2026-08-04,7250,VND99483B74A1,EBRNS080126,203125
2026-08-04,7251,VNDE8AA61AAED,EBRKG080126,203125
2026-08-04,7252,VND655105FDF8,7611-06,156000
2026-08-04,7253,VND26C754B4EE,EBRVS080126,203125
2026-08-04,7254,VND6C0A5BA0CB,EBRLL080126,203125
2026-08-06,2828,VNDAD371834F3,404153,476800
2026-08-06,2829,VND79EE8622AF,2ND QUARTERLY ALLOT,625000
2026-08-06,2830,VND55723888F8,1260704519,3095000
2026-08-06,2831,VND0E9273449A,9370561072,15000
2026-08-06,2831,VND0E9273449A,9370561188,15000
2026-08-06,2831,VND0E9273449A,9370561261,15000
2026-08-06,2831,VND0E9273449A,9370561339,10620
2026-08-06,2831,VND0E9273449A,9370561422,12500
2026-08-06,2831,VND0E9273449A,9370561483,12500
2026-08-06,2831,VND0E9273449A,9370561537,15000
2026-08-06,2831,VND0E9273449A,9370561595,14000
2026-08-06,2831,VND0E9273449A,9370561645,13950
2026-08-06,2831,VND0E9273449A,9370561692,15000
2026-08-06,2831,VND0E9273449A,9370561729,15000
2026-08-06,2831,VND0E9273449A,9370561754,12500
2026-08-06,2831,VND0E9273449A,9370561794,15000
2026-08-06,2831,VND0E9273449A,9370561815,15000
2026-08-06,2831,VND0E9273449A,9370561833,15000
2026-08-06,2831,VND0E9273449A,9370561855,15000
2026-08-06,2831,VND0E9273449A,9370562427,15000
2026-08-06,2831,VND0E9273449A,9370562525,14500
2026-08-06,2831,VND0E9273449A,9370562626,15000
2026-08-06,2831,VND0E9273449A,9370562741,15000
2026-08-06,2831,VND0E9273449A,9370562881,15000
2026-08-06,2831,VND0E9273449A,9370563032,12500
2026-08-06,2831,VND0E9273449A,9370563179,15000
2026-08-06,2831,VND0E9273449A,9370563340,12500
2026-08-06,2831,VND0E9273449A,9370563488,12500
2026-08-06,2831,VND0E9273449A,9370563655,15000
2026-08-06,2831,VND0E9273449A,9370565413,15000
2026-08-06,2831,VND0E9273449A,9370565558,15000
2026-08-06,2831,VND0E9273449A,9370565694,15000
2026-08-06,2831,VND0E9273449A,9730563808,15000
2026-08-06,2832,VND0E9273449A,4276737704,5583
2026-08-06,2832,VND0E9273449A,4277564867,22908
2026-08-06,2832,VND0E9273449A,4277564873,5583
2026-08-06,2832,VND0E9273449A,5351013606,753
2026-08-06,2832,VND0E9273449A,5351013608,6100
2026-08-06,2834,VND314D47574B,10021394336,724412
2026-08-06,2834,VND314D47574B,10021394396,461739
2026-08-06,2834,VND314D47574B,10021394398,403843
2026-08-06,2834,VND314D47574B,10021394399,832444
2026-08-06,2834,VND314D47574B,10021394442,651086
2026-08-06,2834,VND314D47574B,10021394463,603843
2026-08-06,2834,VND314D47574B,10021394513,482445
2026-08-06,2834,VND314D47574B,10021395289,238478
2026-08-06,2834,VND314D47574B,125008708189,3550
2026-08-06,2834,VND314D47574B,140007539441,276751
2026-08-06,2834,VND314D47574B,140007539604,67254
2026-08-06,2834,VND314D47574B,145008634138,76364
2026-08-06,2834,VND314D47574B,145008634152,141405
2026-08-06,2834,VND314D47574B,145008634153,95759
2026-08-06,2834,VND314D47574B,145008634154,127897
2026-08-06,2834,VND314D47574B,25009605969,768163
2026-08-06,2834,VND314D47574B,465004741967,51290
2026-08-06,2834,VND314D47574B,70009378013,83909
2026-08-06,2834,VND314D47574B,75009203656,35412
2026-08-06,2836,VND94A89D9280,54289342,26600
2026-08-06,2837,VNDAF8AF0D8AE,1-138092045615,1122512
2026-08-06,2838,VND45C912C9C6,3088,106400
2026-08-06,2839,VND23360FB697,JUNE2026,1017381
2026-08-06,2841,VNDA9B2BB2688,PPE: 7/24/2026,2635804
2026-08-06,2842,VNDA9B2BB2688,CPERSDCassels,6594754
2026-08-06,2843,VNDC9813A6861,904279677,104840
2026-08-06,2843,VNDC9813A6861,904285494,61083
2026-08-06,2845,VNDCE2D91D09C,1800263848,2837667
2026-08-06,2846,VND4F67A130AA,0442-345695,22728
2026-08-06,2846,VND4F67A130AA,0447-348246,10027
2026-08-06,2846,VND4F67A130AA,0447-348247,649
2026-08-06,2846,VND4F67A130AA,0625-260061,475900
2026-08-06,2846,VND4F67A130AA,0625-261375,2113
2026-08-06,2846,VND4F67A130AA,0625-261415,15499
2026-08-06,2846,VND4F67A130AA,0625-261577,58450
2026-08-06,2846,VND4F67A130AA,0625-261583,86053
2026-08-06,2846,VND4F67A130AA,0625-261635,15499
2026-08-06,2846,VND4F67A130AA,0625-261670,85853
2026-08-06,2846,VND4F67A130AA,0625-261792,7255
2026-08-06,2846,VND4F67A130AA,0625-262470,6533
2026-08-06,2846,VND4F67A130AA,0625-262924,1690
2026-08-06,2846,VND4F67A130AA,0625-263459,19042
2026-08-06,2846,VND4F67A130AA,0625-264046,65998
2026-08-06,2846,VND4F67A130AA,0625-264080,21964
2026-08-06,2847,VND89ADEAAFFF,A876981,10897
2026-08-06,2848,VNDCCD745E802,242639,2529100
2026-08-06,2849,VNDD7CBC04843,6.2026,1000633
2026-08-06,2850,VND433C3F329B,F35140,-3892
2026-08-06,2850,VND433C3F329B,F37587,132495
2026-08-06,2850,VND433C3F329B,F37588,21011
2026-08-06,2850,VND433C3F329B,F37764,32914
2026-08-06,2850,VND433C3F329B,F38515,130295
2026-08-06,2850,VND433C3F329B,F38612,17399
2026-08-06,2851,VND66205EC106,49556925,13197
2026-08-06,2851,VND66205EC106,49605753,55978
2026-08-06,2851,VND66205EC106,49622505,18481
2026-08-06,2852,VND642AC3152E,71070,1820
2026-08-06,2852,VND642AC3152E,71832,7270
2026-08-06,2852,VND642AC3152E,72121,3070
2026-08-06,2853,VND35B57A31E3,SI301004780,15840000
2026-08-06,2854,VND89370A1512,2368311,7597
2026-08-06,2854,VND89370A1512,4177672,616
2026-08-06,2854,VND89370A1512,4177693,12645
2026-08-06,2854,VND89370A1512,4178034,13000
2026-08-06,2854,VND89370A1512,4178208,211099
2026-08-06,2855,VND21A3B8AD24,17173,880000
2026-08-06,2856,VND0B5695E700,o6G8750010145,19213
2026-08-06,2857,VND091D0AAA42,41690359,26365
2026-08-06,2857,VND091D0AAA42,41947512,25762
2026-08-06,2857,VND091D0AAA42,42207224,27431
2026-08-06,2857,VND091D0AAA42,42449588,27431
2026-08-06,2858,VND90D0EF684E,5225,15500
2026-08-06,2859,VND0BE18D292A,25-5442,14000
2026-08-06,2860,VND6C133B6E38,55P1803355,25125
2026-08-06,2861,VND6C133B6E38,55P1814387,75135
2026-08-06,2862,VND6C133B6E38,55P1826326,25125
2026-08-06,2863,VND6C133B6E38,55P1836281,25125
2026-08-06,2864,VND2C797EC2E1,00208710723,66039
2026-08-06,2864,VND2C797EC2E1,00208710725,15034
2026-08-06,2864,VND2C797EC2E1,00208710738,26824
2026-08-06,2864,VND2C797EC2E1,00208720709,29998
2026-08-06,2864,VND2C797EC2E1,00208741089,77940
2026-08-06,2864,VND2C797EC2E1,00208745902,7599
2026-08-06,2864,VND2C797EC2E1,00208745903,78545
2026-08-06,2864,VND2C797EC2E1,00208747431,22443
2026-08-06,2864,VND2C797EC2E1,00208748874,38376
2026-08-06,2864,VND2C797EC2E1,00208755955,126881
2026-08-06,2864,VND2C797EC2E1,04295349305,45965
2026-08-06,2864,VND2C797EC2E1,04295349306,42767
2026-08-06,2865,VNDDB8E0D5288,187579,98518
2026-08-06,2865,VNDDB8E0D5288,216520F,52943
2026-08-06,2865,VNDDB8E0D5288,216542F,13552
2026-08-06,2865,VNDDB8E0D5288,216553F,1018
2026-08-06,2865,VNDDB8E0D5288,216621F,63239
2026-08-06,2865,VNDDB8E0D5288,216633F,75590
2026-08-06,2865,VNDDB8E0D5288,216657F,46545
2026-08-06,2865,VNDDB8E0D5288,216665F,714
2026-08-06,2865,VNDDB8E0D5288,216680F,484890
2026-08-06,2865,VNDDB8E0D5288,216819F,13412
2026-08-06,2865,VNDDB8E0D5288,216834F,7521
2026-08-06,2865,VNDDB8E0D5288,216835F,889
2026-08-06,2865,VNDDB8E0D5288,216843F,27324
2026-08-06,2865,VNDDB8E0D5288,216883F,30104
2026-08-06,2865,VNDDB8E0D5288,216931F,86130
2026-08-06,2865,VNDDB8E0D5288,216940F,30104
2026-08-06,2865,VNDDB8E0D5288,217011F,10420
2026-08-06,2865,VNDDB8E0D5288,217051F,6994
2026-08-06,2865,VNDDB8E0D5288,217254F,13651
2026-08-06,2865,VNDDB8E0D5288,217284F,64614
2026-08-06,2866,VNDD9653A25EF,12091,819095
2026-08-06,2867,VND4371C6878F,BRCCOMV-MEGANKID ID,5450
2026-08-06,2868,VND83EB49AFC7,2026-389,10000
2026-08-06,2869,VND291C15549B,08-01-2026,9000000
2026-08-06,2869,VND291C15549B,261970016331,76306450
2026-08-06,2870,VNDD21B132B43,101367,985000
2026-08-06,2871,VNDFBB8135EB9,397244,513750
2026-08-06,2871,VNDFBB8135EB9,397251,249800
2026-08-06,2872,VND63FC3F64CF,258827,29931
2026-08-06,2872,VND63FC3F64CF,474084,12120
2026-08-06,2872,VND63FC3F64CF,479580,8122
2026-08-06,2872,VND63FC3F64CF,480018,1249
2026-08-06,2872,VND63FC3F64CF,481070,960
2026-08-06,2872,VND63FC3F64CF,481156,13923
2026-08-06,2872,VND63FC3F64CF,484560,4380
2026-08-06,2872,VND63FC3F64CF,488499,28506
2026-08-06,2872,VND63FC3F64CF,488563,812
2026-08-06,2872,VND63FC3F64CF,488716,2960
2026-08-06,2872,VND63FC3F64CF,488735,6652
2026-08-06,2872,VND63FC3F64CF,488807,38718
2026-08-06,2872,VND63FC3F64CF,488860,2401
2026-08-06,2872,VND63FC3F64CF,488980,7275
2026-08-06,2872,VND63FC3F64CF,489052,13668
2026-08-06,2872,VND63FC3F64CF,489059,12914
2026-08-06,2872,VND63FC3F64CF,489112,932
2026-08-06,2872,VND63FC3F64CF,489122,2118
2026-08-06,2872,VND63FC3F64CF,489203,38145
2026-08-06,2872,VND63FC3F64CF,489206,1036
2026-08-06,2872,VND63FC3F64CF,489214,489300
2026-08-06,2872,VND63FC3F64CF,489216,5448
2026-08-06,2872,VND63FC3F64CF,489509,21840
2026-08-06,2872,VND63FC3F64CF,489566,6436
2026-08-06,2872,VND63FC3F64CF,489587,18593
2026-08-06,2872,VND63FC3F64CF,489610,1223
2026-08-06,2872,VND63FC3F64CF,489624,25000
2026-08-06,2872,VND63FC3F64CF,489718,294098
2026-08-06,2872,VND63FC3F64CF,489719,44156
2026-08-06,2872,VND63FC3F64CF,489722,4423
2026-08-06,2872,VND63FC3F64CF,489724,1614
2026-08-06,2872,VND63FC3F64CF,489760,118194
2026-08-06,2872,VND63FC3F64CF,489785,13584
2026-08-06,2872,VND63FC3F64CF,489834,2715
2026-08-06,2872,VND63FC3F64CF,489871,11399
2026-08-06,2872,VND63FC3F64CF,489873,2551
2026-08-06,2872,VND63FC3F64CF,489919,17039
2026-08-06,2872,VND63FC3F64CF,489992,1768
2026-08-06,2872,VND63FC3F64CF,490247,11718
2026-08-06,2872,VND63FC3F64CF,490463,393980
2026-08-06,2872,VND63FC3F64CF,490467,325298
2026-08-06,2872,VND63FC3F64CF,490470,3465
2026-08-06,2872,VND63FC3F64CF,490501,12655
2026-08-06,2872,VND63FC3F64CF,490534,14000
2026-08-06,2872,VND63FC3F64CF,490549,4961
2026-08-06,2872,VND63FC3F64CF,490735,9054
2026-08-06,2872,VND63FC3F64CF,490759,11892
2026-08-06,2872,VND63FC3F64CF,490888,168716
2026-08-06,2872,VND63FC3F64CF,490889,7200
2026-08-06,2872,VND63FC3F64CF,490894,3485
2026-08-06,2872,VND63FC3F64CF,490928,13596
2026-08-06,2872,VND63FC3F64CF,490942,1832
2026-08-06,2872,VND63FC3F64CF,490946,393980
2026-08-06,2872,VND63FC3F64CF,490952,10400
2026-08-06,2872,VND63FC3F64CF,491066,1460
2026-08-06,2872,VND63FC3F64CF,491088,1434
2026-08-06,2872,VND63FC3F64CF,491100,35078
2026-08-06,2872,VND63FC3F64CF,491158,1009
2026-08-06,2872,VND63FC3F64CF,491251,7324
2026-08-06,2872,VND63FC3F64CF,491254,2908
2026-08-06,2872,VND63FC3F64CF,491260,192840
2026-08-06,2872,VND63FC3F64CF,491267,38722
2026-08-06,2872,VND63FC3F64CF,811779,58349
2026-08-06,2872,VND63FC3F64CF,817204,19945
2026-08-06,2873,VNDD5B32581C1,WLLCI-0001173,7958
2026-08-06,2873,VNDD5B32581C1,WLLCI-0001174,3979
2026-08-06,2873,VNDD5B32581C1,WLLCI-0001205,43418
2026-08-06,2874,VND51F22A8064,B21518844,2011297
2026-08-06,2875,VNDD98389EC39,SINV-6017891,68036
2026-08-06,2876,VND732FC446A2,883174768,3998
2026-08-06,2876,VND732FC446A2,883174769,29800
2026-08-06,2876,VND732FC446A2,883205517,4998
2026-08-06,2877,VND1CDC5A7959,010101600072901 726,4240
2026-08-06,2877,VND1CDC5A7959,010101600105501 0726,4240
2026-08-06,2877,VND1CDC5A7959,010101621001001 0726,4301
2026-08-06,2877,VND1CDC5A7959,010101621001101 726,13181
2026-08-06,2877,VND1CDC5A7959,010101621001601 726,4301
2026-08-06,2877,VND1CDC5A7959,010101621002102 0726,14369
2026-08-06,2877,VND1CDC5A7959,010101621002202 726,18584
2026-08-06,2877,VND1CDC5A7959,010101621002702 726,13619
2026-08-06,2877,VND1CDC5A7959,010101621003502 726,30498
2026-08-06,2877,VND1CDC5A7959,010101621004002 726,6317
2026-08-06,2877,VND1CDC5A7959,010101621004401 0726,4357
2026-08-06,2877,VND1CDC5A7959,010101621005401 0726,9891
2026-08-06,2877,VND1CDC5A7959,010101621006101 726,3024
2026-08-06,2877,VND1CDC5A7959,010101621006401 0726,9353
2026-08-06,2877,VND1CDC5A7959,010106112003202 0726,24651
2026-08-06,2877,VND1CDC5A7959,010106112005401 726,3017
2026-08-06,2877,VND1CDC5A7959,010106398044702 0726,1180
2026-08-06,2877,VND1CDC5A7959,010106398064002 0726,1180
2026-08-06,2877,VND1CDC5A7959,010106403044204 0726,3017
2026-08-06,2877,VND1CDC5A7959,010106403078502 0726,1180
2026-08-06,2877,VND1CDC5A7959,010106445007102 0726,1180
2026-08-06,2877,VND1CDC5A7959,010106706051002 0726,1185
2026-08-06,2877,VND1CDC5A7959,010106706059102 0726,1180
2026-08-06,2877,VND1CDC5A7959,010106706063502 0726,1202
2026-08-06,2877,VND1CDC5A7959,010107099692903 0726,44004
2026-08-06,2877,VND1CDC5A7959,010107703075602 0726,1180
2026-08-06,2877,VND1CDC5A7959,010107703237629 0726,1503
2026-08-06,2877,VND1CDC5A7959,010118068007301 0626,14983
2026-08-06,2878,VNDA23FFF84E8,020201003034502 0726,46375
2026-08-06,2878,VNDA23FFF84E8,020201003034602 0726,4593
2026-08-06,2878,VNDA23FFF84E8,020201004258803 0726,7517
2026-08-06,2878,VNDA23FFF84E8,020201060019402 0726,6000
2026-08-06,2878,VNDA23FFF84E8,020201625002001 0726,16263
2026-08-06,2878,VNDA23FFF84E8,020202032023102 7/26,636
2026-08-06,2878,VNDA23FFF84E8,020204019125101 726,8858
2026-08-06,2878,VNDA23FFF84E8,020204019126101 726,8851
2026-08-06,2878,VNDA23FFF84E8,020206017029301 0726,1559
2026-08-06,2878,VNDA23FFF84E8,020206017032301 0726,1559
2026-08-06,2878,VNDA23FFF84E8,020206017065102 0726,1559
2026-08-06,2878,VNDA23FFF84E8,020206017067402 0726,1559
2026-08-06,2878,VNDA23FFF84E8,020206017090202 0726,1588
2026-08-06,2878,VNDA23FFF84E8,020206017092702 0726,1559
2026-08-06,2878,VNDA23FFF84E8,020206017092802 0726,4709
2026-08-06,2878,VNDA23FFF84E8,020206017882103 0726,1559
2026-08-06,2878,VNDA23FFF84E8,020206017882902 0726,1559
2026-08-06,2878,VNDA23FFF84E8,020206017910202 0726,1559
2026-08-06,2878,VNDA23FFF84E8,020206017923702 0726,1559
2026-08-06,2878,VNDA23FFF84E8,020206021001202 0726,1559
2026-08-06,2878,VNDA23FFF84E8,020207008008502 0726,1559
2026-08-06,2878,VNDA23FFF84E8,020207008030301 0726,8037
2026-08-06,2878,VNDA23FFF84E8,020207008030701 0726,1559
2026-08-06,2878,VNDA23FFF84E8,020207008030901 0726,1559
2026-08-06,2878,VNDA23FFF84E8,020207008031402 0726,1559
2026-08-06,2878,VNDA23FFF84E8,020207008031601 0726,1559
2026-08-06,2878,VNDA23FFF84E8,020207008033602 0726,1562
2026-08-06,2878,VNDA23FFF84E8,020207008075702 0726,1559
2026-08-06,2878,VNDA23FFF84E8,020207008089102 0726,1559
2026-08-06,2878,VNDA23FFF84E8,020207008166502 0726,1559
2026-08-06,2878,VNDA23FFF84E8,020207008209902 0726,1559
2026-08-06,2878,VNDA23FFF84E8,020207008230202 0726,1559
2026-08-06,2878,VNDA23FFF84E8,020208018059102 0726,1559
2026-08-06,2878,VNDA23FFF84E8,020208018079502 0726,1559
2026-08-06,2878,VNDA23FFF84E8,020208018133301 0726,1559
2026-08-06,2878,VNDA23FFF84E8,020208018153401 0726,1562
2026-08-06,2878,VNDA23FFF84E8,020208018155501 0726,1559
2026-08-06,2878,VNDA23FFF84E8,020208018156902 0726,1632
2026-08-06,2878,VNDA23FFF84E8,020209007033401 0726,1559
2026-08-06,2878,VNDA23FFF84E8,020209007035801 0726,20328
2026-08-06,2878,VNDA23FFF84E8,020209007035901 0726,1632
2026-08-06,2878,VNDA23FFF84E8,020209007044102 0726,1632
2026-08-06,2878,VNDA23FFF84E8,020209007063402 0726,1632
2026-08-06,2878,VNDA23FFF84E8,020209007240802 0726,1559
2026-08-06,2878,VNDA23FFF84E8,020209007246702 0726,1559
2026-08-06,2878,VNDA23FFF84E8,020210014094901 0726,4379
2026-08-06,2878,VNDA23FFF84E8,020210015032802 0726,1559
2026-08-06,2878,VNDA23FFF84E8,020210015041101 0726,1632
2026-08-06,2878,VNDA23FFF84E8,020210015050802 0726,1632
2026-08-06,2878,VNDA23FFF84E8,020210015054502 0726,1632
2026-08-06,2878,VNDA23FFF84E8,020210015061302 0726,1632
2026-08-06,2878,VNDA23FFF84E8,020210015666202 0726,1559
2026-08-06,2878,VNDA23FFF84E8,020210015687402 0726,4379
2026-08-06,2878,VNDA23FFF84E8,020210015687502 0726,1559
2026-08-06,2878,VNDA23FFF84E8,020210015687702 0726,4379
2026-08-06,2878,VNDA23FFF84E8,020210015687802 0726,4382
2026-08-06,2878,VNDA23FFF84E8,020210015696602 0726,1559
2026-08-06,2878,VNDA23FFF84E8,020211024029401 0726,1559
2026-08-06,2878,VNDA23FFF84E8,020211024047002 0726,1632
2026-08-06,2878,VNDA23FFF84E8,020211024077002 0726,1632
2026-08-06,2878,VNDA23FFF84E8,020211024083902 0726,1632
2026-08-06,2878,VNDA23FFF84E8,020211024091302 0726,1632
2026-08-06,2878,VNDA23FFF84E8,020211024091402 0726,1632
2026-08-06,2878,VNDA23FFF84E8,020211024091502 0726,1632
2026-08-06,2878,VNDA23FFF84E8,020211054045502 0726,1559
2026-08-06,2878,VNDA23FFF84E8,020211054046102 0726,1632
2026-08-06,2878,VNDA23FFF84E8,020211065050502 0726,1559
2026-08-06,2878,VNDA23FFF84E8,020212026045102 0726,4379
2026-08-06,2878,VNDA23FFF84E8,020212026083102 0726,1632
2026-08-06,2878,VNDA23FFF84E8,020212052005802 0726,4379
2026-08-06,2878,VNDA23FFF84E8,020212052021403 0726,1559
2026-08-06,2878,VNDA23FFF84E8,020212052060602 0726,1632
2026-08-06,2878,VNDA23FFF84E8,020212052083602 0726,1632
2026-08-06,2878,VNDA23FFF84E8,020212052089902 0726,14603
2026-08-06,2878,VNDA23FFF84E8,020212052090802 0726,1632
2026-08-06,2878,VNDA23FFF84E8,020212052100102 0726,1632
2026-08-06,2878,VNDA23FFF84E8,020212052133302 0726,1661
2026-08-06,2878,VNDA23FFF84E8,020212055075801 0726,7717
2026-08-06,2878,VNDA23FFF84E8,020212055077402 0726,1632
2026-08-06,2878,VNDA23FFF84E8,020212055999102 0726,1559
2026-08-06,2879,VNDF384EA7B9B,509167809,68829
2026-08-06,2879,VNDF384EA7B9B,509171370,41991
2026-08-06,2879,VNDF384EA7B9B,509171371,22226
2026-08-06,2879,VNDF384EA7B9B,509171372,477210
2026-08-06,2879,VNDF384EA7B9B,509171373,137760
2026-08-06,2879,VNDF384EA7B9B,509171374,103800
2026-08-06,2879,VNDF384EA7B9B,509171375,26925
2026-08-06,2879,VNDF384EA7B9B,509171376,103721
2026-08-06,2879,VNDF384EA7B9B,509171377,4200
2026-08-06,2879,VNDF384EA7B9B,509171378,500505
2026-08-06,2879,VNDF384EA7B9B,509171379,173505
2026-08-06,2880,VND5EF5C5ECBF,4575,115500
2026-08-06,2881,VNDF97FB4280B,L04-90184,102500
2026-08-06,2882,VND59325753EC,984680,10900
2026-08-06,2882,VND59325753EC,985829,106168
2026-08-06,2882,VND59325753EC,986132,78480
2026-08-06,2882,VND59325753EC,986133,102098
2026-08-06,2882,VND59325753EC,986803,177800
2026-08-06,2882,VND59325753EC,999370,25800
2026-08-06,2883,VND59325753EC,994026,34920
2026-08-06,2884,VND6F360E2F72,5155614926703,2499
2026-08-06,2884,VND6F360E2F72,5155614926705,4998
2026-08-06,2884,VND6F360E2F72,5155615226732,7032
2026-08-06,2884,VND6F360E2F72,5155616026962,4843
2026-08-06,2884,VND6F360E2F72,5155616126968,4843
2026-08-06,2884,VND6F360E2F72,5155619149062,115848
2026-08-06,2884,VND6F360E2F72,5155619435276,5244
2026-08-06,2884,VND6F360E2F72,5155619449139,13110
2026-08-06,2884,VND6F360E2F72,5155619449144,2622
2026-08-06,2885,VND541D8432CA,88828,75176
2026-08-06,2886,VNDC701A4067E,174013,97800
2026-08-06,2886,VNDC701A4067E,174119,935700
2026-08-06,2886,VNDC701A4067E,176277,140000
2026-08-06,2886,VNDC701A4067E,176861,318700
2026-08-06,2886,VNDC701A4067E,176865,709500
2026-08-06,2886,VNDC701A4067E,176898,47200
2026-08-06,2886,VNDC701A4067E,176899,838700
2026-08-06,2886,VNDC701A4067E,176901,158200
2026-08-06,2886,VNDC701A4067E,176919,327400
2026-08-06,2886,VNDC701A4067E,176953,10200
2026-08-06,2886,VNDC701A4067E,177142,336500
2026-08-06,2886,VNDC701A4067E,177157,36000
2026-08-06,2886,VNDC701A4067E,177809,30400
2026-08-06,2886,VNDC701A4067E,177815,4000
2026-08-06,2886,VNDC701A4067E,177817,3600
2026-08-06,2887,VND42EFDCDA16,287299765334X080226,12764
2026-08-06,2888,VND42EFDCDA16,287363421626X080226,4373
2026-08-06,2889,VND42EFDCDA16,287304401926X080226,10038
2026-08-06,2890,VND2032531397,00011876,340000
2026-08-06,2891,VNDB8AAE1B0E4,4630,20000
2026-08-06,2892,VND4D06D2B5A2,57260,460000
2026-08-06,2893,VND0D496C63AF,129635,111311
2026-08-06,2893,VND0D496C63AF,129708,58180
2026-08-06,2894,VNDCF6433CD2D,26915904-00,75972
2026-08-06,2895,VNDC5E628A97C,6733,700147
2026-08-06,2895,VNDC5E628A97C,6735,650614
2026-08-06,2896,VND834CFEAF14,13562190,9000
2026-08-06,2896,VND834CFEAF14,13577820,27000
2026-08-06,2896,VND834CFEAF14,13579372,12000
2026-08-06,2897,VND15739FB296,CEC26-09,190000
2026-08-06,2898,VND57AEF7C0F8,33065,29700
2026-08-06,2899,VND810814517B,7536,17830
2026-08-06,2899,VND810814517B,7540,35775
2026-08-06,2900,VND5ECE206ED8,55896,140000
2026-08-06,2900,VND5ECE206ED8,56244,270000
2026-08-06,2900,VND5ECE206ED8,56255,90000
2026-08-06,2900,VND5ECE206ED8,56403,45000
2026-08-06,2900,VND5ECE206ED8,56780,235000
2026-08-06,2900,VND5ECE206ED8,56980,570000
2026-08-06,2901,VND60AA5B8F17,58539,86000
2026-08-06,2902,VNDAF0E6FF656,107163,261272
2026-08-06,2902,VNDAF0E6FF656,107164,261272
2026-08-06,2902,VNDAF0E6FF656,107228,261272
2026-08-06,2903,VND2F494BD8EA,9382,91520
2026-08-06,2903,VND2F494BD8EA,9519,522500
2026-08-06,2904,VND6FBD164321,VPERRY07062026,5172
2026-08-06,2905,VND228190936E,305-0000066290,300705
2026-08-06,2906,VND8AF07BEFC7,2159834,280000
2026-08-06,2906,VND8AF07BEFC7,2164020,496000
2026-08-06,2907,VND17EFA4CC4F,00130,175000
2026-08-06,2908,VND3B293919C3,0163724,188590
2026-08-06,2909,VND5F7CD0BCD8,0195208,224495
2026-08-06,2909,VND5F7CD0BCD8,0196581,14571
2026-08-06,2909,VND5F7CD0BCD8,0196640,31406
2026-08-06,2909,VND5F7CD0BCD8,0196740,88133
2026-08-06,2909,VND5F7CD0BCD8,0196797,26000
2026-08-06,2909,VND5F7CD0BCD8,0196807,34669
2026-08-06,2909,VND5F7CD0BCD8,0196823,24550
2026-08-06,2909,VND5F7CD0BCD8,0196831,19474
2026-08-06,2909,VND5F7CD0BCD8,0196886,116933
2026-08-06,2909,VND5F7CD0BCD8,0196946,21296
2026-08-06,2909,VND5F7CD0BCD8,0196948,34915
2026-08-06,2909,VND5F7CD0BCD8,0196963,33534
2026-08-06,2909,VND5F7CD0BCD8,0197073,56140
2026-08-06,2909,VND5F7CD0BCD8,0197074,52777
2026-08-06,2909,VND5F7CD0BCD8,0197272,111866
2026-08-06,2909,VND5F7CD0BCD8,0197325,59112
2026-08-06,2909,VND5F7CD0BCD8,0197343,93744
2026-08-06,2909,VND5F7CD0BCD8,0197385,52830
2026-08-06,2909,VND5F7CD0BCD8,0197445,8445
2026-08-06,2909,VND5F7CD0BCD8,0197544,30833
2026-08-06,2909,VND5F7CD0BCD8,0197726,106122
2026-08-06,2909,VND5F7CD0BCD8,0197784,63546
2026-08-06,2909,VND5F7CD0BCD8,0197841,33165
2026-08-06,2909,VND5F7CD0BCD8,0198015,33424
2026-08-06,2909,VND5F7CD0BCD8,0198050,51530
2026-08-06,2909,VND5F7CD0BCD8,0198147,34939
2026-08-06,2909,VND5F7CD0BCD8,0198176,21439
2026-08-06,2909,VND5F7CD0BCD8,0198213,33065
2026-08-06,2909,VND5F7CD0BCD8,0198282,13363
2026-08-06,2909,VND5F7CD0BCD8,0198284,8445
2026-08-06,2909,VND5F7CD0BCD8,0198287,88401
2026-08-06,2909,VND5F7CD0BCD8,0198316,82130
2026-08-06,2909,VND5F7CD0BCD8,0198338,17145
2026-08-06,2909,VND5F7CD0BCD8,0198340,16819
2026-08-06,2909,VND5F7CD0BCD8,0198344,129247
2026-08-06,2909,VND5F7CD0BCD8,0198346,4169
2026-08-06,2909,VND5F7CD0BCD8,0198361,20319
2026-08-06,2909,VND5F7CD0BCD8,0198372,20319
2026-08-06,2909,VND5F7CD0BCD8,0198406,100810
2026-08-06,2909,VND5F7CD0BCD8,0198407,29250
2026-08-06,2909,VND5F7CD0BCD8,0198472,42865
2026-08-06,2909,VND5F7CD0BCD8,0198498,63546
2026-08-06,2909,VND5F7CD0BCD8,0198515,30932
2026-08-06,2909,VND5F7CD0BCD8,0198517,35565
2026-08-06,2909,VND5F7CD0BCD8,0198548,35200
2026-08-06,2909,VND5F7CD0BCD8,0198551,106272
2026-08-06,2909,VND5F7CD0BCD8,0198606,32475
2026-08-06,2909,VND5F7CD0BCD8,0198612,34509
2026-08-06,2909,VND5F7CD0BCD8,0198644,33165
2026-08-06,2909,VND5F7CD0BCD8,0198666,71277
2026-08-06,2909,VND5F7CD0BCD8,0198691,17400
2026-08-06,2909,VND5F7CD0BCD8,0198733,33300
2026-08-06,2909,VND5F7CD0BCD8,0198810,66277
2026-08-06,2909,VND5F7CD0BCD8,0198831,53136
2026-08-06,2909,VND5F7CD0BCD8,0198967,56514
2026-08-06,2909,VND5F7CD0BCD8,0199024,66277
2026-08-06,2909,VND5F7CD0BCD8,0199056,34976
2026-08-06,2909,VND5F7CD0BCD8,0199092,41469
2026-08-06,2909,VND5F7CD0BCD8,0199100,24740
2026-08-06,2909,VND5F7CD0BCD8,0199132,44626
2026-08-06,2909,VND5F7CD0BCD8,0199213,2673
2026-08-06,2909,VND5F7CD0BCD8,0199215,63894
2026-08-06,2909,VND5F7CD0BCD8,0199216,40106
2026-08-06,2909,VND5F7CD0BCD8,0199218,42500
2026-08-06,2909,VND5F7CD0BCD8,0199223,53928
2026-08-06,2909,VND5F7CD0BCD8,0199287,16450
2026-08-06,2909,VND5F7CD0BCD8,0199313,197700
2026-08-06,2909,VND5F7CD0BCD8,0199334,80441
2026-08-06,2909,VND5F7CD0BCD8,0199345,34640
2026-08-06,2909,VND5F7CD0BCD8,0199376,37567
2026-08-06,2909,VND5F7CD0BCD8,0199414,31512
2026-08-06,2909,VND5F7CD0BCD8,0199555,200380
2026-08-06,2909,VND5F7CD0BCD8,0199613,18745
2026-08-06,2909,VND5F7CD0BCD8,0199640,208076
2026-08-06,2909,VND5F7CD0BCD8,0199643,144875
2026-08-06,2909,VND5F7CD0BCD8,0199781,493733
2026-08-06,2909,VND5F7CD0BCD8,0199800,44858
2026-08-06,2909,VND5F7CD0BCD8,0199834,63546
2026-08-06,2909,VND5F7CD0BCD8,0199837,17400
2026-08-06,2909,VND5F7CD0BCD8,0199842,63546
2026-08-06,2909,VND5F7CD0BCD8,0199851,80313
2026-08-06,2909,VND5F7CD0BCD8,0199911,28751
2026-08-06,2909,VND5F7CD0BCD8,0199973,91330
2026-08-06,2909,VND5F7CD0BCD8,1200005,112436
2026-08-06,2909,VND5F7CD0BCD8,1200022,29570
2026-08-06,2909,VND5F7CD0BCD8,1200045,68780
2026-08-06,2909,VND5F7CD0BCD8,1200075,83956
2026-08-06,2909,VND5F7CD0BCD8,1200097,37567
2026-08-06,2909,VND5F7CD0BCD8,1200101,30858
2026-08-06,2909,VND5F7CD0BCD8,1200195,21500
2026-08-06,2909,VND5F7CD0BCD8,198408,27200
2026-08-06,2910,VNDCC402ACD3B,11455,10000
2026-08-06,2911,VND8F2E9428E4,999102981134,1604094
2026-08-06,2912,VND9934521B5C,062374,250000
2026-08-06,2913,VND64DF5D39C3,87274,3500
2026-08-06,2914,VND97F7A6C781,660171,12146
2026-08-06,2915,VND449E9FCE49,69155,36450
2026-08-06,2916,VND2D472FD508,0565931786,10000
2026-08-06,2918,VNDF96E1A10A4,473959089,5862
2026-08-06,2919,VNDE8A506A719,Inv14712,26410
2026-08-06,2919,VNDE8A506A719,Inv14737,110300
2026-08-06,2919,VNDE8A506A719,Inv14794,39000
2026-08-06,2920,VND66084D1F0C,440637,4000
2026-08-06,2920,VND66084D1F0C,441938,6000
2026-08-06,2921,VND66084D1F0C,441994,4000
2026-08-06,2922,VND37A077D923,27T-018,583333
2026-08-06,2923,VND01F38E133D,2025CR00893 8-3-26,19125
2026-08-06,2923,VND01F38E133D,2025CR01158 7-27-26,17000
2026-08-06,2923,VND01F38E133D,25-BR-166565 7-29-26,8500
2026-08-06,2923,VND01F38E133D,25BR140959,8500
2026-08-06,2924,VND4EAEDD6122,6591-25,3750
2026-08-06,2925,VND4EAEDD6122,6623-25,3750
2026-08-06,2926,VND4EAEDD6122,6826-25,7500
2026-08-06,2927,VND4EAEDD6122,6837-25,15000
2026-08-06,2928,VNDCAA365B971,0301DT4051,155350
2026-08-06,2929,VNDD8A8343028,IN000005062,232200
2026-08-06,2929,VNDD8A8343028,IN000005067,219600
2026-08-06,2929,VNDD8A8343028,IN000005076,267300
2026-08-06,2930,VND5938F1A715,019677,12000
2026-08-06,2930,VND5938F1A715,019681,58830
2026-08-06,2930,VND5938F1A715,019715,222000
2026-08-06,2930,VND5938F1A715,019724,54000
2026-08-06,2931,VNDCC7F2B2BBA,DRAW 498,948153
2026-08-06,2931,VNDCC7F2B2BBA,Draw 493,441919
2026-08-06,2931,VNDCC7F2B2BBA,Draw 588,368102
2026-08-06,2932,VND9E12B58B13,6559418,26195
2026-08-06,2932,VND9E12B58B13,6570651,98472
2026-08-06,2933,VND12199F9892,7/2026,200000
2026-08-06,2934,VND777AAA6B69,1611-9NCL-YCFX,7107
2026-08-06,2934,VND777AAA6B69,196L-GC3T-TTT4,6134
2026-08-06,2934,VND777AAA6B69,1CVJ-461P-7Q4H,87058
2026-08-06,2934,VND777AAA6B69,1L93-YQ3W-D9D1,58365
2026-08-06,2934,VND777AAA6B69,1PNG-JXF3-FLKW,17010
2026-08-06,2934,VND777AAA6B69,1T4J-Y6CH-QTYG,203274
2026-08-06,2934,VND777AAA6B69,1TXX-KD3J-RQ39,3788
2026-08-06,2934,VND777AAA6B69,1XPJ-KT7J-PLXV,34631
2026-08-06,2935,VND51816399CB,8698,40000
2026-08-06,2935,VND51816399CB,8733,60000
2026-08-06,2936,VNDDBBD6A0FA5,3RD QUARTERLY,184250
2026-08-06,2937,VND9A7F034D11,NO. 11,455265
2026-08-06,2938,VNDFE7BCFF82B,38031,37000
2026-08-06,2938,VNDFE7BCFF82B,38087,400210
2026-08-06,2938,VNDFE7BCFF82B,38088,451451
2026-08-06,2938,VNDFE7BCFF82B,38121,213056
2026-08-06,2938,VNDFE7BCFF82B,38123,305167
2026-08-06,2938,VNDFE7BCFF82B,38134,156695
2026-08-06,2938,VNDFE7BCFF82B,38138,346998
2026-08-06,2938,VNDFE7BCFF82B,38141,105033
2026-08-06,2938,VNDFE7BCFF82B,38143,34035
2026-08-06,2938,VNDFE7BCFF82B,38145,105800
2026-08-06,2938,VNDFE7BCFF82B,38146,147680
2026-08-06,2938,VNDFE7BCFF82B,38151,350806
2026-08-06,2938,VNDFE7BCFF82B,38152,258292
2026-08-06,2938,VNDFE7BCFF82B,38154,197637
2026-08-06,2938,VNDFE7BCFF82B,38156,181000
2026-08-06,2938,VNDFE7BCFF82B,38157,148534
2026-08-06,2938,VNDFE7BCFF82B,38160,96000
2026-08-06,2938,VNDFE7BCFF82B,38162,96722
2026-08-06,2938,VNDFE7BCFF82B,38165,86586
2026-08-06,2938,VNDFE7BCFF82B,38166,64000
2026-08-06,2939,VND7318C7CBBA,2024CR01594 8-3-26,14285
2026-08-06,2939,VND7318C7CBBA,26CR161201S 8-3-26,7908
2026-08-06,2940,VNDA537B98D49,Draw 566,240000
2026-08-06,2941,VNDD3D05C6968,72769,31705
2026-08-06,2944,VNDBBA3F59362,26800-057M,244300
2026-08-06,2944,VNDBBA3F59362,26800-071L,328000
2026-08-06,2944,VNDBBA3F59362,26800-071M,237160
2026-08-06,2944,VNDBBA3F59362,26800-073M,2520
2026-08-06,2944,VNDBBA3F59362,26800-074M,57890
2026-08-06,2945,VND3F4E3D5034,7/2026,200000
2026-08-06,2946,VND11E0142FA6,1703727245,902
2026-08-06,2946,VND11E0142FA6,2436343623,113934
2026-08-06,2947,VND9D61E9CC36,2120,8750
2026-08-06,2947,VND9D61E9CC36,2126,4500
2026-08-06,2947,VND9D61E9CC36,2196,8750
2026-08-06,2947,VND9D61E9CC36,2226,8750
2026-08-06,2947,VND9D61E9CC36,2227,8750
2026-08-06,2947,VND9D61E9CC36,2229,8750
2026-08-06,2947,VND9D61E9CC36,2230,8750
2026-08-06,2947,VND9D61E9CC36,2727,8750
2026-08-06,2947,VND9D61E9CC36,3093,8750
2026-08-06,2947,VND9D61E9CC36,3172,8750
2026-08-06,2947,VND9D61E9CC36,3234,8750
2026-08-06,2947,VND9D61E9CC36,3235,8750
2026-08-06,2947,VND9D61E9CC36,3243,8750
2026-08-06,2947,VND9D61E9CC36,3259,8750
2026-08-06,2947,VND9D61E9CC36,3292,8750
2026-08-06,2947,VND9D61E9CC36,3320,8750
2026-08-06,2947,VND9D61E9CC36,3332,15000
2026-08-06,2947,VND9D61E9CC36,3349,8750
2026-08-06,2947,VND9D61E9CC36,3441,11500
2026-08-06,2947,VND9D61E9CC36,3546,8750
2026-08-06,2947,VND9D61E9CC36,3550,8750
2026-08-06,2947,VND9D61E9CC36,3581,17500
2026-08-06,2947,VND9D61E9CC36,3601,17500
2026-08-06,2947,VND9D61E9CC36,3658,8750
2026-08-06,2947,VND9D61E9CC36,3659,8750
2026-08-06,2947,VND9D61E9CC36,3663,8750
2026-08-06,2947,VND9D61E9CC36,3686,8750
2026-08-06,2947,VND9D61E9CC36,3687,8750
2026-08-06,2947,VND9D61E9CC36,3780,8750
2026-08-06,2947,VND9D61E9CC36,3783,8750
2026-08-06,2947,VND9D61E9CC36,3784,10244
2026-08-06,2947,VND9D61E9CC36,3787,8750
2026-08-06,2947,VND9D61E9CC36,3788,8750
2026-08-06,2947,VND9D61E9CC36,3790,8750
2026-08-06,2947,VND9D61E9CC36,3791,8750
2026-08-06,2947,VND9D61E9CC36,3795,8750
2026-08-06,2947,VND9D61E9CC36,3796,8750
2026-08-06,2947,VND9D61E9CC36,3803,8754
2026-08-06,2947,VND9D61E9CC36,3805,17500
2026-08-06,2947,VND9D61E9CC36,3839,8750
2026-08-06,2947,VND9D61E9CC36,3851,8750
2026-08-06,2947,VND9D61E9CC36,3853,8750
2026-08-06,2947,VND9D61E9CC36,3860,24000
2026-08-06,2947,VND9D61E9CC36,3861,8750
2026-08-06,2947,VND9D61E9CC36,3862,8750
2026-08-06,2947,VND9D61E9CC36,3863,8750
2026-08-06,2947,VND9D61E9CC36,3905,8750
2026-08-06,2947,VND9D61E9CC36,3933,10244
2026-08-06,2947,VND9D61E9CC36,3934,8999
2026-08-06,2947,VND9D61E9CC36,3936,8750
2026-08-06,2947,VND9D61E9CC36,3937,8750
2026-08-06,2947,VND9D61E9CC36,3955,8750
2026-08-06,2947,VND9D61E9CC36,3957,8750
2026-08-06,2947,VND9D61E9CC36,3958,8750
2026-08-06,2947,VND9D61E9CC36,3959,8750
2026-08-06,2947,VND9D61E9CC36,3960,8750
2026-08-06,2947,VND9D61E9CC36,3962,8750
2026-08-06,2947,VND9D61E9CC36,3966,8750
2026-08-06,2947,VND9D61E9CC36,3968,8750
2026-08-06,2947,VND9D61E9CC36,3969,8750
2026-08-06,2947,VND9D61E9CC36,3975,8750
2026-08-06,2947,VND9D61E9CC36,3997,18650
2026-08-06,2947,VND9D61E9CC36,3998,10493
2026-08-06,2947,VND9D61E9CC36,4183,8750
2026-08-06,2947,VND9D61E9CC36,4211,17500
2026-08-06,2947,VND9D61E9CC36,4236,8750
2026-08-06,2947,VND9D61E9CC36,4320,8750
2026-08-06,2947,VND9D61E9CC36,4331,8750
2026-08-06,2947,VND9D61E9CC36,4460-A,8750
2026-08-06,2947,VND9D61E9CC36,4467,17500
2026-08-06,2947,VND9D61E9CC36,4474,17500
2026-08-06,2947,VND9D61E9CC36,4518,17500
2026-08-06,2947,VND9D61E9CC36,4536,17500
2026-08-06,2947,VND9D61E9CC36,4573,8750
2026-08-06,2947,VND9D61E9CC36,4618,8750
2026-08-06,2947,VND9D61E9CC36,4690,8750
2026-08-06,2947,VND9D61E9CC36,4708,8750
2026-08-06,2947,VND9D61E9CC36,4711,8750
2026-08-06,2947,VND9D61E9CC36,4713,8750
2026-08-06,2947,VND9D61E9CC36,4714,8750
2026-08-06,2947,VND9D61E9CC36,4717,8750
2026-08-06,2947,VND9D61E9CC36,4767,8750
2026-08-06,2947,VND9D61E9CC36,4768,8750
2026-08-06,2947,VND9D61E9CC36,4790,8750
2026-08-06,2947,VND9D61E9CC36,4791,8750
2026-08-06,2947,VND9D61E9CC36,4815,8750
2026-08-06,2947,VND9D61E9CC36,4816,11735
2026-08-06,2947,VND9D61E9CC36,4854,10244
2026-08-06,2947,VND9D61E9CC36,4877,8750
2026-08-06,2947,VND9D61E9CC36,4920,8750
2026-08-06,2947,VND9D61E9CC36,4926,8750
2026-08-06,2947,VND9D61E9CC36,4927,8750
2026-08-06,2947,VND9D61E9CC36,4964,8750
2026-08-06,2947,VND9D61E9CC36,4989,10742
2026-08-06,2947,VND9D61E9CC36,6504,8750
2026-08-06,2947,VND9D61E9CC36,66090,8492
2026-08-06,2947,VND9D61E9CC36,6818,8750
2026-08-06,2947,VND9D61E9CC36,6843,8750
2026-08-06,2947,VND9D61E9CC36,6851,8750
2026-08-06,2947,VND9D61E9CC36,6852,8750
2026-08-06,2947,VND9D61E9CC36,6855,8750
2026-08-06,2947,VND9D61E9CC36,6857,8750
2026-08-06,2947,VND9D61E9CC36,6886,8750
2026-08-06,2947,VND9D61E9CC36,6900,8750
2026-08-06,2947,VND9D61E9CC36,6901,8750
2026-08-06,2947,VND9D61E9CC36,6937,8750
2026-08-06,2947,VND9D61E9CC36,6943,8750
2026-08-06,2947,VND9D61E9CC36,6948,8750
2026-08-06,2947,VND9D61E9CC36,6949,8750
2026-08-06,2947,VND9D61E9CC36,6950,8750
2026-08-06,2947,VND9D61E9CC36,6956,8750
2026-08-06,2947,VND9D61E9CC36,6957,8750
2026-08-06,2947,VND9D61E9CC36,78402,8750
2026-08-06,2947,VND9D61E9CC36,78476,8750
2026-08-06,2947,VND9D61E9CC36,78478,8750
2026-08-06,2947,VND9D61E9CC36,78479,8750
2026-08-06,2947,VND9D61E9CC36,78575,8750
2026-08-06,2947,VND9D61E9CC36,79210,8750
2026-08-06,2947,VND9D61E9CC36,79826,8750
2026-08-06,2947,VND9D61E9CC36,80041,17500
2026-08-06,2947,VND9D61E9CC36,80043,17500
2026-08-06,2947,VND9D61E9CC36,80064,8750
2026-08-06,2947,VND9D61E9CC36,80072-A,8750
2026-08-06,2947,VND9D61E9CC36,80084,8750
2026-08-06,2947,VND9D61E9CC36,80097,17500
2026-08-06,2947,VND9D61E9CC36,80111,8750
2026-08-06,2947,VND9D61E9CC36,80115,8750
2026-08-06,2947,VND9D61E9CC36,80151,8750
2026-08-06,2947,VND9D61E9CC36,80178,8750
2026-08-06,2947,VND9D61E9CC36,80299,37500
2026-08-06,2948,VND9EA5A4CD50,0212017-IN,103140
2026-08-06,2949,VND038283E7E9,13873626,116
2026-08-06,2950,VNDB2655FBB2C,5916063-00,411189
2026-08-06,2950,VNDB2655FBB2C,5916063-01,7566
2026-08-06,2951,VND4AAB170555,00022137,55550
2026-08-06,2951,VND4AAB170555,00022141,91400
2026-08-06,2951,VND4AAB170555,00022184,160800
2026-08-06,2952,VNDF973B163DB,25-BR-187666,18000
2026-08-06,2953,VND9A82F5A481,233882A,20475
2026-08-06,2954,VNDECFE069C91,30715,138384
2026-08-06,2955,VNDC6974FC4CE,SPONS-SCOTGUMBORUN,150000
2026-08-06,2956,VND1938246EAA,6233,650000
2026-08-06,2957,VND122EEFF80B,26-0292,47760
2026-08-06,2957,VND122EEFF80B,26-0298,19400
2026-08-06,2958,VND4B078BA981,159582,162010
2026-08-06,2959,VNDDF7FCC90EF,08P59643,34196
2026-08-06,2960,VND860F31C99B,45579,34200
2026-08-06,2961,VND834CFEAF14,13568735,80000
2026-08-06,2962,VND834CFEAF14,13499997,45000
2026-08-06,2963,VND834CFEAF14,13500250,40000
2026-08-06,2964,VND834CFEAF14,13505015,11288
2026-08-06,2965,VND834CFEAF14,13504844,437663
2026-08-06,2966,VND834CFEAF14,13476628,134000
2026-08-06,2967,VND33F7253EB4,0804222735,141140
2026-08-06,2968,VND33F7253EB4,0804219290,-4774
2026-08-06,2968,VND33F7253EB4,0804223861,43308
2026-08-06,2969,VNDCB66F1F27F,110164,756500
2026-08-06,2970,VNDB0DE02BD22,559196,1767
2026-08-06,2970,VNDB0DE02BD22,559249,1860
2026-08-06,2970,VNDB0DE02BD22,559314,1500
2026-08-06,2970,VNDB0DE02BD22,559638,2698
2026-08-06,2971,VNDB0DE02BD22,561893,3600
2026-08-06,2972,VNDB0DE02BD22,554270,3600
2026-08-06,2973,VNDCD62F7A760,69191,13500
2026-08-06,2973,VNDCD62F7A760,69192,13500
2026-08-06,2973,VNDCD62F7A760,69195,13500
2026-08-06,2974,VND3DF4C7BD78,EBRDT072826,400000
2026-08-06,2974,VND3DF4C7BD78,EBRDT072926,300000
2026-08-06,2975,VND44D8DA524A,11127235,363400
2026-08-06,2976,VND587DA1941D,5282879,30536
2026-08-06,2976,VND587DA1941D,5283281,302720
2026-08-06,2976,VND587DA1941D,5283282,269497
2026-08-06,2976,VND587DA1941D,5283920,129928
2026-08-06,2976,VND587DA1941D,5285107,59459
2026-08-06,2977,VNDE2590AFFCF,526631,48428
2026-08-06,2977,VNDE2590AFFCF,526632,48428
2026-08-06,2977,VNDE2590AFFCF,526633,48428
2026-08-06,2977,VNDE2590AFFCF,526923,359
2026-08-06,2977,VNDE2590AFFCF,527707,94849
2026-08-06,2977,VNDE2590AFFCF,527708,52506
2026-08-06,2977,VNDE2590AFFCF,530306,152579
2026-08-06,2977,VNDE2590AFFCF,530307,50770
2026-08-06,2977,VNDE2590AFFCF,530308,5356
2026-08-06,2977,VNDE2590AFFCF,530309,756
2026-08-06,2977,VNDE2590AFFCF,530312,11552
2026-08-06,2977,VNDE2590AFFCF,530313,338996
2026-08-06,2977,VNDE2590AFFCF,530623,40029
2026-08-06,2978,VND506324D997,00100340,9180
2026-08-06,2979,VND80D284786C,103110087448,1648700
2026-08-06,2980,VND769E936136,6789015,50000
2026-08-06,2980,VND769E936136,6789016,50000
2026-08-06,2980,VND769E936136,6789018,50000
2026-08-06,2980,VND769E936136,6789019,50000
2026-08-06,2981,VNDB8478CC587,5801,201600
2026-08-06,2981,VNDB8478CC587,5815,92000
2026-08-06,2982,VND10C75672B6,INVCOR11268554,1350000
2026-08-06,2983,VNDBFCBADDFC0,IW13795,48202
2026-08-06,2984,VND4CB8B42720,PEC 5933,909500
2026-08-06,2984,VND4CB8B42720,PEC 5934,303010
2026-08-06,2985,VND83498173BB,25031,22475
2026-08-06,2986,VNDAAB2AA37DF,INV0129,150000
2026-08-06,2987,VND50D777B7DA,567557,153132
2026-08-06,2988,VND2C9A9509EF,SIN444110,316500
2026-08-06,2989,VND765A886368,1499,301000
2026-08-06,2990,VNDF19B0F61BD,24526,162500
2026-08-06,2991,VND5C56C45151,562551,57900
2026-08-06,2992,VND62BFC1788A,1009,320000
2026-08-06,2993,VND3694143347,MH2026EastBR 063026,20000
2026-08-06,2994,VNDD973B25387,260715CBR,498376
2026-08-06,2995,VNDF8A0B03E69,C026-2218,10000
2026-08-06,2996,VND8A8F795F28,48,60000
2026-08-06,2997,VND0FF7E70DAB,P0644907,7419
2026-08-06,2997,VND0FF7E70DAB,P0665107,41173
2026-08-06,2997,VND0FF7E70DAB,RS224907,53700
2026-08-06,2998,VND9D58CC43B9,23-010-05,805660
2026-08-06,2999,VNDE7892CC2AF,031494,85000
2026-08-06,3000,VND5D2F7D94EE,543089,2887298
2026-08-06,3001,VND74C94EC058,346563,485335
2026-08-06,3002,VND2663866EA4,V12660REIMBURSEMENT,4809
2026-08-06,3003,VND7433D793A7,0060775673 7-22-26,122051
2026-08-06,3004,VNDAC067C4BA8,2841,135000
2026-08-06,3004,VNDAC067C4BA8,2844,19000
2026-08-06,3005,VND57B17AAF75,0111788428-7/27/26,170061
2026-08-06,3006,VNDAF9EC758D1,PARTIAL 3,5199981
2026-08-06,3008,VNDDE3F8B0D78,30,14000
2026-08-06,3009,VND5D49213A8E,01223,60000
2026-08-06,3010,VND21EEA50901,12399,45000
2026-08-06,3010,VND21EEA50901,12436,15000
2026-08-06,3010,VND21EEA50901,12437,45000
2026-08-06,3010,VND21EEA50901,12438,15000
2026-08-06,3010,VND21EEA50901,12439,45000
2026-08-06,3010,VND21EEA50901,12440,15000
2026-08-06,3011,VNDCB68FCCA8F,Draw 431,400000
2026-08-06,3012,VNDEA54099C24,PAY APP# 3,2924544
2026-08-06,3012,VNDEA54099C24,PAY APP# 4,17932337
2026-08-06,3013,VND1A8DED51EE,070126-073026lease,70000
2026-08-06,3014,VND52D34F0564,E112607,214583
2026-08-06,3015,VND5CABBE0D04,26SH62476-1,95000
2026-08-06,3015,VND5CABBE0D04,26SM59558-1,162848
2026-08-06,3015,VND5CABBE0D04,26SP60238-1,35000
2026-08-06,3016,VND10C205260D,2026-00827,38782
2026-08-06,3017,VND91721D3854,000197816665,1975
2026-08-06,3017,VND91721D3854,067086434154,299200
2026-08-06,3017,VND91721D3854,077377342057,8730
2026-08-06,3017,VND91721D3854,086764065766 0726,3118
2026-08-06,3017,VND91721D3854,173864824687 0726,32431
2026-08-06,3017,VND91721D3854,243628821360,269772
2026-08-06,3017,VND91721D3854,295620534819,1745
2026-08-06,3017,VND91721D3854,394806280977,1287
2026-08-06,3017,VND91721D3854,439690139206,49302
2026-08-06,3017,VND91721D3854,451041687584,6439
2026-08-06,3017,VND91721D3854,503076051696,1287
2026-08-06,3017,VND91721D3854,558479853283,55624
2026-08-06,3017,VND91721D3854,563027469924,620679
2026-08-06,3017,VND91721D3854,563500335147,195197
2026-08-06,3017,VND91721D3854,651256289682,1287
2026-08-06,3017,VND91721D3854,653437620533,3003
2026-08-06,3017,VND91721D3854,658910427181,5180
2026-08-06,3017,VND91721D3854,736874687856,1400
2026-08-06,3017,VND91721D3854,745862364780,49181
2026-08-06,3017,VND91721D3854,816672595619,41713
2026-08-06,3017,VND91721D3854,849746390691,2775
2026-08-06,3017,VND91721D3854,871727159582,1287
2026-08-06,3017,VND91721D3854,914432701725,1287
2026-08-06,3017,VND91721D3854,922942734887,2317
2026-08-06,3017,VND91721D3854,953049986348,1287
2026-08-06,3017,VND91721D3854,983974964277,1287
2026-08-06,3018,VND000866540A,0001,370325
2026-08-06,3019,VND0D84CB2C7E,31225,458308
2026-08-06,3020,VND82AD53DE10,MIT1930-INV1,270570
2026-08-06,3020,VND82AD53DE10,MIT1930-INV2,27704
2026-08-06,3021,VND8A391B0279,40438,65210
2026-08-06,3022,VNDA9A3116E05,7026-427,64375
2026-08-06,3022,VNDA9A3116E05,7026-428,56000
2026-08-06,3023,VND6DEB672106,2131,611792
2026-08-06,3024,VND59317F9A3B,JULY 2026,352000
2026-08-06,3024,VND59317F9A3B,P100,37000
2026-08-06,3025,VND55AF7D0882,1015492,99000
2026-08-06,3025,VND55AF7D0882,1015501,35775
2026-08-06,3025,VND55AF7D0882,1015504,500000
2026-08-06,3026,VND960ABB710F,5651,18945
2026-08-06,3027,VND9C8313119A,1224,282892
2026-08-06,3027,VND9C8313119A,1279,310049
2026-08-06,3028,VNDCBC7F24FB1,EREYES07242026,8900
2026-08-06,3029,VND9406F355D1,563,70000
2026-08-06,3065,VND6E8879BB31,PEBR4A2607QVB0J-0001,45000
2026-08-06,3066,VND6E8879BB31,PEBR4A2607HK9J4-0001,39800
2026-08-06,3067,VND6E8879BB31,PEBR4A2607FH554-0001,38150
2026-08-06,3068,VND6E8879BB31,PEBR4A260789NFP-0001,87500
2026-08-06,3069,VND6E8879BB31,PEBR4A2607MP0KJ-0001,100000
2026-08-06,3070,VND6E8879BB31,PEBR4A2607KMQWV-0001,130390
2026-08-06,3071,VND6E8879BB31,PEBR4A2607QV9WS-0001,22500
2026-08-06,3072,VND764A6A6DEF,182802,12500
2026-08-06,3073,VND764A6A6DEF,183402,25000
2026-08-06,3074,VND764A6A6DEF,166381,15910
2026-08-06,3075,VND764A6A6DEF,183155,172500
2026-08-06,3076,VND764A6A6DEF,182719,12500
2026-08-06,3077,VND764A6A6DEF,183760,25000
2026-08-06,3078,VND764A6A6DEF,183851,25000
2026-08-06,3079,VND764A6A6DEF,181785,12500
2026-08-06,3080,VND764A6A6DEF,183462,12500
2026-08-06,3081,VNDB973BA9CF9,Y-12131,60000
2026-08-06,3082,VND08C636DE10,ADJ4574.NHB,50000
2026-08-06,3084,VND08C636DE10,ADJ4575.NHB,90500
2026-08-06,3085,VND08C636DE10,ADJ4580.NHB,65000
2026-08-06,3087,VND08C636DE10,ADJ4520.RDM,50000
2026-08-06,3088,VND08C636DE10,ADJ4600.DPL,50000
2026-08-06,3089,VND08C636DE10,ADJ4585.NHB,50000
2026-08-06,3092,VND08C636DE10,ADJ4491.RMB,10000
2026-08-06,3093,VND08C636DE10,NCMA 09-26,282000
2026-08-06,7255,VND6419D861E2,10941621057,17359
2026-08-06,7255,VND6419D861E2,10941621066,14652
2026-08-06,7255,VND6419D861E2,10941621290,6210
2026-08-06,7255,VND6419D861E2,11083612871,17074
2026-08-06,7255,VND6419D861E2,13486620971,12941
2026-08-06,7255,VND6419D861E2,13486620973,17364
2026-08-06,7256,VNDDF1B535115,107632 07/26,13657
2026-08-06,7256,VNDDF1B535115,107633 07/26,13623
2026-08-06,7256,VNDDF1B535115,107638 07/26,13080
2026-08-06,7256,VNDDF1B535115,107640 07/26,13657
2026-08-06,7256,VNDDF1B535115,108779 07/27/26,3195
2026-08-06,7256,VNDDF1B535115,108781 07/26,229152
2026-08-06,7256,VNDDF1B535115,108784 07/27/26,52439
2026-08-06,7256,VNDDF1B535115,109586 07/26,10164
2026-08-06,7256,VNDDF1B535115,112648 07/26,44921
2026-08-06,7256,VNDDF1B535115,112703 07/26,24538
2026-08-06,7256,VNDDF1B535115,114878 07/26,8452
2026-08-06,7256,VNDDF1B535115,119126 07/26,15151
2026-08-06,7256,VNDDF1B535115,119127 07/26,17133
2026-08-06,7256,VNDDF1B535115,119128 07/26,49397
2026-08-06,7256,VNDDF1B535115,119134 07/26,72662
2026-08-06,7256,VNDDF1B535115,119146 07/26,25935
2026-08-06,7256,VNDDF1B535115,119148 07/26,27888
2026-08-06,7256,VNDDF1B535115,119149 07/26,8692
2026-08-06,7256,VNDDF1B535115,119150 07/26,11802
2026-08-06,7256,VNDDF1B535115,119151 07/26,25935
2026-08-06,7256,VNDDF1B535115,119152 07/26,14145
2026-08-06,7256,VNDDF1B535115,119158 07/26,3620
2026-08-06,7256,VNDDF1B535115,119161 07/26,9725
2026-08-06,7256,VNDDF1B535115,119164 07/26,18992
2026-08-06,7256,VNDDF1B535115,119166 07/26,12278
2026-08-06,7256,VNDDF1B535115,119168 07/26,9634
2026-08-06,7256,VNDDF1B535115,119170 07/26,14565
2026-08-06,7256,VNDDF1B535115,119172 07/26,57898
2026-08-06,7256,VNDDF1B535115,119173 07/26,35414
2026-08-06,7256,VNDDF1B535115,119174 07/26,27137
2026-08-06,7256,VNDDF1B535115,119177 07/26,46883
2026-08-06,7256,VNDDF1B535115,119178 07/26,63380
2026-08-06,7256,VNDDF1B535115,119179 07/26,32659
2026-08-06,7256,VNDDF1B535115,119181 07/26,19176
2026-08-06,7256,VNDDF1B535115,122855 07/26,5834
2026-08-06,7256,VNDDF1B535115,122896 07/26,7475
2026-08-06,7256,VNDDF1B535115,126937 07/26,9353
2026-08-06,7256,VNDDF1B535115,129140 07/26,16037
2026-08-06,7256,VNDDF1B535115,136594 07/26,10465
2026-08-06,7256,VNDDF1B535115,144059 07/26,17224
2026-08-06,7256,VNDDF1B535115,144062 07/26,24644
2026-08-06,7256,VNDDF1B535115,144065 07/26,21429
2026-08-06,7256,VNDDF1B535115,144073 07/26,545522
2026-08-06,7256,VNDDF1B535115,144074 07/26,23772
2026-08-06,7256,VNDDF1B535115,144413 07/26,10309
2026-08-06,7256,VNDDF1B535115,1737065 07/27/26,6380
2026-08-06,7256,VNDDF1B535115,223277 07/26,13410
2026-08-06,7256,VNDDF1B535115,3455953 07/26,3552
2026-08-06,7256,VNDDF1B535115,3455955 07/26,3500
2026-08-06,7256,VNDDF1B535115,3462570 07/26,3564
2026-08-06,7257,VNDB6D062A110,004526,11250
2026-08-06,7257,VNDB6D062A110,210027530,560000
2026-08-06,7257,VNDB6D062A110,973,18750
2026-08-06,7257,VNDB6D062A110,978,11250
2026-08-06,7257,VNDB6D062A110,INV359458228,10000
2026-08-06,7257,VNDB6D062A110,PR  PPE 07.24.26,3320402
2026-08-06,7257,VNDB6D062A110,UI TAX 2ND QTR,1996
2026-08-06,7258,VND440D42F5D7,PAY FT 7/25-8/7/2026,1583723
2026-08-06,7259,VNDCEFA085809,PPE 7/22/26-8/4/26,2054373
2026-08-06,7260,VND9482CE1F7B,6148906923,663734
2026-08-06,7261,VNDE585BEA3CF,PARTIAL       2,27373340
2026-08-06,7262,VND89C7D0D916,26-062,233333
2026-08-06,7263,VND524759FD49,279,164450
2026-08-06,7264,VND56EC956286,7/2026,200000
2026-08-06,7265,VND2020C437A0,7/2026,200000
2026-08-06,7266,VND5D43C48DED,02-072026,130000
2026-08-06,7267,VND4588B79C5B,025-561120,79750
2026-08-06,7268,VND4B83D14830,2ND QUARTER 2026,4546482
2026-08-06,7269,VNDAC8696501A,260722155038044 #61,708500
2026-08-06,7270,VNDFE8318EED5,32230,300000
2026-08-06,7270,VNDFE8318EED5,32231,402000
2026-08-06,7270,VNDFE8318EED5,32232,602500
2026-08-06,7270,VNDFE8318EED5,32233,274000
2026-08-06,7270,VNDFE8318EED5,32234,169000
2026-08-06,7270,VNDFE8318EED5,32235,280000
2026-08-06,7270,VNDFE8318EED5,32236,481800
2026-08-06,7270,VNDFE8318EED5,32238,90000
2026-08-06,7271,VND0E2E5E838C,INV159967,28514
2026-08-06,7271,VND0E2E5E838C,INV160397,32868
2026-08-06,7272,VND220100A3F3,INV0125839,6833780
2026-08-06,7276,VNDDC187A6497,1881,351750
2026-08-06,7277,VND74223BCD52,EBRPAA080126,200000
2026-08-06,7278,VNDC1BC25009F,21982,2980000
2026-08-06,7279,VNDC1BC25009F,21976-,210000
2026-08-06,7280,VND444B5F3D5E,2607317,725000
2026-08-06,7281,VND546C3EEABA,EBRPBT080126,200000
2026-08-06,7281,VND546C3EEABA,EBRPSA72026,220000
2026-08-06,7282,VNDD4E70F097B,0077,166600
2026-08-06,7283,VND55CDE6C6D8,404,200000
2026-08-06,7284,VND55CDE6C6D8,405,200000
2026-08-06,7285,VND55CDE6C6D8,406,200000
2026-08-06,7286,VND55CDE6C6D8,395,200000
2026-08-06,7287,VND8F96DC27D8,0726,453600
2026-08-06,7288,VND47E395BDEE,0322,96300
2026-08-06,7289,VNDDB73B27F09,7/2026,200000
2026-08-06,7290,VNDA5C4C5D634,PARTIAL   06,461241
2026-08-06,7291,VND5FB53FA16B,9962-07,260000
2026-08-06,7292,VNDB95E8E037A,7/2026,200000
2026-08-06,7293,VNDD463BC9E0E,26-11-074641,253494
2026-08-06,7293,VNDD463BC9E0E,26-12-074135,118200
2026-08-06,7293,VNDD463BC9E0E,26-14-074130,267020
2026-08-06,7293,VNDD463BC9E0E,26-15-073973,270205
2026-08-06,7293,VNDD463BC9E0E,26-15-074588,190600
2026-08-06,7293,VNDD463BC9E0E,26-17-074162,744600
2026-08-06,7294,VNDF5B14A47CA,971,135000
2026-08-06,7295,VNDB9768F8269,EBRJD0726,117300
2026-08-06,7296,VND2B601CD19C,14,200000
2026-08-06,7297,VNDCA11772E7F,EBRPJM080126,180000
2026-08-06,7298,VNDE0354C4DB5,07302026LC,400000
2026-08-06,7299,VND71A3D0737C,0060126,3214300
2026-08-06,7300,VND37D9E20E45,3/1-6/30/26,227500
2026-08-06,7301,VND4ECC8B607E,2A-4/26,7899356
2026-08-06,7301,VND4ECC8B607E,3A -5/26,7463354
2026-08-06,7301,VND4ECC8B607E,A1-3/26,7713201
2026-08-07,3095,VND314B84DB92,IN262160,251980
2026-08-07,3095,VND314B84DB92,IN262161,99580
2026-08-07,3096,VND1F4B20B584,PI74342,231285
2026-08-07,3096,VND1F4B20B584,PI75481,81360
2026-08-07,3097,VND2FE679EDE1,9173958008,7125
2026-08-07,3098,VND56BE5B0BCA,21449-1,121992
2026-08-07,3098,VND56BE5B0BCA,21450-1,503000
2026-08-07,3099,VND314D47574B,10021394481,336693
2026-08-07,3099,VND314D47574B,10021395807,5934445
2026-08-07,3099,VND314D47574B,170007507772,40309
2026-08-07,3099,VND314D47574B,170007507795,3383
2026-08-07,3099,VND314D47574B,2026547397,6513274
2026-08-07,3099,VND314D47574B,295007208437,624745
2026-08-07,3099,VND314D47574B,310005166920,172367
2026-08-07,3099,VND314D47574B,445004873008,179828
2026-08-07,3099,VND314D47574B,50010294571,104494
2026-08-07,3099,VND314D47574B,75009211990,105628
2026-08-07,3099,VND314D47574B,85009036845,38898
2026-08-07,3099,VND314D47574B,85009036846,27183
2026-08-07,3099,VND314D47574B,90009265603,4733
2026-08-07,3104,VNDC85484D068,0456-1263128,59832
2026-08-07,3105,VND72627A23A8,184126,12500
2026-08-07,3112,VND5696B5D7DE,98251709,40520
2026-08-07,3112,VND5696B5D7DE,98251710,98601
2026-08-07,3112,VND5696B5D7DE,98251711,45632
2026-08-07,3112,VND5696B5D7DE,98251712,7686
2026-08-07,3112,VND5696B5D7DE,98251713,80834
2026-08-07,3113,VND6A8F32B4F0,940173066,2025
2026-08-07,3114,VND3202C9608E,0820-002242900,181006
2026-08-07,3114,VND3202C9608E,0820-002243923,80754
2026-08-07,3114,VND3202C9608E,0820-002245301,29828
2026-08-07,3116,VND23360FB697,28137931-002 07/26,30700
2026-08-07,3116,VND23360FB697,28139712-002 07/26,2672
2026-08-07,3116,VND23360FB697,30167716-002 07/26,1477
2026-08-07,3116,VND23360FB697,30168221-001 07/26,1477
2026-08-07,3116,VND23360FB697,31181500-001 07/26,1477
2026-08-07,3117,VNDFEB45412C5,00000303-001 07/26,4486
2026-08-07,3117,VNDFEB45412C5,12241950-001 07/26,1365
2026-08-07,3117,VNDFEB45412C5,12243750-001 0726,17445
2026-08-07,3118,VND09E9FBF696,1448121,23500
2026-08-07,3119,VND0C703976D6,5701,650000
2026-08-07,3120,VNDB41C7DE31B,0015711084080901 726,11134
2026-08-07,3120,VNDB41C7DE31B,0015711088623101 726,19585
2026-08-07,3120,VNDB41C7DE31B,0015711095600301 726,33176
2026-08-07,3122,VND506093857D,B7268682,16348
2026-08-07,3122,VND506093857D,B7268696,82288
2026-08-07,3122,VND506093857D,B7268712,34783
2026-08-07,3122,VND506093857D,B7268715,149667
2026-08-07,3122,VND506093857D,B7268850,36634
2026-08-07,3122,VND506093857D,B7268922,61850
2026-08-07,3122,VND506093857D,B7274090,152251
2026-08-07,3123,VND4F67A130AA,0625-261196,56929
2026-08-07,3126,VND9E92E9E31B,SupremeCourt - 05/26,5000
2026-08-07,3127,VND433C3F329B,C30247,457611
2026-08-07,3127,VND433C3F329B,F32114,91515
2026-08-07,3128,VND596C9A1C7E,241404F,37005
2026-08-07,3129,VND08375A3875,WB43195,27783
2026-08-07,3130,VND0B5695E700,06G8750261222,8611
2026-08-07,3131,VND091D0AAA42,41690330,41952
2026-08-07,3131,VND091D0AAA42,41947480,44488
2026-08-07,3131,VND091D0AAA42,42449568,57122
2026-08-07,3132,VND091D0AAA42,41947489,29107
2026-08-07,3133,VND501A15B04C,22-19353,41804
2026-08-07,3134,VND501A15B04C,22-18334,11700
2026-08-07,3135,VND501A15B04C,22-19011,19469
2026-08-07,3136,VND501A15B04C,22-19462,6354
2026-08-07,3137,VND501A15B04C,22-19459,23400
2026-08-07,3138,VND501A15B04C,22-19542,10743
2026-08-07,3139,VND0BE18D292A,25-0184,34164
2026-08-07,3139,VND0BE18D292A,25-0477,25725
2026-08-07,3139,VND0BE18D292A,25-0487,13608
2026-08-07,3139,VND0BE18D292A,25-0519,15500
2026-08-07,3139,VND0BE18D292A,25-5375,26725
2026-08-07,3139,VND0BE18D292A,25-5385,20484
2026-08-07,3140,VND6C133B6E38,55P1842722,60769
2026-08-07,3140,VND6C133B6E38,55P1850783,29085
2026-08-07,3141,VND3AC88DAE74,T1194320,12000
2026-08-07,3142,VND2C797EC2E1,00208716762,48434
2026-08-07,3142,VND2C797EC2E1,00208748991,150458
2026-08-07,3142,VND2C797EC2E1,00208756784,35342
2026-08-07,3143,VNDDB8E0D5288,215454F,3927
2026-08-07,3143,VNDDB8E0D5288,216826F,8182
2026-08-07,3143,VNDDB8E0D5288,217279F,31620
2026-08-07,3143,VNDDB8E0D5288,217354F,153108
2026-08-07,3143,VNDDB8E0D5288,217355F,15400
2026-08-07,3143,VNDDB8E0D5288,217358F,10857
2026-08-07,3143,VNDDB8E0D5288,217394F,38014
2026-08-07,3144,VND6DFE713957,910018534,414300
2026-08-07,3145,VND26E1E5C72C,35280,60000
2026-08-07,3146,VND129F32F635,3009609604,497431
2026-08-07,3147,VND63FC3F64CF,490161,10531
2026-08-07,3147,VND63FC3F64CF,490883,1552
2026-08-07,3147,VND63FC3F64CF,491155,48323
2026-08-07,3147,VND63FC3F64CF,491218,5184
2026-08-07,3147,VND63FC3F64CF,491336,3054
2026-08-07,3147,VND63FC3F64CF,491454,9864
2026-08-07,3147,VND63FC3F64CF,491458,17666
2026-08-07,3147,VND63FC3F64CF,491467,21459
2026-08-07,3147,VND63FC3F64CF,491495,1237
2026-08-07,3147,VND63FC3F64CF,491629,1922
2026-08-07,3148,VND87AEE91E5C,70352,1755000
2026-08-07,3149,VND51F22A8064,B21473806,626040
2026-08-07,3150,VND1CDC5A7959,010110084002501 0726,6566
2026-08-07,3150,VND1CDC5A7959,010113057412010 0726,4419
2026-08-07,3150,VND1CDC5A7959,010114050003501 0726,1180
2026-08-07,3150,VND1CDC5A7959,010114050004001 0726,1244
2026-08-07,3150,VND1CDC5A7959,010114064005402 0726,3163
2026-08-07,3150,VND1CDC5A7959,010114145008203 0726,1180
2026-08-07,3150,VND1CDC5A7959,010114145009401 726,7028
2026-08-07,3150,VND1CDC5A7959,010114145012401 726,3927
2026-08-07,3150,VND1CDC5A7959,010115075013502 0726,3193
2026-08-07,3150,VND1CDC5A7959,010115075014602 0726,3683
2026-08-07,3150,VND1CDC5A7959,010115086005901 726,34993
2026-08-07,3150,VND1CDC5A7959,010115086006401 726,3203
2026-08-07,3150,VND1CDC5A7959,010115377005601 0726,1180
2026-08-07,3150,VND1CDC5A7959,010116007001901 726,33592
2026-08-07,3150,VND1CDC5A7959,010116058041902 726,119784
2026-08-07,3150,VND1CDC5A7959,010116058042002 726,306968
2026-08-07,3150,VND1CDC5A7959,010117018001902 726,3207
2026-08-07,3150,VND1CDC5A7959,010117018002001 0726,9763
2026-08-07,3150,VND1CDC5A7959,010117042439803 726,8715
2026-08-07,3151,VNDA23FFF84E8,020213056044502 0726,1632
2026-08-07,3151,VNDA23FFF84E8,020213056047401 0726,1559
2026-08-07,3151,VNDA23FFF84E8,020213056063102 0726,1632
2026-08-07,3151,VNDA23FFF84E8,020213056907302 0726,1559
2026-08-07,3151,VNDA23FFF84E8,020213056984002 0726,4379
2026-08-07,3151,VNDA23FFF84E8,020213057766602 0726,1559
2026-08-07,3151,VNDA23FFF84E8,020213058789402 0726,1559
2026-08-07,3151,VNDA23FFF84E8,020213064016802 0726,1632
2026-08-07,3151,VNDA23FFF84E8,020213064036601 0726,1559
2026-08-07,3151,VNDA23FFF84E8,020214027000402 0726,12708
2026-08-07,3151,VNDA23FFF84E8,020214027099902 0726,1632
2026-08-07,3151,VNDA23FFF84E8,020214027100002 0726,1632
2026-08-07,3151,VNDA23FFF84E8,020214051024101 0726,1559
2026-08-07,3151,VNDA23FFF84E8,020214051038501 0726,1632
2026-08-07,3151,VNDA23FFF84E8,020214051039303 0726,1632
2026-08-07,3151,VNDA23FFF84E8,020214051045102 0726,1559
2026-08-07,3151,VNDA23FFF84E8,020214051114802 0726,7935
2026-08-07,3151,VNDA23FFF84E8,020214051129902 0726,4753
2026-08-07,3151,VNDA23FFF84E8,020214051833702 0726,1559
2026-08-07,3151,VNDA23FFF84E8,020214051841602 0726,1559
2026-08-07,3151,VNDA23FFF84E8,020214059000702 0726,4379
2026-08-07,3151,VNDA23FFF84E8,020214059056802 0726,1559
2026-08-07,3151,VNDA23FFF84E8,020214059059802 0726,1632
2026-08-07,3151,VNDA23FFF84E8,020214059103302 0726,1632
2026-08-07,3151,VNDA23FFF84E8,020214059814602 0726,1559
2026-08-07,3151,VNDA23FFF84E8,020214059998102 0726,4379
2026-08-07,3151,VNDA23FFF84E8,020214061024301 0726,1559
2026-08-07,3151,VNDA23FFF84E8,020214061083502 0726,1632
2026-08-07,3151,VNDA23FFF84E8,020214061143202 0726,1632
2026-08-07,3151,VNDA23FFF84E8,020214062035204 0726,1559
2026-08-07,3151,VNDA23FFF84E8,020214062052601 0726,1632
2026-08-07,3152,VNDF384EA7B9B,509140145,22770
2026-08-07,3152,VNDF384EA7B9B,509140146,143191
2026-08-07,3152,VNDF384EA7B9B,509140148,23475
2026-08-07,3152,VNDF384EA7B9B,509140149,74085
2026-08-07,3152,VNDF384EA7B9B,509140200,252397
2026-08-07,3152,VNDF384EA7B9B,509140201,5967
2026-08-07,3152,VNDF384EA7B9B,509140202,14280
2026-08-07,3152,VNDF384EA7B9B,509153493,13164
2026-08-07,3152,VNDF384EA7B9B,509171380,60180
2026-08-07,3153,VNDB2BF8720F9,41592,72000
2026-08-07,3154,VNDB6E53E1B51,22358,1565
2026-08-07,3155,VND192E49B381,19182904,153100
2026-08-07,3156,VND04B962C659,26978-01,485100
2026-08-07,3156,VND04B962C659,573418,16840
2026-08-07,3157,VNDB7D4F2F76E,3000705578 0726,23405
2026-08-07,3158,VND11621ABC9D,1974315/1,255000
2026-08-07,3159,VND7BC88FF2A0,393963LTG,35262
2026-08-07,3160,VND469D0A0601,42601,262500
2026-08-07,3161,VND2DD6E6F056,FS-2843-0063026,3450
2026-08-07,3161,VND2DD6E6F056,FS-2843-0113025,1725
2026-08-07,3161,VND2DD6E6F056,FS-2843-0123125,5175
2026-08-07,3162,VND5F7CD0BCD8,0197348,61805
2026-08-07,3162,VND5F7CD0BCD8,0199191,8445
2026-08-07,3162,VND5F7CD0BCD8,0199433,97543
2026-08-07,3162,VND5F7CD0BCD8,0199460,31400
2026-08-07,3162,VND5F7CD0BCD8,0199513,4169
2026-08-07,3162,VND5F7CD0BCD8,0199568,59370
2026-08-07,3162,VND5F7CD0BCD8,0199631,51621
2026-08-07,3162,VND5F7CD0BCD8,0199637,4169
2026-08-07,3162,VND5F7CD0BCD8,0199647,37567
2026-08-07,3162,VND5F7CD0BCD8,0199679,32965
2026-08-07,3162,VND5F7CD0BCD8,0199696,4169
2026-08-07,3162,VND5F7CD0BCD8,0199702,29000
2026-08-07,3162,VND5F7CD0BCD8,0199745,48918
2026-08-07,3162,VND5F7CD0BCD8,0199769,45665
2026-08-07,3162,VND5F7CD0BCD8,0199790,6800
2026-08-07,3162,VND5F7CD0BCD8,0199874,181900
2026-08-07,3162,VND5F7CD0BCD8,0199974,29301
2026-08-07,3162,VND5F7CD0BCD8,0199987,8445
2026-08-07,3162,VND5F7CD0BCD8,1200058,8445
2026-08-07,3163,VND8E66A57965,M136835,498960
2026-08-07,3164,VNDD348E1A86C,1000486317,171150
2026-08-07,3165,VNDEF74E14DA1,Draw 380,293204
2026-08-07,3166,VND914F94D4DE,INV-13328,22500
2026-08-07,3167,VNDB96C4CC6D7,102-00289-01,59849
2026-08-07,3168,VND6661419488,INV0000029758,40000
2026-08-07,3168,VND6661419488,INV0000031176,40000
2026-08-07,3168,VND6661419488,INV0000031545,40000
2026-08-07,3168,VND6661419488,INV0000031877,40000
2026-08-07,3168,VND6661419488,INV0000032214,40000
2026-08-07,3168,VND6661419488,INV0000032553,40000
2026-08-07,3168,VND6661419488,INV0000032856,40000
2026-08-07,3168,VND6661419488,INV000030555,40000
2026-08-07,3169,VND2E80F86067,359900-202607-1,113375
2026-08-07,3170,VND6134D58100,INV000085640,240000
2026-08-07,3171,VND2506A9F4F7,EBR-035,25500
2026-08-07,3173,VND25873D1268,26155-1,28225
2026-08-07,3173,VND25873D1268,26158-3,28225
2026-08-07,3173,VND25873D1268,26160-4,30450
2026-08-07,3173,VND25873D1268,26213,35963
2026-08-07,3173,VND25873D1268,26220-1,39350
2026-08-07,3173,VND25873D1268,26222,50475
2026-08-07,3174,VND777AAA6B69,16YP-X3HX-1C3C,5009
2026-08-07,3174,VND777AAA6B69,1C4K-CPMW-7LKX,2390
2026-08-07,3174,VND777AAA6B69,1DR3-V9HJ-MQ9M,2998
2026-08-07,3174,VND777AAA6B69,1FQX-NQWC-4QCW,1120
2026-08-07,3174,VND777AAA6B69,1KX6-NKTP-C3LR,11715
2026-08-07,3174,VND777AAA6B69,1N7L-GLPJ-6WFM,7776
2026-08-07,3174,VND777AAA6B69,1PLP-TDCV-G3XN,2549
2026-08-07,3174,VND777AAA6B69,1XJ7-4CJG-M16V,15805
2026-08-07,3175,VND777AAA6B69,19N1YXKGX9CN,2331
2026-08-07,3176,VND9CF1DD425F,Final PS draw,835307
2026-08-07,3177,VNDFE7BCFF82B,38168,357531
2026-08-07,3177,VNDFE7BCFF82B,38170,112858
2026-08-07,3177,VNDFE7BCFF82B,38171,499411
2026-08-07,3177,VNDFE7BCFF82B,38172,317529
2026-08-07,3177,VNDFE7BCFF82B,38173,116043
2026-08-07,3177,VNDFE7BCFF82B,38175,289830
2026-08-07,3177,VNDFE7BCFF82B,38178,317552
2026-08-07,3177,VNDFE7BCFF82B,38183,125951
2026-08-07,3177,VNDFE7BCFF82B,38185,303541
2026-08-07,3177,VNDFE7BCFF82B,38187,272194
2026-08-07,3177,VNDFE7BCFF82B,38188,19000
2026-08-07,3177,VNDFE7BCFF82B,38190,118955
2026-08-07,3177,VNDFE7BCFF82B,38194,134335
2026-08-07,3177,VNDFE7BCFF82B,38202,32500
2026-08-07,3178,VNDBBA3F59362,26800-068L,328000
2026-08-07,3178,VNDBBA3F59362,26800-069L,164000
2026-08-07,3178,VNDBBA3F59362,26800-073L,328000
2026-08-07,3178,VNDBBA3F59362,26800-075L,656000
2026-08-07,3179,VND9D61E9CC36,3102,9746
2026-08-07,3179,VND9D61E9CC36,3106,8750
2026-08-07,3179,VND9D61E9CC36,3107,8750
2026-08-07,3179,VND9D61E9CC36,3187,8750
2026-08-07,3179,VND9D61E9CC36,3262,8750
2026-08-07,3179,VND9D61E9CC36,3315,8750
2026-08-07,3179,VND9D61E9CC36,3319,13250
2026-08-07,3179,VND9D61E9CC36,3321,8750
2026-08-07,3179,VND9D61E9CC36,3325,8750
2026-08-07,3179,VND9D61E9CC36,3327,9995
2026-08-07,3179,VND9D61E9CC36,3329,8750
2026-08-07,3179,VND9D61E9CC36,3330,8750
2026-08-07,3179,VND9D61E9CC36,3331,8750
2026-08-07,3179,VND9D61E9CC36,3333,8750
2026-08-07,3179,VND9D61E9CC36,3335,8750
2026-08-07,3179,VND9D61E9CC36,3462,12236
2026-08-07,3179,VND9D61E9CC36,3473,8750
2026-08-07,3179,VND9D61E9CC36,3475,8750
2026-08-07,3179,VND9D61E9CC36,3476,8750
2026-08-07,3179,VND9D61E9CC36,3477,8750
2026-08-07,3179,VND9D61E9CC36,3580,8750
2026-08-07,3179,VND9D61E9CC36,3626,8750
2026-08-07,3179,VND9D61E9CC36,3627,8750
2026-08-07,3179,VND9D61E9CC36,3721,8750
2026-08-07,3179,VND9D61E9CC36,3728,8999
2026-08-07,3179,VND9D61E9CC36,3876,8750
2026-08-07,3179,VND9D61E9CC36,3877,12734
2026-08-07,3179,VND9D61E9CC36,3922,8750
2026-08-07,3179,VND9D61E9CC36,3931,8750
2026-08-07,3179,VND9D61E9CC36,3971,8750
2026-08-07,3179,VND9D61E9CC36,3973,8750
2026-08-07,3179,VND9D61E9CC36,3985,8750
2026-08-07,3179,VND9D61E9CC36,3986,8750
2026-08-07,3179,VND9D61E9CC36,4317,4500
2026-08-07,3179,VND9D61E9CC36,4319,8750
2026-08-07,3179,VND9D61E9CC36,4322,12250
2026-08-07,3179,VND9D61E9CC36,4326,9995
2026-08-07,3179,VND9D61E9CC36,4332,8750
2026-08-07,3179,VND9D61E9CC36,4576,8750
2026-08-07,3179,VND9D61E9CC36,4579,8750
2026-08-07,3179,VND9D61E9CC36,4580,8750
2026-08-07,3179,VND9D61E9CC36,4588,8750
2026-08-07,3179,VND9D61E9CC36,4590,8750
2026-08-07,3179,VND9D61E9CC36,4591,8750
2026-08-07,3179,VND9D61E9CC36,4594,8750
2026-08-07,3179,VND9D61E9CC36,4671,8750
2026-08-07,3179,VND9D61E9CC36,4775,8750
2026-08-07,3179,VND9D61E9CC36,4783,8750
2026-08-07,3179,VND9D61E9CC36,4784,8750
2026-08-07,3179,VND9D61E9CC36,4789,8750
2026-08-07,3179,VND9D61E9CC36,4795,8750
2026-08-07,3179,VND9D61E9CC36,4805,8750
2026-08-07,3179,VND9D61E9CC36,4806,8750
2026-08-07,3179,VND9D61E9CC36,4813,8750
2026-08-07,3179,VND9D61E9CC36,4818,8750
2026-08-07,3179,VND9D61E9CC36,4823,8750
2026-08-07,3179,VND9D61E9CC36,4824,8750
2026-08-07,3179,VND9D61E9CC36,4826,8750
2026-08-07,3179,VND9D61E9CC36,4827,8750
2026-08-07,3179,VND9D61E9CC36,4830,8750
2026-08-07,3179,VND9D61E9CC36,4833,8750
2026-08-07,3179,VND9D61E9CC36,4847,8750
2026-08-07,3179,VND9D61E9CC36,4849,8750
2026-08-07,3179,VND9D61E9CC36,4852,8750
2026-08-07,3179,VND9D61E9CC36,4858,8750
2026-08-07,3179,VND9D61E9CC36,80129,9900
2026-08-07,3180,VNDF973B163DB,24-CR-240761S,18000
2026-08-07,3181,VNDECFE069C91,30662,21570
2026-08-07,3181,VNDECFE069C91,30764,68800
2026-08-07,3181,VNDECFE069C91,30821,467306
2026-08-07,3181,VNDECFE069C91,30923,40600
2026-08-07,3182,VND50F446F8BD,7-14-26PestControl,6500
2026-08-07,3183,VNDB9C8D5A879,INV29773,377034
2026-08-07,3184,VNDDF7FCC90EF,11621,244602
2026-08-07,3185,VND834CFEAF14,13586497,120000
2026-08-07,3186,VNDB0DE02BD22,559272,6581
2026-08-07,3186,VNDB0DE02BD22,560145,2870
2026-08-07,3186,VNDB0DE02BD22,560304,1500
2026-08-07,3187,VND98C055911B,29149,56000
2026-08-07,3187,VND98C055911B,29152,56000
2026-08-07,3188,VND587DA1941D,5273051,4026
2026-08-07,3188,VND587DA1941D,5273924,77308
2026-08-07,3188,VND587DA1941D,5279363,22765
2026-08-07,3188,VND587DA1941D,5280319,60144
2026-08-07,3189,VND8367FE6E68,21798208,400000
2026-08-07,3190,VNDA0B5230414,8260,96000
2026-08-07,3191,VND2EFFD0EA99,26-802-3,4567500
2026-08-07,3192,VND4CB8B42720,PEC 6011,14000
2026-08-07,3193,VND7871AB23C6,477749,443800
2026-08-07,3194,VND0CFA6AB9E2,116296,383244
2026-08-07,3195,VNDBDC4259461,July 1-10  2026,441990
2026-08-07,3196,VND5D2F7D94EE,543001,34212
2026-08-07,3196,VND5D2F7D94EE,543228,275997
2026-08-07,3196,VND5D2F7D94EE,543264,19659
2026-08-07,3197,VND08699A542B,2017,182000
2026-08-07,3197,VND08699A542B,2019,237250
2026-08-07,3197,VND08699A542B,2021,208000
2026-08-07,3197,VND08699A542B,2023,172200
2026-08-07,3198,VNDA1265F5CFE,1028192,4626825
2026-08-07,3198,VNDA1265F5CFE,1030404,4009451
2026-08-07,3198,VNDA1265F5CFE,90742145,5022418
2026-08-07,3199,VNDF6A5AF6C8D,SIN444333,3000
2026-08-07,3200,VND289E08D1A1,August 2026,105000
2026-08-07,3201,VND689E664DE3,64890,210421
2026-08-07,3202,VND9DF0B9A8D2,1089,143000
2026-08-07,3203,VNDF2D96DA3FF,278,9598
2026-08-07,3204,VND91721D3854,119892800944,106646
2026-08-07,3204,VND91721D3854,142372822780,1400
2026-08-07,3204,VND91721D3854,168019539179,2204
2026-08-07,3204,VND91721D3854,215441382235,5522
2026-08-07,3204,VND91721D3854,243765909042,412372
2026-08-07,3204,VND91721D3854,249625784547,1745
2026-08-07,3204,VND91721D3854,268835101888,2317
2026-08-07,3204,VND91721D3854,337703227503,1287
2026-08-07,3204,VND91721D3854,366983204201,29043
2026-08-07,3204,VND91721D3854,444723110621,1287
2026-08-07,3204,VND91721D3854,545422836426,398979
2026-08-07,3204,VND91721D3854,558119937452,56667
2026-08-07,3204,VND91721D3854,784568509737,589228
2026-08-07,3204,VND91721D3854,790399211532,1313
2026-08-07,3204,VND91721D3854,954335045880,200623
2026-08-07,3204,VND91721D3854,966414557368,2161
2026-08-07,3205,VNDC2E39E6510,12736,19250
2026-08-07,3206,VND4A0C035C75,13617,3200000
2026-08-07,3207,VND6DEB672106,2213,498761
2026-08-07,3208,VNDA4ADBE0DEC,00-651497,72000
2026-08-07,3208,VNDA4ADBE0DEC,00-651548,96000
2026-08-07,3226,VNDAC63C945ED,EE#15913,154542
2026-08-07,3244,VND6E8879BB31,PEBR4A260755120-0001,45600
2026-08-07,3245,VND6E8879BB31,PEBR4A2607NRK8R-0001,38000
2026-08-07,3246,VND6E8879BB31,PEBR4A260777TWV-0001,197500
2026-08-07,3247,VND6E8879BB31,T1194097-FINAL,118250
2026-08-07,7302,VND871C0D59DE,10886053555,360382
2026-08-07,7303,VNDDF1B535115,119175 0726,29517
2026-08-07,7303,VNDDF1B535115,122209 0726,40370
2026-08-07,7303,VNDDF1B535115,122210 0726,7833
2026-08-07,7303,VNDDF1B535115,122211 0726,28063
2026-08-07,7303,VNDDF1B535115,127324 0726,3896
2026-08-07,7303,VNDDF1B535115,138151 07/26,3655
2026-08-07,7303,VNDDF1B535115,148429 07/26,500
2026-08-07,7303,VNDDF1B535115,3455943 07/26,3577
2026-08-07,7304,VND3202C9608E,0820-002242061,91773
2026-08-07,7305,VNDBC4CEAB09B,PPE 8/7/26,3694530
2026-08-07,7306,VND0A7D5F3033,PPE 8-12-2026,4316027
2026-08-07,7307,VNDD63893FA83,PPE 7/25/26-8/7/26,1499569
2026-08-07,7308,VND6A722FE925,312008012026,106550
2026-08-07,7309,VND0E849C8CBC,2026080701,15684
2026-08-07,7309,VND0E849C8CBC,EBRCOR PPE080726,6258165
2026-08-07,7310,VND641B293B24,Draw 545,445655
2026-08-07,7310,VND641B293B24,Draw 572,639852
2026-08-07,7311,VND5D43C48DED,Invoice #7,1827500
2026-08-07,7312,VND9175A188BF,EBRDT072526,230769
2026-08-07,7313,VND0E2E5E838C,INV160631,19982
2026-08-07,7313,VND0E2E5E838C,INV160634,145012
2026-08-07,7314,VND74F6F208CC,18472,441000
2026-08-07,7314,VND74F6F208CC,18598,25800
2026-08-07,7315,VND80F8BEEAC0,January 2026,2085563
2026-08-07,7316,VNDADF61B35CC,EBRSB08072026,138000
2026-08-10,6098,VND4A7EFD2059,06/26 STX FINAL O,5534964
2026-08-10,6099,VNDA092BB45EE,06/26 STX FINAL P,519964
2026-08-10,6100,VND09BBF6460C,06/26 STX FINAL R,377548
2026-08-10,6101,VND25737F8A5E,06/26 STX FINAL S,3407134
2026-08-10,6102,VND5946F3C60B,06/26 STX FINAL T,1521838
2026-08-11,3248,VNDAD371834F3,404301,2900
2026-08-11,3248,VNDAD371834F3,404535,7800
2026-08-11,3248,VNDAD371834F3,405022,3000
2026-08-11,3249,VNDA9F4639B37,23933,7995
2026-08-11,3251,VND71FECCBC3E,72395,33600
2026-08-11,3252,VNDFE2AFFF880,65801,13425536
2026-08-11,3252,VNDFE2AFFF880,68447,20486699
2026-08-11,3252,VNDFE2AFFF880,69107,73299
2026-08-11,3253,VNDC70091CD9E,1599,90085
2026-08-11,3253,VNDC70091CD9E,APO 0970-013,15000
2026-08-11,3254,VND37530FC813,142361,33600
2026-08-11,3255,VNDFA0267DB49,15848,71600
2026-08-11,3255,VNDFA0267DB49,15867,1592
2026-08-11,3258,VND0138ECB2F5,15863,299900
2026-08-11,3260,VND0E9273449A,4277390636,40694
2026-08-11,3260,VND0E9273449A,4277611522,1805
2026-08-11,3260,VND0E9273449A,5349695701,46375
2026-08-11,3260,VND0E9273449A,9366221415,15000
2026-08-11,3260,VND0E9273449A,937076948,15000
2026-08-11,3260,VND0E9273449A,9370776943,15000
2026-08-11,3260,VND0E9273449A,9370776944,15000
2026-08-11,3260,VND0E9273449A,9370776945,12500
2026-08-11,3260,VND0E9273449A,9370776946,10741
2026-08-11,3260,VND0E9273449A,9370776947,15000
2026-08-11,3260,VND0E9273449A,9370776948,15000
2026-08-11,3260,VND0E9273449A,9371399135,12500
2026-08-11,3260,VND0E9273449A,9371399140,12500
2026-08-11,3260,VND0E9273449A,CM4260402338,-22322
2026-08-11,3261,VND0E9273449A,4274492135,11455
2026-08-11,3261,VND0E9273449A,4274492148,32531
2026-08-11,3261,VND0E9273449A,4274492322,5583
2026-08-11,3261,VND0E9273449A,4274825505,4652
2026-08-11,3261,VND0E9273449A,4274825533,30314
2026-08-11,3261,VND0E9273449A,4274889058,3378
2026-08-11,3261,VND0E9273449A,4274889398,31663
2026-08-11,3261,VND0E9273449A,4275150423,5143
2026-08-11,3261,VND0E9273449A,4275150426,30422
2026-08-11,3261,VND0E9273449A,4275317320,31774
2026-08-11,3261,VND0E9273449A,4275318285,5583
2026-08-11,3261,VND0E9273449A,4275506672,4652
2026-08-11,3261,VND0E9273449A,4275506808,30314
2026-08-11,3261,VND0E9273449A,4275737456,3378
2026-08-11,3261,VND0E9273449A,4275737775,31663
2026-08-11,3261,VND0E9273449A,4275901952,5143
2026-08-11,3261,VND0E9273449A,4275901992,30422
2026-08-11,3261,VND0E9273449A,4275968660,40492
2026-08-11,3261,VND0E9273449A,4275971612,5583
2026-08-11,3261,VND0E9273449A,4276321571,4652
2026-08-11,3261,VND0E9273449A,4276321713,30314
2026-08-11,3261,VND0E9273449A,4276480134,3378
2026-08-11,3261,VND0E9273449A,4276480324,31663
2026-08-11,3261,VND0E9273449A,4276644191,5143
2026-08-11,3261,VND0E9273449A,4276644271,30422
2026-08-11,3261,VND0E9273449A,4276729243,31637
2026-08-11,3261,VND0E9273449A,4276852862,15063
2026-08-11,3261,VND0E9273449A,4276997299,4652
2026-08-11,3261,VND0E9273449A,4276997420,30314
2026-08-11,3261,VND0E9273449A,4277232856,3378
2026-08-11,3261,VND0E9273449A,4277233053,46864
2026-08-11,3261,VND0E9273449A,4277399111,5143
2026-08-11,3261,VND0E9273449A,4277399294,72226
2026-08-11,3261,VND0E9273449A,4277563213,11455
2026-08-11,3261,VND0E9273449A,4277563293,31550
2026-08-11,3261,VND0E9273449A,4277624322,15063
2026-08-11,3261,VND0E9273449A,4277624626,32750
2026-08-11,3261,VND0E9273449A,4277624771,15861
2026-08-11,3261,VND0E9273449A,9383881286,26100
2026-08-11,3262,VNDE042C76692,10882,1629268
2026-08-11,3263,VND314D47574B,105008799247,27271
2026-08-11,3263,VND314D47574B,105008799353,27125
2026-08-11,3263,VND314D47574B,105008800246,3521
2026-08-11,3263,VND314D47574B,125008708326,5802
2026-08-11,3263,VND314D47574B,125008712446,418955
2026-08-11,3263,VND314D47574B,130007592742,3387
2026-08-11,3263,VND314D47574B,130007592859,5814
2026-08-11,3263,VND314D47574B,135008650417,6156
2026-08-11,3263,VND314D47574B,140007555132,24946
2026-08-11,3263,VND314D47574B,15009755599,4388
2026-08-11,3263,VND314D47574B,165008570596,61353
2026-08-11,3263,VND314D47574B,170007511047,24939
2026-08-11,3263,VND314D47574B,180007594543,75046
2026-08-11,3263,VND314D47574B,185008677130,3387
2026-08-11,3263,VND314D47574B,185008679187,35943
2026-08-11,3263,VND314D47574B,190007714402,3387
2026-08-11,3263,VND314D47574B,190007719299,28004
2026-08-11,3263,VND314D47574B,2026547924,1461796
2026-08-11,3263,VND314D47574B,210006896490,24257
2026-08-11,3263,VND314D47574B,210006896491,13953
2026-08-11,3263,VND314D47574B,215008029711,32753
2026-08-11,3263,VND314D47574B,215008029957,9077
2026-08-11,3263,VND314D47574B,220006947798,10431
2026-08-11,3263,VND314D47574B,235007808125,79065
2026-08-11,3263,VND314D47574B,25009618279,9222
2026-08-11,3263,VND314D47574B,25009620447,251910
2026-08-11,3263,VND314D47574B,25009625745,10808
2026-08-11,3263,VND314D47574B,25009625890,21170
2026-08-11,3263,VND314D47574B,265007521436,5247
2026-08-11,3263,VND314D47574B,265007523281,23286
2026-08-11,3263,VND314D47574B,280006993874,21974
2026-08-11,3263,VND314D47574B,30010695043,3315
2026-08-11,3263,VND314D47574B,305006095021,10338
2026-08-11,3263,VND314D47574B,320005128045,69249
2026-08-11,3263,VND314D47574B,380004521166,127462
2026-08-11,3263,VND314D47574B,380004521167,18212
2026-08-11,3263,VND314D47574B,380004521168,27631
2026-08-11,3263,VND314D47574B,40010423170,17705
2026-08-11,3263,VND314D47574B,435004948921,52863101
2026-08-11,3263,VND314D47574B,435004948922,6245724
2026-08-11,3263,VND314D47574B,45009397384,3387
2026-08-11,3263,VND314D47574B,50010297708,6682
2026-08-11,3263,VND314D47574B,55009344426,17600
2026-08-11,3263,VND314D47574B,55009344428,18225
2026-08-11,3263,VND314D47574B,55009346957,11006
2026-08-11,3263,VND314D47574B,60009511188,22859
2026-08-11,3263,VND314D47574B,60009511189,36556
2026-08-11,3263,VND314D47574B,60009511190,89505
2026-08-11,3263,VND314D47574B,60009511191,104693
2026-08-11,3263,VND314D47574B,70009382983,3755
2026-08-11,3263,VND314D47574B,75009219446,3315
2026-08-11,3263,VND314D47574B,85009045208,26381
2026-08-11,3263,VND314D47574B,85009045394,11084
2026-08-11,3263,VND314D47574B,85009047242,37644
2026-08-11,3263,VND314D47574B,85009047467,217622
2026-08-11,3263,VND314D47574B,90009265451,10520
2026-08-11,3263,VND314D47574B,95008924203,732475
2026-08-11,3263,VND314D47574B,95008932915,9350
2026-08-11,3264,VND314D47574B,000131360612-7/27/26,27572
2026-08-11,3265,VND314D47574B,000205919814-7/27/26,51149
2026-08-11,3266,VND314D47574B,000207258898-7/27/26,24929
2026-08-11,3268,VNDB24DE3A5F3,60037357,25746
2026-08-11,3268,VNDB24DE3A5F3,60066581,486150
2026-08-11,3268,VNDB24DE3A5F3,60066583,241130
2026-08-11,3268,VNDB24DE3A5F3,60075631,756
2026-08-11,3268,VNDB24DE3A5F3,60082531,39468
2026-08-11,3269,VND907E03065D,043606,167300
2026-08-11,3273,VND130696B1CB,448473073001A,21801
2026-08-11,3273,VND130696B1CB,475826135001,30430
2026-08-11,3274,VND74416F155F,96861,100000
2026-08-11,3275,VND0F82AF1081,6069163389,4396
2026-08-11,3275,VND0F82AF1081,6069227206,17457
2026-08-11,3275,VND0F82AF1081,6069234061,14622
2026-08-11,3275,VND0F82AF1081,6069366592,1420
2026-08-11,3275,VND0F82AF1081,6070057906,14045
2026-08-11,3276,VND0F82AF1081,6069163384,49012
2026-08-11,3277,VNDA84BC182EE,35931,53308
2026-08-11,3279,VND94A89D9280,25500336,3525
2026-08-11,3279,VND94A89D9280,25500337,3525
2026-08-11,3280,VND9A23758C87,3050219035,13500
2026-08-11,3281,VND76BE7CF85A,12815139,100000
2026-08-11,3282,VNDEE92605660,0040316809,3000
2026-08-11,3282,VNDEE92605660,0040329922,46075
2026-08-11,3283,VNDAD36288E2C,1287002,6600
2026-08-11,3284,VNDBFC0B28F1A,853911680,399601
2026-08-11,3284,VNDBFC0B28F1A,853926782,96892
2026-08-11,3285,VNDE9006C6230,026045666,19834
2026-08-11,3285,VNDE9006C6230,026045667,71068
2026-08-11,3285,VNDE9006C6230,026046093,11672
2026-08-11,3285,VNDE9006C6230,026046094,11672
2026-08-11,3285,VNDE9006C6230,026046095,6752
2026-08-11,3285,VNDE9006C6230,026046096,3802
2026-08-11,3285,VNDE9006C6230,026046097,3802
2026-08-11,3285,VNDE9006C6230,026046098,24235
2026-08-11,3286,VND291E1E6078,28400,15288
2026-08-11,3286,VND291E1E6078,28418,23010
2026-08-11,3286,VND291E1E6078,28424,30420
2026-08-11,3286,VND291E1E6078,28441,31200
2026-08-11,3286,VND291E1E6078,28447,39156
2026-08-11,3286,VND291E1E6078,28470,65130
2026-08-11,3286,VND291E1E6078,28531,16538
2026-08-11,3286,VND291E1E6078,28544,233688
2026-08-11,3286,VND291E1E6078,28548,137280
2026-08-11,3286,VND291E1E6078,28555,38844
2026-08-11,3286,VND291E1E6078,28558,36270
2026-08-11,3287,VND8AA7C5834A,835410077-2,4560
2026-08-11,3288,VND6A8F32B4F0,9-400-55630,1034
2026-08-11,3289,VND3202C9608E,0820-002245275,20156
2026-08-11,3289,VND3202C9608E,0820-002245276,21358
2026-08-11,3289,VND3202C9608E,0820-002245866,451070
2026-08-11,3289,VND3202C9608E,0820-002245948,213724
2026-08-11,3289,VND3202C9608E,0820-002246235,286840
2026-08-11,3289,VND3202C9608E,0820-002246269,117804
2026-08-11,3289,VND3202C9608E,0820-002247101,158606
2026-08-11,3289,VND3202C9608E,0820-002247102,158606
2026-08-11,3289,VND3202C9608E,0820-002247111,1480184
2026-08-11,3290,VND3202C9608E,0820-002243782,16713
2026-08-11,3291,VNDB13CA932DA,71826,53228
2026-08-11,3293,VND13E76BDE84,529-81637320,54950
2026-08-11,3293,VND13E76BDE84,6069163389,4396
2026-08-11,3294,VND6DAAB8EFB4,N23722,3600
2026-08-11,3295,VND6DAAB8EFB4,N23724,3600
2026-08-11,3296,VNDF4E569FC53,1410424,1800
2026-08-11,3296,VNDF4E569FC53,1410787,5345
2026-08-11,3298,VNDB41C7DE31B,0015711067853801 726,11999
2026-08-11,3298,VNDB41C7DE31B,015711067851101 0726,11999
2026-08-11,3298,VNDB41C7DE31B,015711072235801 0726,537480
2026-08-11,3298,VNDB41C7DE31B,015711075048701 0726,436495
2026-08-11,3298,VNDB41C7DE31B,015711081758301 0726,15113
2026-08-11,3298,VNDB41C7DE31B,015711083579501 0726,5627
2026-08-11,3298,VNDB41C7DE31B,015711092332301 0726,40864
2026-08-11,3298,VNDB41C7DE31B,015711093052501 0726,15408
2026-08-11,3298,VNDB41C7DE31B,015711095180301 0726,12500
2026-08-11,3298,VNDB41C7DE31B,015711097904301 0726,19042
2026-08-11,3298,VNDB41C7DE31B,07262026,19007
2026-08-11,3299,VNDB41C7DE31B,015713082156501 0726,8995
2026-08-11,3300,VNDB41C7DE31B,015711088901801 0726,37698
2026-08-11,3301,VNDB41C7DE31B,015711083766401-0726,93105
2026-08-11,3302,VND10B4684522,257857-01,48000
2026-08-11,3303,VNDB08E066BB4,1800260904,32000
2026-08-11,3304,VNDB08E066BB4,1800259785,18000
2026-08-11,3305,VND0448DA64D8,1541108,4749
2026-08-11,3306,VND506093857D,B7268328,10781
2026-08-11,3306,VND506093857D,B7268329,14360
2026-08-11,3306,VND506093857D,B7268630,47376
2026-08-11,3306,VND506093857D,B7268631,70047
2026-08-11,3306,VND506093857D,B7268634,93202
2026-08-11,3306,VND506093857D,B7268653,92766
2026-08-11,3306,VND506093857D,B7268654,203426
2026-08-11,3306,VND506093857D,B7268656,144425
2026-08-11,3306,VND506093857D,B7268658,6711
2026-08-11,3306,VND506093857D,B7268680,56989
2026-08-11,3306,VND506093857D,B7268685,178877
2026-08-11,3306,VND506093857D,B7268711,19668
2026-08-11,3306,VND506093857D,B7268730,154293
2026-08-11,3306,VND506093857D,B7268735,97084
2026-08-11,3306,VND506093857D,B7268742,131451
2026-08-11,3306,VND506093857D,B7268746,9168
2026-08-11,3306,VND506093857D,B7268747,6048
2026-08-11,3306,VND506093857D,B7268768,58043
2026-08-11,3306,VND506093857D,B7268769,31210
2026-08-11,3306,VND506093857D,B7268770,12904
2026-08-11,3306,VND506093857D,B7268771,3502
2026-08-11,3306,VND506093857D,B7268817,4342
2026-08-11,3306,VND506093857D,B7268830,70661
2026-08-11,3306,VND506093857D,B7268849,8728
2026-08-11,3306,VND506093857D,B7268878,41029
2026-08-11,3306,VND506093857D,B7268993,11744
2026-08-11,3306,VND506093857D,B7269005,323101
2026-08-11,3306,VND506093857D,B7269009,5744
2026-08-11,3306,VND506093857D,B7269024,467753
2026-08-11,3306,VND506093857D,B7269074,12187
2026-08-11,3306,VND506093857D,B7273456,114860
2026-08-11,3306,VND506093857D,B7273460,147627
2026-08-11,3306,VND506093857D,B7273464,19596
2026-08-11,3306,VND506093857D,B7273469,3744
2026-08-11,3306,VND506093857D,B7273470,10055
2026-08-11,3306,VND506093857D,B7274081,36724
2026-08-11,3306,VND506093857D,B7274082,1739
2026-08-11,3306,VND506093857D,B7274084,33003
2026-08-11,3306,VND506093857D,B7274088,16807
2026-08-11,3306,VND506093857D,B7274089,5223
2026-08-11,3306,VND506093857D,B7274095,68592
2026-08-11,3306,VND506093857D,B7274096,21215
2026-08-11,3306,VND506093857D,B7274097,5845
2026-08-11,3306,VND506093857D,B7274103,12010
2026-08-11,3306,VND506093857D,B7274104,4158
2026-08-11,3306,VND506093857D,B7274107,74001
2026-08-11,3306,VND506093857D,B7274108,8508
2026-08-11,3306,VND506093857D,B7274109,10691
2026-08-11,3306,VND506093857D,B7278890,40535
2026-08-11,3306,VND506093857D,B7284227,379479
2026-08-11,3306,VND506093857D,B7284232,22451
2026-08-11,3306,VND506093857D,B7284234,12584
2026-08-11,3306,VND506093857D,B7284508,346581
2026-08-11,3306,VND506093857D,B7284513,18110
2026-08-11,3307,VND9B57336C00,206843,4328157
2026-08-11,3309,VND0E1E8082FA,4759245,25389
2026-08-11,3310,VND9E92E9E31B,85289,10000
2026-08-11,3311,VNDE53A84EBC0,4129-1TR,100000
2026-08-11,3312,VND596C9A1C7E,241450f,39137
2026-08-11,3313,VND21A3B8AD24,17174,760000
2026-08-11,3313,VND21A3B8AD24,17176,29250
2026-08-11,3313,VND21A3B8AD24,17177,40000
2026-08-11,3313,VND21A3B8AD24,17178,132573
2026-08-11,3313,VND21A3B8AD24,17179,173700
2026-08-11,3314,VND091D0AAA42,38078525REV,793
2026-08-11,3314,VND091D0AAA42,42702660,10920
2026-08-11,3315,VND091D0AAA42,42702682,24546
2026-08-11,3316,VND330D20593D,0080141805,10300
2026-08-11,3317,VNDC784BA22B7,104424218,40259
2026-08-11,3318,VND6C133B6E38,55P1836288,19925
2026-08-11,3318,VND6C133B6E38,55P1842720,8180
2026-08-11,3318,VND6C133B6E38,55P1842721,47444
2026-08-11,3318,VND6C133B6E38,55P1842724,19975
2026-08-11,3318,VND6C133B6E38,55P1842725,19975
2026-08-11,3318,VND6C133B6E38,55P1842726,19974
2026-08-11,3318,VND6C133B6E38,55P1842729,76961
2026-08-11,3318,VND6C133B6E38,55P1843118,34686
2026-08-11,3318,VND6C133B6E38,55p1842728,18335
2026-08-11,3319,VND1A66F6F6AF,6070440,102240
2026-08-11,3320,VNDA611ACF110,SI-1032816,5300
2026-08-11,3321,VND88C8FBD246,LTAP-RS#11,3500
2026-08-11,3322,VND87113238FA,25938437,5911
2026-08-11,3322,VND87113238FA,25966740,3430
2026-08-11,3324,VND6D0FBDBD42,1020835,306472
2026-08-11,3324,VND6D0FBDBD42,1020838,208972
2026-08-11,3324,VND6D0FBDBD42,1021384,1253832
2026-08-11,3324,VND6D0FBDBD42,1021851,835888
2026-08-11,3324,VND6D0FBDBD42,1022959,208972
2026-08-11,3328,VND9DFD086314,109931,67808
2026-08-11,3329,VND324ABD3BF8,260504-020A,599500
2026-08-11,3330,VND324ABD3BF8,260302.009A,599500
2026-08-11,3331,VNDDA326533DE,037007236408/05,5154
2026-08-11,3332,VND843CDACF9C,B069068,13300
2026-08-11,3333,VND20CFB29E04,080426EVANG,10000
2026-08-11,3334,VND83EB49AFC7,2026-399,10000
2026-08-11,3335,VND63FC3F64CF,284885,80106
2026-08-11,3335,VND63FC3F64CF,285116,19670
2026-08-11,3335,VND63FC3F64CF,285144,9449
2026-08-11,3335,VND63FC3F64CF,285221,881
2026-08-11,3336,VND4BD8C9A136,3341,318600
2026-08-11,3337,VNDBC6BCC4E19,07272026LMCKNEELY,6050
2026-08-11,3338,VND1CDC5A7959,010101625000801 0826,70056
2026-08-11,3338,VND1CDC5A7959,010112034000802 726,22067
2026-08-11,3338,VND1CDC5A7959,010112034005301 726,4301
2026-08-11,3338,VND1CDC5A7959,010116007001202 0726,3163
2026-08-11,3338,VND1CDC5A7959,010116007001302 0726,3163
2026-08-11,3338,VND1CDC5A7959,010116007001601 0726,3017
2026-08-11,3338,VND1CDC5A7959,010116007001701 0726,3163
2026-08-11,3338,VND1CDC5A7959,010116008002402 0726,3370
2026-08-11,3338,VND1CDC5A7959,010116009001201 0726,68730
2026-08-11,3338,VND1CDC5A7959,010116009001501 0726,1234
2026-08-11,3338,VND1CDC5A7959,010116009001702 0726,581213
2026-08-11,3338,VND1CDC5A7959,010116009002301 0726,15465
2026-08-11,3338,VND1CDC5A7959,010116009002601 0726,6458
2026-08-11,3338,VND1CDC5A7959,010116010002302 0726,3370
2026-08-11,3338,VND1CDC5A7959,010116012001804 0726,3370
2026-08-11,3338,VND1CDC5A7959,010116012001902 0726,3370
2026-08-11,3338,VND1CDC5A7959,010116012902607 0726,5119
2026-08-11,3338,VND1CDC5A7959,010116012902705 0726,4355
2026-08-11,3338,VND1CDC5A7959,010116041004302 0726,30453
2026-08-11,3338,VND1CDC5A7959,010116076006301 0726,3385
2026-08-11,3338,VND1CDC5A7959,010117013002302 0726,3370
2026-08-11,3338,VND1CDC5A7959,010117013002502 0726,3370
2026-08-11,3338,VND1CDC5A7959,010117013002602 0726,3370
2026-08-11,3338,VND1CDC5A7959,010117018002703 0726,3370
2026-08-11,3338,VND1CDC5A7959,010117024000502 726,16218
2026-08-11,3338,VND1CDC5A7959,010117043002702 0726,3163
2026-08-11,3338,VND1CDC5A7959,010117077062502 0726,10567
2026-08-11,3338,VND1CDC5A7959,010118005009502 0726,3017
2026-08-11,3338,VND1CDC5A7959,010118016001901 0726,259881
2026-08-11,3338,VND1CDC5A7959,010118016002803 0726,6232
2026-08-11,3338,VND1CDC5A7959,010118016003202 0726,1180
2026-08-11,3338,VND1CDC5A7959,010118021000602 0726,18786
2026-08-11,3338,VND1CDC5A7959,010118021002303 0726,18817
2026-08-11,3338,VND1CDC5A7959,010118068007301 0726,15481
2026-08-11,3338,VND1CDC5A7959,010118068008101 0726,3027
2026-08-11,3338,VND1CDC5A7959,010118068010602 0726,3017
2026-08-11,3338,VND1CDC5A7959,010118068010702 0726,3017
2026-08-11,3338,VND1CDC5A7959,010119122005001 0726,2911
2026-08-11,3338,VND1CDC5A7959,010119164009302 0726,1180
2026-08-11,3338,VND1CDC5A7959,010119164014002 0726,10578
2026-08-11,3338,VND1CDC5A7959,010119381082001 0726,1180
2026-08-11,3338,VND1CDC5A7959,010119381090202 0726,3017
2026-08-11,3338,VND1CDC5A7959,010119381092202 0726,8700
2026-08-11,3338,VND1CDC5A7959,010119381093302 0726,3017
2026-08-11,3338,VND1CDC5A7959,010119381146002 0726,4378
2026-08-11,3338,VND1CDC5A7959,010119381692003 0726,1180
2026-08-11,3338,VND1CDC5A7959,010119383010901 0726,1183
2026-08-11,3338,VND1CDC5A7959,010119383011902 0726,1180
2026-08-11,3338,VND1CDC5A7959,010119422042102 0726,1180
2026-08-11,3338,VND1CDC5A7959,010119422053002 0726,1202
2026-08-11,3339,VNDF384EA7B9B,508923445,48600
2026-08-11,3340,VND1A33628867,544721,49925
2026-08-11,3341,VND1A33628867,544115,49925
2026-08-11,3342,VND1FC3787911,8014949574,53339
2026-08-11,3343,VND192E49B381,19182968,204692
2026-08-11,3343,VND192E49B381,19182979,799200
2026-08-11,3343,VND192E49B381,19182984,399314
2026-08-11,3343,VND192E49B381,19182999,590500
2026-08-11,3343,VND192E49B381,19183034,50200
2026-08-11,3343,VND192E49B381,19183113,104200
2026-08-11,3343,VND192E49B381,19183123,337400
2026-08-11,3343,VND192E49B381,19183170,242748
2026-08-11,3343,VND192E49B381,19183258,134600
2026-08-11,3344,VND35AC20E27D,CBR080326,57000
2026-08-11,3345,VND42EFDCDA16,287025811129X080226,22875
2026-08-11,3345,VND42EFDCDA16,822254906X07272026,46412
2026-08-11,3345,VND42EFDCDA16,877469808x08022026,9028
2026-08-11,3346,VNDB7D4F2F76E,3000705354 0826,14958
2026-08-11,3346,VNDB7D4F2F76E,3002725187 07/26,5150
2026-08-11,3347,VND1EF1BBAD86,12013,64000
2026-08-11,3348,VND3381FE26A4,264973353-001,266437
2026-08-11,3348,VND3381FE26A4,265203104-001,172914
2026-08-11,3351,VND4D06D2B5A2,57384,150000
2026-08-11,3354,VNDF6F6D7C9DA,61996,5800
2026-08-11,3357,VND2107EBF7A3,478692,143400
2026-08-11,3358,VNDCEC2E6B4A3,9026740899,196120
2026-08-11,3359,VND960417E8F8,EBRS-0112,216000
2026-08-11,3360,VND960417E8F8,EBRS-0113,44000
2026-08-11,3361,VND810814517B,7550,82070
2026-08-11,3363,VND933DE78474,623286288,17689
2026-08-11,3366,VND8937A31C6C,211092502,365428
2026-08-11,3367,VND5ECE206ED8,56777,3651250
2026-08-11,3368,VNDAF0E6FF656,106563,57986
2026-08-11,3368,VNDAF0E6FF656,106571,10855
2026-08-11,3368,VNDAF0E6FF656,106575,10855
2026-08-11,3368,VNDAF0E6FF656,106577,10855
2026-08-11,3368,VNDAF0E6FF656,106582,10855
2026-08-11,3368,VNDAF0E6FF656,106622,18088
2026-08-11,3368,VNDAF0E6FF656,106679,14445
2026-08-11,3368,VNDAF0E6FF656,107438,10855
2026-08-11,3369,VND9E190E80D7,LA062231636,10591
2026-08-11,3369,VND9E190E80D7,LA062231835,11341
2026-08-11,3370,VNDAC919A9D82,7/31/2026,323767
2026-08-11,3374,VND8AF07BEFC7,2172819,496000
2026-08-11,3376,VND2D6C740852,Draw 590,284244
2026-08-11,3376,VND2D6C740852,Draw 594,448791
2026-08-11,3376,VND2D6C740852,Draw 595,309798
2026-08-11,3376,VND2D6C740852,Draw 596,133818
2026-08-11,3376,VND2D6C740852,Draw 597,95248
2026-08-11,3376,VND2D6C740852,Draw 598,145548
2026-08-11,3376,VND2D6C740852,Draw 599,165940
2026-08-11,3376,VND2D6C740852,Draw 600,154503
2026-08-11,3376,VND2D6C740852,Draw 601,174878
2026-08-11,3376,VND2D6C740852,Draw 602,85232
2026-08-11,3378,VND17EFA4CC4F,0016,475000
2026-08-11,3379,VND17EFA4CC4F,0014,232222
2026-08-11,3381,VND5F7CD0BCD8,1200056,60368
2026-08-11,3381,VND5F7CD0BCD8,1200102,34509
2026-08-11,3382,VND38EA8D1BB8,CEDMS/ST/8.01.2026,30000
2026-08-11,3385,VNDEF74E14DA1,Draw 560,312236
2026-08-11,3386,VND69DFA54E4A,CF26-0753A,45000
2026-08-11,3387,VND7AB9683018,CBR 26-13,1209092
2026-08-11,3387,VND7AB9683018,CBR 26-14,3031818
2026-08-11,3388,VNDE8A506A719,14955,308353
2026-08-11,3388,VNDE8A506A719,Inv14883,21250
2026-08-11,3389,VND37A077D923,27CE-006,21458333
2026-08-11,3389,VND37A077D923,27CE-008,2816667
2026-08-11,3390,VNDD8A8343028,IN00005089,205200
2026-08-11,3391,VNDE23BCC2461,17083,3335660
2026-08-11,3391,VNDE23BCC2461,17123,128400
2026-08-11,3391,VNDE23BCC2461,17124,389250
2026-08-11,3392,VNDCC7F2B2BBA,Draw 577,789800
2026-08-11,3392,VNDCC7F2B2BBA,Draw 586,419427
2026-08-11,3393,VNDCC7F2B2BBA,Draw 508,585000
2026-08-11,3394,VND9E12B58B13,6356753,32783
2026-08-11,3394,VND9E12B58B13,6697460,26587
2026-08-11,3395,VND7EE1794FF3,INV29720,6300
2026-08-11,3396,VNDA6A1EB0967,Draw 402,454605
2026-08-11,3397,VNDA4E0964AF6,610475,60200
2026-08-11,3397,VNDA4E0964AF6,610509,74125
2026-08-11,3397,VNDA4E0964AF6,610612,30100
2026-08-11,3397,VNDA4E0964AF6,610858,192600
2026-08-11,3397,VNDA4E0964AF6,610859,102863
2026-08-11,3397,VNDA4E0964AF6,610952,321000
2026-08-11,3397,VNDA4E0964AF6,611301,128250
2026-08-11,3397,VNDA4E0964AF6,K10676,29650
2026-08-11,3398,VND8E1772E197,68710,73891
2026-08-11,3399,VND4CE022C8E8,89095,67500
2026-08-11,3399,VND4CE022C8E8,89095-2,154500
2026-08-11,3400,VNDA3D2473AEC,4515414600 07/26,2700
2026-08-11,3401,VND25873D1268,26163-3,17575
2026-08-11,3401,VND25873D1268,26164-3,50950
2026-08-11,3402,VND3D29FB49E4,60-0078/1002425 626,4583
2026-08-11,3403,VND6EA0D785D1,114694575,491697
2026-08-11,3403,VND6EA0D785D1,114694816,489640
2026-08-11,3403,VND6EA0D785D1,114695849,172790
2026-08-11,3403,VND6EA0D785D1,114696160,494794
2026-08-11,3403,VND6EA0D785D1,114696453,470255
2026-08-11,3403,VND6EA0D785D1,114696548,158133
2026-08-11,3403,VND6EA0D785D1,114701781,493344
2026-08-11,3403,VND6EA0D785D1,114701874,156406
2026-08-11,3404,VNDAF742FEAD1,260700414101,6180
2026-08-11,3405,VND777AAA6B69,144T-C37C-HLVR,3599
2026-08-11,3405,VND777AAA6B69,14N4-YPKJ-4LD6,13096
2026-08-11,3405,VND777AAA6B69,17HJ-6KHW-LH6D,7390
2026-08-11,3405,VND777AAA6B69,17L1-639Y-CY6F,17964
2026-08-11,3405,VND777AAA6B69,19R6-XJCR-HP4W,2478
2026-08-11,3405,VND777AAA6B69,1DC6-QWMH-HYWL,1936
2026-08-11,3405,VND777AAA6B69,1DN4-4Q19-3K9C,3936
2026-08-11,3405,VND777AAA6B69,1DWQ-74RY-746N,6098
2026-08-11,3405,VND777AAA6B69,1GNM-D9ND-FGJH,948
2026-08-11,3405,VND777AAA6B69,1JT6-VHLF-4FT4,4799
2026-08-11,3405,VND777AAA6B69,1LWX-47PJ-M1YH,2488
2026-08-11,3405,VND777AAA6B69,1N7L-GLPJ-7H99,10813
2026-08-11,3405,VND777AAA6B69,1X7M-JJYW-G7TH,9145
2026-08-11,3406,VND9B13ED7EEC,234224,284334
2026-08-11,3407,VNDFE7BCFF82B,38177,280811
2026-08-11,3407,VNDFE7BCFF82B,38195,68000
2026-08-11,3407,VNDFE7BCFF82B,38198,56040
2026-08-11,3408,VND60D2FC1AA4,11997140,896
2026-08-11,3409,VNDA537B98D49,ATHL-2009,500000
2026-08-11,3410,VNDBBA3F59362,26800-072L,164000
2026-08-11,3410,VNDBBA3F59362,26800-074L,164000
2026-08-11,3411,VND9D61E9CC36,3027,17500
2026-08-11,3411,VND9D61E9CC36,3180,17500
2026-08-11,3411,VND9D61E9CC36,3884,8750
2026-08-11,3411,VND9D61E9CC36,4592,104500
2026-08-11,3411,VND9D61E9CC36,4864,8750
2026-08-11,3411,VND9D61E9CC36,4875,8750
2026-08-11,3411,VND9D61E9CC36,4887,8750
2026-08-11,3411,VND9D61E9CC36,4890,8750
2026-08-11,3411,VND9D61E9CC36,4898,8750
2026-08-11,3411,VND9D61E9CC36,4908,8750
2026-08-11,3411,VND9D61E9CC36,4913,8750
2026-08-11,3411,VND9D61E9CC36,4921,8750
2026-08-11,3411,VND9D61E9CC36,4922,8750
2026-08-11,3411,VND9D61E9CC36,4923,8750
2026-08-11,3411,VND9D61E9CC36,4924,8750
2026-08-11,3411,VND9D61E9CC36,4930,8750
2026-08-11,3411,VND9D61E9CC36,4931,8750
2026-08-11,3411,VND9D61E9CC36,4934,8750
2026-08-11,3411,VND9D61E9CC36,4940,8750
2026-08-11,3411,VND9D61E9CC36,4954,8750
2026-08-11,3411,VND9D61E9CC36,4956,8750
2026-08-11,3411,VND9D61E9CC36,4959,8750
2026-08-11,3411,VND9D61E9CC36,4965,8750
2026-08-11,3411,VND9D61E9CC36,4974,8750
2026-08-11,3411,VND9D61E9CC36,4991,8750
2026-08-11,3411,VND9D61E9CC36,6497,8750
2026-08-11,3411,VND9D61E9CC36,6502,8750
2026-08-11,3411,VND9D61E9CC36,6503,8750
2026-08-11,3411,VND9D61E9CC36,6527,8750
2026-08-11,3411,VND9D61E9CC36,6549,8750
2026-08-11,3411,VND9D61E9CC36,6559,8750
2026-08-11,3411,VND9D61E9CC36,6635,8750
2026-08-11,3411,VND9D61E9CC36,6647,8750
2026-08-11,3411,VND9D61E9CC36,6648,8750
2026-08-11,3411,VND9D61E9CC36,6649,8750
2026-08-11,3411,VND9D61E9CC36,6652,9746
2026-08-11,3411,VND9D61E9CC36,6653,8750
2026-08-11,3411,VND9D61E9CC36,6654,8750
2026-08-11,3411,VND9D61E9CC36,6655,8750
2026-08-11,3411,VND9D61E9CC36,6656,8750
2026-08-11,3411,VND9D61E9CC36,6701,8750
2026-08-11,3411,VND9D61E9CC36,6712,8750
2026-08-11,3411,VND9D61E9CC36,6717,8750
2026-08-11,3411,VND9D61E9CC36,6718,8750
2026-08-11,3411,VND9D61E9CC36,6797,8750
2026-08-11,3411,VND9D61E9CC36,6801,8750
2026-08-11,3411,VND9D61E9CC36,6802,8750
2026-08-11,3411,VND9D61E9CC36,6807,8750
2026-08-11,3411,VND9D61E9CC36,6810,8750
2026-08-11,3411,VND9D61E9CC36,6817,8750
2026-08-11,3411,VND9D61E9CC36,6819,8750
2026-08-11,3411,VND9D61E9CC36,6822,8750
2026-08-11,3411,VND9D61E9CC36,6827,8750
2026-08-11,3411,VND9D61E9CC36,6828,8750
2026-08-11,3411,VND9D61E9CC36,6858,8750
2026-08-11,3411,VND9D61E9CC36,6891,8750
2026-08-11,3411,VND9D61E9CC36,6905,8750
2026-08-11,3411,VND9D61E9CC36,6924,8750
2026-08-11,3411,VND9D61E9CC36,6925,8750
2026-08-11,3411,VND9D61E9CC36,6938,8750
2026-08-11,3411,VND9D61E9CC36,6941,8750
2026-08-11,3411,VND9D61E9CC36,6953,8750
2026-08-11,3411,VND9D61E9CC36,6968,8750
2026-08-11,3411,VND9D61E9CC36,6969,8750
2026-08-11,3411,VND9D61E9CC36,6982,8750
2026-08-11,3411,VND9D61E9CC36,6995,8750
2026-08-11,3411,VND9D61E9CC36,6996,8750
2026-08-11,3411,VND9D61E9CC36,6999,9995
2026-08-11,3411,VND9D61E9CC36,78630,8750
2026-08-11,3411,VND9D61E9CC36,78631,8750
2026-08-11,3411,VND9D61E9CC36,80302,8750
2026-08-11,3411,VND9D61E9CC36,80336,45000
2026-08-11,3412,VND038283E7E9,57959691,4922
2026-08-11,3413,VND82442A5FB9,980097298 72126,9422291
2026-08-11,3416,VND1938246EAA,6305,350000
2026-08-11,3417,VND122EEFF80B,26-0319,9700
2026-08-11,3417,VND122EEFF80B,26-0319A,12105
2026-08-11,3417,VND122EEFF80B,26-0326,523985
2026-08-11,3418,VND73B5836E2C,7-29-26,14500
2026-08-11,3419,VND03758085BE,216264130,2418
2026-08-11,3420,VNDB0DE02BD22,560302,3239
2026-08-11,3420,VNDB0DE02BD22,561083,4668
2026-08-11,3420,VNDB0DE02BD22,561103,1500
2026-08-11,3420,VNDB0DE02BD22,561370,2476
2026-08-11,3420,VNDB0DE02BD22,561395,1500
2026-08-11,3421,VND4A591C435A,2701,36535
2026-08-11,3421,VND4A591C435A,2708,82197
2026-08-11,3421,VND4A591C435A,2709,82304
2026-08-11,3421,VND4A591C435A,2710,123556
2026-08-11,3421,VND4A591C435A,2711,36535
2026-08-11,3421,VND4A591C435A,2712,23658
2026-08-11,3422,VND4106D61AB9,19_1712,48212
2026-08-11,3422,VND4106D61AB9,20_1726,96423
2026-08-11,3424,VND56DBCD98D3,SCOPE I/II-EL-8/1/26,20000
2026-08-11,3425,VNDD76072DB71,80326,48997
2026-08-11,3426,VND08896AC24C,Draw 250,440000
2026-08-11,3427,VNDC2C8896EE0,BSOA 7-29-26,108000
2026-08-11,3428,VND318CF58D69,419067-0,918296
2026-08-11,3431,VNDA7A8E15E22,C260512416280,350000
2026-08-11,3431,VNDA7A8E15E22,N260512416261,108000
2026-08-11,3432,VNDCD964B6B36,261544037,28791
2026-08-11,3433,VNDF36E0A9749,25141,301700
2026-08-11,3436,VNDE0FD40503B,14039403,378513
2026-08-11,3438,VNDD142EF3A0D,EBR07262026,20000
2026-08-11,3439,VND689E664DE3,64948,109800
2026-08-11,3440,VND971B7062AA,072926BOSSIER,10000
2026-08-11,3441,VND9B9E2DD02C,1007908-36886,14365
2026-08-11,3442,VND9DF0B9A8D2,1120,130000
2026-08-11,3443,VNDE10743BDAE,7616,415000
2026-08-11,3444,VNDCEB70A75B1,INV077,100000
2026-08-11,3445,VND887D83EC9C,June 29-July 10,250588
2026-08-11,3446,VNDF0780E0388,Draw 486,90000
2026-08-11,3446,VNDF0780E0388,Draw 523,44796
2026-08-11,3446,VNDF0780E0388,Draw 524,237380
2026-08-11,3446,VNDF0780E0388,Draw 525,40659
2026-08-11,3446,VNDF0780E0388,Draw 526,110497
2026-08-11,3446,VNDF0780E0388,Draw 527,54651
2026-08-11,3446,VNDF0780E0388,Draw 547,2500000
2026-08-11,3446,VNDF0780E0388,Draw 548,114285
2026-08-11,3446,VNDF0780E0388,Draw 553,300000
2026-08-11,3447,VNDCE0D49871A,UNIT P1730,787343
2026-08-11,3447,VNDCE0D49871A,UNIT P2073,10570
2026-08-11,3447,VNDCE0D49871A,UNIT P2106 bravo,145512
2026-08-11,3447,VNDCE0D49871A,UNIT P2134,989398
2026-08-11,3448,VND931BDFA01B,66416,1100000
2026-08-11,3448,VND931BDFA01B,67284,420000
2026-08-11,3449,VND6DEB672106,2232,460381
2026-08-11,3450,VND7545252416,2026-07-014,100000
2026-08-11,3451,VND481AFE921F,J. POULLARD SETT.,750000
2026-08-11,3452,VND960ABB710F,5663,7250
2026-08-11,3453,VND837F42E078,2760087,68450
2026-08-11,3454,VND7F492D31A3,28002799-1,7950
2026-08-11,3455,VND5D1FD0A83A,300026068,334689
2026-08-11,3456,VNDAC63C945ED,Deirdre 6/27 electio,4314
2026-08-11,3636,VND6E8879BB31,PEBR4A2607FG5VF-0001,391010
2026-08-11,3637,VND6E8879BB31,T1194519-FINAL,9000
2026-08-11,3638,VND6E8879BB31,T1195023-FINAL,9250
2026-08-11,3639,VND6E8879BB31,T1195031-FINAL,9000
2026-08-11,3640,VND6E8879BB31,PEBR4A2607FG5VF0001,212434
2026-08-11,3641,VND08C636DE10,0530pk07292026,60000
2026-08-11,7317,VND6419D861E2,10941621056,33195
2026-08-11,7317,VND6419D861E2,10941621068,6749
2026-08-11,7317,VND6419D861E2,10941621070,26952
2026-08-11,7317,VND6419D861E2,10941621289,33622
2026-08-11,7317,VND6419D861E2,13486618211,19417
2026-08-11,7317,VND6419D861E2,13486620970,17521
2026-08-11,7318,VNDCB65AFB842,201115A,27209
2026-08-11,7318,VNDCB65AFB842,201760,255559
2026-08-11,7319,VND78FD06F489,8871,18849
2026-08-11,7320,VNDCE2D91D09C,IGT-2026-08072026,182677331
2026-08-11,7321,VND45EAEDDBC2,CR/CN/7/25-8/7/26,290320
2026-08-11,7322,VND291C15549B,262130000005,77062566
2026-08-11,7323,VNDD087CCE418,302079,32600
2026-08-11,7324,VNDAC0EDAD3E7,26-0870,2769231
2026-08-11,7325,VND9482CE1F7B,6148069891,164047
2026-08-11,7325,VND9482CE1F7B,6149325671,36270
2026-08-11,7325,VND9482CE1F7B,6149644667,4305
2026-08-11,7325,VND9482CE1F7B,619000082758,127113
2026-08-11,7326,VND9482CE1F7B,6147716095,32179
2026-08-11,7327,VND9482CE1F7B,6149418924,5213
2026-08-11,7327,VND9482CE1F7B,6149433422,33332
2026-08-11,7328,VND9482CE1F7B,6148842990,10007
2026-08-11,7329,VND9482CE1F7B,6149341747,1083827
2026-08-11,7330,VND461E8AD674,55933,15156
2026-08-11,7330,VND461E8AD674,55934,66825
2026-08-11,7330,VND461E8AD674,55944,30312
2026-08-11,7330,VND461E8AD674,55958,46352
2026-08-11,7330,VND461E8AD674,55967,10609
2026-08-11,7330,VND461E8AD674,56000,41300
2026-08-11,7330,VND461E8AD674,56017,12377
2026-08-11,7330,VND461E8AD674,56030,30691
2026-08-11,7330,VND461E8AD674,56043,58224
2026-08-11,7330,VND461E8AD674,56072,33470
2026-08-11,7330,VND461E8AD674,56083,20208
2026-08-11,7330,VND461E8AD674,56096,25513
2026-08-11,7330,VND461E8AD674,56117,42058
2026-08-11,7330,VND461E8AD674,56138,27912
2026-08-11,7330,VND461E8AD674,56147,22860
2026-08-11,7330,VND461E8AD674,56162,44836
2026-08-11,7331,VND5D43C48DED,072026,305000
2026-08-11,7332,VND199F2C0A05,09507010,4210305
2026-08-11,7333,VNDADEDE9CC9A,SASAP-EW-08.1.2026,30000
2026-08-11,7334,VND77BA284042,81898,50000
2026-08-11,7334,VND77BA284042,81907,50000
2026-08-11,7334,VND77BA284042,81916,50000
2026-08-11,7335,VND6C76791EA0,399132616189,169532
2026-08-11,7336,VND51DD14F44B,072726,5182200
2026-08-11,7337,VND29AC32CCDB,08-01-2026,25000000
2026-08-11,7338,VND5AB7B02F1F,1204182,14321940
2026-08-11,7339,VNDC3D6FED9D4,2125,100000
2026-08-11,7341,VNDE9FF3C2866,4.287328,106300
2026-08-11,7341,VNDE9FF3C2866,4.287328.RMIS,7708
2026-08-11,7341,VNDE9FF3C2866,4.291924.ADM FEE,106300
2026-08-11,7341,VNDE9FF3C2866,4.291924.RMIS,7708
2026-08-11,7341,VNDE9FF3C2866,4.296934.FEES,106300
2026-08-11,7341,VNDE9FF3C2866,4.296934.RMIS,7708
2026-08-11,7341,VNDE9FF3C2866,4.301095.ADMIN FEE,106300
2026-08-11,7341,VNDE9FF3C2866,4.301095.RMIS,7708
2026-08-11,7341,VNDE9FF3C2866,4.301095.WC,2463000
2026-08-11,7341,VNDE9FF3C2866,4.306055.FEES,106300
2026-08-11,7341,VNDE9FF3C2866,4.306055.RMIS,7708
2026-08-11,7341,VNDE9FF3C2866,4.306055.WC,1910000
2026-08-11,7341,VNDE9FF3C2866,4.309122.FEES,109492
2026-08-11,7341,VNDE9FF3C2866,4.309122.RMIS,7942
2026-08-11,7342,VND070B145A18,1030005024,212695
2026-08-11,7343,VND3B0E6AB012,June 2026,2900000
2026-08-11,7344,VNDD463BC9E0E,26-30-074462,217727
2026-08-11,7345,VNDE6A23FABFB,CR/LD/7.25-8.7.26,290320
2026-08-11,7346,VNDD9C9A5C4D7,July 2026,1809375
2026-08-11,7347,VNDF5B14A47CA,1000,486860
2026-08-11,7347,VNDF5B14A47CA,997,500598
2026-08-11,7347,VNDF5B14A47CA,998,486860
2026-08-11,7347,VNDF5B14A47CA,999,486860
2026-08-11,7348,VNDBF39174C07,9200,818125
2026-08-11,7349,VND2B601CD19C,15,200000
2026-08-11,7350,VNDCA11772E7F,Medine 07/26,60000
2026-08-11,7351,VND6595524291,CR/MD/7.25.26-8.7.26,290320
2026-08-13,3688,VNDAD371834F3,402341,41400
2026-08-13,3688,VNDAD371834F3,402853,13500
2026-08-13,3688,VNDAD371834F3,403476,23400
2026-08-13,3688,VNDAD371834F3,405393,47800
2026-08-13,3688,VNDAD371834F3,405540,18000
2026-08-13,3689,VND608BF9B3D8,182974,170580
2026-08-13,3689,VND608BF9B3D8,197372,99780
2026-08-13,3689,VND608BF9B3D8,197414,223696
2026-08-13,3689,VND608BF9B3D8,199319,63798
2026-08-13,3690,VNDF33010716A,48187,257115
2026-08-13,3690,VNDF33010716A,48239,227050
2026-08-13,3692,VND17C258526A,9301144,77000
2026-08-13,3693,VND1D18AA97DE,INVP502227374,238434
2026-08-13,3694,VNDC70091CD9E,1603,763625
2026-08-13,3694,VNDC70091CD9E,1626,162910
2026-08-13,3695,VNDF460B5EC7F,16311-M,148550
2026-08-13,3695,VNDF460B5EC7F,42316-R,600000
2026-08-13,3696,VNDFA0267DB49,15834,14780
2026-08-13,3696,VNDFA0267DB49,15907,124800
2026-08-13,3697,VNDC238B44546,68037,415000
2026-08-13,3697,VNDC238B44546,71652,305000
2026-08-13,3697,VNDC238B44546,71891,550000
2026-08-13,3697,VNDC238B44546,72076,380000
2026-08-13,3697,VNDC238B44546,72257,550000
2026-08-13,3698,VND2AA75DBF85,14389,143095
2026-08-13,3699,VND194891F3F9,0155951,15750
2026-08-13,3702,VND314B84DB92,436879 7/15/2026,38364
2026-08-13,3703,VND314B84DB92,IN262626,30033
2026-08-13,3703,VND314B84DB92,IN262991,150000
2026-08-13,3706,VND0E9273449A,4274492299,1528
2026-08-13,3706,VND0E9273449A,4275318269,1528
2026-08-13,3706,VND0E9273449A,4275437760,3052
2026-08-13,3706,VND0E9273449A,4275971481,1528
2026-08-13,3706,VND0E9273449A,4276178330,3052
2026-08-13,3706,VND0E9273449A,4276737631,1528
2026-08-13,3706,VND0E9273449A,4276853188,3052
2026-08-13,3706,VND0E9273449A,4277564882,1528
2026-08-13,3706,VND0E9273449A,4277633809,3052
2026-08-13,3706,VND0E9273449A,4277987110,7770
2026-08-13,3706,VND0E9273449A,4278246865,23352
2026-08-13,3706,VND0E9273449A,9366404765,15000
2026-08-13,3706,VND0E9273449A,9373191006,13950
2026-08-13,3706,VND0E9273449A,9373191104,12500
2026-08-13,3706,VND0E9273449A,9373191275,15000
2026-08-13,3706,VND0E9273449A,9373191344,12500
2026-08-13,3706,VND0E9273449A,9373191414,15000
2026-08-13,3706,VND0E9273449A,9373191475,15000
2026-08-13,3706,VND0E9273449A,9373191737,15000
2026-08-13,3706,VND0E9273449A,9373222618,15000
2026-08-13,3706,VND0E9273449A,9373222634,12000
2026-08-13,3706,VND0E9273449A,9373222637,15000
2026-08-13,3706,VND0E9273449A,9373222639,15000
2026-08-13,3706,VND0E9273449A,9373222641,15000
2026-08-13,3706,VND0E9273449A,9373387975,15000
2026-08-13,3706,VND0E9273449A,9373649159,15000
2026-08-13,3706,VND0E9273449A,9373649169,15000
2026-08-13,3707,VND0E9273449A,9371850886,15000
2026-08-13,3708,VND0E9273449A,9371850560,15000
2026-08-13,3709,VND0E9273449A,9373388141,15000
2026-08-13,3710,VND0E9273449A,9371632986,27500
2026-08-13,3711,VND0E9273449A,9373649167,15000
2026-08-13,3712,VND0E9273449A,9373388000,12960
2026-08-13,3713,VND0E9273449A,9373190944,15000
2026-08-13,3714,VND0E9273449A,4274606780,3052
2026-08-13,3714,VND0E9273449A,4278371830,15176
2026-08-13,3714,VND0E9273449A,5351859205,1818
2026-08-13,3714,VND0E9273449A,9383876499,9918
2026-08-13,3714,VND0E9273449A,9383878660,13050
2026-08-13,3715,VND1F4B20B584,WI93870,106848
2026-08-13,3716,VNDE8EBEE5EE3,787333,504483
2026-08-13,3717,VND2FE679EDE1,5526506075,202760
2026-08-13,3717,VND2FE679EDE1,9174120449,1900
2026-08-13,3717,VND2FE679EDE1,9174335775,27050
2026-08-13,3717,VND2FE679EDE1,9174533823,30500
2026-08-13,3718,VND312B4066D7,INV 3276478,250100
2026-08-13,3719,VNDA68754F805,1GNS5UED4TR372963,6247250
2026-08-13,3720,VND56BE5B0BCA,21759-1,37278
2026-08-13,3721,VND314D47574B,10021415548,2662099
2026-08-13,3721,VND314D47574B,10021427224,18079
2026-08-13,3721,VND314D47574B,10021434448,532
2026-08-13,3721,VND314D47574B,10021439114,3387
2026-08-13,3721,VND314D47574B,10021443001,72044
2026-08-13,3721,VND314D47574B,105008799218,5889
2026-08-13,3721,VND314D47574B,105008800245,3387
2026-08-13,3721,VND314D47574B,105008801749,7554
2026-08-13,3721,VND314D47574B,105008801903,11221
2026-08-13,3721,VND314D47574B,110009041910,8848
2026-08-13,3721,VND314D47574B,115008776794,4369
2026-08-13,3721,VND314D47574B,125008712271,9431
2026-08-13,3721,VND314D47574B,125008712272,152327
2026-08-13,3721,VND314D47574B,130007592743,532
2026-08-13,3721,VND314D47574B,130007592744,532
2026-08-13,3721,VND314D47574B,130007592858,5977
2026-08-13,3721,VND314D47574B,135008656244,5101
2026-08-13,3721,VND314D47574B,140007551498,533
2026-08-13,3721,VND314D47574B,140007556965,449
2026-08-13,3721,VND314D47574B,15009755531,200835
2026-08-13,3721,VND314D47574B,15009762884,3417
2026-08-13,3721,VND314D47574B,15009768061,91125
2026-08-13,3721,VND314D47574B,15009768062,4249
2026-08-13,3721,VND314D47574B,155008578590,190597
2026-08-13,3721,VND314D47574B,165008570770,7955
2026-08-13,3721,VND314D47574B,165008570771,6260
2026-08-13,3721,VND314D47574B,165008570772,6884
2026-08-13,3721,VND314D47574B,165008570773,10501
2026-08-13,3721,VND314D47574B,165008576929,39031
2026-08-13,3721,VND314D47574B,170007517170,390257
2026-08-13,3721,VND314D47574B,170007518643,687906
2026-08-13,3721,VND314D47574B,170007518644,74749
2026-08-13,3721,VND314D47574B,170007521002,375341
2026-08-13,3721,VND314D47574B,185008683629,3704
2026-08-13,3721,VND314D47574B,200006799344,13685
2026-08-13,3721,VND314D47574B,20010951521,3455568
2026-08-13,3721,VND314D47574B,20010963971,532
2026-08-13,3721,VND314D47574B,20010963972,532
2026-08-13,3721,VND314D47574B,2026549673,7499097
2026-08-13,3721,VND314D47574B,205008115056,6867
2026-08-13,3721,VND314D47574B,210006894286,65766
2026-08-13,3721,VND314D47574B,210006902608,12975
2026-08-13,3721,VND314D47574B,210006904005,1979470
2026-08-13,3721,VND314D47574B,250006975464,69720
2026-08-13,3721,VND314D47574B,250006978332,64280
2026-08-13,3721,VND314D47574B,250006983155,5072
2026-08-13,3721,VND314D47574B,250006983156,8437
2026-08-13,3721,VND314D47574B,250006983157,6808
2026-08-13,3721,VND314D47574B,25009618251,31895
2026-08-13,3721,VND314D47574B,25009626546,3387
2026-08-13,3721,VND314D47574B,25009626547,3387
2026-08-13,3721,VND314D47574B,265007518820,5383
2026-08-13,3721,VND314D47574B,265007518821,7747
2026-08-13,3721,VND314D47574B,265007518822,8417
2026-08-13,3721,VND314D47574B,265007523053,401091
2026-08-13,3721,VND314D47574B,275007453436,14042
2026-08-13,3721,VND314D47574B,290006980586,37239
2026-08-13,3721,VND314D47574B,30010699651,221576
2026-08-13,3721,VND314D47574B,30010702065,27096
2026-08-13,3721,VND314D47574B,350004714885,532
2026-08-13,3721,VND314D47574B,40010423693,6031
2026-08-13,3721,VND314D47574B,405005104994,439
2026-08-13,3721,VND314D47574B,425005005821,262505
2026-08-13,3721,VND314D47574B,445004873558,449
2026-08-13,3721,VND314D47574B,445004874020,1311540
2026-08-13,3721,VND314D47574B,45009397382,3387
2026-08-13,3721,VND314D47574B,45009397383,3387
2026-08-13,3721,VND314D47574B,465004744223,11069
2026-08-13,3721,VND314D47574B,465004744224,434
2026-08-13,3721,VND314D47574B,465004745855,3537
2026-08-13,3721,VND314D47574B,485004664182,7721
2026-08-13,3721,VND314D47574B,55009343988,27556
2026-08-13,3721,VND314D47574B,55009346432,18197
2026-08-13,3721,VND314D47574B,55009346686,19751509
2026-08-13,3721,VND314D47574B,55009350395,3387
2026-08-13,3721,VND314D47574B,55009350396,3387
2026-08-13,3721,VND314D47574B,60009517782,32393
2026-08-13,3721,VND314D47574B,60009518258,16728
2026-08-13,3721,VND314D47574B,70009394716,51862
2026-08-13,3721,VND314D47574B,75009222458,522
2026-08-13,3721,VND314D47574B,90009267941,12491
2026-08-13,3721,VND314D47574B,90009274174,52425
2026-08-13,3721,VND314D47574B,90009274175,39974
2026-08-13,3721,VND314D47574B,95008925657,33382
2026-08-13,3721,VND314D47574B,95008938886,50124
2026-08-13,3722,VNDAE587128F9,295005,11850
2026-08-13,3722,VNDAE587128F9,295006,2990
2026-08-13,3723,VND68E1B0DADC,263240,12999
2026-08-13,3723,VND68E1B0DADC,264547,138544
2026-08-13,3724,VND7911211C25,52508,13470
2026-08-13,3725,VND2CDF279417,MH0526EBR,120000
2026-08-13,3726,VND65DE8A4375,S18809,81400
2026-08-13,3726,VND65DE8A4375,S18988,328500
2026-08-13,3726,VND65DE8A4375,S18989,78402
2026-08-13,3727,VND6D1320EF4C,C-12563,31000
2026-08-13,3728,VND0BC4BE9B6A,BTR-300106,55181
2026-08-13,3728,VND0BC4BE9B6A,BTR-300107,55180
2026-08-13,3728,VND0BC4BE9B6A,BTR-300108,141614
2026-08-13,3729,VNDB24DE3A5F3,60037350,36702
2026-08-13,3729,VNDB24DE3A5F3,60037353,36702
2026-08-13,3729,VNDB24DE3A5F3,60066584,111060
2026-08-13,3729,VNDB24DE3A5F3,60414821,207350
2026-08-13,3732,VNDC85484D068,0456-1266844,134295
2026-08-13,3732,VNDC85484D068,0456-1266878,49927
2026-08-13,3732,VNDC85484D068,0456-1266894,92452
2026-08-13,3733,VND0F82AF1081,6068362185,50530
2026-08-13,3733,VND0F82AF1081,6068458692,10595
2026-08-13,3733,VND0F82AF1081,6069366594,46881
2026-08-13,3733,VND0F82AF1081,6069889732,10388
2026-08-13,3733,VND0F82AF1081,6069979599,5229
2026-08-13,3733,VND0F82AF1081,6069979600,24992
2026-08-13,3733,VND0F82AF1081,6069986449,32999
2026-08-13,3733,VND0F82AF1081,6069986450,6065
2026-08-13,3733,VND0F82AF1081,6070161604,44391
2026-08-13,3733,VND0F82AF1081,6070536690,20479
2026-08-13,3733,VND0F82AF1081,B069207,52400
2026-08-13,3733,VND0F82AF1081,JULY302026,30221
2026-08-13,3734,VND0F82AF1081,6069907094,10501
2026-08-13,3735,VND0F82AF1081,6069907095,7689
2026-08-13,3736,VND9A60E50596,316962-00,440016
2026-08-13,3737,VNDF3CA855638,10624,18500
2026-08-13,3738,VNDC0A61C7EAA,CEC0701-01,20000
2026-08-13,3739,VND0D186B42D7,194122,27500
2026-08-13,3741,VND6BAF66BC6D,17773,24475
2026-08-13,3742,VND3F40FBCDD1,2026-8,393000
2026-08-13,3743,VNDEE92605660,0040322883,4232
2026-08-13,3743,VNDEE92605660,0040324401,11800
2026-08-13,3743,VNDEE92605660,0040329921,32402
2026-08-13,3743,VNDEE92605660,0040330223,6636
2026-08-13,3745,VNDAD36288E2C,1287003,28100
2026-08-13,3746,VND5DBF3F1B0F,0000174-2801-8R,96294571
2026-08-13,3747,VNDBFC0B28F1A,85383165,3387
2026-08-13,3747,VNDBFC0B28F1A,853911686,425363
2026-08-13,3747,VNDBFC0B28F1A,853983161,42892
2026-08-13,3748,VNDE6E4DBA498,18122608050823,16304
2026-08-13,3749,VNDE9006C6230,026046099,29094
2026-08-13,3750,VND291E1E6078,28575,46488
2026-08-13,3750,VND291E1E6078,28587,53976
2026-08-13,3750,VND291E1E6078,28602,38610
2026-08-13,3750,VND291E1E6078,28609,17940
2026-08-13,3751,VND8AA7C5834A,9973169213,2699
2026-08-13,3752,VND5696B5D7DE,509202334,3180
2026-08-13,3752,VND5696B5D7DE,97780983,587956
2026-08-13,3752,VND5696B5D7DE,97781004,101944
2026-08-13,3752,VND5696B5D7DE,97808021,293816
2026-08-13,3752,VND5696B5D7DE,97808027,281051
2026-08-13,3752,VND5696B5D7DE,97808034,218377
2026-08-13,3752,VND5696B5D7DE,97808035,997915
2026-08-13,3752,VND5696B5D7DE,97808039,55023
2026-08-13,3752,VND5696B5D7DE,98221908,39704
2026-08-13,3752,VND5696B5D7DE,98221909,160768
2026-08-13,3752,VND5696B5D7DE,98221910,6440
2026-08-13,3752,VND5696B5D7DE,98221911,27492
2026-08-13,3752,VND5696B5D7DE,98221912,15050
2026-08-13,3752,VND5696B5D7DE,98221913,2922
2026-08-13,3753,VND6A8F32B4F0,2-595-39054,14756
2026-08-13,3753,VND6A8F32B4F0,875072474951,1201
2026-08-13,3753,VND6A8F32B4F0,941018502,750
2026-08-13,3754,VNDAF8AF0D8AE,1-137807570261,148800
2026-08-13,3756,VND13E76BDE84,529-81638795,60940
2026-08-13,3757,VNDD04F233407,6127606,7645
2026-08-13,3758,VND8BC4C19567,3RD QUARTERLY ALL-26,1750000
2026-08-13,3760,VND68366626F6,12069,87500
2026-08-13,3761,VNDC9813A6861,904237861,45682
2026-08-13,3761,VNDC9813A6861,904303013,49070
2026-08-13,3762,VND506093857D,B7268660,27197
2026-08-13,3762,VND506093857D,B7268662,34586
2026-08-13,3762,VND506093857D,B7268663,111488
2026-08-13,3762,VND506093857D,B7269004,108107
2026-08-13,3762,VND506093857D,B7269067,87396
2026-08-13,3762,VND506093857D,B7273462,245128
2026-08-13,3762,VND506093857D,B7273701,91221
2026-08-13,3762,VND506093857D,B7273703,99164
2026-08-13,3762,VND506093857D,B7273707,51444
2026-08-13,3762,VND506093857D,B7273713,44433
2026-08-13,3762,VND506093857D,B7274077,112340
2026-08-13,3762,VND506093857D,B7274079,42104
2026-08-13,3762,VND506093857D,B7274083,4342
2026-08-13,3762,VND506093857D,B7274085,9205
2026-08-13,3762,VND506093857D,B7274086,4893
2026-08-13,3762,VND506093857D,B7274087,19938
2026-08-13,3762,VND506093857D,B7274092,17202
2026-08-13,3762,VND506093857D,B7278499,16336
2026-08-13,3762,VND506093857D,B7278656,50115
2026-08-13,3762,VND506093857D,B7278674,54432
2026-08-13,3762,VND506093857D,B7278929,49659
2026-08-13,3762,VND506093857D,B7278932,13756
2026-08-13,3762,VND506093857D,B7278953,259851
2026-08-13,3762,VND506093857D,B7284290,75750
2026-08-13,3764,VNDC22744047E,P99727,255200
2026-08-13,3765,VND433C3F329B,F39415,38205
2026-08-13,3766,VNDAB40C1F1A7,80457/2026,41000
2026-08-13,3767,VNDAB40C1F1A7,80157/2026,41000
2026-08-13,3768,VND21A3B8AD24,17180,457340
2026-08-13,3769,VND091D0AAA42,40993437,334120
2026-08-13,3769,VND091D0AAA42,41105133,28705
2026-08-13,3769,VND091D0AAA42,41461610,334120
2026-08-13,3769,VND091D0AAA42,42207252,28705
2026-08-13,3769,VND091D0AAA42,42449562,334120
2026-08-13,3769,VND091D0AAA42,42449617,28705
2026-08-13,3769,VND091D0AAA42,42449623,15010
2026-08-13,3769,VND091D0AAA42,42449625,15010
2026-08-13,3769,VND091D0AAA42,42702659,10190
2026-08-13,3769,VND091D0AAA42,42702663,23974
2026-08-13,3769,VND091D0AAA42,42702666,13117
2026-08-13,3769,VND091D0AAA42,42702688,48612
2026-08-13,3769,VND091D0AAA42,42702698,12311
2026-08-13,3770,VND44D252EA0A,69127,652400
2026-08-13,3770,VND44D252EA0A,69128,275100
2026-08-13,3770,VND44D252EA0A,69130,302200
2026-08-13,3770,VND44D252EA0A,69131,281100
2026-08-13,3770,VND44D252EA0A,69132,54400
2026-08-13,3770,VND44D252EA0A,69133,39300
2026-08-13,3770,VND44D252EA0A,69134,777200
2026-08-13,3771,VND0BE18D292A,25-5132,5400
2026-08-13,3771,VND0BE18D292A,25-5342,7992
2026-08-13,3772,VND6C133B6E38,55P1842752,47807
2026-08-13,3773,VND3AC88DAE74,T1195146,12000
2026-08-13,3773,VND3AC88DAE74,T1195208,12000
2026-08-13,3774,VND3DBF2AE1D7,08052026,15408600
2026-08-13,3775,VND2C797EC2E1,00208756604,1085998
2026-08-13,3777,VNDDB8E0D5288,217415F,14520
2026-08-13,3777,VNDDB8E0D5288,217459F,7788
2026-08-13,3777,VNDDB8E0D5288,217477F,5478
2026-08-13,3777,VNDDB8E0D5288,217500F,5412
2026-08-13,3777,VNDDB8E0D5288,217511F,11550
2026-08-13,3777,VNDDB8E0D5288,217512F,23100
2026-08-13,3777,VNDDB8E0D5288,217551F,42070
2026-08-13,3777,VNDDB8E0D5288,217600F,3927
2026-08-13,3777,VNDDB8E0D5288,217633F,133827
2026-08-13,3777,VNDDB8E0D5288,217668F,15398
2026-08-13,3777,VNDDB8E0D5288,217673F,37939
2026-08-13,3777,VNDDB8E0D5288,217674F,61793
2026-08-13,3777,VNDDB8E0D5288,217676F,38536
2026-08-13,3778,VNDBAD8870C1D,110658,145044
2026-08-13,3779,VND6D0FBDBD42,1014716,378236
2026-08-13,3779,VND6D0FBDBD42,1025129,25936
2026-08-13,3779,VND6D0FBDBD42,1025131,25936
2026-08-13,3780,VNDD9653A25EF,12081,610948
2026-08-13,3780,VNDD9653A25EF,12104,819095
2026-08-13,3782,VND6DFE713957,910018884,395270
2026-08-13,3782,VND6DFE713957,910018885,143333
2026-08-13,3782,VND6DFE713957,910018886,154000
2026-08-13,3782,VND6DFE713957,910018888,132000
2026-08-13,3784,VND3AAB7BB3E5,8981,18900
2026-08-13,3786,VND9DFD086314,109614,30680
2026-08-13,3787,VNDA274054C2C,PayApp 012 June,3427500
2026-08-13,3788,VND63FC3F64CF,491968,449500
2026-08-13,3788,VND63FC3F64CF,492011,489300
2026-08-13,3788,VND63FC3F64CF,492234,11200
2026-08-13,3788,VND63FC3F64CF,492345,922
2026-08-13,3789,VND1CDC5A7959,010101394004601 0826,16163
2026-08-13,3789,VND1CDC5A7959,010101600047501 826,3490
2026-08-13,3789,VND1CDC5A7959,010101600049201 0826,5817
2026-08-13,3789,VND1CDC5A7959,010101600049301 0826,2625
2026-08-13,3789,VND1CDC5A7959,010101600053701 0826,4240
2026-08-13,3789,VND1CDC5A7959,010101600070401 826,4441
2026-08-13,3789,VND1CDC5A7959,010101600070501 0826,4452
2026-08-13,3789,VND1CDC5A7959,010101600097301 0826,3340
2026-08-13,3789,VND1CDC5A7959,010101600100802 0826,5817
2026-08-13,3789,VND1CDC5A7959,010101600107201 0826,3340
2026-08-13,3789,VND1CDC5A7959,010101600109901 0826,3340
2026-08-13,3789,VND1CDC5A7959,010101600116601 0826,3340
2026-08-13,3789,VND1CDC5A7959,010101600117501 0826,4240
2026-08-13,3789,VND1CDC5A7959,010101600117601 0826,2500
2026-08-13,3789,VND1CDC5A7959,010101600119801 0826,4240
2026-08-13,3789,VND1CDC5A7959,010101600119901 0826,3340
2026-08-13,3789,VND1CDC5A7959,010101600122001 0826,5540
2026-08-13,3789,VND1CDC5A7959,010101600124001 0826,2500
2026-08-13,3789,VND1CDC5A7959,010101600188801 826,5817
2026-08-13,3789,VND1CDC5A7959,010101600196103 0826,4240
2026-08-13,3789,VND1CDC5A7959,010101600542001 0826,4240
2026-08-13,3789,VND1CDC5A7959,010101600596001 0826,3340
2026-08-13,3789,VND1CDC5A7959,010101621001801 0826,4301
2026-08-13,3789,VND1CDC5A7959,010101621005901 0826,1927804
2026-08-13,3789,VND1CDC5A7959,010101625000101 0826,2398167
2026-08-13,3789,VND1CDC5A7959,010116007002102 0726,7266
2026-08-13,3789,VND1CDC5A7959,010116076013702 0726,17451
2026-08-13,3789,VND1CDC5A7959,010117013002402 0726,6994
2026-08-13,3789,VND1CDC5A7959,010117042002502 0726,7583
2026-08-13,3789,VND1CDC5A7959,010117042002602 0726,7327
2026-08-13,3789,VND1CDC5A7959,010119381089402 0726,3120
2026-08-13,3789,VND1CDC5A7959,010120408105403 0726,10558
2026-08-13,3789,VND1CDC5A7959,010121406067901 0726,239305
2026-08-13,3789,VND1CDC5A7959,010121411088301 826,23720
2026-08-13,3789,VND1CDC5A7959,010121415088202 0726,1202
2026-08-13,3789,VND1CDC5A7959,010121441063902 0726,1180
2026-08-13,3789,VND1CDC5A7959,010121441083202 0726,1180
2026-08-13,3789,VND1CDC5A7959,010121441151202 0726,1180
2026-08-13,3789,VND1CDC5A7959,010121710054902 0726,1180
2026-08-13,3789,VND1CDC5A7959,010121710056401 0726,1180
2026-08-13,3790,VNDA23FFF84E8,020201003034502 0826,47084
2026-08-13,3790,VNDA23FFF84E8,020201003034602 0826,4593
2026-08-13,3790,VNDA23FFF84E8,020201004258803 0826,7554
2026-08-13,3790,VNDA23FFF84E8,020201060003601 826,6300
2026-08-13,3790,VNDA23FFF84E8,020201060006701 826,6300
2026-08-13,3790,VNDA23FFF84E8,020201060019402 0826,6300
2026-08-13,3790,VNDA23FFF84E8,020201060019502 0826,2625
2026-08-13,3791,VNDF384EA7B9B,509202329,19836
2026-08-13,3791,VNDF384EA7B9B,509202330,297071
2026-08-13,3791,VNDF384EA7B9B,509202331,12085
2026-08-13,3791,VNDF384EA7B9B,509202332,128215
2026-08-13,3791,VNDF384EA7B9B,509202333,13710
2026-08-13,3791,VNDF384EA7B9B,509202335,67372
2026-08-13,3791,VNDF384EA7B9B,509202336,70609
2026-08-13,3791,VNDF384EA7B9B,509202337,286236
2026-08-13,3791,VNDF384EA7B9B,509202338,60285
2026-08-13,3792,VNDBB320919B0,26080269,211825
2026-08-13,3793,VND1117BB7B83,JD758-26,20000
2026-08-13,3794,VND20AC6F3E34,2026-4765,500000
2026-08-13,3799,VND2107EBF7A3,14159,432538
2026-08-13,3800,VND57AEF7C0F8,33172,99800
2026-08-13,3804,VND8937A31C6C,211182678,340521
2026-08-13,3805,VNDAF0E6FF656,106497,9999
2026-08-13,3805,VNDAF0E6FF656,106511,1800
2026-08-13,3805,VNDAF0E6FF656,106533,47998
2026-08-13,3805,VNDAF0E6FF656,106558,10855
2026-08-13,3805,VNDAF0E6FF656,106634,10855
2026-08-13,3805,VNDAF0E6FF656,106639,10855
2026-08-13,3805,VNDAF0E6FF656,106652,10855
2026-08-13,3805,VNDAF0E6FF656,106706,19860
2026-08-13,3805,VNDAF0E6FF656,106724,94262
2026-08-13,3805,VNDAF0E6FF656,106767,10855
2026-08-13,3805,VNDAF0E6FF656,106807,11120
2026-08-13,3805,VNDAF0E6FF656,106869,47131
2026-08-13,3805,VNDAF0E6FF656,106937,10855
2026-08-13,3805,VNDAF0E6FF656,106942,10855
2026-08-13,3805,VNDAF0E6FF656,106952,94262
2026-08-13,3805,VNDAF0E6FF656,106968,10855
2026-08-13,3805,VNDAF0E6FF656,106971,47131
2026-08-13,3805,VNDAF0E6FF656,106992,11120
2026-08-13,3805,VNDAF0E6FF656,107072,10855
2026-08-13,3805,VNDAF0E6FF656,107090,37899
2026-08-13,3805,VNDAF0E6FF656,107126,10855
2026-08-13,3805,VNDAF0E6FF656,107160,11120
2026-08-13,3805,VNDAF0E6FF656,107192,10855
2026-08-13,3805,VNDAF0E6FF656,107203,10855
2026-08-13,3805,VNDAF0E6FF656,107274,47998
2026-08-13,3805,VNDAF0E6FF656,107280,10855
2026-08-13,3805,VNDAF0E6FF656,107284,10855
2026-08-13,3805,VNDAF0E6FF656,107299,10855
2026-08-13,3805,VNDAF0E6FF656,107395,47998
2026-08-13,3805,VNDAF0E6FF656,107417,10855
2026-08-13,3805,VNDAF0E6FF656,107419,10855
2026-08-13,3805,VNDAF0E6FF656,107428,47131
2026-08-13,3805,VNDAF0E6FF656,107436,10855
2026-08-13,3805,VNDAF0E6FF656,107579,47450
2026-08-13,3805,VNDAF0E6FF656,107601,9265
2026-08-13,3810,VND5F7CD0BCD8,0197104,8445
2026-08-13,3810,VND5F7CD0BCD8,0199250,5345
2026-08-13,3810,VND5F7CD0BCD8,0199692,8445
2026-08-13,3810,VND5F7CD0BCD8,1200068,247117
2026-08-13,3810,VND5F7CD0BCD8,1200124,323275
2026-08-13,3810,VND5F7CD0BCD8,1200125,459642
2026-08-13,3810,VND5F7CD0BCD8,1200355,13363
2026-08-13,3811,VNDC1B4990CC4,24545,77500
2026-08-13,3813,VNDD348E1A86C,1000513977,174825
2026-08-13,3814,VNDDAC78BDDD9,195629,32359
2026-08-13,3815,VND60458584E2,MS66458,21830
2026-08-13,3817,VND594FE363AE,26-R4588,766800
2026-08-13,3818,VND1A23CB348F,B76553,4150
2026-08-13,3818,VND1A23CB348F,B76558,24043
2026-08-13,3819,VND77B3021FAC,INV-298031,3433228
2026-08-13,3819,VND77B3021FAC,INV-309145,229495
2026-08-13,3820,VND69DFA54E4A,CF26-0743A,45000
2026-08-13,3821,VND7AB9683018,CBR 26-11,1209092
2026-08-13,3821,VND7AB9683018,CBR 26-12,3031818
2026-08-13,3822,VND6661419488,INV0000033150,40000
2026-08-13,3823,VND4EAEDD6122,8153-26,4000
2026-08-13,3824,VND4EAEDD6122,8178-26,4000
2026-08-13,3825,VND4EAEDD6122,8172-26,8000
2026-08-13,3826,VND4EAEDD6122,8179-26,12000
2026-08-13,3827,VNDC0A3B79D7A,SCTL5/1/26,57500
2026-08-13,3827,VNDC0A3B79D7A,SCTL5/31/26,57500
2026-08-13,3827,VNDC0A3B79D7A,SCTL6/1/26,62500
2026-08-13,3827,VNDC0A3B79D7A,SCTL6/30/26,62500
2026-08-13,3828,VND2E80F86067,6608812-202607-1,10000
2026-08-13,3829,VND9E12B58B13,6834621,33663
2026-08-13,3830,VNDA4E0964AF6,610378,152500
2026-08-13,3830,VNDA4E0964AF6,610380,117500
2026-08-13,3830,VNDA4E0964AF6,610421,270900
2026-08-13,3830,VNDA4E0964AF6,610454,61500
2026-08-13,3830,VNDA4E0964AF6,610474,44475
2026-08-13,3830,VNDA4E0964AF6,611109,104125
2026-08-13,3830,VNDA4E0964AF6,611184,98500
2026-08-13,3831,VND50BAFAF434,034776876X260803,23748
2026-08-13,3832,VND25873D1268,26162-1,14875
2026-08-13,3832,VND25873D1268,26162-2,19325
2026-08-13,3832,VND25873D1268,26162-3,21550
2026-08-13,3832,VND25873D1268,26162-4,43750
2026-08-13,3832,VND25873D1268,26163-1,35375
2026-08-13,3832,VND25873D1268,26163-2,46500
2026-08-13,3832,VND25873D1268,26164-1,28700
2026-08-13,3833,VND6EA0D785D1,114715737,101599
2026-08-13,3834,VND777AAA6B69,1DJN-DFPF-46DF,2796
2026-08-13,3834,VND777AAA6B69,1DQQ-31DD-74PT,18544
2026-08-13,3834,VND777AAA6B69,1GK4-7YFV-3C3D,15805
2026-08-13,3834,VND777AAA6B69,1MLP-9JWF-X94G,7398
2026-08-13,3834,VND777AAA6B69,1YL7-WVG3-3NR4,5491
2026-08-13,3835,VND6932E7CF63,8692649862631,183489
2026-08-13,3836,VND167B9B73AA,71393503,9700
2026-08-13,3837,VND80CE0C763F,844411,162521
2026-08-13,3838,VND4316BCB9D7,2607-690809,12740
2026-08-13,3839,VND4316BCB9D7,2607-69,13453
2026-08-13,3840,VND30985EDE90,52167,30811
2026-08-13,3841,VND537ED891F7,01358SB26249603,250000
2026-08-13,3842,VND5C5A5740CE,22851,252000
2026-08-13,3842,VND5C5A5740CE,23517,13000
2026-08-13,3843,VNDFE7BCFF82B,38176,19000
2026-08-13,3843,VNDFE7BCFF82B,38179,208067
2026-08-13,3843,VNDFE7BCFF82B,38180,263943
2026-08-13,3843,VNDFE7BCFF82B,38189,311447
2026-08-13,3843,VNDFE7BCFF82B,38197,138566
2026-08-13,3843,VNDFE7BCFF82B,38199,268230
2026-08-13,3843,VNDFE7BCFF82B,38200,268621
2026-08-13,3843,VNDFE7BCFF82B,38203,419360
2026-08-13,3843,VNDFE7BCFF82B,38209,169417
2026-08-13,3843,VNDFE7BCFF82B,38210,282255
2026-08-13,3843,VNDFE7BCFF82B,38211,130262
2026-08-13,3843,VNDFE7BCFF82B,38212,156821
2026-08-13,3843,VNDFE7BCFF82B,38214,84790
2026-08-13,3844,VND60D2FC1AA4,1198222,6912
2026-08-13,3845,VND9D61E9CC36,4976,37500
2026-08-13,3845,VND9D61E9CC36,6506,17500
2026-08-13,3846,VND038283E7E9,57952293,30835
2026-08-13,3848,VND122EEFF80B,26-0305,62370
2026-08-13,3849,VND50F446F8BD,8-10-26,6500
2026-08-13,3850,VND40B4A94C30,412-41637,31034
2026-08-13,3851,VNDB0DE02BD22,2147284116-0726,51837
2026-08-13,3851,VNDB0DE02BD22,561847,1500
2026-08-13,3851,VNDB0DE02BD22,561862,2500
2026-08-13,3851,VNDB0DE02BD22,562120,5173
2026-08-13,3851,VNDB0DE02BD22,562784,1500
2026-08-13,3851,VNDB0DE02BD22,562844,1800
2026-08-13,3851,VNDB0DE02BD22,MAY2026,9500
2026-08-13,3852,VNDB0DE02BD22,560119,4500
2026-08-13,3853,VNDB0DE02BD22,560114,4500
2026-08-13,3854,VNDB0DE02BD22,2147284091-7/2026,3150
2026-08-13,3855,VNDB0DE02BD22,2147284094-7/2026,3600
2026-08-13,3856,VND4901283E9C,SCPR277324,990755
2026-08-13,3857,VND4258FC66C7,2025RC02193,36400
2026-08-13,3858,VND104F713C5B,151630,942000
2026-08-13,3859,VND915E535226,217794-0626,4714283
2026-08-13,3860,VNDB4ECFD790C,INV 7900,187500
2026-08-13,3861,VND9BC8D63523,IV150104,847620
2026-08-13,3861,VND9BC8D63523,IV150426,843243
2026-08-13,3861,VND9BC8D63523,IV151435,874644
2026-08-13,3861,VND9BC8D63523,IV151887,847239
2026-08-13,3862,VND587DA1941D,5285574,142280
2026-08-13,3862,VND587DA1941D,5285931,347000
2026-08-13,3862,VND587DA1941D,5286012,19360
2026-08-13,3862,VND587DA1941D,5286338,142280
2026-08-13,3862,VND587DA1941D,5286500,2266
2026-08-13,3863,VNDE2590AFFCF,532915,112478
2026-08-13,3863,VNDE2590AFFCF,532930,251041
2026-08-13,3864,VND6F364532E3,PAY APPL# 4,36339500
2026-08-13,3865,VND9A2405D0A3,100871561,128685
2026-08-13,3867,VND7534669E51,NO. 26,372664
2026-08-13,3868,VND880EB9064F,770915B,48384
2026-08-13,3871,VND3E20119721,REIMB 02,83274
2026-08-13,3873,VND4069980617,3514,1273100
2026-08-13,3874,VND6DEB672106,ADV-59B/01-3,758000
2026-08-13,3875,VNDD1F56FE12A,7691-5,4301700
2026-08-13,3876,VNDAB3D922B7E,DATE 08/06/2026,50000
2026-08-13,3877,VNDC2E39E6510,12771,27500
2026-08-13,3878,VNDA9A3116E05,7026-457,98750
2026-08-13,3878,VNDA9A3116E05,7026-458,30500
2026-08-13,3879,VND4887200A1C,2388-2819,180000
2026-08-13,3880,VND6DEB672106,2242,498750
2026-08-13,3880,VND6DEB672106,2246,493939
2026-08-13,3881,VND3B6877C9B4,LA26002-3,230000
2026-08-13,3882,VND813C0216CF,2215,4999900
2026-08-13,3883,VND68E266B48A,TA06202026,7500
2026-08-13,3884,VNDDF42F28DAD,26-78 EBRPW,440000
2026-08-13,3885,VND67CCC38986,PARCEL 6-5,4840000
2026-08-13,3974,VND08C636DE10,LOST PD BK BB 1,2649
2026-08-13,3976,VND08C636DE10,LOST PD BK CB 1,2645
2026-08-13,3978,VND08C636DE10,LOST PD BK EK,1849
2026-08-13,3979,VND08C636DE10,LOST PD BK LT 2,2645
2026-08-13,3980,VND08C636DE10,LOST PD BK MJ 3,1949
2026-08-13,3981,VND08C636DE10,LOST PD BK MM,749
2026-08-13,3982,VND08C636DE10,LOST PD BK SP,749
2026-08-13,3983,VND08C636DE10,LOST PD BK SS,1249
2026-08-13,3984,VND08C636DE10,LOST PD BK SW,1445
2026-08-13,6124,VNDDDF358A653,MPERS 08/2026,382039
2026-08-13,7365,VND871C0D59DE,10886660023,9320
2026-08-13,7366,VNDDF1B535115,103724 08/26,8101
2026-08-13,7366,VNDDF1B535115,103725 08/26,3349
2026-08-13,7366,VNDDF1B535115,108778 08/26,651785
2026-08-13,7366,VNDDF1B535115,108783 08/26,187929
2026-08-13,7366,VNDDF1B535115,117462 08/26,6889
2026-08-13,7366,VNDDF1B535115,117463 08/26,2293
2026-08-13,7366,VNDDF1B535115,119129 08/26,28459
2026-08-13,7366,VNDDF1B535115,119130 08/26,95435
2026-08-13,7366,VNDDF1B535115,119137 08/26,58213
2026-08-13,7366,VNDDF1B535115,119138 08/26,23638
2026-08-13,7366,VNDDF1B535115,119143 08/26,98116
2026-08-13,7366,VNDDF1B535115,119144 08/26,25825
2026-08-13,7366,VNDDF1B535115,119156 08/26,91461
2026-08-13,7366,VNDDF1B535115,119169 08/26,36195
2026-08-13,7366,VNDDF1B535115,119176 08/26,27951
2026-08-13,7366,VNDDF1B535115,120763 08/26,18448
2026-08-13,7366,VNDDF1B535115,122897 08/26,13316
2026-08-13,7366,VNDDF1B535115,123555 08/26,11760
2026-08-13,7366,VNDDF1B535115,123565 08/26,110627
2026-08-13,7366,VNDDF1B535115,123574 08/26,11683
2026-08-13,7366,VNDDF1B535115,125560 08/26,18568
2026-08-13,7366,VNDDF1B535115,126940 08/26,15426
2026-08-13,7366,VNDDF1B535115,141651 08/26,14781
2026-08-13,7366,VNDDF1B535115,144056 08/26,1674
2026-08-13,7366,VNDDF1B535115,144072 08/26,11358
2026-08-13,7366,VNDDF1B535115,323763052803,2432
2026-08-13,7366,VNDDF1B535115,3426291 08/26,3684
2026-08-13,7366,VNDDF1B535115,3426295 08/26,16196
2026-08-13,7367,VND1B00EE0682,PAY APP 013 MAY,3929450
2026-08-13,7368,VND96E81D06D8,0035,1569944
2026-08-13,7369,VND96E81D06D8,16-82867-PL-003,1725841
2026-08-13,7370,VND78FD06F489,760352-0,7240
2026-08-13,7370,VND78FD06F489,9155,90093
2026-08-13,7370,VND78FD06F489,9399,27798
2026-08-13,7371,VND936B6C3133,1089828,84079
2026-08-13,7372,VND3202C9608E,0820-002247822B,3254574
2026-08-13,7373,VND729BE9E42E,DA-OPIOID 2-3,17253376
2026-08-13,7374,VND386831CBA4,8282098745-CREDIT,-397440
2026-08-13,7374,VND386831CBA4,8282321749,1436800
2026-08-13,7374,VND386831CBA4,8282322103,1491100
2026-08-13,7374,VND386831CBA4,8330328719,60700
2026-08-13,7375,VND0ADEE8CD25,215155-12,4347300
2026-08-13,7376,VND15B43E8C56,PPE 7/25/26-8/7/26,1567827
2026-08-13,7377,VNDB6D062A110,8104-26,8000
2026-08-13,7377,VNDB6D062A110,979,30000
2026-08-13,7377,VNDB6D062A110,980,15000
2026-08-13,7377,VNDB6D062A110,PR PPE 08.07.26,3815498
2026-08-13,7378,VND6A722FE925,554006012026,14113
2026-08-13,7378,VND6A722FE925,554007012026,15100
2026-08-13,7378,VND6A722FE925,554008012026,14200
2026-08-13,7379,VND440D42F5D7,PAY PT 7/25-8/7/2026,73315
2026-08-13,7380,VNDA65449D1E6,260729032120001,129914
2026-08-13,7380,VNDA65449D1E6,26072903260017,38475
2026-08-13,7381,VND291C15549B,262190000288,81855137
2026-08-13,7382,VND78D84D4F17,IN15348,40061
2026-08-13,7382,VND78D84D4F17,INV15458,79928
2026-08-13,7383,VND4588B79C5B,025-561674,232000
2026-08-13,7383,VND4588B79C5B,025-562201,442250
2026-08-13,7384,VND4588B79C5B,045-571323,17462500
2026-08-13,7385,VND6C8181A5A4,PARTIAL     6,167535
2026-08-13,7386,VNDFE8318EED5,31612,110000
2026-08-13,7386,VNDFE8318EED5,32169,154150
2026-08-13,7386,VNDFE8318EED5,32239,110000
2026-08-13,7387,VNDADEDE9CC9A,SCEW7/31/2026,190000
2026-08-13,7388,VND77BA284042,81926,50000
2026-08-13,7389,VND0E2E5E838C,INV160980,32703
2026-08-13,7389,VND0E2E5E838C,INV161002,42398
2026-08-13,7391,VND29AC32CCDB,05-01-26 (2),10560368
2026-08-13,7392,VND5AB7B02F1F,1204629,11752578
2026-08-13,7393,VNDC3D6FED9D4,2121,700000
2026-08-13,7394,VNDB827C0B5C9,072026TMI,408400
2026-08-13,7395,VND102D6D0EC6,8847,69100
2026-08-13,7395,VND102D6D0EC6,8900,63350
2026-08-13,7395,VND102D6D0EC6,8997,72725
2026-08-13,7395,VND102D6D0EC6,9047,63350
2026-08-13,7395,VND102D6D0EC6,9118,69600
2026-08-13,7395,VND102D6D0EC6,9522,63350
2026-08-13,7396,VNDE9FF3C2866,4.282703,461100
2026-08-13,7396,VNDE9FF3C2866,4.282703.GEN,1231000
2026-08-13,7396,VNDE9FF3C2866,4.282703.RMIS,7708
2026-08-13,7396,VNDE9FF3C2866,4.282703.WC,2359100
2026-08-13,7396,VNDE9FF3C2866,4.282703.WCLFEES,106300
2026-08-13,7396,VNDE9FF3C2866,4.287328.AL,387200
2026-08-13,7396,VNDE9FF3C2866,4.287328.GL,1151200
2026-08-13,7396,VNDE9FF3C2866,4.287328.WC,2495500
2026-08-13,7396,VNDE9FF3C2866,4.291924.AL,421200
2026-08-13,7396,VNDE9FF3C2866,4.291924.GEN,1406900
2026-08-13,7396,VNDE9FF3C2866,4.291924.WC,2019200
2026-08-13,7396,VNDE9FF3C2866,4.296934.AL,535000
2026-08-13,7396,VNDE9FF3C2866,4.296934.GL,917700
2026-08-13,7396,VNDE9FF3C2866,4.296934.WC,2443400
2026-08-13,7396,VNDE9FF3C2866,4.301095.AL,648800
2026-08-13,7396,VNDE9FF3C2866,4.301095.GEN,1145300
2026-08-13,7396,VNDE9FF3C2866,4.306055.AL,187700
2026-08-13,7396,VNDE9FF3C2866,4.306055.GEN,1013800
2026-08-13,7396,VNDE9FF3C2866,4.309122.AL,931500
2026-08-13,7396,VNDE9FF3C2866,4.309122.GL,1514600
2026-08-13,7396,VNDE9FF3C2866,4.309122.WC,1643000
2026-08-13,7397,VND3397F001DF,3480336,364000
2026-08-13,7398,VND47E395BDEE,0323,113400
2026-08-13,7398,VND47E395BDEE,0324,110160
2026-08-13,7399,VNDFCD827DA4C,139,4231600
2026-08-13,7400,VNDD463BC9E0E,26-07-084471,249812
2026-08-13,7400,VNDD463BC9E0E,26-10-084579,341002
2026-08-13,7401,VNDF5B14A47CA,916,1884249
2026-08-13,7401,VNDF5B14A47CA,962,1041921
2026-08-13,7402,VND2CA3F0E4ED,MAY 2026,2522775
2026-08-13,7403,VNDBA4D3A103D,081326,477516631
2026-08-14,2606,VND0114ABB233,DPW-07-26,4946094
2026-08-14,3986,VNDAD371834F3,405258,27800
2026-08-14,3986,VNDAD371834F3,405261,23600
2026-08-14,3986,VNDAD371834F3,405263,87800
2026-08-14,3986,VNDAD371834F3,405423,37800
2026-08-14,3987,VND608BF9B3D8,197334,6099
2026-08-14,3987,VND608BF9B3D8,198237,12508
2026-08-14,3987,VND608BF9B3D8,198651,1135
2026-08-14,3987,VND608BF9B3D8,198831,6810
2026-08-14,3988,VND17C258526A,9293465,75115
2026-08-14,3989,VNDFABA4FF358,53690038029,250444
2026-08-14,3990,VND35B1EB0D4E,EB16303509,7741
2026-08-14,3991,VND314B84DB92,108186A,50000
2026-08-14,3991,VND314B84DB92,IN246081,11943
2026-08-14,3991,VND314B84DB92,IN262620,1420
2026-08-14,3991,VND314B84DB92,IN263818,147000
2026-08-14,3992,VND0E9273449A,4277805946,24782
2026-08-14,3992,VND0E9273449A,4277994558,379
2026-08-14,3992,VND0E9273449A,4278128105,91713
2026-08-14,3992,VND0E9273449A,4278358421,1805
2026-08-14,3992,VND0E9273449A,4278741130,379
2026-08-14,3992,VND0E9273449A,4278741167,7550
2026-08-14,3992,VND0E9273449A,5352234205,9803
2026-08-14,3992,VND0E9273449A,9371849645,13950
2026-08-14,3992,VND0E9273449A,9371849714,14000
2026-08-14,3992,VND0E9273449A,9371849790,15000
2026-08-14,3992,VND0E9273449A,9371850237,15000
2026-08-14,3992,VND0E9273449A,9371850336,15000
2026-08-14,3992,VND0E9273449A,9371850409,15000
2026-08-14,3992,VND0E9273449A,9371850501,15000
2026-08-14,3992,VND0E9273449A,9373222621,15000
2026-08-14,3992,VND0E9273449A,9373222624,10620
2026-08-14,3992,VND0E9273449A,9373222628,15000
2026-08-14,3993,VND0E9273449A,9373222630,13950
2026-08-14,3994,VND0E9273449A,9371850643,15000
2026-08-14,3995,VND1F4B20B584,PI75692,23355
2026-08-14,3996,VNDD82F48C9E0,INV488861,4500
2026-08-14,3997,VNDD45A5AF0C4,87485,75000
2026-08-14,3997,VNDD45A5AF0C4,87486,77500
2026-08-14,4001,VND5FF83F8D94,204352,64000
2026-08-14,4002,VND314D47574B,125008712094,3820
2026-08-14,4002,VND314D47574B,140007549051,97651
2026-08-14,4002,VND314D47574B,160007526611,7891
2026-08-14,4002,VND314D47574B,245007715242,166426
2026-08-14,4002,VND314D47574B,245007715690,42993
2026-08-14,4002,VND314D47574B,250006978337,119862
2026-08-14,4002,VND314D47574B,445004873085,1187318
2026-08-14,4002,VND314D47574B,445004873949,21938
2026-08-14,4002,VND314D47574B,465004744246,43491
2026-08-14,4002,VND314D47574B,475004726877,104634
2026-08-14,4002,VND314D47574B,495004567783,397149
2026-08-14,4003,VND314D47574B,215487273-8/26,23211
2026-08-14,4004,VND314D47574B,183841782-8/26,17877
2026-08-14,4008,VND27425B6C62,118348003,90000
2026-08-14,4009,VNDB3CC361241,110628,42280
2026-08-14,4011,VND65DE8A4375,S18974,82000
2026-08-14,4011,VND65DE8A4375,S18975,123000
2026-08-14,4011,VND65DE8A4375,S19011,133200
2026-08-14,4012,VNDE0724E5396,6724259,1682219
2026-08-14,4013,VND6AD757379B,LA61-00713585,7002
2026-08-14,4015,VND0F82AF1081,6062822420,-10107
2026-08-14,4015,VND0F82AF1081,6069820759,75901
2026-08-14,4015,VND0F82AF1081,6069820760,822
2026-08-14,4015,VND0F82AF1081,606989673,10194
2026-08-14,4021,VND8AA7C5834A,9023262125,7165
2026-08-14,4021,VND8AA7C5834A,9030326772,666402
2026-08-14,4021,VND8AA7C5834A,9031795058,35092
2026-08-14,4022,VND5696B5D7DE,98463386,33046
2026-08-14,4023,VND3202C9608E,0820-002244039,13866
2026-08-14,4024,VND23360FB697,01005826-001 08/26,1477
2026-08-14,4024,VND23360FB697,08050759-002 08/26,2672
2026-08-14,4025,VND23360FB697,04038773-005 0826,12099
2026-08-14,4026,VNDFEB45412C5,21470400-000 07/26,162409
2026-08-14,4026,VNDFEB45412C5,21473650-000 07/26,2098
2026-08-14,4027,VNDA9B2BB2688,MAY26 UNDERAGE DRINK,18480
2026-08-14,4029,VNDB41C7DE31B,0015711067851201 726,11999
2026-08-14,4029,VNDB41C7DE31B,001571107087930 0826,62592
2026-08-14,4029,VNDB41C7DE31B,0015711070879301 726,62591
2026-08-14,4029,VNDB41C7DE31B,0015711082774601 826,15500
2026-08-14,4029,VNDB41C7DE31B,0015713090559301 826,14304
2026-08-14,4029,VNDB41C7DE31B,015711067895601 0726,29254
2026-08-14,4029,VNDB41C7DE31B,015711083580301 0726,7284
2026-08-14,4030,VNDB41C7DE31B,0015711079536903 726,9494
2026-08-14,4031,VND506093857D,B7273467,125356
2026-08-14,4031,VND506093857D,B7274078,26547
2026-08-14,4031,VND506093857D,B7278596,15948
2026-08-14,4031,VND506093857D,B7278605,15948
2026-08-14,4031,VND506093857D,B7278951,91601
2026-08-14,4031,VND506093857D,B7284233,21435
2026-08-14,4031,VND506093857D,B7284449,70011
2026-08-14,4031,VND506093857D,B7284472,8574
2026-08-14,4031,VND506093857D,M229531,69012
2026-08-14,4031,VND506093857D,M229532,14697
2026-08-14,4031,VND506093857D,M229566,7935
2026-08-14,4032,VNDAFDD731C79,92202,437400
2026-08-14,4033,VNDAFDD731C79,92201,512200
2026-08-14,4036,VNDE53A84EBC0,3999-8TR,200000
2026-08-14,4038,VND89370A1512,4178612,39000
2026-08-14,4039,VND091D0AAA42,42702700,23456
2026-08-14,4039,VND091D0AAA42,42707642,23933
2026-08-14,4041,VND806C087F78,1668,458736
2026-08-14,4043,VND6DFE713957,910018842,44000
2026-08-14,4043,VND6DFE713957,910018887,55000
2026-08-14,4043,VND6DFE713957,910018913,3993000
2026-08-14,4044,VND63FC3F64CF,491537,167152
2026-08-14,4044,VND63FC3F64CF,491755,38314
2026-08-14,4044,VND63FC3F64CF,491969,489300
2026-08-14,4044,VND63FC3F64CF,492233,18835
2026-08-14,4044,VND63FC3F64CF,492271,8744
2026-08-14,4044,VND63FC3F64CF,492531,47888
2026-08-14,4045,VND9593FDD8B3,26030,32000
2026-08-14,4046,VND9593FDD8B3,26050,28000
2026-08-14,4047,VND1CDC5A7959,010118133748602 0626,20436
2026-08-14,4047,VND1CDC5A7959,010118133748602 0726,40362
2026-08-14,4048,VNDA23FFF84E8,020201625002001 0826,16263
2026-08-14,4049,VNDB6E53E1B51,22690,22800
2026-08-14,4050,VND192E49B381,PayApp006-June2026,1689596
2026-08-14,4051,VNDF6F6D7C9DA,62072,49419
2026-08-14,4052,VND3CD67BC8E6,5142139-6,50000
2026-08-14,4053,VND3CD67BC8E6,5142130-7,50000
2026-08-14,4054,VND3CD67BC8E6,5142433-7,50000
2026-08-14,4054,VND3CD67BC8E6,514248-7,50000
2026-08-14,4055,VND2107EBF7A3,478477,179600
2026-08-14,4056,VND5ECE206ED8,56373,49457
2026-08-14,4056,VND5ECE206ED8,56374,40214
2026-08-14,4057,VNDFF4D34EB3D,56358,30635
2026-08-14,4057,VNDFF4D34EB3D,56359,248313
2026-08-14,4057,VNDFF4D34EB3D,56360,181765
2026-08-14,4058,VND10F903DFB4,1164730,267216
2026-08-14,4058,VND10F903DFB4,1164731,13398
2026-08-14,4059,VND9C38D74E0D,3830-M,120000
2026-08-14,4060,VND4EAEDD6122,8167-26,16000
2026-08-14,4061,VND4EAEDD6122,8163-26,28000
2026-08-14,4062,VND4EAEDD6122,8164-26,4000
2026-08-14,4063,VND4EAEDD6122,8176-26,28000
2026-08-14,4064,VND4EAEDD6122,8173-26,8000
2026-08-14,4065,VND4EAEDD6122,8175-26,4000
2026-08-14,4066,VND4EAEDD6122,8177-26,8000
2026-08-14,4067,VND4EAEDD6122,8181-26,8000
2026-08-14,4068,VNDE912884409,#2026_LA_EBRPL_SUB,299000
2026-08-14,4069,VND5938F1A715,019846,439327
2026-08-14,4070,VND76E4287B83,K7263725T,7041
2026-08-14,4071,VND80CE0C763F,844410,208000
2026-08-14,4072,VND7318C7CBBA,26547,8000
2026-08-14,4073,VNDC6BA0E6FB6,314692,39500
2026-08-14,4076,VND826B4CA36B,081526NH,245833
2026-08-14,4077,VNDA686782810,826-827,269370
2026-08-14,4078,VNDB0DE02BD22,562819,3811
2026-08-14,4078,VNDB0DE02BD22,562820,1250
2026-08-14,4078,VNDB0DE02BD22,562882,2281
2026-08-14,4078,VNDB0DE02BD22,562905,3663
2026-08-14,4079,VNDB0DE02BD22,2147284095-7/2026,4169
2026-08-14,4080,VNDB0DE02BD22,2147284097-7/2026,47700
2026-08-14,4081,VNDB0DE02BD22,2147284114-7/2026,83537
2026-08-14,4082,VNDB0DE02BD22,2147284118-7/2026,66017
2026-08-14,4083,VND4A591C435A,2714,58290
2026-08-14,4083,VND4A591C435A,2715,34468
2026-08-14,4083,VND4A591C435A,2717,84220
2026-08-14,4083,VND4A591C435A,2722,51124
2026-08-14,4084,VNDD6728F5D71,SI1056701,3228199
2026-08-14,4085,VND4106D61AB9,1749,1245000
2026-08-14,4086,VNDFCAA05BE54,3117,194300
2026-08-14,4087,VND42D869B48C,15152,9500
2026-08-14,4088,VND8A44B50AF9,I18514259,116944
2026-08-14,4089,VNDC5D5A8B4CF,70021181,350000
2026-08-14,4089,VNDC5D5A8B4CF,NO. 70020911,2100000
2026-08-14,4090,VND506324D997,10713217,11980
2026-08-14,4091,VNDA0B5230414,8264,98500
2026-08-14,4092,VNDCEF95AC0D5,314955,6000
2026-08-14,4093,VND5D2F7D94EE,544267,19006
2026-08-14,4093,VND5D2F7D94EE,544341,102154
2026-08-14,4094,VNDE2858FE561,1536,4678000
2026-08-14,4095,VNDE331FA738C,PAY APP# 8,10459361
2026-08-14,4096,VND21EEA50901,12476,45000
2026-08-14,4097,VNDF0780E0388,Draw 487,324000
2026-08-14,4098,VND55D8A7F03D,821031202-8/26,4607
2026-08-14,4099,VND91721D3854,191262876018,7124
2026-08-14,4099,VND91721D3854,349164549320,8385
2026-08-14,4099,VND91721D3854,377369541192,6210
2026-08-14,4099,VND91721D3854,955909556079,3468
2026-08-14,4099,VND91721D3854,998930016486,7471
2026-08-14,4100,VND0114ABB233,6/29/26-7/26/26,2931000
2026-08-14,4101,VNDCC3D00E44A,6-15-30-26,18000
2026-08-14,4102,VNDCC3D00E44A,07-01-14-2026,39000
2026-08-14,4103,VNDCC3D00E44A,07-15-30-26,57000
2026-08-14,4104,VNDDE319DADE7,0107399735-8/26,151100
2026-08-14,4134,VND08C636DE10,SC-2026-0720-001,150000
2026-08-14,7404,VND6419D861E2,13486621803,11864
2026-08-14,7404,VND6419D861E2,7704612888,33098
2026-08-14,7404,VND6419D861E2,7704621231,30288
2026-08-14,7405,VND871C0D59DE,10880909094,245482
2026-08-14,7406,VND3202C9608E,0820-002247822A,300133753
2026-08-14,7406,VND3202C9608E,0820-002247822C,1189350
2026-08-14,7406,VND3202C9608E,0820-002247824,91112175
2026-08-14,7407,VNDFD347103B9,9885302461,74400
2026-08-14,7408,VNDB6D062A110,2026-08,90000
2026-08-14,7409,VNDA9434CCE70,Pay App 033 - May 26,14447718
2026-08-14,7410,VNDC7E2813118,Pay App 5 (MAY 2026),34414291
2026-08-14,7411,VND45769F3877,CIN470035515,1906968
2026-08-14,7411,VND45769F3877,CIN470035516,1953882
2026-08-14,7411,VND45769F3877,CIN470035517,1926850
2026-08-14,7411,VND45769F3877,CIN470035518,1958000
2026-08-14,7411,VND45769F3877,CIN470035519,960498
2026-08-14,7411,VND45769F3877,CIN470035520,3970800
2026-08-14,7411,VND45769F3877,CIN470036138,979000
2026-08-14,7411,VND45769F3877,CIN470036139,911360
2026-08-14,7411,VND45769F3877,CIN470036141,1952748
2026-08-14,7411,VND45769F3877,CIN470036142,1926850
2026-08-14,7412,VND9482CE1F7B,6141010311,38325
2026-08-14,7412,VND9482CE1F7B,6146038596,38329
2026-08-14,7412,VND9482CE1F7B,6148544725,38333
2026-08-14,7412,VND9482CE1F7B,6149418699,8002
2026-08-14,7413,VND095DF5B5D5,INUS200241,436200
2026-08-14,7414,VND7A343D77D6,#32349,85000
2026-08-14,7415,VND4AA16F0AA6,76497 & catch up Sou,16669176
2026-08-14,7416,VNDFE8318EED5,32782,760000
2026-08-14,7417,VND77BA284042,81931,50000
2026-08-14,7418,VND9E89084FD6,JULY2026,318681
2026-08-14,7419,VNDC3D6FED9D4,2112,98500
2026-08-14,7420,VND147A10411B,9992.74,999274
2026-08-14,7421,VND102D6D0EC6,PAY APP 001 8.4.26,40150
2026-08-14,7421,VND102D6D0EC6,PAY APP 002 8.4.26,220625
2026-08-14,7422,VND444B5F3D5E,2608118,512500
2026-08-14,7423,VNDFF5B3DDCEC,PAY APP# 8,11166700
2026-08-14,7424,VND2308B621FA,EBRPSA072026,289800
2026-08-14,7425,VNDB21935E142,2112,6492300
2026-08-14,7425,VNDB21935E142,2113,140200
2026-08-14,7425,VNDB21935E142,2114,1668800
2026-08-14,7426,VNDDC2DA6C913,1182,490000
2026-08-14,7427,VNDB4E9DE27B3,BATROU04-07,107045808
2026-08-14,7428,VND162CA25F89,8-3-8-7-26,102083
2026-08-14,7429,VNDCC2EC04146,062026,570000
2026-08-14,7430,VNDC99E9541BE,1174755,1212908
2026-08-18,4135,VND1D7F5E06ED,W934495,131686
2026-08-18,4136,VNDD4A7038084,592428,23246
2026-08-18,4137,VND7C59DB9399,133777,3990
2026-08-18,4138,VNDBA5885C4A6,58221,19950
2026-08-18,4139,VNDF4E4AE3EE5,BCOSTON08132026,200000
2026-08-18,4140,VNDAD371834F3,404214,6900
2026-08-18,4140,VNDAD371834F3,404633,6900
2026-08-18,4140,VNDAD371834F3,404634,6900
2026-08-18,4140,VNDAD371834F3,404635,6900
2026-08-18,4140,VNDAD371834F3,404636,6900
2026-08-18,4140,VNDAD371834F3,404637,6900
2026-08-18,4140,VNDAD371834F3,404638,6900
2026-08-18,4140,VNDAD371834F3,404639,6900
2026-08-18,4140,VNDAD371834F3,404640,6900
2026-08-18,4140,VNDAD371834F3,405644,18000
2026-08-18,4141,VND608BF9B3D8,196604,195981
2026-08-18,4141,VND608BF9B3D8,198842,137242
2026-08-18,4141,VND608BF9B3D8,199887,146080
2026-08-18,4141,VND608BF9B3D8,199902,64357
2026-08-18,4141,VND608BF9B3D8,199981,44636
2026-08-18,4142,VND1D7ED300B3,154197,48638
2026-08-18,4144,VNDAD0128DBE2,105893,167919
2026-08-18,4145,VNDE1C2E78ED6,07-07-26 TO 08-05-26,53278
2026-08-18,4146,VND194891F3F9,01505944,10902
2026-08-18,4147,VND3D57A41404,527449,154950
2026-08-18,4151,VND0E9273449A,4277994561,7550
2026-08-18,4151,VND0E9273449A,4278496689,27503
2026-08-18,4151,VND0E9273449A,4278899937,39969
2026-08-18,4152,VND0E9273449A,5330054908,753
2026-08-18,4152,VND0E9273449A,5336692806,753
2026-08-18,4152,VND0E9273449A,5341955007,753
2026-08-18,4152,VND0E9273449A,5346308107,753
2026-08-18,4152,VND0E9273449A,5351517101,2239
2026-08-18,4153,VND1F4B20B584,PI75046,93520
2026-08-18,4154,VND2FE679EDE1,5526566277,31450
2026-08-18,4154,VND2FE679EDE1,9174350059,4750
2026-08-18,4155,VNDD45A5AF0C4,87502,310000
2026-08-18,4155,VNDD45A5AF0C4,87503,397500
2026-08-18,4158,VND312B4066D7,INV 3277274,62733
2026-08-18,4159,VNDB9A7F6729B,33328,82839
2026-08-18,4160,VND1A210BC621,404000093.0 726,1560
2026-08-18,4161,VNDA3AB86727E,1511805-,612500
2026-08-18,4162,VND314D47574B,145008661835,532
2026-08-18,4162,VND314D47574B,40010438521,35891
2026-08-18,4162,VND314D47574B,65009275016,86887
2026-08-18,4163,VND314D47574B,197850993-8/26,24804
2026-08-18,4164,VND314D47574B,32355315-8/26,18062
2026-08-18,4165,VND314D47574B,123866998-8/26,19879
2026-08-18,4166,VND314D47574B,184346617-8/26,26724
2026-08-18,4167,VND314D47574B,193831633-8/26,43990
2026-08-18,4168,VND314D47574B,211872031-8/26,19820
2026-08-18,4169,VND314D47574B,213038482-8/26,69320
2026-08-18,4170,VND62F41E7792,15092284,70457
2026-08-18,4171,VNDEC085E77FB,1913101032012,32930
2026-08-18,4171,VNDEC085E77FB,1913101032013,98790
2026-08-18,4172,VNDB942A041AE,249992,2840
2026-08-18,4173,VND27425B6C62,118207205,475500
2026-08-18,4173,VND27425B6C62,118494506,150000
2026-08-18,4175,VND65DE8A4375,S19012,214900
2026-08-18,4175,VND65DE8A4375,S19053,96800
2026-08-18,4175,VND65DE8A4375,S19054,88200
2026-08-18,4176,VNDB24DE3A5F3,57284682,8352010
2026-08-18,4178,VND0F82AF1081,6068832867,77229
2026-08-18,4178,VND0F82AF1081,6069889263,61701
2026-08-18,4178,VND0F82AF1081,6071007882,2076
2026-08-18,4178,VND0F82AF1081,6071007883,28022
2026-08-18,4179,VND0F82AF1081,6070756333,8290
2026-08-18,4180,VND83E25B6DDA,0413944,14085
2026-08-18,4181,VND0D186B42D7,358579707,220000
2026-08-18,4185,VND99B73FD074,340815,3970000
2026-08-18,4185,VND99B73FD074,341685.P1,1030000
2026-08-18,4186,VNDEE92605660,0040329924,18747
2026-08-18,4186,VNDEE92605660,0040329925,701
2026-08-18,4186,VNDEE92605660,0040329927,18783
2026-08-18,4186,VNDEE92605660,0040329930,6938
2026-08-18,4186,VNDEE92605660,0040329931,1390
2026-08-18,4186,VNDEE92605660,0040329932,2079
2026-08-18,4186,VNDEE92605660,0040329933,11096
2026-08-18,4187,VNDAD36288E2C,1286934,7600
2026-08-18,4187,VNDAD36288E2C,1287016,76354
2026-08-18,4187,VNDAD36288E2C,1287017,52218
2026-08-18,4189,VND8AA7C5834A,9021510749,109335
2026-08-18,4189,VND8AA7C5834A,9024681505,13641
2026-08-18,4190,VND6A8F32B4F0,2-597-23424,1883
2026-08-18,4190,VND6A8F32B4F0,942018238,750
2026-08-18,4191,VND13E76BDE84,529-81638485,109900
2026-08-18,4192,VND09E9FBF696,66381.GR.JULY26,1848840
2026-08-18,4193,VND729BE9E42E,EBRARP-12,3159175
2026-08-18,4194,VNDB41C7DE31B,0015711068948001 826,288936
2026-08-18,4194,VNDB41C7DE31B,0015711072008607 726,275000
2026-08-18,4194,VNDB41C7DE31B,0015711075823101 726,117581
2026-08-18,4194,VNDB41C7DE31B,0015711084797101 826,55000
2026-08-18,4194,VNDB41C7DE31B,0025711084872401 826,175828
2026-08-18,4195,VNDB41C7DE31B,083532601 08,101200
2026-08-18,4196,VNDA969688F84,NO. 17,1947597
2026-08-18,4197,VNDA969688F84,36145409,803818
2026-08-18,4198,VNDC9813A6861,904303009,23486
2026-08-18,4198,VNDC9813A6861,904304517,19760
2026-08-18,4199,VNDB8276D8D20,07160731202651,227265
2026-08-18,4200,VNDB08E066BB4,TAG-CN16,7650
2026-08-18,4202,VND01508B6F9B,0000706715316,3470
2026-08-18,4203,VND8F200F3D33,86296847,13690
2026-08-18,4204,VND9B57336C00,206856,527400
2026-08-18,4204,VND9B57336C00,206857,50000
2026-08-18,4205,VND4F67A130AA,0625-264266,3198
2026-08-18,4205,VND4F67A130AA,0625-264503,4794
2026-08-18,4205,VND4F67A130AA,0625-265563,9083
2026-08-18,4205,VND4F67A130AA,0625-265582,9660
2026-08-18,4205,VND4F67A130AA,0625-265778,26775
2026-08-18,4205,VND4F67A130AA,0625-265786,2399
2026-08-18,4205,VND4F67A130AA,0625-265796,100
2026-08-18,4205,VND4F67A130AA,0625-266048,111954
2026-08-18,4205,VND4F67A130AA,0625-266049,5348
2026-08-18,4205,VND4F67A130AA,0625-266054,13906
2026-08-18,4205,VND4F67A130AA,0625-266112,34838
2026-08-18,4205,VND4F67A130AA,0625-266119,3159
2026-08-18,4205,VND4F67A130AA,0625-266137,25323
2026-08-18,4205,VND4F67A130AA,0625-266220,3004
2026-08-18,4205,VND4F67A130AA,0625-266293,24204
2026-08-18,4205,VND4F67A130AA,0625-266299,23664
2026-08-18,4205,VND4F67A130AA,0625-266312,5022
2026-08-18,4205,VND4F67A130AA,0625-266463,12010
2026-08-18,4206,VNDCC4DC3E43C,210000797737,190340
2026-08-18,4207,VNDC6FEA6D9A6,22409257,227421
2026-08-18,4207,VNDC6FEA6D9A6,990635805,329800
2026-08-18,4208,VNDC7E4CC4722,242,55699
2026-08-18,4208,VNDC7E4CC4722,248,347257
2026-08-18,4208,VNDC7E4CC4722,268/271,168000
2026-08-18,4209,VND63770D2957,1002,50000
2026-08-18,4210,VND6A219FA212,AR20204,4045577
2026-08-18,4211,VND433C3F329B,C30689,110399
2026-08-18,4212,VND66205EC106,49693159,27128
2026-08-18,4212,VND66205EC106,49735095,22524
2026-08-18,4212,VND66205EC106,49751508,35909
2026-08-18,4212,VND66205EC106,49769161,7403
2026-08-18,4212,VND66205EC106,49769526,1160
2026-08-18,4212,VND66205EC106,49770594,35297
2026-08-18,4216,VND9C38D74E0D,173681-R,225000
2026-08-18,4216,VND9C38D74E0D,3827-M,871000
2026-08-18,4217,VNDA3D6DA1092,AUGUST 1ST HALF 2026,866665
2026-08-18,4218,VND601C52D42C,3118,151100
2026-08-18,4219,VND89370A1512,2370352,53625
2026-08-18,4219,VND89370A1512,4174204,604
2026-08-18,4219,VND89370A1512,4175729,2879
2026-08-18,4219,VND89370A1512,4178041,1904
2026-08-18,4219,VND89370A1512,4178794,14734
2026-08-18,4219,VND89370A1512,4179090,37500
2026-08-18,4220,VND21A3B8AD24,17182,110000
2026-08-18,4221,VND091D0AAA42,42702664,4978
2026-08-18,4222,VND091D0AAA42,42702678,21751
2026-08-18,4223,VND44D252EA0A,69412,350800
2026-08-18,4224,VNDC784BA22B7,104713320,90779
2026-08-18,4224,VNDC784BA22B7,104727475,59330
2026-08-18,4226,VND2C797EC2E1,00208757948,34660
2026-08-18,4227,VND204E35F960,1740-00029-0006,268000
2026-08-18,4228,VNDDB8E0D5288,215453F,34320
2026-08-18,4229,VNDA65C2F3510,5526560894,51040
2026-08-18,4230,VND9C38D74E0D,3794-M,340000
2026-08-18,4230,VND9C38D74E0D,3829-M,387000
2026-08-18,4233,VNDD20D7F3048,2052093,400200
2026-08-18,4233,VNDD20D7F3048,2054499,4374360
2026-08-18,4234,VND684C9F2E6A,ARIV1031013,46300
2026-08-18,4235,VND684C9F2E6A,3887,206000
2026-08-18,4235,VND684C9F2E6A,3891,523420
2026-08-18,4235,VND684C9F2E6A,3892,2222100
2026-08-18,4235,VND684C9F2E6A,3894,66000
2026-08-18,4236,VNDEE0965BE5B,07022026,243500
2026-08-18,4237,VND3AAB7BB3E5,400669,32600
2026-08-18,4237,VND3AAB7BB3E5,8551,13870
2026-08-18,4237,VND3AAB7BB3E5,8795,38400
2026-08-18,4237,VND3AAB7BB3E5,8805,18595
2026-08-18,4239,VND324ABD3BF8,260526.038A,599500
2026-08-18,4240,VNDCF0FD8E995,20262054-417,112329
2026-08-18,4241,VND843CDACF9C,I26013903,28700
2026-08-18,4242,VND514BD94314,105663,84374
2026-08-18,4243,VND83EB49AFC7,2026-414,10000
2026-08-18,4244,VND63FC3F64CF,491554,9272
2026-08-18,4244,VND63FC3F64CF,492084,15708
2026-08-18,4244,VND63FC3F64CF,492431,6643
2026-08-18,4244,VND63FC3F64CF,492433,6643
2026-08-18,4244,VND63FC3F64CF,492434,6643
2026-08-18,4244,VND63FC3F64CF,492521,3297
2026-08-18,4244,VND63FC3F64CF,492797,1757
2026-08-18,4244,VND63FC3F64CF,492817,23032
2026-08-18,4244,VND63FC3F64CF,493120,2372
2026-08-18,4245,VND732FC446A2,883246511,5496
2026-08-18,4246,VND1CDC5A7959,010101600116701 0826,5540
2026-08-18,4247,VND1CDC5A7959,010101600009803 826,4451
2026-08-18,4247,VND1CDC5A7959,010101600021102 826,5817
2026-08-18,4247,VND1CDC5A7959,010101600021501 0826,2500
2026-08-18,4247,VND1CDC5A7959,010101600046301 0826,4240
2026-08-18,4247,VND1CDC5A7959,010101600058401 0826,5817
2026-08-18,4247,VND1CDC5A7959,010101600058501 0826,2625
2026-08-18,4247,VND1CDC5A7959,010101600072901 0826,4240
2026-08-18,4247,VND1CDC5A7959,010101600075301 826,4452
2026-08-18,4247,VND1CDC5A7959,010101600105501 0826,4240
2026-08-18,4247,VND1CDC5A7959,010101600115301 826,4452
2026-08-18,4247,VND1CDC5A7959,010101600124601 826,5817
2026-08-18,4247,VND1CDC5A7959,010101600154101 826,5817
2026-08-18,4247,VND1CDC5A7959,010101600173101 0826,4452
2026-08-18,4247,VND1CDC5A7959,010101600176501 0826,17500
2026-08-18,4247,VND1CDC5A7959,010101600179602 0826,4240
2026-08-18,4247,VND1CDC5A7959,010101600191101 826,4452
2026-08-18,4247,VND1CDC5A7959,010101600552005 826,4441
2026-08-18,4247,VND1CDC5A7959,010101621001001 0826,4308
2026-08-18,4247,VND1CDC5A7959,010101621001101 0826,13181
2026-08-18,4247,VND1CDC5A7959,010101621001301 0826,4311
2026-08-18,4247,VND1CDC5A7959,010101621001401 0826,8477
2026-08-18,4247,VND1CDC5A7959,010101621001501 0826,14994
2026-08-18,4247,VND1CDC5A7959,010101621001601 0826,4301
2026-08-18,4247,VND1CDC5A7959,010101621002102 0826,14384
2026-08-18,4247,VND1CDC5A7959,010101621002202 0826,18605
2026-08-18,4247,VND1CDC5A7959,010101621002702 0826,13627
2026-08-18,4247,VND1CDC5A7959,010101621003301 0826,16025
2026-08-18,4247,VND1CDC5A7959,010101621003502 0826,33668
2026-08-18,4247,VND1CDC5A7959,010101621003701 0826,4923
2026-08-18,4247,VND1CDC5A7959,010101621004002 0826,8857
2026-08-18,4247,VND1CDC5A7959,010101621004601 0826,6336
2026-08-18,4247,VND1CDC5A7959,010101621004701 0826,3017
2026-08-18,4247,VND1CDC5A7959,010101621005401 0826,9892
2026-08-18,4247,VND1CDC5A7959,010101621006101 0826,3017
2026-08-18,4247,VND1CDC5A7959,010101621006401 0826,9353
2026-08-18,4247,VND1CDC5A7959,010101621008601 0826,4041012
2026-08-18,4247,VND1CDC5A7959,010101626000201 0826,5540
2026-08-18,4247,VND1CDC5A7959,010101626000301 0826,4240
2026-08-18,4247,VND1CDC5A7959,010101704300003 0826,4757
2026-08-18,4247,VND1CDC5A7959,010101705086302 0826,1180
2026-08-18,4247,VND1CDC5A7959,010101705116702 0826,1234
2026-08-18,4247,VND1CDC5A7959,010120146018602 0726,1234
2026-08-18,4247,VND1CDC5A7959,010120201055701 0726,1234
2026-08-18,4247,VND1CDC5A7959,010120407036901 0726,1241
2026-08-18,4247,VND1CDC5A7959,010120407045502 0726,1288
2026-08-18,4247,VND1CDC5A7959,010120408099801 0726,1234
2026-08-18,4247,VND1CDC5A7959,010120408105501 0726,19727
2026-08-18,4247,VND1CDC5A7959,010120431026202 0726,1234
2026-08-18,4247,VND1CDC5A7959,010120431027802 0726,1234
2026-08-18,4247,VND1CDC5A7959,010120437075702 0726,1288
2026-08-18,4247,VND1CDC5A7959,010120437083603 0726,1180
2026-08-18,4247,VND1CDC5A7959,010120437120402 0726,3309
2026-08-18,4247,VND1CDC5A7959,010120437122802 0726,3017
2026-08-18,4247,VND1CDC5A7959,010120439028302 0726,1234
2026-08-18,4247,VND1CDC5A7959,010120443064202 0726,3017
2026-08-18,4247,VND1CDC5A7959,010120444012102 0726,1234
2026-08-18,4247,VND1CDC5A7959,010120451001502 0726,1256
2026-08-18,4247,VND1CDC5A7959,010120718003902 0726,1288
2026-08-18,4247,VND1CDC5A7959,010121323043002 0726,1180
2026-08-18,4247,VND1CDC5A7959,010121406067401 0726,305085
2026-08-18,4247,VND1CDC5A7959,010121411070602 0726,3017
2026-08-18,4247,VND1CDC5A7959,010121415046002 726,15391
2026-08-18,4247,VND1CDC5A7959,010121421143801 0726,1180
2026-08-18,4247,VND1CDC5A7959,010121441002402 0726,1180
2026-08-18,4247,VND1CDC5A7959,010121441091402 0726,1180
2026-08-18,4247,VND1CDC5A7959,010121441106202 0726,1183
2026-08-18,4247,VND1CDC5A7959,010121441183202 0726,1180
2026-08-18,4248,VND1CDC5A7959,020201012091014-8/26,17749
2026-08-18,4249,VNDA23FFF84E8,07-07-26 TO 08-05-26,1305
2026-08-18,4250,VNDA23FFF84E8,020201004005602 0826,1632
2026-08-18,4250,VNDA23FFF84E8,020201004007002 0826,1632
2026-08-18,4250,VNDA23FFF84E8,020201004010002 0826,1632
2026-08-18,4250,VNDA23FFF84E8,020201011000402 0826,1632
2026-08-18,4250,VNDA23FFF84E8,020201029006302 0826,1559
2026-08-18,4250,VNDA23FFF84E8,020201625000101 0826,15846
2026-08-18,4250,VNDA23FFF84E8,020201625000401 0826,20016
2026-08-18,4251,VND0E781B1546,7034974358,39124
2026-08-18,4251,VND0E781B1546,7034974359,348436
2026-08-18,4252,VND8653E1AC1D,SI729633,148328
2026-08-18,4252,VND8653E1AC1D,SI731440,55000
2026-08-18,4253,VNDF384EA7B9B,509230814,86490
2026-08-18,4253,VNDF384EA7B9B,509230815,56890
2026-08-18,4253,VNDF384EA7B9B,509230817,192903
2026-08-18,4253,VNDF384EA7B9B,509230818,119481
2026-08-18,4253,VNDF384EA7B9B,509235960,306350
2026-08-18,4253,VNDF384EA7B9B,50923816,209422
2026-08-18,4253,VNDF384EA7B9B,50923819,80655
2026-08-18,4254,VNDD08FEC291D,3123,170000
2026-08-18,4255,VNDF1D7164620,1316957,692900
2026-08-18,4255,VNDF1D7164620,1316958,8600
2026-08-18,4256,VNDE745A90617,202607,50000
2026-08-18,4257,VND6F360E2F72,5155621640037,15100
2026-08-18,4259,VNDBF03672E55,162598,60000
2026-08-18,4260,VND42EFDCDA16,2872892884X062026,40608
2026-08-18,4260,VND42EFDCDA16,2872892884X072026,40628
2026-08-18,4260,VND42EFDCDA16,287298556366X072026,64132
2026-08-18,4260,VND42EFDCDA16,820710836X07252026,63301
2026-08-18,4260,VND42EFDCDA16,823146463X072526,27702
2026-08-18,4261,VND11621ABC9D,1980864-1,5865
2026-08-18,4261,VND11621ABC9D,1980866/1,21850
2026-08-18,4262,VND7BC88FF2A0,395332BTR,68250
2026-08-18,4263,VND3381FE26A4,265611439-001,71457
2026-08-18,4263,VND3381FE26A4,265611451-001,172914
2026-08-18,4266,VNDA92A286944,538652,115128
2026-08-18,4267,VND640FA7A548,15292670,238221
2026-08-18,4268,VND0D496C63AF,130036,49850
2026-08-18,4269,VND40B6AAFB31,3119,151100
2026-08-18,4271,VNDF6F6D7C9DA,61870,10718
2026-08-18,4272,VND834CFEAF14,13607990,5900
2026-08-18,4272,VND834CFEAF14,2308459,8416
2026-08-18,4273,VND8DFC3F847E,030330,3070000
2026-08-18,4274,VNDF78A7E327D,G094596,103332
2026-08-18,4275,VND5DE1CB3A07,14181697,54324
2026-08-18,4277,VND2107EBF7A3,14204,14710
2026-08-18,4278,VNDA13E5227A8,3392,367500
2026-08-18,4279,VND5CBDCF39D4,07BLC-2026,55125
2026-08-18,4279,VND5CBDCF39D4,07RL-2026,105000
2026-08-18,4280,VND5137AE0102,31881.P1,50117
2026-08-18,4281,VND810814517B,7458,49150
2026-08-18,4283,VND933DE78474,623364817,158482
2026-08-18,4284,VND5CDD43A810,374,365625
2026-08-18,4285,VND60AA5B8F17,58672,41867
2026-08-18,4285,VND60AA5B8F17,58675,86000
2026-08-18,4286,VND74806275E2,17732,17000
2026-08-18,4287,VNDAF0E6FF656,107724,39131
2026-08-18,4289,VND2F494BD8EA,9606,122980
2026-08-18,4291,VNDA19A313B5F,2026-07,70000
2026-08-18,4292,VND3B293919C3,0570411,115845
2026-08-18,4292,VND3B293919C3,9909544,32054
2026-08-18,4293,VND0A7560FDE5,N22005705726203,621450
2026-08-18,4295,VND5F7CD0BCD8,0197187,8445
2026-08-18,4295,VND5F7CD0BCD8,0199906,-3865
2026-08-18,4295,VND5F7CD0BCD8,1200189,72438
2026-08-18,4296,VNDC1B4990CC4,24394,98000
2026-08-18,4296,VNDC1B4990CC4,24434,90000
2026-08-18,4296,VNDC1B4990CC4,24435,200500
2026-08-18,4296,VNDC1B4990CC4,24468,238500
2026-08-18,4296,VNDC1B4990CC4,24479,192500
2026-08-18,4296,VNDC1B4990CC4,24566,74000
2026-08-18,4297,VND0B19C534A3,7-2026EBR,20000
2026-08-18,4298,VND970F66CFF5,6658,6630000
2026-08-18,4299,VNDF180AEED4D,32996,275600
2026-08-18,4300,VND69DFA54E4A,CF2-0832A,45000
2026-08-18,4301,VND9C38D74E0D,173242-R,203205
2026-08-18,4302,VND37A077D923,27CE-016,21458333
2026-08-18,4302,VND37A077D923,27CE-017,2816667
2026-08-18,4303,VND2389DF337C,PayApp 120,4766226
2026-08-18,4304,VND2389DF337C,34-8308,3237533
2026-08-18,4305,VND2E80F86067,4773221-202607-1,10000
2026-08-18,4306,VND9EBDF1C255,081526,500000
2026-08-18,4307,VND9EBDF1C255,081526.1,6000
2026-08-18,4309,VND92122B03AD,LMCKNEELY08062026,5100
2026-08-18,4310,VNDE495C7BA81,202924,713482
2026-08-18,4310,VNDE495C7BA81,203107,717213
2026-08-18,4310,VNDE495C7BA81,203217,629104
2026-08-18,4310,VNDE495C7BA81,203374,714056
2026-08-18,4310,VNDE495C7BA81,203394,717213
2026-08-18,4311,VNDA2FAB02326,32606913,1052108
2026-08-18,4312,VND777AAA6B69,16NV-PQNR-JF73,5679
2026-08-18,4312,VND777AAA6B69,19JM-W7K6-GMJX,11998
2026-08-18,4312,VND777AAA6B69,1C73-6RTL-NNRR,6890
2026-08-18,4312,VND777AAA6B69,1DHX-HCXC-VXNV,3159
2026-08-18,4312,VND777AAA6B69,1F64-Y7RV-GH7F,16829
2026-08-18,4312,VND777AAA6B69,1KN3-6MVR-134P,4999
2026-08-18,4312,VND777AAA6B69,1LXF-4J6P-HLVN,759
2026-08-18,4312,VND777AAA6B69,1MLP-9JWF-X94G-1,4999
2026-08-18,4312,VND777AAA6B69,1TMT-6L3C-46KR,3320
2026-08-18,4312,VND777AAA6B69,1XCT-VLNW-YDTK,1164
2026-08-18,4313,VNDF5E9F244A7,CEC26-138,430000
2026-08-18,4314,VNDEBC0FF3CE0,7592,40000
2026-08-18,4315,VND2399ADEB12,9366,1130400
2026-08-18,4316,VNDFE7BCFF82B,38063,451400
2026-08-18,4316,VNDFE7BCFF82B,38208,250335
2026-08-18,4316,VNDFE7BCFF82B,38220,181000
2026-08-18,4317,VND7318C7CBBA,25-BR-182740,17943
2026-08-18,4317,VND7318C7CBBA,26-AC-002886S,8814
2026-08-18,4317,VND7318C7CBBA,BR02353955,8815
2026-08-18,4317,VND7318C7CBBA,BR62411791,8814
2026-08-18,4318,VND28D84142E4,INV222050,17500
2026-08-18,4319,VND3609AD0A96,3086,116100
2026-08-18,4320,VND7E8AE069C0,INV346330,46500
2026-08-18,4322,VND9EB76744DC,409641713,1002240
2026-08-18,4322,VND9EB76744DC,409641714,162050
2026-08-18,4323,VND9AC5E84948,00001165-01-INV,398000
2026-08-18,4324,VND33F7253EB4,0804225843,253431
2026-08-18,4325,VND4DF7BD452F,SC-WM-NL-1901 6.2026,12340350
2026-08-18,4326,VND1F8232DFBF,26157,42100
2026-08-18,4327,VNDED3FEB667C,4687,1450000
2026-08-18,4328,VNDB0DE02BD22,2147284092-JULY 2026,3112
2026-08-18,4328,VNDB0DE02BD22,2147284108-JULY 2026,63480
2026-08-18,4328,VNDB0DE02BD22,557190,7500
2026-08-18,4328,VNDB0DE02BD22,560590,3120
2026-08-18,4328,VNDB0DE02BD22,560591,1706
2026-08-18,4328,VNDB0DE02BD22,560612,1702
2026-08-18,4328,VNDB0DE02BD22,560614,500
2026-08-18,4328,VNDB0DE02BD22,560640,500
2026-08-18,4328,VNDB0DE02BD22,560646,2563
2026-08-18,4328,VNDB0DE02BD22,560648,500
2026-08-18,4328,VNDB0DE02BD22,560650,2071
2026-08-18,4328,VNDB0DE02BD22,560672,2563
2026-08-18,4328,VNDB0DE02BD22,560674,500
2026-08-18,4328,VNDB0DE02BD22,560700,750
2026-08-18,4328,VNDB0DE02BD22,560701,3120
2026-08-18,4328,VNDB0DE02BD22,560703,1712
2026-08-18,4329,VNDB0DE02BD22,562871,3514
2026-08-18,4330,VND1CB091A602,7855,257875
2026-08-18,4331,VNDECDA52DDCD,2062,20000
2026-08-18,4332,VND2964BC09E9,618203,47381
2026-08-18,4334,VND66B18FF9CB,Q369568,799528
2026-08-18,4334,VND66B18FF9CB,Q369576,799528
2026-08-18,4334,VND66B18FF9CB,Q369581,599646
2026-08-18,4334,VND66B18FF9CB,Q370716,599646
2026-08-18,4334,VND66B18FF9CB,Q371577,499705
2026-08-18,4334,VND66B18FF9CB,Q371596,599646
2026-08-18,4335,VND587DA1941D,5286340,95200
2026-08-18,4336,VND2B8AAB0AB2,FW114477,231000
2026-08-18,4337,VND596B9D1989,89060,40000
2026-08-18,4339,VNDBC9794D4B5,1624,547560
2026-08-18,4340,VND880EB9064F,770083B,5118
2026-08-18,4340,VND880EB9064F,770410B,6276
2026-08-18,4340,VND880EB9064F,770596B,5118
2026-08-18,4340,VND880EB9064F,770827B,54483
2026-08-18,4341,VND7C93FB98E5,001041081,23547
2026-08-18,4342,VND730EBA646F,2026397,40500
2026-08-18,4342,VND730EBA646F,2026398,417050
2026-08-18,4343,VNDBFCBADDFC0,IW13977,31365
2026-08-18,4344,VND6AD5370148,160410579,15177
2026-08-18,4344,VND6AD5370148,160410580,10357
2026-08-18,4344,VND6AD5370148,160410581,15973
2026-08-18,4344,VND6AD5370148,160410582,16908
2026-08-18,4344,VND6AD5370148,160410583,11541
2026-08-18,4344,VND6AD5370148,160410584,14153
2026-08-18,4344,VND6AD5370148,160410585,15074
2026-08-18,4344,VND6AD5370148,160410586,10118
2026-08-18,4344,VND6AD5370148,160410587,15494
2026-08-18,4344,VND6AD5370148,160410588,14780
2026-08-18,4344,VND6AD5370148,161357617,10357
2026-08-18,4344,VND6AD5370148,161357618,15973
2026-08-18,4344,VND6AD5370148,161357619,16908
2026-08-18,4344,VND6AD5370148,161357620,11541
2026-08-18,4344,VND6AD5370148,161357621,14153
2026-08-18,4344,VND6AD5370148,161357622,15074
2026-08-18,4344,VND6AD5370148,161357623,10118
2026-08-18,4344,VND6AD5370148,161357624,15494
2026-08-18,4344,VND6AD5370148,161357625,14780
2026-08-18,4345,VND2E1DDE0282,17,343125
2026-08-18,4346,VND6DF20D240E,230157,488466
2026-08-18,4347,VND3694143347,MH2026EastBR071026,40000
2026-08-18,4348,VND6266E7A0DA,08/01-15/26,275000
2026-08-18,4349,VND9E4BEE408C,06-2026-02,2717385
2026-08-18,4349,VND9E4BEE408C,07-2026-02,3100485
2026-08-18,4350,VND2412072443,2018408365-8/26,151100
2026-08-18,4351,VNDF7FACDF303,3251,77500
2026-08-18,4353,VND04A1F8335B,1-21009,10690
2026-08-18,4354,VND3FC250BDCB,901,46910
2026-08-18,4355,VNDE8120B2984,7-26EBREMS,8460594
2026-08-18,4356,VNDA8F74A4BFF,2241525,42750
2026-08-18,4356,VNDA8F74A4BFF,2241528,2250
2026-08-18,4356,VNDA8F74A4BFF,224187,12750
2026-08-18,4358,VNDB3282381FA,3170,20000
2026-08-18,4359,VNDD142EF3A0D,EB08062026,10000
2026-08-18,4360,VND9B9E2DD02C,1001743-1178,1000
2026-08-18,4360,VND9B9E2DD02C,1007908-37053,7791
2026-08-18,4361,VND326FB124D8,6869,59250
2026-08-18,4361,VND326FB124D8,6990.P1,231450
2026-08-18,4362,VND13CF8000F9,7-23-8-6-26,300000
2026-08-18,4363,VNDE7BCA95F54,3114,92500
2026-08-18,4364,VNDE2DF7652B4,255572-8/26,151100
2026-08-18,4365,VND525A2A8236,300013875,9500
2026-08-18,4366,VND525A2A8236,300013874,9500
2026-08-18,4367,VNDD3D2C22B5A,1136,812400
2026-08-18,4368,VND0A22D86C61,1,2000000
2026-08-18,4369,VND6D49722B19,M4306,1945500
2026-08-18,4370,VND960ABB710F,5650,152044
2026-08-18,4371,VNDAABC37C256,12 August 2026,200000
2026-08-18,4371,VNDAABC37C256,260605,200000
2026-08-18,4372,VNDCBC7F24FB1,DTHOMAS08112026,5100
2026-08-18,4373,VNDCC3D00E44A,07-15-31-2026,78000
2026-08-18,4374,VNDC788E5FB36,Parcel 2-3-c-1,2057100
2026-08-18,4375,VND4E65E30E5C,44071,103090
2026-08-18,4477,VND6E8879BB31,PEBR4A260777MFD-0002,200000
2026-08-18,4478,VND6E8879BB31,PEBR4A260777MFD 0002,50000
2026-08-18,4479,VND6E8879BB31,PEBR4A260777MFD0002*,50000
2026-08-18,4480,VND6E8879BB31,PEBR4A260777MFD0002,200000
2026-08-18,4481,VND6E8879BB31,PEBR4A2608366NN-0001,37500
2026-08-18,4482,VND6E8879BB31,PEBR4A2607FG5RC-0001,42700
2026-08-18,4483,VND6E8879BB31,PEBR4A2607KMQWV0001,148983
2026-08-18,4484,VND6E8879BB31,PEBR4A2510PR4CB-0001,150000
2026-08-18,4485,VND6E8879BB31,PEBR4A2607675PD-0001,120018
2026-08-18,4486,VND764A6A6DEF,184192,12500
2026-08-18,4487,VND764A6A6DEF,183889,12500
2026-08-18,4488,VND764A6A6DEF,183152,25000
2026-08-18,4489,VND764A6A6DEF,182349,90000
2026-08-18,4490,VND764A6A6DEF,177137-11/12/2025,25000
2026-08-18,4491,VND08C636DE10,RESO.WRIGHT,1443573
2026-08-18,4492,VND08C636DE10,RESO.HUGHES,1759092
2026-08-18,4493,VND08C636DE10,RESO.MASON,1654065
2026-08-18,4494,VND08C636DE10,RESO.HARRISON,5550847
2026-08-18,4495,VND08C636DE10,RESO.SAIZAN2,480000
2026-08-18,4496,VND08C636DE10,RESO.SAIZAN,3384014
2026-08-18,7431,VND6419D861E2,10941621059,11819
2026-08-18,7431,VND6419D861E2,10941621071,31660
2026-08-18,7431,VND6419D861E2,10941622511,40221
2026-08-18,7431,VND6419D861E2,14246622407,29475
2026-08-18,7432,VND871C0D59DE,10884933596,11008209
2026-08-18,7433,VNDDA3EFCF120,43937,7133158
2026-08-18,7434,VND08E2AF2030,220587,43900
2026-08-18,7435,VND729BE9E42E,PPE 8/1/26-8/15/26,22660396
2026-08-18,7436,VND386831CBA4,1411255736,6386000
2026-08-18,7437,VNDB6D062A110,5669665,14300
2026-08-18,7437,VNDB6D062A110,5711068534101AUG26,22168
2026-08-18,7437,VNDB6D062A110,835-577-080626,15000
2026-08-18,7437,VNDB6D062A110,982,28125
2026-08-18,7438,VND2F24BE3C73,7,1471319
2026-08-18,7439,VND75DF5218D5,7480.00,748000
2026-08-18,7440,VND45769F3877,CIN470036140,1593
2026-08-18,7440,VND45769F3877,CIN470036517,2154600
2026-08-18,7441,VND9482CE1F7B,6150037251,656676
2026-08-18,7442,VND9482CE1F7B,6149325670,2904261
2026-08-18,7443,VND524759FD49,280,174317
2026-08-18,7444,VND7470D0747E,7439-02,39194411
2026-08-18,7445,VNDD625408CC1,1584125,80800
2026-08-18,7445,VNDD625408CC1,1584128,56950
2026-08-18,7446,VNDE8702FA45D,Draw 1 ranchwood,2091995
2026-08-18,7447,VND4AA16F0AA6,76482,3804400
2026-08-18,7447,VND4AA16F0AA6,76496 & catch up N,3890921
2026-08-18,7447,VND4AA16F0AA6,76499,141200
2026-08-18,7448,VNDFE8318EED5,32229,95000
2026-08-18,7449,VNDADEDE9CC9A,DV-EW-06.22.2026,7500
2026-08-18,7450,VND0E2E5E838C,INV161512,40419
2026-08-18,7451,VNDC3D6FED9D4,2113,45000
2026-08-18,7451,VNDC3D6FED9D4,2115,149184
2026-08-18,7451,VNDC3D6FED9D4,2116,277338
2026-08-18,7451,VNDC3D6FED9D4,2117,267900
2026-08-18,7452,VNDAB37FC549B,H00004074,14577
2026-08-18,7453,VNDFF5B3DDCEC,PAYAPP15,28954133
2026-08-18,7454,VND44591CB3CB,56,83333
2026-08-18,7455,VND44591CB3CB,55,83333
2026-08-18,7456,VND02D4A16A81,37,300000
2026-08-18,7457,VND007E0F2C41,081326,291667
2026-08-18,7458,VND162CA25F89,08-10-08-14-26,102090
2026-08-18,7459,VND23147FB5EB,7200-09,1078300
2026-08-19,4394,VNDAC63C945ED,DWIGHT HUDSON CONF.,32960
2026-08-20,4497,VNDD4A7038084,592354,66000
2026-08-20,4498,VND7C59DB9399,133529,6600
2026-08-20,4499,VND608BF9B3D8,197290,9999
2026-08-20,4499,VND608BF9B3D8,199952,25964
2026-08-20,4499,VND608BF9B3D8,200079,15659
2026-08-20,4499,VND608BF9B3D8,200923,12508
2026-08-20,4499,VND608BF9B3D8,201214,36994
2026-08-20,4499,VND608BF9B3D8,201492,48296
2026-08-20,4499,VND608BF9B3D8,201981,107700
2026-08-20,4499,VND608BF9B3D8,201983,464420
2026-08-20,4500,VNDA9F4639B37,23970,62500
2026-08-20,4509,VNDAD0128DBE2,105967,163016
2026-08-20,4510,VND194891F3F9,01501943,24325
2026-08-20,4511,VND3D57A41404,525629,110185
2026-08-20,4512,VND3D57A41404,105.00,10500
2026-08-20,4512,VND3D57A41404,529884,56000
2026-08-20,4512,VND3D57A41404,529885,14000
2026-08-20,4512,VND3D57A41404,529886,66500
2026-08-20,4513,VNDEBD9EC9CF9,INV486479,32627
2026-08-20,4513,VNDEBD9EC9CF9,INV486776,2246
2026-08-20,4513,VNDEBD9EC9CF9,INV488861,4500
2026-08-20,4514,VND314B84DB92,20395434 8/5/2026,51879
2026-08-20,4514,VND314B84DB92,497711 8/5/2026,39449
2026-08-20,4515,VND314B84DB92,IN264457,275000
2026-08-20,4516,VND314B84DB92,IN263817,32230
2026-08-20,4517,VND0E9273449A,4278734331,7770
2026-08-20,4517,VND0E9273449A,4279060928,24702
2026-08-20,4517,VND0E9273449A,4279108967,1805
2026-08-20,4518,VND0E9273449A,4279121211,15176
2026-08-20,4519,VNDD82F48C9E0,486130,11761
2026-08-20,4520,VNDD82F48C9E0,488893,11979
2026-08-20,4521,VND38FB0B177C,IVC0010195,200000
2026-08-20,4522,VND38FB0B177C,IVC0010194,165000
2026-08-20,4523,VND38FB0B177C,IVC0010185,805800
2026-08-20,4533,VND312B4066D7,3277999,381240
2026-08-20,4533,VND312B4066D7,INV 3277996,43680
2026-08-20,4533,VND312B4066D7,INV 3279176,115946
2026-08-20,4534,VNDB9A7F6729B,33437,29250
2026-08-20,4535,VND1A210BC621,116001220.0 0826,2818
2026-08-20,4535,VND1A210BC621,215083100.0 0826,1979
2026-08-20,4536,VNDA68754F805,1GNS5UED9TR354586,6247250
2026-08-20,4537,VND314D47574B,105008807412,66136
2026-08-20,4537,VND314D47574B,125008726010,3583
2026-08-20,4537,VND314D47574B,15009767711,21342
2026-08-20,4537,VND314D47574B,160007538724,18663
2026-08-20,4537,VND314D47574B,170007511048,131212
2026-08-20,4537,VND314D47574B,190007731497,533
2026-08-20,4537,VND314D47574B,200006809168,55581
2026-08-20,4537,VND314D47574B,2026548395,6625870
2026-08-20,4537,VND314D47574B,215008033236,236241
2026-08-20,4537,VND314D47574B,220006960722,3387
2026-08-20,4537,VND314D47574B,220006962461,3387
2026-08-20,4537,VND314D47574B,270007016560,3387
2026-08-20,4537,VND314D47574B,270007016561,3387
2026-08-20,4537,VND314D47574B,280007011640,3387
2026-08-20,4537,VND314D47574B,280007011641,3315
2026-08-20,4537,VND314D47574B,315006046259,3790
2026-08-20,4537,VND314D47574B,370004571065,77823
2026-08-20,4537,VND314D47574B,400003453107,9409
2026-08-20,4537,VND314D47574B,405005109248,2376
2026-08-20,4537,VND314D47574B,415005064770,25918
2026-08-20,4537,VND314D47574B,445004873968,1347
2026-08-20,4537,VND314D47574B,445004875725,91918
2026-08-20,4537,VND314D47574B,445004875728,91918
2026-08-20,4537,VND314D47574B,445004875755,34228
2026-08-20,4537,VND314D47574B,445004875756,48195
2026-08-20,4537,VND314D47574B,445004875757,139358
2026-08-20,4537,VND314D47574B,445004879590,629720
2026-08-20,4537,VND314D47574B,465004749883,29659
2026-08-20,4537,VND314D47574B,485004668114,34971
2026-08-20,4537,VND314D47574B,485004668115,43314
2026-08-20,4537,VND314D47574B,485004668116,36740
2026-08-20,4537,VND314D47574B,485004668122,107323
2026-08-20,4537,VND314D47574B,485004668123,97254
2026-08-20,4537,VND314D47574B,485004668124,8181
2026-08-20,4537,VND314D47574B,485004668125,10321
2026-08-20,4537,VND314D47574B,485004668126,92945
2026-08-20,4537,VND314D47574B,50010316606,178667
2026-08-20,4537,VND314D47574B,60009520170,1424
2026-08-20,4537,VND314D47574B,70009389422,5454
2026-08-20,4538,VND314D47574B,166827519-8/26,15418
2026-08-20,4539,VNDAE587128F9,295007,5750
2026-08-20,4539,VNDAE587128F9,295008,3675
2026-08-20,4540,VND78132756B1,HARRIS DERRICK,5872
2026-08-20,4541,VND65DE8A4375,S17813,118400
2026-08-20,4541,VND65DE8A4375,S18769,473600
2026-08-20,4541,VND65DE8A4375,S18968,532800
2026-08-20,4541,VND65DE8A4375,S19006,532800
2026-08-20,4541,VND65DE8A4375,S19020,241240
2026-08-20,4541,VND65DE8A4375,S19049,59200
2026-08-20,4541,VND65DE8A4375,S19057,129800
2026-08-20,4541,VND65DE8A4375,S19059,220200
2026-08-20,4542,VNDB24DE3A5F3,60415152,499366
2026-08-20,4542,VNDB24DE3A5F3,60436893,247740
2026-08-20,4542,VNDB24DE3A5F3,60773938,25856
2026-08-20,4542,VNDB24DE3A5F3,60788206,254072
2026-08-20,4543,VNDC486990838,255082,9460
2026-08-20,4544,VNDC85484D068,0456-1267670,14640
2026-08-20,4545,VND74416F155F,96642,100800
2026-08-20,4545,VND74416F155F,96739,121100
2026-08-20,4546,VND0F82AF1081,6069295577,5899
2026-08-20,4546,VND0F82AF1081,6069452235,48991
2026-08-20,4546,VND0F82AF1081,6069813884,869
2026-08-20,4546,VND0F82AF1081,6070748653,22408
2026-08-20,4546,VND0F82AF1081,6070912852,23430
2026-08-20,4546,VND0F82AF1081,6071251712,2219
2026-08-20,4547,VNDCB4402861A,S144957482.001,306180
2026-08-20,4548,VND0D186B42D7,194990,175000
2026-08-20,4548,VND0D186B42D7,194991,70000
2026-08-20,4548,VND0D186B42D7,195473,27500
2026-08-20,4548,VND0D186B42D7,357562637,1952500
2026-08-20,4548,VND0D186B42D7,358798848,82500
2026-08-20,4549,VND9A23758C87,3050237398,49000
2026-08-20,4549,VND9A23758C87,3050238461,40000
2026-08-20,4550,VNDC1841126F5,10453,2400
2026-08-20,4551,VNDEE92605660,0040329926,9682
2026-08-20,4551,VNDEE92605660,0040329928,2780
2026-08-20,4551,VNDEE92605660,0040329929,1390
2026-08-20,4552,VNDE9006C6230,026046112,26374
2026-08-20,4553,VNDE9006C6230,026137991,14985
2026-08-20,4554,VND5696B5D7DE,98320397,10150
2026-08-20,4554,VND5696B5D7DE,98362113,31935
2026-08-20,4554,VND5696B5D7DE,98374876,45626
2026-08-20,4554,VND5696B5D7DE,98374877,15490
2026-08-20,4554,VND5696B5D7DE,98374878,884
2026-08-20,4555,VND6A8F32B4F0,2-600-11941,8750
2026-08-20,4556,VND3202C9608E,0820-002245336,464822
2026-08-20,4557,VNDB13CA932DA,34543992826 0726,11367
2026-08-20,4557,VNDB13CA932DA,34544108326 0726,11367
2026-08-20,4558,VNDB13CA932DA,JUL20-AUG19 2026 PRI,48400
2026-08-20,4559,VND97255B31D4,8793-5,99476
2026-08-20,4561,VNDA9B2BB2688,PPE: 8/7/2026,2447323
2026-08-20,4562,VND09E9FBF696,11900.GR 07-2026,22000
2026-08-20,4563,VNDB41C7DE31B,0015711084653701,3587
2026-08-20,4563,VNDB41C7DE31B,015711100079001 0826,16104
2026-08-20,4564,VNDB41C7DE31B,015711082127401 0726,16276
2026-08-20,4565,VNDB41C7DE31B,015711093836701 0826,63000
2026-08-20,4566,VNDB41C7DE31B,083190001 08,33242
2026-08-20,4567,VND27478716C7,52586738,226325
2026-08-20,4568,VND6CCABE0315,07212,22500
2026-08-20,4569,VNDB08E066BB4,17095,17500
2026-08-20,4569,VNDB08E066BB4,17120,20000
2026-08-20,4571,VNDCB04A1851E,2701103,183630
2026-08-20,4572,VND369061DB18,9354148349,177978
2026-08-20,4573,VND506093857D,B7278511,20338
2026-08-20,4573,VND506093857D,B7278588,20204
2026-08-20,4573,VND506093857D,B7278589,47376
2026-08-20,4573,VND506093857D,B7278590,7437
2026-08-20,4573,VND506093857D,B7278597,32726
2026-08-20,4573,VND506093857D,B7278599,2257
2026-08-20,4573,VND506093857D,B7278603,39185
2026-08-20,4573,VND506093857D,B7278606,19151
2026-08-20,4573,VND506093857D,B7278608,4643
2026-08-20,4573,VND506093857D,B7278615,17622
2026-08-20,4573,VND506093857D,B7278651,131629
2026-08-20,4573,VND506093857D,B7278652,9206
2026-08-20,4573,VND506093857D,B7278655,100594
2026-08-20,4573,VND506093857D,B7278888,16044
2026-08-20,4573,VND506093857D,B7278903,9846
2026-08-20,4573,VND506093857D,B7278904,16790
2026-08-20,4573,VND506093857D,B7278952,8728
2026-08-20,4573,VND506093857D,B7278954,38775
2026-08-20,4573,VND506093857D,B7278955,19844
2026-08-20,4573,VND506093857D,B7278956,2366
2026-08-20,4573,VND506093857D,B7278957,47543
2026-08-20,4573,VND506093857D,B7278958,28027
2026-08-20,4573,VND506093857D,B7284235,117116
2026-08-20,4573,VND506093857D,B7284238,27798
2026-08-20,4573,VND506093857D,B7284240,114479
2026-08-20,4573,VND506093857D,B7284445,31042
2026-08-20,4574,VND4F67A130AA,0625-267258,16829
2026-08-20,4574,VND4F67A130AA,0625-267292,11052
2026-08-20,4574,VND4F67A130AA,0625-267304,20708
2026-08-20,4574,VND4F67A130AA,0625-267656,63940
2026-08-20,4575,VNDC7E4CC4722,249,36567
2026-08-20,4575,VNDC7E4CC4722,269,39149
2026-08-20,4575,VNDC7E4CC4722,297,18234
2026-08-20,4575,VNDC7E4CC4722,319,44202
2026-08-20,4575,VNDC7E4CC4722,DRAW 10-7893,231120
2026-08-20,4575,VNDC7E4CC4722,DRAW 11-7893,27018
2026-08-20,4575,VNDC7E4CC4722,DRAW 2.1,427301
2026-08-20,4575,VNDC7E4CC4722,DRAW 2.2,597318
2026-08-20,4575,VNDC7E4CC4722,DRAW 3.2,407258
2026-08-20,4575,VNDC7E4CC4722,DRAW 3.3,702188
2026-08-20,4575,VNDC7E4CC4722,DRAW 4.1,977614
2026-08-20,4575,VNDC7E4CC4722,DRAW 4.2,461880
2026-08-20,4575,VNDC7E4CC4722,DRAW 5-7893,68434
2026-08-20,4575,VNDC7E4CC4722,DRAW 6-7893,887001
2026-08-20,4575,VNDC7E4CC4722,DRAW 7-7893,1378336
2026-08-20,4575,VNDC7E4CC4722,DRAW 8-7893,790473
2026-08-20,4575,VNDC7E4CC4722,DRAW 9-7893,309776
2026-08-20,4575,VNDC7E4CC4722,DRAW-3 7796,1798678
2026-08-20,4575,VNDC7E4CC4722,Draw 2.3,304696
2026-08-20,4575,VNDC7E4CC4722,draw 3.1,559652
2026-08-20,4575,VNDC7E4CC4722,draw 30-6423,18645
2026-08-20,4576,VND433C3F329B,F39250,5580
2026-08-20,4596,VNDE53A84EBC0,4053-5,200000
2026-08-20,4597,VND89370A1512,4179908,17025
2026-08-20,4597,VND89370A1512,4179909,29194
2026-08-20,4598,VND21A3B8AD24,17181,730000
2026-08-20,4599,VND0FAF2C3B15,044-1172201,258531
2026-08-20,4600,VND0B5695E700,068H8750010145,12699
2026-08-20,4601,VND091D0AAA42,42702657,13419
2026-08-20,4602,VND091D0AAA42,42702649,24737
2026-08-20,4603,VND44D252EA0A,69402,30200
2026-08-20,4603,VND44D252EA0A,69403,58500
2026-08-20,4603,VND44D252EA0A,69404,124400
2026-08-20,4603,VND44D252EA0A,69405,377700
2026-08-20,4603,VND44D252EA0A,69407,72600
2026-08-20,4603,VND44D252EA0A,69408,96800
2026-08-20,4603,VND44D252EA0A,69409,96800
2026-08-20,4603,VND44D252EA0A,69413,39300
2026-08-20,4603,VND44D252EA0A,69416,1469600
2026-08-20,4603,VND44D252EA0A,69417,6723
2026-08-20,4603,VND44D252EA0A,69418,2796600
2026-08-20,4603,VND44D252EA0A,69419,1121115
2026-08-20,4603,VND44D252EA0A,69420,762000
2026-08-20,4603,VND44D252EA0A,69421,166444
2026-08-20,4604,VND88C8FBD246,7003,38500
2026-08-20,4605,VNDDB8E0D5288,202129,6288
2026-08-20,4605,VNDDB8E0D5288,217822F,750799
2026-08-20,4607,VND6DFE713957,910019282,93500
2026-08-20,4608,VND70C30E415D,213465,39802
2026-08-20,4609,VND514BD94314,105842,105731
2026-08-20,4609,VND514BD94314,105843,53359
2026-08-20,4609,VND514BD94314,105843-1,2142
2026-08-20,4609,VND514BD94314,105844,7640
2026-08-20,4610,VND14552CC8D8,1003,589731
2026-08-20,4610,VND14552CC8D8,1005,671916
2026-08-20,4611,VND63FC3F64CF,492205,547
2026-08-20,4611,VND63FC3F64CF,492532,194246
2026-08-20,4611,VND63FC3F64CF,492677,2147
2026-08-20,4611,VND63FC3F64CF,492695,8405
2026-08-20,4611,VND63FC3F64CF,492914,25703
2026-08-20,4611,VND63FC3F64CF,493057,39242
2026-08-20,4611,VND63FC3F64CF,493461,6020
2026-08-20,4611,VND63FC3F64CF,493487,29646
2026-08-20,4612,VND51F22A8064,B21258904,978600
2026-08-20,4612,VND51F22A8064,B21513009,65240
2026-08-20,4613,VND732FC446A2,883314266,4605
2026-08-20,4613,VND732FC446A2,883314267,1498
2026-08-20,4613,VND732FC446A2,883322613,3996
2026-08-20,4613,VND732FC446A2,883322614,6719
2026-08-20,4614,VND1CDC5A7959,01010160074002 0826,10500
2026-08-20,4614,VND1CDC5A7959,010101600762002 0826,4452
2026-08-20,4614,VND1CDC5A7959,010101621001701 0826,10439
2026-08-20,4615,VND1CDC5A7959,010105092000603 0826,555539
2026-08-20,4616,VND1CDC5A7959,010106112000204 0826,15366
2026-08-20,4617,VND1CDC5A7959,010106112002303 0826,6145
2026-08-20,4618,VND1CDC5A7959,010106112002403 0826,4301
2026-08-20,4619,VND1CDC5A7959,010106112006202 0826,4301
2026-08-20,4620,VND1CDC5A7959,010101600107001 0826,4240
2026-08-20,4620,VND1CDC5A7959,010101621004401 0826,4304
2026-08-20,4620,VND1CDC5A7959,010102353003802 0826,6145
2026-08-20,4620,VND1CDC5A7959,010102353004501 0826,83051
2026-08-20,4620,VND1CDC5A7959,010102358004602 0826,1180
2026-08-20,4620,VND1CDC5A7959,010102360003101 0826,1180
2026-08-20,4620,VND1CDC5A7959,010102360003302 0826,6138
2026-08-20,4620,VND1CDC5A7959,010102369012402 0826,1180
2026-08-20,4620,VND1CDC5A7959,010102380003301 0826,1180
2026-08-20,4620,VND1CDC5A7959,010102380005001 0826,6345
2026-08-20,4620,VND1CDC5A7959,010103356020701 0826,6145
2026-08-20,4620,VND1CDC5A7959,010103356020801 0826,6289
2026-08-20,4620,VND1CDC5A7959,010103393002902 0826,21135
2026-08-20,4620,VND1CDC5A7959,010103393003802 0826,74993
2026-08-20,4620,VND1CDC5A7959,010103417009901 0826,8231
2026-08-20,4620,VND1CDC5A7959,010103707011702 0826,1180
2026-08-20,4620,VND1CDC5A7959,010103713014902 0826,4301
2026-08-20,4620,VND1CDC5A7959,010104370010102 0826,14341
2026-08-20,4620,VND1CDC5A7959,010104370010202 0826,14959
2026-08-20,4620,VND1CDC5A7959,010104372001002 0826,1180
2026-08-20,4620,VND1CDC5A7959,010105091024901 0826,1180
2026-08-20,4620,VND1CDC5A7959,010105091025001 0826,18820
2026-08-20,4620,VND1CDC5A7959,010105346008002 0826,1180
2026-08-20,4620,VND1CDC5A7959,010105355000202 0826,1180
2026-08-20,4620,VND1CDC5A7959,010105399037301 0826,1180
2026-08-20,4620,VND1CDC5A7959,010105399041602 0826,1180
2026-08-20,4620,VND1CDC5A7959,010118068007501 0726,21817
2026-08-20,4620,VND1CDC5A7959,AUGUST2026,22434
2026-08-20,4621,VND1CDC5A7959,010105092017901 0826,182303
2026-08-20,4622,VNDAD60726C90,7581,52919
2026-08-20,4623,VNDA23FFF84E8,020201003018001 0826,22589
2026-08-20,4623,VNDA23FFF84E8,020201060015701 0826,2500
2026-08-20,4623,VNDA23FFF84E8,020201625000301 0826,26688
2026-08-20,4623,VNDA23FFF84E8,020202005001702 0826,1559
2026-08-20,4623,VNDA23FFF84E8,020202005001802 0826,1559
2026-08-20,4623,VNDA23FFF84E8,020202006014901 0826,1559
2026-08-20,4623,VNDA23FFF84E8,020202006015201 0826,1559
2026-08-20,4623,VNDA23FFF84E8,020202006015301 0826,1559
2026-08-20,4623,VNDA23FFF84E8,020202006038202 0826,7335
2026-08-20,4623,VNDA23FFF84E8,020202006245902 0826,4379
2026-08-20,4623,VNDA23FFF84E8,020202006285802 0826,4680
2026-08-20,4623,VNDA23FFF84E8,020202032013902 0826,13606
2026-08-20,4623,VNDA23FFF84E8,020202032023102 0826,8153
2026-08-20,4623,VNDA23FFF84E8,020202032027302 0826,1588
2026-08-20,4623,VNDA23FFF84E8,020203009040402 0826,1559
2026-08-20,4623,VNDA23FFF84E8,020204025005401 0826,37083
2026-08-20,4623,VNDA23FFF84E8,020205016025802 0826,4379
2026-08-20,4623,VNDA23FFF84E8,020205020018501 0826,1559
2026-08-20,4623,VNDA23FFF84E8,020205022001602 0826,1562
2026-08-20,4623,VNDA23FFF84E8,020205068045501 0826,1559
2026-08-20,4623,VNDA23FFF84E8,020205068068701 0826,1559
2026-08-20,4623,VNDA23FFF84E8,020205068070601 0826,1559
2026-08-20,4623,VNDA23FFF84E8,020205068097901 0826,1559
2026-08-20,4623,VNDA23FFF84E8,020205068101701 0826,1559
2026-08-20,4624,VNDA23FFF84E8,020203009002601 0826,7534
2026-08-20,4625,VNDF384EA7B9B,2000012294,1844
2026-08-20,4625,VNDF384EA7B9B,508957175,2535
2026-08-20,4625,VNDF384EA7B9B,508990438,16004
2026-08-20,4625,VNDF384EA7B9B,508994520,52020
2026-08-20,4625,VNDF384EA7B9B,508994522,2835
2026-08-20,4625,VNDF384EA7B9B,509020682,4320
2026-08-20,4625,VNDF384EA7B9B,509020683,24234
2026-08-20,4625,VNDF384EA7B9B,509020684,41059
2026-08-20,4625,VNDF384EA7B9B,509020685,3290
2026-08-20,4625,VNDF384EA7B9B,509057365,18560
2026-08-20,4625,VNDF384EA7B9B,509057366,28630
2026-08-20,4625,VNDF384EA7B9B,509057367,7856
2026-08-20,4625,VNDF384EA7B9B,509057368,28552
2026-08-20,4625,VNDF384EA7B9B,509057369,14325
2026-08-20,4625,VNDF384EA7B9B,509057380,9870
2026-08-20,4625,VNDF384EA7B9B,509057381,7155
2026-08-20,4625,VNDF384EA7B9B,509057382,24390
2026-08-20,4625,VNDF384EA7B9B,509230812,25055
2026-08-20,4625,VNDF384EA7B9B,509230813,66810
2026-08-20,4626,VNDB2BF8720F9,41630,207000
2026-08-20,4626,VNDB2BF8720F9,41631,90000
2026-08-20,4626,VNDB2BF8720F9,41632,90000
2026-08-20,4626,VNDB2BF8720F9,41633,144000
2026-08-20,4626,VNDB2BF8720F9,41673,234000
2026-08-20,4626,VNDB2BF8720F9,41674,90000
2026-08-20,4626,VNDB2BF8720F9,41675,72000
2026-08-20,4626,VNDB2BF8720F9,41676,180000
2026-08-20,4627,VND9BFA013670,42006,305506
2026-08-20,4628,VND5673704393,Q2485660,223558
2026-08-20,4629,VND42EFDCDA16,823166478X08122026,150964
2026-08-20,4629,VND42EFDCDA16,823537115X08122026,19114
2026-08-20,4630,VND42EFDCDA16,287274890657x080226,15422
2026-08-20,4631,VNDD67BFF84B0,3124,151100
2026-08-20,4632,VNDC701A4067E,4989398,1250000
2026-08-20,4632,VNDC701A4067E,4996402,1250000
2026-08-20,4633,VND3381FE26A4,265726821-001,118174
2026-08-20,4634,VND640FA7A548,15251115,598607
2026-08-20,4635,VND834CFEAF14,13147877,72000
2026-08-20,4635,VND834CFEAF14,13148196,22000
2026-08-20,4635,VND834CFEAF14,13148214,18000
2026-08-20,4635,VND834CFEAF14,13148221,30000
2026-08-20,4635,VND834CFEAF14,13148244,46000
2026-08-20,4635,VND834CFEAF14,13148265,36000
2026-08-20,4635,VND834CFEAF14,13149687,40000
2026-08-20,4635,VND834CFEAF14,13149730,26000
2026-08-20,4635,VND834CFEAF14,13149742,10000
2026-08-20,4635,VND834CFEAF14,13150259,14000
2026-08-20,4635,VND834CFEAF14,13150275,14000
2026-08-20,4635,VND834CFEAF14,13150276,34000
2026-08-20,4635,VND834CFEAF14,13222648,28000
2026-08-20,4635,VND834CFEAF14,13513920,88000
2026-08-20,4635,VND834CFEAF14,13610684,156289
2026-08-20,4636,VND5F6FFF0AE1,20INV000974996,3946800
2026-08-20,4637,VNDD21E7DC2C1,0073654,35734
2026-08-20,4638,VND960417E8F8,EBRS-0223,186750
2026-08-20,4639,VND0F924F4152,3125,151100
2026-08-20,4640,VND0242D4B165,ENH.014,3086959
2026-08-20,4641,VND14144F8AE7,36,8046
2026-08-20,4642,VNDD5FE54EACB,104760,800000
2026-08-20,4643,VND191A545863,CW163060-TDQ,127972
2026-08-20,4644,VND5ECE206ED8,56369,11352102
2026-08-20,4644,VND5ECE206ED8,56370,700000
2026-08-20,4644,VND5ECE206ED8,56371,959100
2026-08-20,4644,VND5ECE206ED8,56372,1360000
2026-08-20,4644,VND5ECE206ED8,56375,1800000
2026-08-20,4644,VND5ECE206ED8,56376,500400
2026-08-20,4644,VND5ECE206ED8,56523,2000000
2026-08-20,4644,VND5ECE206ED8,56525,1050000
2026-08-20,4644,VND5ECE206ED8,56528,250200
2026-08-20,4644,VND5ECE206ED8,56529,640000
2026-08-20,4645,VND13343B8B3A,886972-0,119970
2026-08-20,4646,VNDAF0E6FF656,107774,68192
2026-08-20,4646,VNDAF0E6FF656,107822,9995
2026-08-20,4647,VND8AF07BEFC7,2181889,486000
2026-08-20,4647,VND8AF07BEFC7,2182840,496000
2026-08-20,4648,VND54884F02EF,INV001019,19001
2026-08-20,4649,VND8E1D5EDB37,EBR-FC#1 8/2026,36000
2026-08-20,4650,VND2D6C740852,Draw 604,2000
2026-08-20,4651,VND5F7CD0BCD8,1200367,148275
2026-08-20,4651,VND5F7CD0BCD8,1200564,210714
2026-08-20,4651,VND5F7CD0BCD8,1200565,9045
2026-08-20,4651,VND5F7CD0BCD8,1200618,354784
2026-08-20,4651,VND5F7CD0BCD8,1200866,17400
2026-08-20,4652,VNDC19E298846,46922,435000
2026-08-20,4653,VND52ABCBEEED,6005605313,415800
2026-08-20,4654,VNDD348E1A86C,1000508844,12239822
2026-08-20,4655,VND2C797EC2E1,00208758020,397980
2026-08-20,4655,VND2C797EC2E1,00208758022,214608
2026-08-20,4656,VNDEF74E14DA1,Draw 554,394560
2026-08-20,4657,VND2A5DF3DF61,3126,151100
2026-08-20,4658,VND1F66A9B1C6,GRESS7/26,76072
2026-08-20,4659,VND66084D1F0C,448584,12960
2026-08-20,4660,VND66084D1F0C,448768,4000
2026-08-20,4661,VND37A077D923,27CE-012,730776
2026-08-20,4662,VND01F38E133D,2024TR02118,8146
2026-08-20,4662,VND01F38E133D,26-CR-157268S 8/17,2834
2026-08-20,4662,VND01F38E133D,BR02368579,8145
2026-08-20,4663,VNDCAA365B971,0301DT9229,211912
2026-08-20,4664,VNDCC7F2B2BBA,Draw 587,600400
2026-08-20,4665,VND9E12B58B13,6845734,142076
2026-08-20,4666,VND24756D6469,A.BECK CR 081526,196879
2026-08-20,4667,VND7EE1794FF3,INV29419,6300
2026-08-20,4668,VNDA6A1EB0967,Draw 386,449332
2026-08-20,4669,VNDDA1A8E31E9,1331,887975
2026-08-20,4671,VNDB644B73722,172-24741,365910
2026-08-20,4672,VNDDE437D2DA4,SECURITY- JULY 2026,220000
2026-08-20,4673,VND8245F711AD,HERM7/26,27805
2026-08-20,4674,VND489E9120F4,PFESS7/26,45386
2026-08-20,4675,VND9B1D4A6C53,MESS7/26,493171
2026-08-20,4678,VND25873D1268,26061-2,21550
2026-08-20,4678,VND25873D1268,26168-2,41575
2026-08-20,4678,VND25873D1268,26169-1,37125
2026-08-20,4679,VND46EE74A066,720-51905-01 7-24-26,65641
2026-08-20,4680,VNDA2D7FFBE15,8824164461,163000
2026-08-20,4681,VND777AAA6B69,1H7M-766V-19PL,1299
2026-08-20,4681,VND777AAA6B69,1HQQ-VPCW-9K7H,443480
2026-08-20,4681,VND777AAA6B69,1HQQ-VPCW-FQGL,159352
2026-08-20,4681,VND777AAA6B69,1MGW-T9X1-4FWT,287433
2026-08-20,4681,VND777AAA6B69,1TCH-1N7L-K7VW,79998
2026-08-20,4681,VND777AAA6B69,1TQV-RN47-JDQR,17366
2026-08-20,4682,VNDFE7BCFF82B,38163,499235
2026-08-20,4682,VNDFE7BCFF82B,38204,1102702
2026-08-20,4682,VNDFE7BCFF82B,38226,210983
2026-08-20,4682,VNDFE7BCFF82B,38233,499954
2026-08-20,4682,VNDFE7BCFF82B,38239,197647
2026-08-20,4682,VNDFE7BCFF82B,38242,261787
2026-08-20,4682,VNDFE7BCFF82B,38244,197644
2026-08-20,4683,VND7318C7CBBA,26-BR-144417,9522
2026-08-20,4683,VND7318C7CBBA,BR02292011,9523
2026-08-20,4683,VND7318C7CBBA,BR02304189,9523
2026-08-20,4684,VNDD3D05C6968,73211,6265
2026-08-20,4685,VNDBBA3F59362,26800-076M,31780
2026-08-20,4685,VNDBBA3F59362,26800-077L,328000
2026-08-20,4685,VNDBBA3F59362,26800-078L,492000
2026-08-20,4685,VNDBBA3F59362,26800-079L,164000
2026-08-20,4686,VND29B4FDCE4F,July 2026,732875
2026-08-20,4687,VNDA53AAC0C02,SRVCE508543,499800
2026-08-20,4688,VND122EEFF80B,26-0334,72000
2026-08-20,4689,VND860F31C99B,45641,19000
2026-08-20,4690,VND834CFEAF14,13513930,120000
2026-08-20,4691,VND834CFEAF14,13598643,725585
2026-08-20,4692,VND834CFEAF14,13610684,156289
2026-08-20,4693,VND834CFEAF14,13615370,250000
2026-08-20,4694,VNDB0DE02BD22,564033,5880
2026-08-20,4694,VNDB0DE02BD22,564070,1500
2026-08-20,4694,VNDB0DE02BD22,564072,3687
2026-08-20,4694,VNDB0DE02BD22,564528,3950
2026-08-20,4694,VNDB0DE02BD22,564530,1500
2026-08-20,4695,VNDB0DE02BD22,563162,4169
2026-08-20,4696,VND4A591C435A,2725,119882
2026-08-20,4696,VND4A591C435A,2727,6500
2026-08-20,4696,VND4A591C435A,2728,51124
2026-08-20,4697,VND4106D61AB9,ENH.001 SDS,106223
2026-08-20,4698,VNDB4ECFD790C,INV 7950,46250
2026-08-20,4699,VND587DA1941D,5285572,38390
2026-08-20,4700,VND0C4ECF6D90,54622012,10500
2026-08-20,4700,VND0C4ECF6D90,54622024,7500
2026-08-20,4701,VNDE2590AFFCF,532918,12804
2026-08-20,4701,VNDE2590AFFCF,532931,3484
2026-08-20,4702,VNDFF9AC8644F,2025-28-05,952134
2026-08-20,4702,VNDFF9AC8644F,2025-28-06,1428200
2026-08-20,4703,VNDABD9B7F893,408,200000
2026-08-20,4704,VND0DC4F7D732,NO. 002,6079867
2026-08-20,4705,VNDFE1323921A,3127,151100
2026-08-20,4706,VNDFCAB34CA90,14054LM3,3392500
2026-08-20,4707,VNDB5429FBD82,RI-5217,245818
2026-08-20,4707,VNDB5429FBD82,RI-5218,1038807
2026-08-20,4708,VNDDC7A6205FE,19701,3744000
2026-08-20,4709,VND368299863D,422-11,9472459
2026-08-20,4710,VND4CB8B42720,PEC6020,14000
2026-08-20,4711,VND41913EBF5C,NO. 003,744000
2026-08-20,4712,VNDF09AD8D4C3,LALAMP & SCO XMAS,250000
2026-08-20,4714,VND1A01E749BA,Inv489783,18880
2026-08-20,4715,VND9E4BEE408C,08-2026-02,4030500
2026-08-20,4716,VNDA26FF6C31A,2026-CAT1-08-COBR,484500
2026-08-20,4717,VNDF6F3028C8A,3128,106400
2026-08-20,4718,VNDE7892CC2AF,031501,449140
2026-08-20,4719,VNDD0CDECB41A,Draw 322,162921
2026-08-20,4719,VNDD0CDECB41A,Draw 500,119966
2026-08-20,4719,VNDD0CDECB41A,Draw 511,30000
2026-08-20,4719,VNDD0CDECB41A,Draw 513,30000
2026-08-20,4720,VND3AF5DB4C1F,12807,546735
2026-08-20,4721,VND975A64F146,10-1-C-1 & 10-1-C-2,5465200
2026-08-20,4722,VND2499F48F40,5058,112500
2026-08-20,4723,VND54C247AD19,INV1009387,155330
2026-08-20,4724,VND5A91FBFA05,4485-MD,378500
2026-08-20,4725,VND04F0629EA8,529605,12500
2026-08-20,4726,VND04F0629EA8,529608,15000
2026-08-20,4727,VNDAF9EC758D1,PARTIAL 4,2440840
2026-08-20,4728,VND21EEA50901,12445,15000
2026-08-20,4729,VND690C1E8A9F,22436,79640
2026-08-20,4730,VNDDB9E10CCE9,1087,337499
2026-08-20,4730,VNDDB9E10CCE9,1091,337499
2026-08-20,4730,VNDDB9E10CCE9,1098,337499
2026-08-20,4731,VNDCE0D49871A,Unit P2106 (ALPHA),674877
2026-08-20,4732,VND91721D3854,248969678264,126542
2026-08-20,4732,VND91721D3854,251349596834,1287
2026-08-20,4732,VND91721D3854,323763052803,2432
2026-08-20,4732,VND91721D3854,645715890105,5431
2026-08-20,4733,VND91721D3854,3472210000-8/26,15187
2026-08-20,4734,VND89CCE367B1,33,50000
2026-08-20,4735,VND525A2A8236,200028381,77500
2026-08-20,4736,VNDAFD95453EC,8,95000
2026-08-20,4737,VND94ECBE244B,C60941,48800
2026-08-20,4738,VND9C8313119A,1280,50260
2026-08-20,4739,VND5A8AEA71DD,EBRS-0016,13500
2026-08-20,4740,VND577ADA2B23,PARCEL 3-7 & 3-7-C-1,4682400
2026-08-20,4741,VNDAC63C945ED,Joanne August 2026,8000
2026-08-20,4742,VNDAC63C945ED,Kassidy overage CERA,14298
2026-08-20,4755,VND08C636DE10,CAURP-2026,52500
2026-08-20,7460,VND6419D861E2,11428622641,8952
2026-08-20,7461,VNDDF1B535115,307404 0826,104949
2026-08-20,7462,VNDCB65AFB842,202179,57670
2026-08-20,7462,VNDCB65AFB842,202179 A,3358
2026-08-20,7462,VNDCB65AFB842,202179A,16242
2026-08-20,7462,VNDCB65AFB842,202200,245184
2026-08-20,7462,VNDCB65AFB842,202453,10700
2026-08-20,7463,VND78FD06F489,9730,17675
2026-08-20,7464,VND786065DFB4,157280,483495
2026-08-20,7465,VND47FD7D35CE,COLLECT 726,10298101
2026-08-20,7466,VND440D42F5D7,PAY FT 8/8-21/2026,1583723
2026-08-20,7467,VNDCEFA085809,PPE 8/5/26-8/18/26,1993289
2026-08-20,7468,VND9482CE1F7B,6150258676,179396
2026-08-20,7468,VND9482CE1F7B,6150438589,349884
2026-08-20,7469,VND9482CE1F7B,6149392587,8002
2026-08-20,7470,VND555D2B5787,8994,630625
2026-08-20,7471,VND3C275C3EFB,EBRS-1118,140000
2026-08-20,7472,VNDF83E939CE0,BTRSTM04-06,2913084
2026-08-20,7473,VND9175A188BF,EBRDT080826,230769
2026-08-20,7474,VND98C7472E31,260810_INV_1_EBR_cur,1995510
2026-08-20,7475,VNDBCB3971DF1,D201715,3915572
2026-08-20,7476,VND6B4B7ABA11,COLLECT 7-26,6847610
2026-08-20,7477,VND147A10411B,Support Services,1346000
2026-08-20,7478,VND74F6F208CC,18728,408000
2026-08-20,7478,VND74F6F208CC,18729,441000
2026-08-20,7479,VND75F0B177E3,april 1 -1 30 2026,2383763
2026-08-20,7480,VND55CDE6C6D8,407,200000
2026-08-20,7481,VNDF98C207678,ADA.49,1407071
2026-08-20,7482,VND44591CB3CB,57,83333
2026-08-20,7483,VNDDC2DA6C913,1185,488725
2026-08-20,7484,VNDA00D00D33D,13055,937500
2026-08-20,7484,VNDA00D00D33D,13057,937500
2026-08-20,7484,VNDA00D00D33D,13058,937500
2026-08-20,7484,VNDA00D00D33D,13059,937500
2026-08-20,7484,VNDA00D00D33D,13066,1500000
2026-08-21,4760,VND55723888F8,1260801659,48749796
2026-08-21,4761,VND0E9273449A,4273131648,15861
2026-08-21,4761,VND0E9273449A,5352707303,36060
2026-08-21,4762,VND2FE679EDE1,9174552619,4750
2026-08-21,4762,VND2FE679EDE1,9174740565,16275
2026-08-21,4763,VND38FB0B177C,IVC0010177,60779700
2026-08-21,4764,VND312B4066D7,3278288,12828
2026-08-21,4764,VND312B4066D7,3278289,11610
2026-08-21,4764,VND312B4066D7,INV 3277278,153450
2026-08-21,4765,VND314D47574B,100007789014,125350
2026-08-21,4765,VND314D47574B,10021434575,20092
2026-08-21,4765,VND314D47574B,10021451953,626172
2026-08-21,4765,VND314D47574B,105008815854,33378
2026-08-21,4765,VND314D47574B,110009055534,11324
2026-08-21,4765,VND314D47574B,125008724422,77725
2026-08-21,4765,VND314D47574B,135008671483,103146
2026-08-21,4765,VND314D47574B,160007550237,14978
2026-08-21,4765,VND314D47574B,160007552469,4053
2026-08-21,4765,VND314D47574B,175008552747,7734
2026-08-21,4765,VND314D47574B,190007734576,68796
2026-08-21,4765,VND314D47574B,190007734577,31886
2026-08-21,4765,VND314D47574B,20010973776,29657
2026-08-21,4765,VND314D47574B,210006918384,30354
2026-08-21,4765,VND314D47574B,225007959893,31783
2026-08-21,4765,VND314D47574B,225007959894,14732
2026-08-21,4765,VND314D47574B,225007959895,25003
2026-08-21,4765,VND314D47574B,235007826188,8300
2026-08-21,4765,VND314D47574B,25009635878,187857
2026-08-21,4765,VND314D47574B,25009635879,598612
2026-08-21,4765,VND314D47574B,25009635880,37706
2026-08-21,4765,VND314D47574B,25009635881,15577
2026-08-21,4765,VND314D47574B,275007462378,25189
2026-08-21,4765,VND314D47574B,275007462414,13105
2026-08-21,4765,VND314D47574B,275007462829,18495
2026-08-21,4765,VND314D47574B,290006990378,472114
2026-08-21,4765,VND314D47574B,290006990393,271163
2026-08-21,4765,VND314D47574B,290006991934,5500
2026-08-21,4765,VND314D47574B,370004572050,27125
2026-08-21,4765,VND314D47574B,370004572052,16141
2026-08-21,4765,VND314D47574B,40010441244,20863
2026-08-21,4765,VND314D47574B,40010448195,9905
2026-08-21,4765,VND314D47574B,40010448294,19892
2026-08-21,4765,VND314D47574B,435004948269,152085
2026-08-21,4765,VND314D47574B,490003762925,4018879
2026-08-21,4765,VND314D47574B,500001848145,355375
2026-08-21,4765,VND314D47574B,65009283362,4519
2026-08-21,4765,VND314D47574B,65009283568,13818
2026-08-21,4765,VND314D47574B,75009237387,12288
2026-08-21,4765,VND314D47574B,75009237497,19642
2026-08-21,4765,VND314D47574B,85009067630,182615
2026-08-21,4766,VND68E1B0DADC,266743,699
2026-08-21,4767,VND65DE8A4375,S18952,46700
2026-08-21,4767,VND65DE8A4375,S18965,29600
2026-08-21,4767,VND65DE8A4375,S18970,59200
2026-08-21,4767,VND65DE8A4375,S19001,66600
2026-08-21,4767,VND65DE8A4375,S19007,59200
2026-08-21,4767,VND65DE8A4375,S19033,96200
2026-08-21,4767,VND65DE8A4375,S19034,269768
2026-08-21,4767,VND65DE8A4375,S19050,41440
2026-08-21,4768,VND0BC4BE9B6A,BTR-300162,50835
2026-08-21,4768,VND0BC4BE9B6A,BTR-300163,65377
2026-08-21,4768,VND0BC4BE9B6A,BTR-300164,67099
2026-08-21,4769,VNDB24DE3A5F3,60788207,486150
2026-08-21,4769,VNDB24DE3A5F3,60793989,494568
2026-08-21,4769,VNDB24DE3A5F3,60796445,153576
2026-08-21,4772,VND74416F155F,96811,54900
2026-08-21,4773,VND0F82AF1081,6071007872,3240
2026-08-21,4773,VND0F82AF1081,6071007884,97916
2026-08-21,4773,VND0F82AF1081,6071111588,17985
2026-08-21,4773,VND0F82AF1081,6071111589,724
2026-08-21,4773,VND0F82AF1081,6071111590,1710
2026-08-21,4773,VND0F82AF1081,6071111591,188
2026-08-21,4773,VND0F82AF1081,6071111610,88213
2026-08-21,4774,VND76BE7CF85A,12815172,70000
2026-08-21,4775,VND291E1E6078,PARTIAL         4,4886912
2026-08-21,4776,VND291E1E6078,PARTIAL          3,19165672
2026-08-21,4777,VND5696B5D7DE,98400215,1709
2026-08-21,4777,VND5696B5D7DE,98400216,21538
2026-08-21,4777,VND5696B5D7DE,98494478,51615
2026-08-21,4777,VND5696B5D7DE,98494479,12541
2026-08-21,4777,VND5696B5D7DE,98494480,6180
2026-08-21,4777,VND5696B5D7DE,98494481,166012
2026-08-21,4777,VND5696B5D7DE,98494482,38520
2026-08-21,4777,VND5696B5D7DE,98494483,6468
2026-08-21,4777,VND5696B5D7DE,98494484,10822
2026-08-21,4778,VNDB13CA932DA,8110998115,69258
2026-08-21,4780,VND97255B31D4,21027141320726,14739
2026-08-21,4780,VND97255B31D4,21779141320726,10085
2026-08-21,4780,VND97255B31D4,27229107860726,15034
2026-08-21,4781,VNDD04F233407,63054,16000
2026-08-21,4782,VND23360FB697,11061851-002 08/26,17968
2026-08-21,4784,VND09E9FBF696,1466420,23500
2026-08-21,4785,VND09E9FBF696,PARCEL 4-1 & UNIT E,64006
2026-08-21,4786,VNDB41C7DE31B,015711072235601 0826,40799
2026-08-21,4786,VNDB41C7DE31B,015711084685601 0826,2220
2026-08-21,4787,VND4B642A6645,1193696,32500
2026-08-21,4788,VNDC9813A6861,631400,20180
2026-08-21,4789,VNDB8276D8D20,08010815202651,222165
2026-08-21,4790,VND10B4684522,258339-01,49188
2026-08-21,4791,VND8F200F3D33,86265578,98571
2026-08-21,4792,VND506093857D,B7273461,61147
2026-08-21,4792,VND506093857D,B7284295,112716
2026-08-21,4792,VND506093857D,B7284506,1761
2026-08-21,4792,VND506093857D,B7284509,8155
2026-08-21,4792,VND506093857D,B7284514,14690
2026-08-21,4794,VNDC7E4CC4722,DRAW 1.1,213741
2026-08-21,4794,VNDC7E4CC4722,DRAW 1.2,1586172
2026-08-21,4795,VNDD7CBC04843,7.2026,1012959
2026-08-21,4796,VND14CAEF34EE,17-160,50000
2026-08-21,4796,VND14CAEF34EE,17-161,10000
2026-08-21,4796,VND14CAEF34EE,17-162,10000
2026-08-21,4797,VND66205EC106,49819295,15028
2026-08-21,4797,VND66205EC106,49826048,2429
2026-08-21,4797,VND66205EC106,49856686,12475
2026-08-21,4797,VND66205EC106,49865252,8767
2026-08-21,4797,VND66205EC106,49874338,43990
2026-08-21,4797,VND66205EC106,49875414,2830
2026-08-21,4797,VND66205EC106,49879183,3778
2026-08-21,4797,VND66205EC106,49879783,2240
2026-08-21,4798,VND89370A1512,4180077,1576
2026-08-21,4799,VND091D0AAA42,42702630,59360
2026-08-21,4800,VND091D0AAA42,42702654,13419
2026-08-21,4801,VND3D5FA52629,1103267,60000
2026-08-21,4804,VND3AAB7BB3E5,400798,148898
2026-08-21,4807,VND9F19F8369B,3712930,332740
2026-08-21,4808,VND63FC3F64CF,494006,136050
2026-08-21,4808,VND63FC3F64CF,494239,7794
2026-08-21,4809,VND1CDC5A7959,010103090015901 0826,6232
2026-08-21,4810,VNDA23FFF84E8,020202006014801 0826,1562
2026-08-21,4810,VNDA23FFF84E8,020202006016102 0826,18278
2026-08-21,4810,VNDA23FFF84E8,020203009013802 0826,1559
2026-08-21,4810,VNDA23FFF84E8,020203009049802 0826,1559
2026-08-21,4810,VNDA23FFF84E8,020203009165602 0826,1559
2026-08-21,4810,VNDA23FFF84E8,020203013029702 0826,2288
2026-08-21,4810,VNDA23FFF84E8,020203013031102 0826,1559
2026-08-21,4810,VNDA23FFF84E8,020203013032402 0826,4264
2026-08-21,4810,VNDA23FFF84E8,020203013032702 0826,1559
2026-08-21,4810,VNDA23FFF84E8,020203034011201 0826,289005
2026-08-21,4810,VNDA23FFF84E8,020203034023602 0826,1559
2026-08-21,4810,VNDA23FFF84E8,020203034030202 0826,1588
2026-08-21,4810,VNDA23FFF84E8,020204019025402 0826,24511
2026-08-21,4810,VNDA23FFF84E8,020206017029301 0826,1632
2026-08-21,4810,VNDA23FFF84E8,020206017032301 0826,1632
2026-08-21,4810,VNDA23FFF84E8,020206017065102 0826,1632
2026-08-21,4810,VNDA23FFF84E8,020206017067402 0826,1632
2026-08-21,4810,VNDA23FFF84E8,020206017090202 0826,1661
2026-08-21,4810,VNDA23FFF84E8,020206017092702 0826,1632
2026-08-21,4810,VNDA23FFF84E8,020206017092802 0826,4782
2026-08-21,4810,VNDA23FFF84E8,020206017882103 0826,1559
2026-08-21,4810,VNDA23FFF84E8,020206017882902 0826,1559
2026-08-21,4810,VNDA23FFF84E8,020206017910202 0826,1559
2026-08-21,4810,VNDA23FFF84E8,020206017923702 0826,1559
2026-08-21,4810,VNDA23FFF84E8,020206021001202 0826,1559
2026-08-21,4810,VNDA23FFF84E8,020207008030301 0826,4115
2026-08-21,4810,VNDA23FFF84E8,020207008030701 0826,1632
2026-08-21,4810,VNDA23FFF84E8,020207008089102 0826,1632
2026-08-21,4810,VNDA23FFF84E8,020207008166502 0826,1559
2026-08-21,4810,VNDA23FFF84E8,020207008209902 0826,1559
2026-08-21,4811,VNDF384EA7B9B,508994521,9217
2026-08-21,4811,VNDF384EA7B9B,509057362,1274
2026-08-21,4811,VNDF384EA7B9B,509057364,11644
2026-08-21,4812,VNDBC06C0FC3B,17552,3880575
2026-08-21,4813,VNDB6E53E1B51,22785,104000
2026-08-21,4814,VND07D35AA3E7,2026-EBR7,410000
2026-08-21,4815,VNDCC51A13799,942861,6000
2026-08-21,4815,VNDCC51A13799,94762,6000
2026-08-21,4816,VND20AC6F3E34,H013073-2,720000
2026-08-21,4817,VND9E133B8AD2,8037,93500
2026-08-21,4820,VNDF6F6D7C9DA,62118,43911
2026-08-21,4821,VNDD21E7DC2C1,0072164,2317
2026-08-21,4821,VNDD21E7DC2C1,0072166,18846
2026-08-21,4822,VNDE78CC46A8A,1139074-1,276000
2026-08-21,4824,VNDF46E73B2E4,4737,85000
2026-08-21,4825,VNDF46E73B2E4,4753,85000
2026-08-21,4827,VND4A253FE43E,20158,1373030
2026-08-21,4830,VNDAF0E6FF656,107882,130636
2026-08-21,4830,VNDAF0E6FF656,107935,2700
2026-08-21,4830,VNDAF0E6FF656,107970,2700
2026-08-21,4831,VNDAF0E6FF656,2025.01.680,10855
2026-08-21,4834,VND228190936E,700-SIV0069756,112080
2026-08-21,4835,VND9355CB5416,24-20262302,1514797
2026-08-21,4837,VNDCEB9319C33,6965873,15500
2026-08-21,4837,VNDCEB9319C33,6965874,15500
2026-08-21,4837,VNDCEB9319C33,697212,15500
2026-08-21,4837,VNDCEB9319C33,697692,15500
2026-08-21,4837,VNDCEB9319C33,697697,15500
2026-08-21,4837,VNDCEB9319C33,698685,15500
2026-08-21,4837,VNDCEB9319C33,698871,15500
2026-08-21,4837,VNDCEB9319C33,698872,15500
2026-08-21,4837,VNDCEB9319C33,698874,15500
2026-08-21,4837,VNDCEB9319C33,698875,15500
2026-08-21,4841,VND7AB9683018,CBR 26-05,1209092
2026-08-21,4841,VND7AB9683018,CBR 26-06,3031818
2026-08-21,4842,VND4CE022C8E8,89194,26900
2026-08-21,4843,VND777AAA6B69,17QH-RNQX-7R1F,2295
2026-08-21,4843,VND777AAA6B69,1CHN-F443-PTWG,5430
2026-08-21,4843,VND777AAA6B69,1J7F-RD4Y-P36C,6281
2026-08-21,4843,VND777AAA6B69,1M3J-MW7W-HLK7,11180
2026-08-21,4844,VNDFE7BCFF82B,38234,76977
2026-08-21,4844,VNDFE7BCFF82B,38235,458482
2026-08-21,4844,VNDFE7BCFF82B,38245,77334
2026-08-21,4844,VNDFE7BCFF82B,38254,42000
2026-08-21,4845,VNDBBA3F59362,26800-076L,46500
2026-08-21,4846,VNDE692D0E79F,8559,122100
2026-08-21,4847,VND9D61E9CC36,3372,63900
2026-08-21,4847,VND9D61E9CC36,3561,17500
2026-08-21,4847,VND9D61E9CC36,3588,17500
2026-08-21,4847,VND9D61E9CC36,3596,17500
2026-08-21,4847,VND9D61E9CC36,3604,45000
2026-08-21,4847,VND9D61E9CC36,3622,17500
2026-08-21,4847,VND9D61E9CC36,3830,37500
2026-08-21,4847,VND9D61E9CC36,80487,45000
2026-08-21,4847,VND9D61E9CC36,80506,63900
2026-08-21,4847,VND9D61E9CC36,80514,37500
2026-08-21,4847,VND9D61E9CC36,80526,45000
2026-08-21,4847,VND9D61E9CC36,80537,62500
2026-08-21,4852,VNDF6181E9FBC,Draw 4,385500
2026-08-21,4853,VND13CF8000F9,08-07-08-20-26,300000
2026-08-21,4854,VND50AD44F004,3134,194300
2026-08-21,4855,VND91721D3854,432287939173,6210
2026-08-21,4856,VND3BEEA02D4A,PARTIAL   1,1414320
2026-08-21,4857,VNDA9A3116E05,7026-470,17750
2026-08-21,7485,VND6419D861E2,13486620974,14814
2026-08-21,7486,VNDDF1B535115,103729 08/26,244548
2026-08-21,7486,VNDDF1B535115,114740 08/26,71248
2026-08-21,7486,VNDDF1B535115,119160 08/26,68386
2026-08-21,7486,VNDDF1B535115,119180 08/26,44899
2026-08-21,7486,VNDDF1B535115,125827 08/26,6412
2026-08-21,7486,VNDDF1B535115,129141 08/26,29524
2026-08-21,7486,VNDDF1B535115,133974 0826,234766
2026-08-21,7486,VNDDF1B535115,137519 08/26,139380
2026-08-21,7486,VNDDF1B535115,3419636 08/26,25487
2026-08-21,7486,VNDDF1B535115,3457037 08/26,10279
2026-08-21,7486,VNDDF1B535115,3487258 08/26,56624
2026-08-21,7487,VNDCB65AFB842,202374,104336
2026-08-21,7488,VNDBC4CEAB09B,PPE 8/21/26,3694270
2026-08-21,7489,VND0A7D5F3033,PPE 8-26-2026,4167707
2026-08-21,7490,VNDB6D062A110,2026-7-31,598722
2026-08-21,7491,VNDDB7BDCAA4D,SI023512,870000
2026-08-21,7492,VND299662F89E,SIDA FINGERPRINT0826,500000
2026-08-21,7493,VND95C413CA63,9642,176917
2026-08-21,7494,VNDC844B67B02,EBRPLM081626,125000
2026-08-21,7495,VND4588B79C5B,025-562824,355250
2026-08-21,7496,VND4588B79C5B,CI100-00297281,4329221
2026-08-21,7497,VND85F7D6CB6F,WP July 2026,1095000
2026-08-21,7498,VND77BA284042,81936,50000
2026-08-21,7499,VND1C495F13FB,08/31/26-PRIDE,179085
2026-08-21,7500,VND4ED9377DF8,41581,30000
2026-08-21,7501,VNDADF61B35CC,EBRSB08212026,144000
2026-08-21,7502,VND02D4A16A81,38,300000
2026-08-25,4940,VND1D7F5E06ED,X000231,238793
2026-08-25,4940,VND1D7F5E06ED,X001061,9828
2026-08-25,4940,VND1D7F5E06ED,X001080,3119
2026-08-25,4940,VND1D7F5E06ED,X001336,1910
2026-08-25,4940,VND1D7F5E06ED,Z000242,306196
2026-08-25,4941,VND7C59DB9399,133636,6960
2026-08-25,4941,VND7C59DB9399,133846,3000
2026-08-25,4942,VNDBA5885C4A6,58306,2350
2026-08-25,4942,VNDBA5885C4A6,58307,3470
2026-08-25,4942,VNDBA5885C4A6,58338,1860
2026-08-25,4942,VNDBA5885C4A6,58380,14699
2026-08-25,4942,VNDBA5885C4A6,58386,1924
2026-08-25,4942,VNDBA5885C4A6,58387,15198
2026-08-25,4943,VNDAD371834F3,403892,20400
2026-08-25,4944,VND608BF9B3D8,197701,143682
2026-08-25,4944,VND608BF9B3D8,202740,102381
2026-08-25,4944,VND608BF9B3D8,202967,252746
2026-08-25,4944,VND608BF9B3D8,203202,921
2026-08-25,4944,VND608BF9B3D8,203807,61375
2026-08-25,4944,VND608BF9B3D8,203845,27606
2026-08-25,4944,VND608BF9B3D8,203854,1665
2026-08-25,4944,VND608BF9B3D8,204442,53257
2026-08-25,4945,VND1D18AA97DE,INVP50216285,143826
2026-08-25,4946,VNDA610CB7675,241172,6423
2026-08-25,4946,VNDA610CB7675,241173,5928
2026-08-25,4947,VNDFABA4FF358,53580426026,10563
2026-08-25,4948,VNDAD0128DBE2,105980,22567
2026-08-25,4949,VNDF460B5EC7F,42619-R,209500
2026-08-25,4950,VNDFA0267DB49,15930,60800
2026-08-25,4950,VNDFA0267DB49,15938,360000
2026-08-25,4950,VNDFA0267DB49,15971,6396
2026-08-25,4951,VNDC238B44546,72577,60000
2026-08-25,4952,VND194891F3F9,01505951,15750
2026-08-25,4953,VND3D6F43AD20,750142,498000
2026-08-25,4954,VNDEBD9EC9CF9,INV483083,4500
2026-08-25,4955,VND314B84DB92,398721 7/22/2026,237744
2026-08-25,4956,VND314B84DB92,IN264189,25210
2026-08-25,4956,VND314B84DB92,IN264458,125000
2026-08-25,4956,VND314B84DB92,IN265059,603310
2026-08-25,4957,VND314B84DB92,IN264737,32128
2026-08-25,4959,VND0E9273449A,4271916944,11938
2026-08-25,4959,VND0E9273449A,4272314240,9175
2026-08-25,4959,VND0E9273449A,4272744652,11938
2026-08-25,4959,VND0E9273449A,4273054878,9175
2026-08-25,4959,VND0E9273449A,427307370,9175
2026-08-25,4959,VND0E9273449A,4273500521,11938
2026-08-25,4959,VND0E9273449A,4274302261,11938
2026-08-25,4959,VND0E9273449A,4274491417,9175
2026-08-25,4959,VND0E9273449A,4274892867,11938
2026-08-25,4959,VND0E9273449A,4275306145,9175
2026-08-25,4959,VND0E9273449A,4275740965,11938
2026-08-25,4959,VND0E9273449A,4275962859,9175
2026-08-25,4959,VND0E9273449A,4276483459,11938
2026-08-25,4959,VND0E9273449A,4276712260,9175
2026-08-25,4959,VND0E9273449A,4277235180,11938
2026-08-25,4959,VND0E9273449A,4277548869,9175
2026-08-25,4959,VND0E9273449A,4277987193,11938
2026-08-25,4959,VND0E9273449A,4278217386,9175
2026-08-25,4959,VND0E9273449A,4278734409,11938
2026-08-25,4959,VND0E9273449A,4279040279,9175
2026-08-25,4959,VND0E9273449A,4279322380,24782
2026-08-25,4959,VND0E9273449A,4279489833,11938
2026-08-25,4960,VND1F4B20B584,PI75559,233805
2026-08-25,4963,VND06A13AF7B0,NO.         3,937555
2026-08-25,4964,VNDDA7E6F0350,24702B-6,235650
2026-08-25,4965,VND56BE5B0BCA,22722-1,60581
2026-08-25,4966,VND314D47574B,105008825624,74969
2026-08-25,4966,VND314D47574B,125008727555,17832
2026-08-25,4966,VND314D47574B,130007618106,32927
2026-08-25,4966,VND314D47574B,135008667435,46010
2026-08-25,4966,VND314D47574B,190007733602,3387
2026-08-25,4966,VND314D47574B,220006963550,1051998
2026-08-25,4966,VND314D47574B,225007959728,7079
2026-08-25,4966,VND314D47574B,275007462374,7600
2026-08-25,4966,VND314D47574B,290006992375,3315
2026-08-25,4966,VND314D47574B,320005136177,16846
2026-08-25,4966,VND314D47574B,320005141033,117577
2026-08-25,4966,VND314D47574B,330005067201,7986
2026-08-25,4966,VND314D47574B,370004575433,87983
2026-08-25,4966,VND314D47574B,475004732242,217513
2026-08-25,4966,VND314D47574B,50010323224,3387
2026-08-25,4966,VND314D47574B,60009529012,253172
2026-08-25,4966,VND314D47574B,70009407433,3315
2026-08-25,4966,VND314D47574B,70009407434,3315
2026-08-25,4966,VND314D47574B,75009237451,95582
2026-08-25,4966,VND314D47574B,75009243859,9480
2026-08-25,4967,VND314D47574B,212442222-8/26,19110
2026-08-25,4968,VND162E4C3E25,919163-1,3808
2026-08-25,4968,VND162E4C3E25,920229-1,3525
2026-08-25,4970,VND0BC4BE9B6A,BTR-3000773,36063
2026-08-25,4971,VNDC85484D068,0456-1260584,28319
2026-08-25,4971,VNDC85484D068,0456-1262903,142677
2026-08-25,4971,VNDC85484D068,0456-1269061,407
2026-08-25,4973,VND0F82AF1081,6071332915,3939
2026-08-25,4974,VND7B11AB56B7,11504-53,2589045
2026-08-25,4975,VND83E25B6DDA,0414484,179370
2026-08-25,4977,VNDF9E7CB2B1F,NO. 38,7247609
2026-08-25,4978,VNDDCF6205178,260629,3666683
2026-08-25,4978,VNDDCF6205178,260722,2200009
2026-08-25,4979,VNDDCF6205178,260635,3275932
2026-08-25,4980,VNDE6E4DBA498,63322608191146,15804
2026-08-25,4981,VND845DA57072,46032,499800
2026-08-25,4981,VND845DA57072,7211,482000
2026-08-25,4982,VND7BDF043D58,941745,4688
2026-08-25,4983,VND13E76BDE84,529-81640560,54950
2026-08-25,4984,VND97255B31D4,21035141320726,3533
2026-08-25,4985,VND23360FB697,NO.    4,8802532
2026-08-25,4986,VND09E9FBF696,1464169,23500
2026-08-25,4987,VND09E9FBF696,8828711,8500
2026-08-25,4988,VND09E9FBF696,8828717,8500
2026-08-25,4989,VND09E9FBF696,8828739,13500
2026-08-25,4990,VND09E9FBF696,8848975,162000
2026-08-25,4991,VND09E9FBF696,8849024,162000
2026-08-25,4992,VND09E9FBF696,8849065,148500
2026-08-25,4993,VND09E9FBF696,No. 18-FM-IF-0024,54950
2026-08-25,4995,VNDB41C7DE31B,0015711071396202 826,38
2026-08-25,4995,VNDB41C7DE31B,0015711077733103 726,18216
2026-08-25,4995,VNDB41C7DE31B,015711085731501 0826,24000
2026-08-25,4996,VNDB08E066BB4,4719-TAG,7650
2026-08-25,4997,VNDB08E066BB4,1GNS5UED374TR372963,7650
2026-08-25,4998,VNDB08E066BB4,1GNS5UED9TR354586,7650
2026-08-25,5008,VND506093857D,B7284237,27712
2026-08-25,5008,VND506093857D,B7284242,63480
2026-08-25,5008,VND506093857D,B7284488,41124
2026-08-25,5008,VND506093857D,B7284505,20403
2026-08-25,5008,VND506093857D,B7284510,32775
2026-08-25,5008,VND506093857D,B7284731,17069
2026-08-25,5008,VND506093857D,B7284760,4862
2026-08-25,5011,VND4F67A130AA,0625-268557,2394
2026-08-25,5012,VND80E735E1D4,18485,42162
2026-08-25,5013,VND80E735E1D4,18486,52045
2026-08-25,5014,VNDC6FEA6D9A6,990578964-2,97200
2026-08-25,5015,VNDC7E4CC4722,84,20
2026-08-25,5015,VNDC7E4CC4722,JUNE 2026,1659234
2026-08-25,5015,VNDC7E4CC4722,SVDP2026,868500
2026-08-25,5016,VND9E92E9E31B,85786,5000
2026-08-25,5017,VND433C3F329B,F39251,2379
2026-08-25,5018,VND89370A1512,4179198,255616
2026-08-25,5019,VND21A3B8AD24,17184,48125
2026-08-25,5019,VND21A3B8AD24,17185,116250
2026-08-25,5019,VND21A3B8AD24,17187,234500
2026-08-25,5019,VND21A3B8AD24,17190,130200
2026-08-25,5020,VND0B5695E700,06H8750261222,3974
2026-08-25,5021,VND091D0AAA42,37223961REV,38421
2026-08-25,5021,VND091D0AAA42,37405531REV,14300
2026-08-25,5021,VND091D0AAA42,SH634318 6/1/2024,14300
2026-08-25,5021,VND091D0AAA42,SH640147 7/1/2024,14300
2026-08-25,5021,VND091D0AAA42,SH645999 8/1/2024,14300
2026-08-25,5022,VNDC9ED79C996,226068,1494950
2026-08-25,5022,VNDC9ED79C996,226088,1900195
2026-08-25,5022,VNDC9ED79C996,226104,585915
2026-08-25,5022,VNDC9ED79C996,226109,2260920
2026-08-25,5022,VNDC9ED79C996,226128,1344059
2026-08-25,5023,VND6C133B6E38,55P1842723,62867
2026-08-25,5024,VND2C797EC2E1,00208763751,35342
2026-08-25,5025,VNDDB8E0D5288,217552F,6270
2026-08-25,5025,VNDDB8E0D5288,217634F,355035
2026-08-25,5025,VNDDB8E0D5288,217866F,79160
2026-08-25,5025,VNDDB8E0D5288,217868F,7832
2026-08-25,5025,VNDDB8E0D5288,217943F,35260
2026-08-25,5026,VND8FD6BE3390,65590-172,5995
2026-08-25,5027,VND684C9F2E6A,3884,272895
2026-08-25,5027,VND684C9F2E6A,3885,2121118
2026-08-25,5027,VND684C9F2E6A,3886,326200
2026-08-25,5027,VND684C9F2E6A,3888,45000
2026-08-25,5027,VND684C9F2E6A,3889,651469
2026-08-25,5027,VND684C9F2E6A,3890,522276
2026-08-25,5027,VND684C9F2E6A,3893,519100
2026-08-25,5028,VND70C30E415D,213602,53800
2026-08-25,5029,VND9DFD086314,109990,415332
2026-08-25,5030,VND514BD94314,105841,63601
2026-08-25,5031,VNDD7E2D1A272,4508328,449344
2026-08-25,5031,VNDD7E2D1A272,4508329,449344
2026-08-25,5031,VNDD7E2D1A272,4541831,493136
2026-08-25,5032,VNDFBB8135EB9,397188,19000
2026-08-25,5032,VNDFBB8135EB9,397276,39100
2026-08-25,5033,VND63FC3F64CF,492980,9426
2026-08-25,5033,VND63FC3F64CF,492981,65688
2026-08-25,5033,VND63FC3F64CF,493153,25310
2026-08-25,5033,VND63FC3F64CF,493460,7692
2026-08-25,5033,VND63FC3F64CF,493464,8092
2026-08-25,5033,VND63FC3F64CF,493469,65660
2026-08-25,5033,VND63FC3F64CF,493652,12184
2026-08-25,5033,VND63FC3F64CF,493725,76676
2026-08-25,5033,VND63FC3F64CF,493847,4210
2026-08-25,5033,VND63FC3F64CF,494026,4162
2026-08-25,5034,VND1CDC5A7959,010101600658003,5540
2026-08-25,5034,VND1CDC5A7959,010103340002101 826,14959
2026-08-25,5034,VND1CDC5A7959,010103393009101 0826,29067
2026-08-25,5034,VND1CDC5A7959,010103393009201 0826,3017
2026-08-25,5034,VND1CDC5A7959,010105092021402 0826,20706
2026-08-25,5034,VND1CDC5A7959,010106112003202 0826,18920
2026-08-25,5034,VND1CDC5A7959,010106112005401 826,6034
2026-08-25,5034,VND1CDC5A7959,010106398044702 0826,1180
2026-08-25,5034,VND1CDC5A7959,010106398064002 0826,1234
2026-08-25,5034,VND1CDC5A7959,010106403044204 0826,3017
2026-08-25,5034,VND1CDC5A7959,010106403078502 0826,1234
2026-08-25,5034,VND1CDC5A7959,010106445007102 0826,1234
2026-08-25,5034,VND1CDC5A7959,010106706051002 0826,2652
2026-08-25,5034,VND1CDC5A7959,010106706059102 0826,1234
2026-08-25,5034,VND1CDC5A7959,010106706063502 0826,1256
2026-08-25,5034,VND1CDC5A7959,0101067069976070826,4333
2026-08-25,5034,VND1CDC5A7959,010107099692903 0826,40964
2026-08-25,5034,VND1CDC5A7959,010107200124201 0826,1180
2026-08-25,5034,VND1CDC5A7959,010107200143002 0826,1234
2026-08-25,5034,VND1CDC5A7959,010107703075602 0826,1234
2026-08-25,5034,VND1CDC5A7959,010107703078902 0826,1234
2026-08-25,5034,VND1CDC5A7959,010107703086901 826,6566
2026-08-25,5034,VND1CDC5A7959,010107703087001 826,3163
2026-08-25,5034,VND1CDC5A7959,010107703095202 0826,1234
2026-08-25,5034,VND1CDC5A7959,010107703237629 0826,6892
2026-08-25,5034,VND1CDC5A7959,010108711042202 0826,1180
2026-08-25,5034,VND1CDC5A7959,010108717052301 0826,1180
2026-08-25,5034,VND1CDC5A7959,010108717053202 0826,1180
2026-08-25,5035,VNDA23FFF84E8,020204019125101 826,17729
2026-08-25,5035,VNDA23FFF84E8,020204019126101 826,17793
2026-08-25,5035,VNDA23FFF84E8,020207008008502 0826,1632
2026-08-25,5035,VNDA23FFF84E8,020207008031402 0826,1632
2026-08-25,5035,VNDA23FFF84E8,020207008033602 0826,1559
2026-08-25,5035,VNDA23FFF84E8,020207008075702 0826,1632
2026-08-25,5036,VND2B6431058B,2026-053,382500
2026-08-25,5037,VND6F360E2F72,5155622540478,19599
2026-08-25,5047,VND42EFDCDA16,287302204560X062026,118342
2026-08-25,5047,VND42EFDCDA16,287302204560X072026,121976
2026-08-25,5048,VND7BC88FF2A0,392626BTR,146250
2026-08-25,5049,VND3381FE26A4,265579436-001,75969
2026-08-25,5050,VND810929CE7E,5586-18,7691955
2026-08-25,5051,VNDC074D4A803,69808192026100447,10985
2026-08-25,5052,VND6E49FF6DF8,9512040439,60000
2026-08-25,5053,VNDE78CC46A8A,1142803-1,484416
2026-08-25,5053,VNDE78CC46A8A,1142803-1A,83604
2026-08-25,5054,VNDBAE2EA4892,29664,89768
2026-08-25,5055,VND270067890E,DTHOMAS08132026,10000
2026-08-25,5056,VNDE903EFC1D1,00025.2,25000
2026-08-25,5056,VNDE903EFC1D1,00026,82500
2026-08-25,5057,VND4A253FE43E,20163,1317311
2026-08-25,5058,VND74BB9BAD1A,119352136,20000
2026-08-25,5059,VND60AA5B8F17,57247,384621
2026-08-25,5059,VND60AA5B8F17,58902,18984
2026-08-25,5059,VND60AA5B8F17,58903,7115
2026-08-25,5059,VND60AA5B8F17,59013,202758
2026-08-25,5060,VNDAF0E6FF656,106857,10855
2026-08-25,5060,VNDAF0E6FF656,106866,8812
2026-08-25,5060,VNDAF0E6FF656,106987,10855
2026-08-25,5060,VNDAF0E6FF656,106991,10855
2026-08-25,5060,VNDAF0E6FF656,107058,11120
2026-08-25,5061,VND6FBD164321,JNICHOLSON05122026,7346
2026-08-25,5062,VND9355CB5416,25-20262731,4823807
2026-08-25,5063,VND8AF07BEFC7,2181878,29900
2026-08-25,5064,VNDCEB9319C33,698873,15500
2026-08-25,5065,VND8F2E9428E4,999103023548,4674975
2026-08-25,5066,VND4F30C85B03,DTHOMAS08132026,10800
2026-08-25,5067,VND2D472FD508,0569790051,10000
2026-08-25,5067,VND2D472FD508,0569952174,10000
2026-08-25,5067,VND2D472FD508,0569952812,10000
2026-08-25,5068,VND69DFA54E4A,CF26-0882A,45000
2026-08-25,5069,VND702EC2FC09,132309,7663200
2026-08-25,5070,VND2389DF337C,15-8321-01,15434760
2026-08-25,5071,VND9EFC57E77A,4713,250000
2026-08-25,5072,VND8F17869998,17728,92000
2026-08-25,5073,VND6EA0D785D1,500694496,97015
2026-08-25,5073,VND6EA0D785D1,500694497,94320
2026-08-25,5073,VND6EA0D785D1,500694498,94320
2026-08-25,5073,VND6EA0D785D1,500694499,94320
2026-08-25,5074,VND777AAA6B69,1LYP-TYQX-D163,20423
2026-08-25,5075,VND8D465452B5,6277975,391848
2026-08-25,5076,VND8D465452B5,6277990,1261351
2026-08-25,5077,VNDFE7BCFF82B,38207,168363
2026-08-25,5077,VNDFE7BCFF82B,38232,256002
2026-08-25,5077,VNDFE7BCFF82B,38236,109544
2026-08-25,5077,VNDFE7BCFF82B,38246,83769
2026-08-25,5077,VNDFE7BCFF82B,38251,345529
2026-08-25,5077,VNDFE7BCFF82B,38253,122402
2026-08-25,5077,VNDFE7BCFF82B,38255,170962
2026-08-25,5077,VNDFE7BCFF82B,38259,193575
2026-08-25,5077,VNDFE7BCFF82B,38264,105152
2026-08-25,5077,VNDFE7BCFF82B,38269,147851
2026-08-25,5077,VNDFE7BCFF82B,38271,13000
2026-08-25,5078,VND50A288B47D,26-10134,400000
2026-08-25,5079,VNDBBA3F59362,26800-075M,292880
2026-08-25,5079,VNDBBA3F59362,26800-077M,50680
2026-08-25,5079,VNDBBA3F59362,26800-079M,1225
2026-08-25,5080,VND60556E9295,22122216,388620
2026-08-25,5081,VND60556E9295,NO. 008,2635816
2026-08-25,5082,VND9D61E9CC36,3175,8750
2026-08-25,5082,VND9D61E9CC36,3191,8750
2026-08-25,5082,VND9D61E9CC36,3493,9746
2026-08-25,5082,VND9D61E9CC36,3494,9746
2026-08-25,5082,VND9D61E9CC36,3926,17500
2026-08-25,5082,VND9D61E9CC36,4586,17500
2026-08-25,5082,VND9D61E9CC36,4587,8750
2026-08-25,5082,VND9D61E9CC36,4853,17500
2026-08-25,5082,VND9D61E9CC36,4900,8750
2026-08-25,5082,VND9D61E9CC36,4971,17500
2026-08-25,5082,VND9D61E9CC36,5512,8750
2026-08-25,5082,VND9D61E9CC36,5521,8750
2026-08-25,5082,VND9D61E9CC36,5522,9746
2026-08-25,5082,VND9D61E9CC36,5525,8750
2026-08-25,5082,VND9D61E9CC36,5725,8750
2026-08-25,5082,VND9D61E9CC36,5753,55000
2026-08-25,5082,VND9D61E9CC36,6049,8750
2026-08-25,5082,VND9D61E9CC36,6051,8750
2026-08-25,5082,VND9D61E9CC36,6052,8750
2026-08-25,5082,VND9D61E9CC36,6057,8750
2026-08-25,5082,VND9D61E9CC36,6148,10493
2026-08-25,5082,VND9D61E9CC36,6150,17500
2026-08-25,5082,VND9D61E9CC36,6154,17500
2026-08-25,5082,VND9D61E9CC36,6155,8750
2026-08-25,5082,VND9D61E9CC36,6158,9746
2026-08-25,5082,VND9D61E9CC36,6159,8750
2026-08-25,5082,VND9D61E9CC36,6161,8750
2026-08-25,5082,VND9D61E9CC36,6301,8750
2026-08-25,5082,VND9D61E9CC36,6302A,8750
2026-08-25,5082,VND9D61E9CC36,6303,8750
2026-08-25,5082,VND9D61E9CC36,6304,8750
2026-08-25,5082,VND9D61E9CC36,6305,8750
2026-08-25,5082,VND9D61E9CC36,6306,9746
2026-08-25,5082,VND9D61E9CC36,6308,8750
2026-08-25,5082,VND9D61E9CC36,6310,8750
2026-08-25,5082,VND9D61E9CC36,6311,8750
2026-08-25,5082,VND9D61E9CC36,6315,8750
2026-08-25,5082,VND9D61E9CC36,6320,8750
2026-08-25,5082,VND9D61E9CC36,6321,8750
2026-08-25,5082,VND9D61E9CC36,6322,8750
2026-08-25,5082,VND9D61E9CC36,6323,8750
2026-08-25,5082,VND9D61E9CC36,6330,8750
2026-08-25,5082,VND9D61E9CC36,6331,8750
2026-08-25,5082,VND9D61E9CC36,6332,9746
2026-08-25,5082,VND9D61E9CC36,6333,8750
2026-08-25,5082,VND9D61E9CC36,6334,9746
2026-08-25,5082,VND9D61E9CC36,6335,9746
2026-08-25,5082,VND9D61E9CC36,6336,9746
2026-08-25,5082,VND9D61E9CC36,6340,17500
2026-08-25,5082,VND9D61E9CC36,6341,8750
2026-08-25,5082,VND9D61E9CC36,6342,8750
2026-08-25,5082,VND9D61E9CC36,6343,8750
2026-08-25,5082,VND9D61E9CC36,6345,8750
2026-08-25,5082,VND9D61E9CC36,6358,8750
2026-08-25,5082,VND9D61E9CC36,6359,8750
2026-08-25,5082,VND9D61E9CC36,6360,8750
2026-08-25,5082,VND9D61E9CC36,6366,17500
2026-08-25,5082,VND9D61E9CC36,6370,9746
2026-08-25,5082,VND9D61E9CC36,6372,17500
2026-08-25,5082,VND9D61E9CC36,6378,17500
2026-08-25,5082,VND9D61E9CC36,6379,17500
2026-08-25,5082,VND9D61E9CC36,6498,17500
2026-08-25,5082,VND9D61E9CC36,6511,17500
2026-08-25,5082,VND9D61E9CC36,6512,17500
2026-08-25,5082,VND9D61E9CC36,6513,17500
2026-08-25,5082,VND9D61E9CC36,6516,17500
2026-08-25,5082,VND9D61E9CC36,6517,17500
2026-08-25,5082,VND9D61E9CC36,6528,17500
2026-08-25,5082,VND9D61E9CC36,6702,45000
2026-08-25,5082,VND9D61E9CC36,6713,17500
2026-08-25,5082,VND9D61E9CC36,6714,17500
2026-08-25,5082,VND9D61E9CC36,6795,17500
2026-08-25,5082,VND9D61E9CC36,6873,37500
2026-08-25,5082,VND9D61E9CC36,6897,17500
2026-08-25,5082,VND9D61E9CC36,6963,17500
2026-08-25,5082,VND9D61E9CC36,6967,17500
2026-08-25,5083,VNDCF188DC1EB,APRIL 2026,1350553
2026-08-25,5083,VNDCF188DC1EB,JULY 2026,1627641
2026-08-25,5083,VNDCF188DC1EB,MARCH 2026,1199595
2026-08-25,5083,VNDCF188DC1EB,MAY 2026,1624714
2026-08-25,5084,VND7423D61B25,0578376415-8/26,151100
2026-08-25,5085,VNDF93C737EE6,807918,76100
2026-08-25,5086,VNDB0DE02BD22,563098,1500
2026-08-25,5086,VNDB0DE02BD22,563431,1500
2026-08-25,5086,VNDB0DE02BD22,563433,4678
2026-08-25,5086,VNDB0DE02BD22,563456,6680
2026-08-25,5086,VNDB0DE02BD22,564023,6488
2026-08-25,5086,VNDB0DE02BD22,564589,6081
2026-08-25,5086,VNDB0DE02BD22,565081,30000
2026-08-25,5087,VND4A591C435A,2726,82197
2026-08-25,5088,VND4106D61AB9,8-1695,973129
2026-08-25,5089,VND4106D61AB9,012_1752,1772348
2026-08-25,5090,VND4106D61AB9,ENH.002 SDS,916230
2026-08-25,5091,VNDBA2426EBDA,17-260707109,1908422
2026-08-25,5092,VND44D8DA524A,7345236,5852100
2026-08-25,5093,VND86FD5A2E17,MPP-283056,21960
2026-08-25,5094,VND587DA1941D,5287138,9064
2026-08-25,5095,VNDE2590AFFCF,534087,5356
2026-08-25,5095,VNDE2590AFFCF,534088,12687
2026-08-25,5095,VNDE2590AFFCF,535707,53589
2026-08-25,5095,VNDE2590AFFCF,535713,87513
2026-08-25,5096,VNDF766F573F3,3135,99200
2026-08-25,5097,VND2903DC5320,EBR-150,1394123
2026-08-25,5098,VNDCD361582C7,NO.    4,120000
2026-08-25,5099,VNDCD361582C7,NO. 7,220000
2026-08-25,5100,VNDC81AEDF052,4289656-6,336500
2026-08-25,5101,VND4CB8B42720,PEC 6030,95640
2026-08-25,5101,VND4CB8B42720,PEC 6032,23156
2026-08-25,5102,VNDBDC4259461,Insurance,87700
2026-08-25,5103,VNDF8A0B03E69,CO26-244,30000
2026-08-25,5104,VND04A1F8335B,1-21111,28760
2026-08-25,5105,VND0FF7E70DAB,P0681907,13025
2026-08-25,5106,VND0FF7E70DAB,P0682007,90401
2026-08-25,5107,VND7282AC1816,13866,32800
2026-08-25,5107,VND7282AC1816,13867,90300
2026-08-25,5107,VND7282AC1816,13868,35300
2026-08-25,5107,VND7282AC1816,13873,110000
2026-08-25,5108,VND3E20119721,REIMB 05,95100
2026-08-25,5109,VNDD87DEFF562,31,1402748
2026-08-25,5110,VND5A91FBFA05,4281ML,333500
2026-08-25,5111,VNDD471D94CAF,202606,1595000
2026-08-25,5112,VND9BEF932CAF,2026-0727-002,36500
2026-08-25,5113,VND9B9E2DD02C,100790837453,5581
2026-08-25,5114,VND3ED6973221,DGIBBS08182026,1000
2026-08-25,5115,VND7CB09A5837,0426,1300000
2026-08-25,5115,VND7CB09A5837,0526,1300000
2026-08-25,5115,VND7CB09A5837,0626,1300000
2026-08-25,5115,VND7CB09A5837,0726,1300000
2026-08-25,5116,VND91721D3854,067140541784,283009
2026-08-25,5116,VND91721D3854,086642550495,2922
2026-08-25,5116,VND91721D3854,173741710468,32289
2026-08-25,5116,VND91721D3854,295610432900,1942
2026-08-25,5116,VND91721D3854,451297458071,5431
2026-08-25,5116,VND91721D3854,503518500051,1287
2026-08-25,5116,VND91721D3854,651695454956,1287
2026-08-25,5116,VND91721D3854,816374800200,37255
2026-08-25,5116,VND91721D3854,922834296720,5650
2026-08-25,5116,VND91721D3854,995543898582,1868
2026-08-25,5117,VND8A8F8CF7E5,818,30000
2026-08-25,5118,VND6DEB672106,2275,110980
2026-08-25,5118,VND6DEB672106,2286,147934
2026-08-25,5119,VNDCBC7F24FB1,DTHOMAS08132026,3963
2026-08-25,5120,VNDB1B22FD107,5829,67000
2026-08-25,5121,VND9D16BF453B,151,1399
2026-08-25,5122,VNDBFCC73198B,3132,170000
2026-08-25,5123,VNDDE63E164C0,LEVELISETT.SMOORE,100000
2026-08-25,5124,VNDDE63E164C0,LEVELIDTATE,100000
2026-08-25,5125,VNDDE63E164C0,LEVELITMINTON,100000
2026-08-25,5141,VND6E8879BB31,PEBR4A2607DF1G9-0001,219278
2026-08-25,5142,VND6E8879BB31,PEBR4A26083560Y-0001,347586
2026-08-25,5143,VND6E8879BB31,PEBR4A2608BG0NB-0001,45000
2026-08-25,5144,VND6E8879BB31,PEBR4A26089DVX3-0001,370400
2026-08-25,5145,VND6E8879BB31,T1195793-FINAL,12000
2026-08-25,5146,VND6E8879BB31,PEBR4A2605FHLSL-0001,110000
2026-08-25,5147,VND6E8879BB31,PEBR4A2607Z17Y2-0001,68400
2026-08-25,5148,VND764A6A6DEF,182892,12500
2026-08-25,5149,VND764A6A6DEF,184945,12500
2026-08-25,5150,VND08C636DE10,94070008,629349
2026-08-25,5151,VND08C636DE10,ADJ4590.NHB,50000
2026-08-25,5152,VND08C636DE10,ADJ4596.NHB,50000
2026-08-25,5153,VND08C636DE10,ADJ4598.NHB,50000
2026-08-25,7503,VNDDA3EFCF120,44142,3676083
2026-08-25,7504,VNDDA3EFCF120,43765,8407257
2026-08-25,7505,VND0ADEE8CD25,2150118-04,8756597
2026-08-25,7506,VND2640C38CB1,APRIL 2026,2596817
2026-08-25,7506,VND2640C38CB1,JULY 2026,3125502
2026-08-25,7506,VND2640C38CB1,JUNE 2026,3468374
2026-08-25,7506,VND2640C38CB1,MARCH 2026,2811063
2026-08-25,7506,VND2640C38CB1,MAY 2026,2791701
2026-08-25,7507,VNDD63893FA83,PPE 8/8/26-8/21/26,1602618
2026-08-25,7508,VND440D42F5D7,PAY PT 8/8-21/2026,116707
2026-08-25,7509,VND291C15549B,262270000010,231908631
2026-08-25,7509,VND291C15549B,262270000011,101535206
2026-08-25,7510,VND9482CE1F7B,00214481,23015
2026-08-25,7511,VND9482CE1F7B,6150060104,161999
2026-08-25,7511,VND9482CE1F7B,6150362110,28338
2026-08-25,7512,VNDCDF3918BC0,PARTIAL 21,191134215
2026-08-25,7513,VNDB757532633,131346 (19),372068
2026-08-25,7513,VNDB757532633,20 - 000,352192
2026-08-25,7514,VND5AB7B02F1F,1205364,12155620
2026-08-25,7515,VND98CFAD3356,26316,475931
2026-08-25,7516,VND102D6D0EC6,9706,63350
2026-08-25,7517,VND102D6D0EC6,8258,31000
2026-08-25,7518,VND75F0B177E3,MAY 1-31  2026,2188052
2026-08-25,7519,VNDAB37FC549B,H00004124,14577
2026-08-25,7520,VND7FCD0BC551,Draw 1-7863,2999809
2026-08-25,7521,VND4174CC59F3,3678,350000
2026-08-25,7522,VND2B601CD19C,16,200000
2026-08-25,7523,VND162CA25F89,08-17-08-21-2026,102083
2026-08-27,4438,VND1DCAB5B34F,TUITION U1342586,129050
2026-08-27,5198,VND7C59DB9399,133867,71120
2026-08-27,5199,VNDBA5885C4A6,107211C,74412
2026-08-27,5200,VND608BF9B3D8,188370,178350
2026-08-27,5200,VND608BF9B3D8,196610,128210
2026-08-27,5200,VND608BF9B3D8,198647,6930
2026-08-27,5200,VND608BF9B3D8,204417,7386
2026-08-27,5200,VND608BF9B3D8,204418,8665
2026-08-27,5200,VND608BF9B3D8,204431,404070
2026-08-27,5200,VND608BF9B3D8,205134,2568
2026-08-27,5200,VND608BF9B3D8,205201,239870
2026-08-27,5201,VND1D18AA97DE,INVP502181556,256000
2026-08-27,5202,VNDFABA4FF358,8-21-2026,21646
2026-08-27,5203,VNDFA0267DB49,15970,149981
2026-08-27,5204,VND35B1EB0D4E,SB363525,84428
2026-08-27,5205,VND869EF62DA5,122018,415028
2026-08-27,5208,VNDEBD9EC9CF9,489916,47547
2026-08-27,5209,VND314B84DB92,IN263819,2094
2026-08-27,5209,VND314B84DB92,IN264630,16389
2026-08-27,5210,VND314B84DB92,IN265341,27883
2026-08-27,5211,VND314B84DB92,IN265345,10816
2026-08-27,5212,VND314B84DB92,IN265344,73186
2026-08-27,5213,VND314B84DB92,IN265342,364246
2026-08-27,5214,VND314B84DB92,IN265343,18069
2026-08-27,5216,VND0E9273449A,4279489758 826,5406
2026-08-27,5216,VND0E9273449A,4279655245,4733
2026-08-27,5216,VND0E9273449A,4279795968,9175
2026-08-27,5216,VND0E9273449A,4279815612,3059
2026-08-27,5216,VND0E9273449A,4279915235,1805
2026-08-27,5216,VND0E9273449A,4279921469,1101
2026-08-27,5216,VND0E9273449A,4280006386,23806
2026-08-27,5216,VND0E9273449A,5354206207,15933
2026-08-27,5217,VND0E9273449A,4279815474,23352
2026-08-27,5217,VND0E9273449A,4279928578,15176
2026-08-27,5218,VND1F4B20B584,PI75739,129588
2026-08-27,5219,VND2FE679EDE1,9174904433,23025
2026-08-27,5221,VND312B4066D7,3279149,8552
2026-08-27,5221,VND312B4066D7,INV 3280627,4450
2026-08-27,5221,VND312B4066D7,INV 3280628,98746
2026-08-27,5221,VND312B4066D7,INV 3280629,191268
2026-08-27,5222,VNDE56753934E,AR90251,375000
2026-08-27,5223,VNDE042C76692,10957,329056
2026-08-27,5224,VNDB9A7F6729B,33512,272043
2026-08-27,5224,VNDB9A7F6729B,33522,272043
2026-08-27,5225,VND56BE5B0BCA,22961-1,35197
2026-08-27,5226,VND314D47574B,120007640519,191099
2026-08-27,5226,VND314D47574B,125008737546,29028
2026-08-27,5226,VND314D47574B,125008737547,58494
2026-08-27,5226,VND314D47574B,130007590490,15307
2026-08-27,5226,VND314D47574B,135008674370,532
2026-08-27,5226,VND314D47574B,135008676156,3315
2026-08-27,5226,VND314D47574B,15009787935,4948
2026-08-27,5226,VND314D47574B,165008599140,203207
2026-08-27,5226,VND314D47574B,190007741393,9566
2026-08-27,5226,VND314D47574B,200006808397,3372
2026-08-27,5226,VND314D47574B,2026555446,22457081
2026-08-27,5226,VND314D47574B,205008133346,24150
2026-08-27,5226,VND314D47574B,205008133606,32067
2026-08-27,5226,VND314D47574B,205008133607,35695
2026-08-27,5226,VND314D47574B,215008025097,10775
2026-08-27,5226,VND314D47574B,235007830251,3387
2026-08-27,5226,VND314D47574B,235007830252,3315
2026-08-27,5226,VND314D47574B,270007023299,3315
2026-08-27,5226,VND314D47574B,275007442401,100891
2026-08-27,5226,VND314D47574B,275007465644,33148
2026-08-27,5226,VND314D47574B,295007230429,69003
2026-08-27,5226,VND314D47574B,30010721445,10201
2026-08-27,5226,VND314D47574B,30010724334,12315
2026-08-27,5226,VND314D47574B,30010725030,532
2026-08-27,5226,VND314D47574B,40010438398 0826,80329
2026-08-27,5226,VND314D47574B,40010456432,491
2026-08-27,5226,VND314D47574B,40010457869,17646
2026-08-27,5226,VND314D47574B,465004747574 0826,81361
2026-08-27,5226,VND314D47574B,65009284140,11424
2026-08-27,5226,VND314D47574B,85009072544,532
2026-08-27,5227,VND314D47574B,157814492,25158
2026-08-27,5229,VND162E4C3E25,918625-1,3748
2026-08-27,5229,VND162E4C3E25,918840-1,1000
2026-08-27,5230,VND7911211C25,52737,7159
2026-08-27,5233,VND27425B6C62,118454855,462000
2026-08-27,5235,VND65DE8A4375,S19083,29600
2026-08-27,5235,VND65DE8A4375,S19084,15000
2026-08-27,5235,VND65DE8A4375,S19101,129800
2026-08-27,5235,VND65DE8A4375,S19102,175200
2026-08-27,5236,VND0BC4BE9B6A,BTR-0,67099
2026-08-27,5236,VND0BC4BE9B6A,BTR-3000924,140934
2026-08-27,5237,VNDB24DE3A5F3,60979349,14740
2026-08-27,5237,VNDB24DE3A5F3,61064499,245208
2026-08-27,5237,VNDB24DE3A5F3,61064502,169160
2026-08-27,5237,VNDB24DE3A5F3,61064506,462080
2026-08-27,5237,VNDB24DE3A5F3,61064508,409056
2026-08-27,5239,VNDC85484D068,0456-1260275,17800
2026-08-27,5239,VNDC85484D068,0456-1262303,134800
2026-08-27,5240,VND0F82AF1081,6071780645,13156
2026-08-27,5240,VND0F82AF1081,6072025531,1499
2026-08-27,5240,VND0F82AF1081,6072025532,84889
2026-08-27,5241,VND0F82AF1081,6071849639,21745
2026-08-27,5242,VND83E25B6DDA,0414614,33000
2026-08-27,5244,VND16102A69A6,71721,9300
2026-08-27,5244,VND16102A69A6,71848,54800
2026-08-27,5245,VND85CF6239EE,21347-4,160000
2026-08-27,5246,VNDAD36288E2C,1285885,48100
2026-08-27,5248,VNDBFC0B28F1A,853907274,240561
2026-08-27,5248,VNDBFC0B28F1A,853981844,53277
2026-08-27,5250,VND8AA7C5834A,9035933341,107956
2026-08-27,5251,VND8AA7C5834A,9035226076,7833
2026-08-27,5252,VND8AA7C5834A,9045227130,90315
2026-08-27,5253,VND6A8F32B4F0,2-603-08994,10058
2026-08-27,5253,VND6A8F32B4F0,942963446,750
2026-08-27,5254,VNDB13CA932DA,313116292 08/26,26081
2026-08-27,5256,VND13E76BDE84,529-81639790,117775
2026-08-27,5257,VND45C912C9C6,3141,106400
2026-08-27,5259,VND23360FB697,21089880-002 826,100570
2026-08-27,5259,VND23360FB697,21089885-002 826,19402
2026-08-27,5259,VND23360FB697,23099007-002 08/26,1477
2026-08-27,5259,VND23360FB697,26105517-001 08/26,2672
2026-08-27,5260,VNDFEB45412C5,04104700-000 08/26,1306
2026-08-27,5260,VNDFEB45412C5,06131500-002 826,9898
2026-08-27,5260,VNDFEB45412C5,06131550-000 826,12966
2026-08-27,5260,VNDFEB45412C5,08168650-001 08/26,1600
2026-08-27,5261,VNDFEB45412C5,2026-009,120000
2026-08-27,5262,VNDA9B2BB2688,GARY J. SANCHEZ 2026,594549
2026-08-27,5263,VNDB41C7DE31B,015711071888101 0826,25000
2026-08-27,5263,VNDB41C7DE31B,015711075971601 0826,36297
2026-08-27,5263,VNDB41C7DE31B,015711083129801 0826,9900
2026-08-27,5264,VNDB41C7DE31B,015713071300101 0826,35722
2026-08-27,5265,VNDB08E066BB4,1800264645,32000
2026-08-27,5266,VND8F200F3D33,86323070,10440
2026-08-27,5266,VND8F200F3D33,86324816,9490
2026-08-27,5268,VNDE65A0C20D1,544997541,21698
2026-08-27,5268,VNDE65A0C20D1,545020035,17529
2026-08-27,5268,VNDE65A0C20D1,545020173,22232
2026-08-27,5268,VNDE65A0C20D1,545020185,13895
2026-08-27,5269,VND4F67A130AA,0442-357673,6198
2026-08-27,5272,VND433C3F329B,C30488,252508
2026-08-27,5273,VND642AC3152E,72485,5460
2026-08-27,5274,VND596C9A1C7E,241741F,37005
2026-08-27,5275,VND89370A1512,4180366,8744
2026-08-27,5275,VND89370A1512,4180367,9180
2026-08-27,5276,VND21A3B8AD24,17183,185250
2026-08-27,5276,VND21A3B8AD24,17186,750000
2026-08-27,5276,VND21A3B8AD24,17188,50000
2026-08-27,5277,VND091D0AAA42,03-01-2026,14300
2026-08-27,5277,VND091D0AAA42,37625461REV,14300
2026-08-27,5277,VND091D0AAA42,37848714REV,14300
2026-08-27,5277,VND091D0AAA42,38078463REV,14300
2026-08-27,5277,VND091D0AAA42,40768828REV,18189
2026-08-27,5277,VND091D0AAA42,40993455REV,3191
2026-08-27,5277,VND091D0AAA42,42207256,35110
2026-08-27,5277,VND091D0AAA42,4270263,14803
2026-08-27,5277,VND091D0AAA42,42702689,26713
2026-08-27,5278,VND44D252EA0A,69238,2367300
2026-08-27,5278,VND44D252EA0A,69400,2872000
2026-08-27,5279,VND0BE18D292A,25-5697,3500
2026-08-27,5279,VND0BE18D292A,25-5722,6768
2026-08-27,5280,VNDDA9E644FDE,2026-019,62000
2026-08-27,5281,VND3DBF2AE1D7,08242026,16165864
2026-08-27,5283,VNDDB8E0D5288,215458F,2739
2026-08-27,5283,VNDDB8E0D5288,218184F,2519
2026-08-27,5283,VNDDB8E0D5288,218190F,7150
2026-08-27,5285,VND021504B4CB,91011058329,1516750
2026-08-27,5286,VNDCC72E617AC,734473,2576775
2026-08-27,5288,VND6DFE713957,910018613,18000
2026-08-27,5288,VND6DFE713957,910019480,44000
2026-08-27,5290,VND684C9F2E6A,3906,60000
2026-08-27,5290,VND684C9F2E6A,3909,99000
2026-08-27,5291,VND05E26A5312,34745,47435
2026-08-27,5291,VND05E26A5312,34752,23245
2026-08-27,5293,VNDDA326533DE,0370098463-001,90710
2026-08-27,5294,VNDDA326533DE,0370085780-001 0826,8549
2026-08-27,5295,VNDD19CF2363D,08-26-2026,500000
2026-08-27,5296,VND06AC22E953,396638,127725
2026-08-27,5297,VND63FC3F64CF,464370,27172
2026-08-27,5297,VND63FC3F64CF,491371,57471
2026-08-27,5297,VND63FC3F64CF,493818,13923
2026-08-27,5297,VND63FC3F64CF,493819,1800
2026-08-27,5297,VND63FC3F64CF,494120,2297
2026-08-27,5297,VND63FC3F64CF,494163,7070
2026-08-27,5297,VND63FC3F64CF,494240,4843
2026-08-27,5297,VND63FC3F64CF,494348,28010
2026-08-27,5297,VND63FC3F64CF,494433,3186
2026-08-27,5297,VND63FC3F64CF,494449,9558
2026-08-27,5297,VND63FC3F64CF,494456,19722
2026-08-27,5297,VND63FC3F64CF,494506,36541
2026-08-27,5297,VND63FC3F64CF,494511,3185
2026-08-27,5297,VND63FC3F64CF,494538,5862
2026-08-27,5297,VND63FC3F64CF,494558,8324
2026-08-27,5297,VND63FC3F64CF,494559,8324
2026-08-27,5297,VND63FC3F64CF,494561,2401
2026-08-27,5297,VND63FC3F64CF,494563,3598
2026-08-27,5297,VND63FC3F64CF,494730,5566
2026-08-27,5297,VND63FC3F64CF,494735,326130
2026-08-27,5298,VNDE42A605DE2,SU26-014,299740
2026-08-27,5299,VND51F22A8064,B21608809,2331180
2026-08-27,5300,VND51F22A8064,B21605678,867187
2026-08-27,5301,VND51F22A8064,B21175225,3133126
2026-08-27,5302,VND732FC446A2,883350814,28900
2026-08-27,5303,VND1CDC5A7959,010106112505005 0826,158995
2026-08-27,5304,VNDA23FFF84E8,020207008030901 0826,1632
2026-08-27,5304,VNDA23FFF84E8,020207008031601 0826,1632
2026-08-27,5304,VNDA23FFF84E8,020207008230202 0826,1559
2026-08-27,5304,VNDA23FFF84E8,020208018059102 0826,1559
2026-08-27,5304,VNDA23FFF84E8,020208018079502 0826,1559
2026-08-27,5304,VNDA23FFF84E8,020208018133301 0826,1559
2026-08-27,5304,VNDA23FFF84E8,020208018153401 0826,1559
2026-08-27,5304,VNDA23FFF84E8,020208018155501 0826,1559
2026-08-27,5304,VNDA23FFF84E8,020208018156902 0826,1632
2026-08-27,5305,VNDA23FFF84E8,020201010323201 0826,7124
2026-08-27,5306,VNDF384EA7B9B,509088613,14454
2026-08-27,5306,VNDF384EA7B9B,509088615,10535
2026-08-27,5306,VNDF384EA7B9B,509088616,12170
2026-08-27,5306,VNDF384EA7B9B,509088617,9270
2026-08-27,5306,VNDF384EA7B9B,509088618,10985
2026-08-27,5306,VNDF384EA7B9B,509088619,7967
2026-08-27,5306,VNDF384EA7B9B,509115257,2160
2026-08-27,5306,VNDF384EA7B9B,509115258,14753
2026-08-27,5306,VNDF384EA7B9B,509115259,25456
2026-08-27,5306,VNDF384EA7B9B,509115290,2040
2026-08-27,5306,VNDF384EA7B9B,509115291,21111
2026-08-27,5306,VNDF384EA7B9B,509115292,7410
2026-08-27,5306,VNDF384EA7B9B,509115293,18180
2026-08-27,5306,VNDF384EA7B9B,509115295,9825
2026-08-27,5306,VNDF384EA7B9B,509115296,6450
2026-08-27,5306,VNDF384EA7B9B,509149040,2460
2026-08-27,5306,VNDF384EA7B9B,509149042,4650
2026-08-27,5306,VNDF384EA7B9B,509149043,2987
2026-08-27,5306,VNDF384EA7B9B,509149044,5684
2026-08-27,5306,VNDF384EA7B9B,509177026,9945
2026-08-27,5306,VNDF384EA7B9B,509177027,12433
2026-08-27,5306,VNDF384EA7B9B,509177029,2237
2026-08-27,5306,VNDF384EA7B9B,509177900,2915
2026-08-27,5306,VNDF384EA7B9B,509177901,3739
2026-08-27,5306,VNDF384EA7B9B,509177902,34040
2026-08-27,5306,VNDF384EA7B9B,509177903,8895
2026-08-27,5306,VNDF384EA7B9B,509207664,3065
2026-08-27,5306,VNDF384EA7B9B,509267572,6835
2026-08-27,5306,VNDF384EA7B9B,509267573,9918
2026-08-27,5306,VNDF384EA7B9B,509267574,176554
2026-08-27,5306,VNDF384EA7B9B,509267575,92760
2026-08-27,5306,VNDF384EA7B9B,509267576,9615
2026-08-27,5306,VNDF384EA7B9B,509267577,8740
2026-08-27,5306,VNDF384EA7B9B,509267578,294611
2026-08-27,5306,VNDF384EA7B9B,509267579,441929
2026-08-27,5306,VNDF384EA7B9B,509267610,84210
2026-08-27,5306,VNDF384EA7B9B,509267611,142740
2026-08-27,5306,VNDF384EA7B9B,509267612,64830
2026-08-27,5306,VNDF384EA7B9B,509267613,49212
2026-08-27,5307,VND5EF5C5ECBF,10003,97500
2026-08-27,5308,VNDB6E53E1B51,22791,1565
2026-08-27,5309,VNDBF03672E55,162871,407170
2026-08-27,5310,VND42EFDCDA16,823537115x07122026,19114
2026-08-27,5312,VNDB7D4F2F76E,3001089180 08/26,5756
2026-08-27,5312,VNDB7D4F2F76E,4002576605 926,898098
2026-08-27,5313,VND468028347E,5039812453,82059
2026-08-27,5316,VND0D496C63AF,130129,3795
2026-08-27,5317,VND34FA2D3B80,07-218894,189915
2026-08-27,5318,VND6E49FF6DF8,9512046518,405000
2026-08-27,5319,VNDF6F6D7C9DA,62214,5433
2026-08-27,5320,VNDE78CC46A8A,1143348-1,334416
2026-08-27,5321,VND25FD7F166C,BB4861214,15200
2026-08-27,5321,VND25FD7F166C,BB4861216,18200
2026-08-27,5321,VND25FD7F166C,BB4861218,30600
2026-08-27,5321,VND25FD7F166C,BB4861220,31000
2026-08-27,5321,VND25FD7F166C,BB4861222,11000
2026-08-27,5323,VND2107EBF7A3,14160,669530
2026-08-27,5323,VND2107EBF7A3,CM124377,-40000
2026-08-27,5323,VND2107EBF7A3,CM124878,-10000
2026-08-27,5324,VND960417E8F8,EBRS-6112,171000
2026-08-27,5328,VND8937A31C6C,211893799,181030
2026-08-27,5329,VND13343B8B3A,884983-0,223453
2026-08-27,5330,VND60AA5B8F17,59166,42540
2026-08-27,5332,VNDAC919A9D82,08/21/2026,227978
2026-08-27,5333,VND3FEC18BC28,66444,264500
2026-08-27,5337,VND5F7CD0BCD8,0192178-1,-10768
2026-08-27,5337,VND5F7CD0BCD8,0194843-1,-59465
2026-08-27,5337,VND5F7CD0BCD8,1201020,7055
2026-08-27,5337,VND5F7CD0BCD8,1201076,386922
2026-08-27,5337,VND5F7CD0BCD8,1201077,492999
2026-08-27,5338,VND466A05DC11,202607001,2210000
2026-08-27,5339,VND638822E005,6855,4799
2026-08-27,5340,VNDA3437DBD18,458,50000
2026-08-27,5341,VND9EFC57E77A,4716,65000
2026-08-27,5341,VND9EFC57E77A,4723,380000
2026-08-27,5342,VNDD8A8343028,IN000005117,238500
2026-08-27,5342,VNDD8A8343028,IN000005124,227700
2026-08-27,5343,VND4CE022C8E8,89115,222000
2026-08-27,5343,VND4CE022C8E8,89186,199500
2026-08-27,5343,VND4CE022C8E8,89193,222000
2026-08-27,5344,VNDB2470F21C2,49271,8500
2026-08-27,5345,VND25873D1268,26363,37275
2026-08-27,5346,VND6EA0D785D1,114716062,107999
2026-08-27,5346,VND6EA0D785D1,500694500,94320
2026-08-27,5347,VND46EE74A066,720-51905-01 8/26,47423
2026-08-27,5348,VND777AAA6B69,13VY-JLW6-9C1C,3118
2026-08-27,5348,VND777AAA6B69,17NH-C499-7TLP,16794
2026-08-27,5348,VND777AAA6B69,1FNP-6MKY-9T1P,6442
2026-08-27,5348,VND777AAA6B69,1FNP-6MKY-XCG1,5653
2026-08-27,5348,VND777AAA6B69,1P3H-KG9J-9HV1,1992
2026-08-27,5349,VND777AAA6B69,1RC9-PKYL-HHMQ,6348
2026-08-27,5350,VNDFE7BCFF82B,38263,240890
2026-08-27,5350,VNDFE7BCFF82B,38273,46000
2026-08-27,5350,VNDFE7BCFF82B,38276,86000
2026-08-27,5350,VNDFE7BCFF82B,38277,85998
2026-08-27,5351,VND7318C7CBBA,25-BR-122569,7910
2026-08-27,5351,VND7318C7CBBA,BR02290788 8/19/26,14283
2026-08-27,5352,VNDBBA3F59362,26800-062L,328000
2026-08-27,5352,VNDBBA3F59362,26800-080L,164000
2026-08-27,5352,VNDBBA3F59362,26800-083L,82000
2026-08-27,5352,VNDBBA3F59362,26800-084L,246000
2026-08-27,5353,VND9D61E9CC36,2222,17500
2026-08-27,5353,VND9D61E9CC36,2224,17500
2026-08-27,5353,VND9D61E9CC36,2249,17500
2026-08-27,5353,VND9D61E9CC36,3181,17500
2026-08-27,5353,VND9D61E9CC36,3545,17500
2026-08-27,5353,VND9D61E9CC36,3648,45000
2026-08-27,5353,VND9D61E9CC36,3653,45000
2026-08-27,5353,VND9D61E9CC36,3702,45000
2026-08-27,5353,VND9D61E9CC36,3822,45000
2026-08-27,5353,VND9D61E9CC36,3827,25000
2026-08-27,5353,VND9D61E9CC36,3963,17500
2026-08-27,5353,VND9D61E9CC36,4382,37500
2026-08-27,5353,VND9D61E9CC36,6344,8750
2026-08-27,5353,VND9D61E9CC36,6422,12485
2026-08-27,5353,VND9D61E9CC36,6425,8750
2026-08-27,5353,VND9D61E9CC36,6429,8750
2026-08-27,5353,VND9D61E9CC36,6433,8750
2026-08-27,5353,VND9D61E9CC36,6438,9746
2026-08-27,5353,VND9D61E9CC36,6444,8750
2026-08-27,5353,VND9D61E9CC36,6445,8750
2026-08-27,5353,VND9D61E9CC36,6484,8750
2026-08-27,5353,VND9D61E9CC36,6486,8750
2026-08-27,5353,VND9D61E9CC36,6489,8750
2026-08-27,5353,VND9D61E9CC36,6490,8750
2026-08-27,5353,VND9D61E9CC36,6492,8750
2026-08-27,5353,VND9D61E9CC36,6495,8750
2026-08-27,5353,VND9D61E9CC36,6579,8750
2026-08-27,5353,VND9D61E9CC36,6685,8750
2026-08-27,5353,VND9D61E9CC36,6688,8750
2026-08-27,5353,VND9D61E9CC36,6689,8750
2026-08-27,5353,VND9D61E9CC36,6690,8750
2026-08-27,5353,VND9D61E9CC36,6691,8750
2026-08-27,5353,VND9D61E9CC36,6693,8750
2026-08-27,5353,VND9D61E9CC36,6715,8750
2026-08-27,5353,VND9D61E9CC36,6716,8750
2026-08-27,5353,VND9D61E9CC36,6719,12150
2026-08-27,5353,VND9D61E9CC36,6723,8750
2026-08-27,5353,VND9D61E9CC36,6771,8750
2026-08-27,5353,VND9D61E9CC36,6774,45000
2026-08-27,5353,VND9D61E9CC36,6782,8750
2026-08-27,5353,VND9D61E9CC36,78471,17500
2026-08-27,5353,VND9D61E9CC36,80090,17500
2026-08-27,5353,VND9D61E9CC36,80095,45000
2026-08-27,5353,VND9D61E9CC36,80118,17500
2026-08-27,5353,VND9D61E9CC36,80140,37500
2026-08-27,5355,VNDF973B163DB,BR02370148,18000
2026-08-27,5356,VNDCF188DC1EB,JUNE 2026,1704545
2026-08-27,5357,VND834CFEAF14,13607717,142500
2026-08-27,5358,VND834CFEAF14,13619128,109004
2026-08-27,5359,VNDB0DE02BD22,2147284124-JULY2026,52379
2026-08-27,5359,VNDB0DE02BD22,563129,3032
2026-08-27,5359,VNDB0DE02BD22,564021,3988
2026-08-27,5359,VNDB0DE02BD22,565996,500
2026-08-27,5359,VNDB0DE02BD22,565997,1702
2026-08-27,5359,VNDB0DE02BD22,566289,3120
2026-08-27,5359,VNDB0DE02BD22,566290,1712
2026-08-27,5359,VNDB0DE02BD22,566291,1712
2026-08-27,5359,VNDB0DE02BD22,566306,750
2026-08-27,5360,VNDE91C7530EF,0587901,260013
2026-08-27,5360,VNDE91C7530EF,0587902,59261
2026-08-27,5360,VNDE91C7530EF,0590911,62708
2026-08-27,5360,VNDE91C7530EF,0641548,219743
2026-08-27,5360,VNDE91C7530EF,2958283,-2260
2026-08-27,5360,VNDE91C7530EF,2958325,-2024
2026-08-27,5360,VNDE91C7530EF,2958351,-2615
2026-08-27,5360,VNDE91C7530EF,2958372,-2132
2026-08-27,5360,VNDE91C7530EF,2958381,-2346
2026-08-27,5360,VNDE91C7530EF,2958582,-3167
2026-08-27,5360,VNDE91C7530EF,590910,222974
2026-08-27,5361,VND55B0CA2C42,603853900038068059,279900
2026-08-27,5362,VNDEAD14F072F,3147,151100
2026-08-27,5363,VNDCD62F7A760,69810,13500
2026-08-27,5363,VNDCD62F7A760,69811,13500
2026-08-27,5363,VNDCD62F7A760,69814,13500
2026-08-27,5364,VND587DA1941D,5287794,27271
2026-08-27,5365,VNDE2590AFFCF,532917,12942
2026-08-27,5365,VNDE2590AFFCF,535708,6608
2026-08-27,5366,VND07B94DB7F0,34398372,160524
2026-08-27,5367,VND8272CC53AF,102026-93027,28800
2026-08-27,5368,VNDCC30E02EED,08-2026ZMC,50000
2026-08-27,5369,VNDC81AEDF052,4296439-6,32000
2026-08-27,5370,VNDBFCBADDFC0,IW14182,38168
2026-08-27,5370,VNDBFCBADDFC0,IW14204,38168
2026-08-27,5371,VND4CB8B42720,PEC 6037,37050
2026-08-27,5371,VND4CB8B42720,PEC 6038,18525
2026-08-27,5371,VND4CB8B42720,PEC 6042,280943
2026-08-27,5372,VND8BE9B93341,28904,897704
2026-08-27,5373,VND1DFF25D4F5,260400387,1186500
2026-08-27,5374,VND1DFF25D4F5,260500461,2383657
2026-08-27,5375,VND1DFF25D4F5,260600699,3936918
2026-08-27,5376,VND1DFF25D4F5,260700806,1252779
2026-08-27,5377,VND1DFF25D4F5,260800452,1569000
2026-08-27,5378,VNDE90822705F,3149,120400
2026-08-27,5379,VND6266E7A0DA,08-25-2026,275000
2026-08-27,5380,VND3CE3811396,70397-1,4842900
2026-08-27,5381,VNDBDC4259461,2000.00,200000
2026-08-27,5382,VND8A8F795F28,49,60000
2026-08-27,5384,VND0FF7E70DAB,P0685707,165736
2026-08-27,5385,VND5D2F7D94EE,546109,73314
2026-08-27,5386,VNDEB451DF7DD,EBRS-6113,27000
2026-08-27,5387,VNDF4257427D7,Draw 584,402387
2026-08-27,5388,VND0C050EA521,1825,70500
2026-08-27,5389,VNDF6A5AF6C8D,SIN446780,35000
2026-08-27,5390,VND64AD8F29DE,3150,120400
2026-08-27,5391,VNDCEB8A82CE4,26-480,61600
2026-08-27,5392,VNDDE3F8B0D78,000033,10000
2026-08-27,5393,VND5D49213A8E,01224,60000
2026-08-27,5394,VNDEFEF761FA2,Helping,784000
2026-08-27,5395,VND327C819B38,JXNMPE32-0003,2760000
2026-08-27,5396,VND91721D3854,077861572694,8267
2026-08-27,5396,VND91721D3854,363546548320,1287
2026-08-27,5396,VND91721D3854,373391719133,361030
2026-08-27,5396,VND91721D3854,983018577308,1287
2026-08-27,5397,VND91721D3854,634033660966,116405
2026-08-27,5398,VND91721D3854,627968072047,779625
2026-08-27,5399,VNDC2E39E6510,13186,19250
2026-08-27,5400,VND8A391B0279,40438 8/3/26,65210
2026-08-27,5401,VND92410E115B,253935515018,140000
2026-08-27,5401,VND92410E115B,253935517758,50000
2026-08-27,5401,VND92410E115B,263935520939,50000
2026-08-27,5401,VND92410E115B,263935524540,50000
2026-08-27,5402,VND4EB230C091,RDFQ1013,292970
2026-08-27,5403,VNDFA1AEF8697,1631,1000000
2026-08-27,5404,VNDE9B37B41C8,BATON-46238,20000
2026-08-27,5405,VNDC48239F093,F109339,64800
2026-08-27,5406,VND3A67CB2991,EBRP-1107,27000
2026-08-27,5407,VND36DCC23797,3140,194300
2026-08-27,5474,VND08C636DE10,6179076,6000
2026-08-27,5475,VND08C636DE10,55614-CUP,60000
2026-08-27,5476,VND74863E109E,05-1191011,75989
2026-08-27,7536,VND6419D861E2,13486620976,28819
2026-08-27,7537,VNDDF1B535115,112370 08/26,18661
2026-08-27,7537,VNDDF1B535115,113887 08/26,12453
2026-08-27,7537,VNDDF1B535115,191154 826,990291
2026-08-27,7537,VNDDF1B535115,226600 826,477809
2026-08-27,7537,VNDDF1B535115,252261 826,524336
2026-08-27,7538,VNDDF1B535115,144071 0826,198940
2026-08-27,7539,VNDCB65AFB842,202200A,251383
2026-08-27,7540,VND1B00EE0682,PAY APP 043 APRIL,21185460
2026-08-27,7541,VND15B43E8C56,PPE 8/8/26-8/21/26,1810044
2026-08-27,7542,VND4ECC8B607E,FSGBR #4 a 6/26,7556320
2026-08-27,7543,VND4ECC8B607E,15,143422
2026-08-27,7544,VND45EAEDDBC2,CR/CN/7/25-8/07/26,232256
2026-08-27,7545,VNDA9434CCE70,Pay App 034 - June,13447946
2026-08-27,7546,VNDA65449D1E6,260821032050009,20184
2026-08-27,7547,VND291C15549B,262340000542,110870505
2026-08-27,7548,VND78D84D4F17,INV15581,135702
2026-08-27,7549,VND45769F3877,CIN470036987,979000
2026-08-27,7549,VND45769F3877,CIN470036988,979000
2026-08-27,7549,VND45769F3877,CIN470036995,1919730
2026-08-27,7550,VNDAC0EDAD3E7,26-0820,2769231
2026-08-27,7550,VNDAC0EDAD3E7,OOK-EMS-081726-01,1140000
2026-08-27,7551,VND9482CE1F7B,6150049631,102054
2026-08-27,7552,VND9482CE1F7B,6150438588,120419
2026-08-27,7553,VND0E849C8CBC,2026082001,15684
2026-08-27,7553,VND0E849C8CBC,EBRCOR PPE 082126,6105592
2026-08-27,7554,VNDE36085BDD6,2026-1038,408500
2026-08-27,7554,VNDE36085BDD6,2026-1039,408500
2026-08-27,7555,VND5D43C48DED,08-0726,516000
2026-08-27,7556,VNDE8702FA45D,12437.40,1243740
2026-08-27,7557,VNDFE8318EED5,32810,51150
2026-08-27,7557,VNDFE8318EED5,32824,74750
2026-08-27,7557,VNDFE8318EED5,32846,156300
2026-08-27,7557,VNDFE8318EED5,33368,162300
2026-08-27,7558,VND77BA284042,81943,50000
2026-08-27,7582,VNDC1BC25009F,22010,280000
2026-08-27,7583,VNDC1BC25009F,22009,300000
2026-08-27,7584,VND47E395BDEE,0325,144000
2026-08-27,7585,VNDBE9E490B01,EBRS-0018,22500
2026-08-27,7586,VNDD463BC9E0E,26-14-084579,335641
2026-08-27,7587,VNDE6A23FABFB,CR/LD/8.8-08.21.26,290320
2026-08-27,7588,VND6595524291,CR/CN/8/8-8/21/26,290320
2026-08-27,7589,VNDA00D00D33D,13054,3750000
2026-08-28,5477,VNDD4A7038084,42779571,171268
2026-08-28,5478,VNDAD371834F3,405660,225000
2026-08-28,5478,VNDAD371834F3,405700,17090
2026-08-28,5478,VNDAD371834F3,405756,15800
2026-08-28,5478,VNDAD371834F3,405773,31600
2026-08-28,5479,VND608BF9B3D8,203814,21769
2026-08-28,5479,VND608BF9B3D8,204454,86213
2026-08-28,5479,VND608BF9B3D8,205812,25155
2026-08-28,5479,VND608BF9B3D8,206837,42127
2026-08-28,5479,VND608BF9B3D8,207346,33521
2026-08-28,5480,VNDFABA4FF358,53794545026,16230
2026-08-28,5481,VND0E9273449A,4276175820,1544
2026-08-28,5481,VND0E9273449A,4276175843,1543
2026-08-28,5481,VND0E9273449A,4276852360,1544
2026-08-28,5481,VND0E9273449A,4277622308,1543
2026-08-28,5481,VND0E9273449A,4277622365,1544
2026-08-28,5481,VND0E9273449A,4278369591,1543
2026-08-28,5481,VND0E9273449A,4278369625,1544
2026-08-28,5481,VND0E9273449A,4279493127,7550
2026-08-28,5481,VND0E9273449A,4279493137,379
2026-08-28,5481,VND0E9273449A,4279643697,39958
2026-08-28,5481,VND0E9273449A,4280250037,379
2026-08-28,5481,VND0E9273449A,4280250092,7550
2026-08-28,5481,VND0E9273449A,5354240508,11686
2026-08-28,5482,VND0E9273449A,4279489889,6643
2026-08-28,5483,VNDE8EBEE5EE3,7844885,352267
2026-08-28,5484,VNDD82F48C9E0,Inv489199,3900
2026-08-28,5486,VND06A13AF7B0,Pay App 8748 June 26,9999930
2026-08-28,5487,VND5FF83F8D94,204553,7074834
2026-08-28,5488,VND314D47574B,100007805524,532
2026-08-28,5488,VND314D47574B,100007805526,532
2026-08-28,5488,VND314D47574B,100007805527,532
2026-08-28,5488,VND314D47574B,110009062517,100554
2026-08-28,5488,VND314D47574B,135008677376,59166
2026-08-28,5488,VND314D47574B,135008679363,17600
2026-08-28,5488,VND314D47574B,150007583674,35239
2026-08-28,5488,VND314D47574B,150007586582,532
2026-08-28,5488,VND314D47574B,15009789788,22601
2026-08-28,5488,VND314D47574B,15009789789,20907
2026-08-28,5488,VND314D47574B,15009789791,16543
2026-08-28,5488,VND314D47574B,15009789805,19490
2026-08-28,5488,VND314D47574B,15009789807,16632
2026-08-28,5488,VND314D47574B,15009790035,464670
2026-08-28,5488,VND314D47574B,15009790314,184475
2026-08-28,5488,VND314D47574B,15009792222,912317
2026-08-28,5488,VND314D47574B,180007624240,201023
2026-08-28,5488,VND314D47574B,190007741599,3315
2026-08-28,5488,VND314D47574B,195008641130,83578
2026-08-28,5488,VND314D47574B,195008643313,12880
2026-08-28,5488,VND314D47574B,200006819548,15991
2026-08-28,5488,VND314D47574B,2026560422,6216962
2026-08-28,5488,VND314D47574B,2026560444,3315
2026-08-28,5488,VND314D47574B,210006926576,25592
2026-08-28,5488,VND314D47574B,210006926577,53914
2026-08-28,5488,VND314D47574B,210006926590,158581
2026-08-28,5488,VND314D47574B,215008056158,3630
2026-08-28,5488,VND314D47574B,25009656793,24005
2026-08-28,5488,VND314D47574B,275007472591,464670
2026-08-28,5488,VND314D47574B,290006997355,17267
2026-08-28,5488,VND314D47574B,290006997365,38711
2026-08-28,5488,VND314D47574B,290006997366,43428
2026-08-28,5488,VND314D47574B,290006997367,58112
2026-08-28,5488,VND314D47574B,305006108902,49397
2026-08-28,5488,VND314D47574B,310005187247,5047030
2026-08-28,5488,VND314D47574B,310005187413,13775
2026-08-28,5488,VND314D47574B,360004610499,174288
2026-08-28,5488,VND314D47574B,380004535278,132291
2026-08-28,5488,VND314D47574B,380004535279,41468
2026-08-28,5488,VND314D47574B,380004535280,24600
2026-08-28,5488,VND314D47574B,380004535281,173244
2026-08-28,5488,VND314D47574B,380004535283,838042
2026-08-28,5488,VND314D47574B,405005112207,434
2026-08-28,5488,VND314D47574B,445004882362,6384
2026-08-28,5488,VND314D47574B,460003764332,3191
2026-08-28,5488,VND314D47574B,50010340694,17944
2026-08-28,5488,VND314D47574B,55009379697,30680
2026-08-28,5488,VND314D47574B,55009379876,90618
2026-08-28,5488,VND314D47574B,55009380271,533
2026-08-28,5488,VND314D47574B,55009380502,15115
2026-08-28,5488,VND314D47574B,55009381684,6125
2026-08-28,5488,VND314D47574B,55009381685,10574
2026-08-28,5488,VND314D47574B,75009250397,1666027
2026-08-28,5488,VND314D47574B,95008963917,3387
2026-08-28,5492,VND0F82AF1081,6070158119,651
2026-08-28,5492,VND0F82AF1081,6071084028,13035
2026-08-28,5493,VND0F82AF1081,6071849638,3554
2026-08-28,5494,VND0F82AF1081,6070832475,829
2026-08-28,5495,VND0F82AF1081,6070832485,19366
2026-08-28,5496,VND0D186B42D7,358304401,110000
2026-08-28,5496,VND0D186B42D7,360759546,55000
2026-08-28,5497,VND0E3E3E8899,INV463521,25396
2026-08-28,5497,VND0E3E3E8899,INV463522,71064
2026-08-28,5498,VNDAD36288E2C,1283676,28100
2026-08-28,5501,VND09E9FBF696,LEVELII LBONAVENTURE,29400
2026-08-28,5502,VND09E9FBF696,PAR 17-1 & 17-1-C-1,61270
2026-08-28,5503,VNDB41C7DE31B,015711089409701 0826,37189
2026-08-28,5504,VNDB41C7DE31B,015711084392301 0826,23409
2026-08-28,5505,VNDB41C7DE31B,015711050922101 0826,1428
2026-08-28,5506,VNDB41C7DE31B,015711099343101 0826,6013
2026-08-28,5507,VNDB41C7DE31B,015711072522603 0826,14901
2026-08-28,5508,VNDB41C7DE31B,015711084872401 0826,1603604
2026-08-28,5509,VNDB41C7DE31B,015711079968001 0826,10890
2026-08-28,5510,VNDAF3A04A5A6,Pay App 013 May 26,8271930
2026-08-28,5511,VNDE170E133C6,2562115,55039
2026-08-28,5512,VND8F200F3D33,86325606,17984
2026-08-28,5513,VNDCE2D91D09C,1800269031,2837667
2026-08-28,5514,VND506093857D,B7284236,18158
2026-08-28,5514,VND506093857D,B7284239,8571
2026-08-28,5514,VND506093857D,B7284241,7743
2026-08-28,5514,VND506093857D,B7284243,21167
2026-08-28,5514,VND506093857D,B7284244,9678
2026-08-28,5514,VND506093857D,B7284245,7105
2026-08-28,5514,VND506093857D,B7284246,17236
2026-08-28,5514,VND506093857D,B7284730,22551
2026-08-28,5514,VND506093857D,B7284732,9799
2026-08-28,5515,VNDCCD745E802,242213,3602400
2026-08-28,5518,VND89370A1512,4180264,2981
2026-08-28,5519,VND06BF116A0E,1505029,2621500
2026-08-28,5520,VND0B5695E700,06H8750063792,3097
2026-08-28,5521,VND091D0AAA42,01-01-2025,14300
2026-08-28,5521,VND091D0AAA42,01-01-2026,14300
2026-08-28,5521,VND091D0AAA42,02-01-2025,14300
2026-08-28,5521,VND091D0AAA42,02-01-2026,14300
2026-08-28,5521,VND091D0AAA42,03-01-2025,14300
2026-08-28,5521,VND091D0AAA42,04-01-2025,46869
2026-08-28,5521,VND091D0AAA42,05-01-2025,14300
2026-08-28,5521,VND091D0AAA42,06-01-2025,14300
2026-08-28,5521,VND091D0AAA42,07-01-2025,14300
2026-08-28,5521,VND091D0AAA42,08-01-2025,14300
2026-08-28,5521,VND091D0AAA42,09-01-2025,14300
2026-08-28,5521,VND091D0AAA42,10-01-2025,14300
2026-08-28,5521,VND091D0AAA42,11-01-2025,14300
2026-08-28,5521,VND091D0AAA42,12-01-2025,14300
2026-08-28,5521,VND091D0AAA42,42207222,13419
2026-08-28,5521,VND091D0AAA42,42702651,40305
2026-08-28,5521,VND091D0AAA42,42702652,25872
2026-08-28,5521,VND091D0AAA42,42790060,26056
2026-08-28,5521,VND091D0AAA42,42790061,28531
2026-08-28,5522,VND618F918C06,C-4008,60000
2026-08-28,5523,VNDC9ED79C996,226114,2899655
2026-08-28,5524,VNDC9ED79C996,226132,1840012
2026-08-28,5525,VND3D5FA52629,1112325,35000
2026-08-28,5526,VND0BE18D292A,25-5475,15500
2026-08-28,5526,VND0BE18D292A,25-5562,44136
2026-08-28,5526,VND0BE18D292A,25-5624,7992
2026-08-28,5526,VND0BE18D292A,25-5657,26725
2026-08-28,5526,VND0BE18D292A,25-5667,20484
2026-08-28,5527,VND6C133B6E38,55P1857325,23098
2026-08-28,5528,VNDDCF202A0EE,26206-KS,310000
2026-08-28,5529,VNDDB8E0D5288,217904F,17026
2026-08-28,5529,VNDDB8E0D5288,218252F,27324
2026-08-28,5530,VND80A7340693,393692-4,15000
2026-08-28,5531,VND3AAB7BB3E5,401923,96000
2026-08-28,5532,VND70C30E415D,213640,9270
2026-08-28,5533,VND514BD94314,104840,86531
2026-08-28,5533,VND514BD94314,104841,140091
2026-08-28,5534,VND83EB49AFC7,2026-448,30000
2026-08-28,5535,VND63FC3F64CF,285775,7776
2026-08-28,5535,VND63FC3F64CF,493855,9914
2026-08-28,5535,VND63FC3F64CF,494463,102228
2026-08-28,5535,VND63FC3F64CF,494546,4563
2026-08-28,5535,VND63FC3F64CF,494560,20238
2026-08-28,5535,VND63FC3F64CF,494614,95214
2026-08-28,5535,VND63FC3F64CF,494616,95214
2026-08-28,5536,VND1CDC5A7959,010109364015504 0826,3224
2026-08-28,5536,VND1CDC5A7959,010109364077702 0826,3017
2026-08-28,5536,VND1CDC5A7959,010109364122901 0826,6232
2026-08-28,5536,VND1CDC5A7959,010109391108002 0826,1180
2026-08-28,5536,VND1CDC5A7959,010109397002202 0826,1180
2026-08-28,5536,VND1CDC5A7959,010109397156002 0826,1180
2026-08-28,5536,VND1CDC5A7959,010109397172502 0826,1180
2026-08-28,5536,VND1CDC5A7959,010110385025402 0826,1180
2026-08-28,5536,VND1CDC5A7959,010110708029702 0826,1180
2026-08-28,5536,VND1CDC5A7959,010110736065302 0826,1180
2026-08-28,5536,VND1CDC5A7959,010112030002101 0826,3017
2026-08-28,5536,VND1CDC5A7959,010112078003101 0826,1180
2026-08-28,5536,VND1CDC5A7959,010112376013602 0826,1180
2026-08-28,5537,VNDA23FFF84E8,020207008049202 0826,4690
2026-08-28,5537,VNDA23FFF84E8,020209007033401 0826,1559
2026-08-28,5537,VNDA23FFF84E8,020209007035801 0826,21020
2026-08-28,5537,VNDA23FFF84E8,020209007035901 0826,1632
2026-08-28,5537,VNDA23FFF84E8,020209007044102 0826,1632
2026-08-28,5537,VNDA23FFF84E8,020209007063402 0826,1632
2026-08-28,5537,VNDA23FFF84E8,020209007240802 0826,1559
2026-08-28,5537,VNDA23FFF84E8,020209007246702 0826,1559
2026-08-28,5537,VNDA23FFF84E8,020210014094901 0826,4379
2026-08-28,5537,VNDA23FFF84E8,020210015032802 0826,1559
2026-08-28,5537,VNDA23FFF84E8,020210015041101 0826,1559
2026-08-28,5537,VNDA23FFF84E8,020210015050802 0826,1559
2026-08-28,5537,VNDA23FFF84E8,020210015054502 0826,1559
2026-08-28,5537,VNDA23FFF84E8,020210015061302 0826,1559
2026-08-28,5537,VNDA23FFF84E8,020210015666202 0826,1559
2026-08-28,5537,VNDA23FFF84E8,020210015687402 0826,4379
2026-08-28,5537,VNDA23FFF84E8,020210015687502 0826,1559
2026-08-28,5537,VNDA23FFF84E8,020210015687702 0826,4379
2026-08-28,5537,VNDA23FFF84E8,020210015687802 0826,4379
2026-08-28,5537,VNDA23FFF84E8,020210015696602 0826,1559
2026-08-28,5537,VNDA23FFF84E8,020211024029401 0826,1559
2026-08-28,5537,VNDA23FFF84E8,020211024047002 0826,1559
2026-08-28,5537,VNDA23FFF84E8,020211024077002 0826,1559
2026-08-28,5537,VNDA23FFF84E8,020211024083902 0826,1559
2026-08-28,5537,VNDA23FFF84E8,020211024091302 0826,1559
2026-08-28,5537,VNDA23FFF84E8,020211024091402 0826,1559
2026-08-28,5537,VNDA23FFF84E8,020211024091502 0826,1559
2026-08-28,5537,VNDA23FFF84E8,020211054045502 0826,1559
2026-08-28,5537,VNDA23FFF84E8,020211054046102 0826,1559
2026-08-28,5537,VNDA23FFF84E8,020211065050502 0826,1559
2026-08-28,5537,VNDA23FFF84E8,020212026045102 0826,4379
2026-08-28,5537,VNDA23FFF84E8,020212026083102 0826,1559
2026-08-28,5537,VNDA23FFF84E8,020212052005802 0826,4379
2026-08-28,5537,VNDA23FFF84E8,020212052021403 0826,1559
2026-08-28,5537,VNDA23FFF84E8,020212052060602 0826,1559
2026-08-28,5537,VNDA23FFF84E8,020212052083602 0826,1559
2026-08-28,5537,VNDA23FFF84E8,020212052089902 0826,11271
2026-08-28,5537,VNDA23FFF84E8,020212052090802 0826,1559
2026-08-28,5537,VNDA23FFF84E8,020212052100102 0826,1559
2026-08-28,5537,VNDA23FFF84E8,020212052133302 0826,1588
2026-08-28,5537,VNDA23FFF84E8,020212055075801 0826,7500
2026-08-28,5537,VNDA23FFF84E8,020212055077402 0826,1559
2026-08-28,5537,VNDA23FFF84E8,020212055999102 0826,1559
2026-08-28,5538,VNDA23FFF84E8,020208018222101 0826,10522
2026-08-28,5539,VNDA23FFF84E8,020204019074402 0826,1748
2026-08-28,5540,VND0E781B1546,7034872918,18036
2026-08-28,5540,VND0E781B1546,7034872920,113592
2026-08-28,5540,VND0E781B1546,7034872932,37496
2026-08-28,5540,VND0E781B1546,7035076296,24032
2026-08-28,5541,VNDF384EA7B9B,509207665,7007
2026-08-28,5541,VNDF384EA7B9B,509207666,3838
2026-08-28,5541,VNDF384EA7B9B,509207668,2535
2026-08-28,5541,VNDF384EA7B9B,509207669,6439
2026-08-28,5541,VNDF384EA7B9B,509207680,2235
2026-08-28,5541,VNDF384EA7B9B,509207681,7155
2026-08-28,5541,VNDF384EA7B9B,509207682,10079
2026-08-28,5541,VNDF384EA7B9B,509240993,12302
2026-08-28,5541,VNDF384EA7B9B,509240994,2910
2026-08-28,5541,VNDF384EA7B9B,509240995,2565
2026-08-28,5541,VNDF384EA7B9B,509240996,21060
2026-08-28,5541,VNDF384EA7B9B,509240997,4695
2026-08-28,5541,VNDF384EA7B9B,509240998,10704
2026-08-28,5541,VNDF384EA7B9B,509241080,11775
2026-08-28,5541,VNDF384EA7B9B,509241081,6214
2026-08-28,5541,VNDF384EA7B9B,509267614,33960
2026-08-28,5541,VNDF384EA7B9B,509276856,5745
2026-08-28,5541,VNDF384EA7B9B,509276857,2765
2026-08-28,5541,VNDF384EA7B9B,509276858,15450
2026-08-28,5541,VNDF384EA7B9B,509276859,7245
2026-08-28,5541,VNDF384EA7B9B,509276860,7771
2026-08-28,5541,VNDF384EA7B9B,509276861,30525
2026-08-28,5541,VNDF384EA7B9B,509276862,2610
2026-08-28,5541,VNDF384EA7B9B,509276863,10145
2026-08-28,5541,VNDF384EA7B9B,509276864,1724
2026-08-28,5541,VNDF384EA7B9B,509276866,1665
2026-08-28,5542,VNDB2BF8720F9,41715,90000
2026-08-28,5543,VND59325753EC,985067,10900
2026-08-28,5543,VND59325753EC,997135,15300
2026-08-28,5544,VND22131354E9,Co-02804,30000
2026-08-28,5545,VNDBB320919B0,26081065,19290
2026-08-28,5546,VND42EFDCDA16,287269465647x081926,6548
2026-08-28,5546,VND42EFDCDA16,287282783078X082026,639941
2026-08-28,5546,VND42EFDCDA16,287290760133x081926,17054
2026-08-28,5546,VND42EFDCDA16,287302169920X081926,9376
2026-08-28,5546,VND42EFDCDA16,287309147402X081926,10640
2026-08-28,5546,VND42EFDCDA16,287325748216X081926,9040
2026-08-28,5546,VND42EFDCDA16,832474798X081926,23764
2026-08-28,5546,VND42EFDCDA16,876624010X081926,9961
2026-08-28,5547,VND42EFDCDA16,287327387988X0820203,77422
2026-08-28,5548,VND42EFDCDA16,287325895255x082026,25633
2026-08-28,5549,VNDBA70BC1F5F,B26003-05,59550
2026-08-28,5550,VND1EF1BBAD86,12085,44000
2026-08-28,5551,VND468028347E,5039812453 A,1215962
2026-08-28,5552,VND3381FE26A4,264934099-002,8000
2026-08-28,5553,VNDE85DFC673D,2592749,10587546
2026-08-28,5554,VNDE85DFC673D,2606571,76386414
2026-08-28,5556,VND37FA8BDFA8,Pay App 045 -JUNE 26,392000
2026-08-28,5557,VND34FA2D3B80,07-217929,44000
2026-08-28,5558,VND747FF1E792,Pay Application 008,32333000
2026-08-28,5559,VND834CFEAF14,13618037,3000
2026-08-28,5559,VND834CFEAF14,13618056,3000
2026-08-28,5559,VND834CFEAF14,13621330,15000
2026-08-28,5560,VND25FD7F166C,BB4777659,31000
2026-08-28,5560,VND25FD7F166C,BB4777660,31000
2026-08-28,5561,VND15739FB296,CEC26-11,180000
2026-08-28,5562,VNDBAE2EA4892,32148,45210
2026-08-28,5563,VND41BEF7AED2,52170123395A,1730166
2026-08-28,5564,VND8937A31C6C,212013130-,90930
2026-08-28,5565,VND9E190E80D7,LA062232669,10541
2026-08-28,5566,VNDCC402ACD3B,11471,10000
2026-08-28,5567,VNDC1B4990CC4,24558,57500
2026-08-28,5567,VNDC1B4990CC4,24601,167000
2026-08-28,5568,VNDA51B119709,208353,44875
2026-08-28,5569,VND37A077D923,27T-236,583333
2026-08-28,5570,VNDD8A8343028,IN000005132,224100
2026-08-28,5571,VND2506A9F4F7,EBR-036,28800
2026-08-28,5572,VNDE495C7BA81,203686,698558
2026-08-28,5573,VNDA2FAB02326,32627172,349811
2026-08-28,5574,VND70D2DCF857,05-896544,3999
2026-08-28,5575,VND25873D1268,26233,26288
2026-08-28,5575,VND25873D1268,26353,23925
2026-08-28,5576,VND777AAA6B69,1DMG-11GX-JFTM,37664
2026-08-28,5576,VND777AAA6B69,1QVD-XPGN-639P,40256
2026-08-28,5577,VNDFE7BCFF82B,38213,113076
2026-08-28,5577,VNDFE7BCFF82B,38247,1232800
2026-08-28,5577,VNDFE7BCFF82B,38258,499996
2026-08-28,5577,VNDFE7BCFF82B,38274,378742
2026-08-28,5577,VNDFE7BCFF82B,38275,345910
2026-08-28,5577,VNDFE7BCFF82B,38283,133922
2026-08-28,5578,VNDE4363BBB13,9496937,47590
2026-08-28,5579,VND8F4997CAE3,7038092,187474
2026-08-28,5580,VND038283E7E9,14003252,5038
2026-08-28,5581,VNDA53AAC0C02,SRVCE507127,21875
2026-08-28,5582,VNDB0DE02BD22,563814,2356
2026-08-28,5583,VNDE91C7530EF,0641550,56344
2026-08-28,5583,VNDE91C7530EF,2991421,-933
2026-08-28,5584,VND4106D61AB9,Pay App 019 July,5472302
2026-08-28,5586,VNDBB8100E20B,Pay App. #40,4388084
2026-08-28,5587,VNDEFAC08380F,EBRES082726,200000
2026-08-28,5588,VNDC0577E9132,EBRSH082626,200000
2026-08-28,5589,VNDB5429FBD82,RI-5210,1882116
2026-08-28,5589,VNDB5429FBD82,RI-5225,412232
2026-08-28,5590,VND83498173BB,25056,22900
2026-08-28,5591,VNDF10664ADFA,95672,168206
2026-08-28,5591,VNDF10664ADFA,9583,302933
2026-08-28,5592,VND084779280B,1277,230000
2026-08-28,5593,VNDF19B0F61BD,24767,85750
2026-08-28,5594,VND051A5FC2AE,24877,64260
2026-08-28,5594,VND051A5FC2AE,24878,52960
2026-08-28,5594,VND051A5FC2AE,24879,45560
2026-08-28,5594,VND051A5FC2AE,24880,45560
2026-08-28,5595,VND5C56C45151,566946,57900
2026-08-28,5597,VND0FF7E70DAB,RS232307,44050
2026-08-28,5598,VND496C844693,0000025393,299500
2026-08-28,5598,VND496C844693,0000025445,46300
2026-08-28,5599,VNDF64BBA5A1F,KC082526,200000
2026-08-28,5600,VND5D2F7D94EE,546506,20354
2026-08-28,5601,VNDFD48F08DB4,736# 9/5 to 10/04/26,30000
2026-08-28,5602,VNDEF5ECA423D,SC00288487,9965
2026-08-28,5603,VND04196552C6,13497,20000
2026-08-28,5604,VNDCEB8A82CE4,26-740,45000
2026-08-28,5605,VND8F3342CA35,00008272026,69000
2026-08-28,5606,VND9B9E2DD02C,100030727779,11050
2026-08-28,5606,VND9B9E2DD02C,100030728088,13050
2026-08-28,5607,VND52D34F0564,E112608,214583
2026-08-28,5608,VND61AEB25A80,2026-004,30000
2026-08-28,5609,VND91721D3854,215455472164,5867
2026-08-28,5609,VND91721D3854,337254901443,1287
2026-08-28,5609,VND91721D3854,394054469449,1287
2026-08-28,5609,VND91721D3854,545735134892,279517
2026-08-28,5609,VND91721D3854,658305229795,4450
2026-08-28,5609,VND91721D3854,681061624660,140460
2026-08-28,5609,VND91721D3854,736212776492,1505
2026-08-28,5609,VND91721D3854,745342489551,62640
2026-08-28,5609,VND91721D3854,871871013029,1287
2026-08-28,5610,VNDFA758B99C3,000656,72000
2026-08-28,5611,VND0D84CB2C7E,31229,833300
2026-08-28,5612,VND0D84CB2C7E,31230,136700
2026-08-28,5613,VND0D84CB2C7E,31231,602039
2026-08-28,5614,VNDB418452980,10011,100000
2026-08-28,5615,VND6DEB672106,2274,493981
2026-08-28,5616,VND5F6F64B199,18372,37800
2026-08-28,5617,VND9C8313119A,1222,310049
2026-08-28,5617,VND9C8313119A,1225,94095
2026-08-28,5617,VND9C8313119A,1278,873600
2026-08-28,5618,VNDDE63E164C0,LEVELIDEONDRICKLUCAS,100000
2026-08-28,5619,VNDD1EC91D33A,LEVELIISETT.VMCLARTY,950000
2026-08-28,5620,VND3CDF2A5B91,LEVELII LBONAVENTURE,250000
2026-08-28,5621,VND7A9BC47DBF,PARCEL 3-2 & 3-2-C-1,425000
2026-08-28,5622,VNDB432A188B7,PARCEL 3-2 & 3-2-C-1,425000
2026-08-28,5623,VNDB7ECDB150F,PARCEL 11-5,800500
2026-08-28,5624,VNDB2214C79C2,PARCEL 5-6,15500
2026-08-28,5625,VNDF2A0A8700E,PARCEL 5-6,15500
2026-08-28,5626,VND7D3F111649,PARCEL 5-6,15500
2026-08-28,5627,VND1A0DD491D2,PARCEL 5-6,15500
2026-08-28,5628,VND4B83D14830,PARCEL 9-1,10622300
2026-08-28,5670,VND6E8879BB31,PEBR4A2608DJVNM-0001,801594
2026-08-28,5671,VND6E8879BB31,PEBR4A2608KPRWC-0001,48000
2026-08-28,5672,VND6E8879BB31,PEBR4A2607HKGHS0001,261126
2026-08-28,5673,VND6E8879BB31,1412D4B75MK,168747
2026-08-28,5674,VND6E8879BB31,PEBR4A260777TWV0001,380012
2026-08-28,5675,VND6E8879BB31,PEBR4A2608355FC-0001,705583
2026-08-28,5676,VND6E8879BB31,PEBR4A2607X0NJ9-0001,342244
2026-08-28,5677,VND6E8879BB31,PEBR4A2607HKGHS-0001,833759
2026-08-28,5678,VND08C636DE10,0530PK08272026,56400
2026-08-28,5681,VND08C636DE10,55875,50000
2026-08-28,7590,VND6419D861E2,10941623037,20276
2026-08-28,7591,VND78FD06F489,8652,20469
2026-08-28,7592,VNDB6D062A110,005054,7500
2026-08-28,7592,VNDB6D062A110,1009336899,404701
2026-08-28,7592,VNDB6D062A110,INV363361899,10000
2026-08-28,7592,VNDB6D062A110,MENA PROJMADE JULY26,96000
2026-08-28,7592,VNDB6D062A110,PR PPE 08.21.26,3366627
2026-08-28,7592,VNDB6D062A110,SDJ13-132,42000
2026-08-28,7593,VNDA65449D1E6,260820032050019,17106
2026-08-28,7594,VNDC7E2813118,Pay App 6 JUNE 2026,29786758
2026-08-28,7595,VND78D84D4F17,INV15569,486720
2026-08-28,7596,VNDCCCD2B28B4,17-2026,134600
2026-08-28,7597,VNDAC0EDAD3E7,26-00815,10000
2026-08-28,7597,VNDAC0EDAD3E7,26-0823,12500
2026-08-28,7597,VNDAC0EDAD3E7,OOK-SCV-082426,897000
2026-08-28,7598,VND9482CE1F7B,6150780816,32010
2026-08-28,7598,VND9482CE1F7B,6150788062,92554
2026-08-28,7598,VND9482CE1F7B,6150814597,6208
2026-08-28,7599,VND9482CE1F7B,6150229358,32182
2026-08-28,7600,VND9482CE1F7B,6150378833,8060
2026-08-28,7600,VND9482CE1F7B,6150523495,13189
2026-08-28,7600,VND9482CE1F7B,6150523497,6003
2026-08-28,7600,VND9482CE1F7B,6150523498,4001
2026-08-28,7600,VND9482CE1F7B,6151330193,98541
2026-08-28,7601,VND461E8AD674,PARTIAL    5,37830753
2026-08-28,7602,VNDE585BEA3CF,PARTIAL 9,38561000
2026-08-28,7603,VNDCDF3918BC0,PARTIAL   1,14285000
2026-08-28,7604,VNDF83E939CE0,BTRSSO23006 Cap,7582664
2026-08-28,7604,VNDF83E939CE0,BTRSSO23006 MS4,4253123
2026-08-28,7604,VNDF83E939CE0,BTRSSO23006 OM,19330387
2026-08-28,7605,VNDF1A007367B,TPH082526,214583
2026-08-28,7606,VND5AB7B02F1F,1206232,12824971
2026-08-28,7607,VNDD4E70F097B,0078,166600
2026-08-28,7608,VND55CDE6C6D8,410,200000
2026-08-28,7609,VND55CDE6C6D8,409,200000
2026-08-28,7610,VNDB21935E142,2115,366900
2026-08-28,7611,VNDFB272B43D5,CRKCC-4325-098,120000
2026-08-28,7612,VND3FD47F4978,CRKCC-2026-0826,80000
2026-08-28,7613,VNDB9768F8269,EBRJD0826,62900
2026-08-28,7614,VND007E0F2C41,8-14-27-2026,291663
2026-08-28,7615,VND655105FDF8,7611-08,156000
2026-08-28,7616,VND9598075286,SEPTEMBER 2026,570000
2026-08-28,7617,VNDC99E9541BE,SEPTEMBER 2026,606454
2026-09-01,5682,VNDAD371834F3,404230,172900
2026-09-01,5682,VNDAD371834F3,405023,172900
2026-09-01,5682,VNDAD371834F3,405053,2900
2026-09-01,5682,VNDAD371834F3,405314,7800
2026-09-01,5682,VNDAD371834F3,405323,2900
2026-09-01,5682,VNDAD371834F3,405651,149340
2026-09-01,5683,VND608BF9B3D8,207801,27711
2026-09-01,5684,VNDA9F4639B37,23955,139300
2026-09-01,5685,VNDA610CB7675,240718,1049
2026-09-01,5686,VNDFA0267DB49,15985,8000
2026-09-01,5689,VNDEBD9EC9CF9,INV490831,30245
2026-09-01,5690,VND314B84DB92,IN261139,11196
2026-09-01,5690,VND314B84DB92,IN261437,10184
2026-09-01,5690,VND314B84DB92,IN261521,12684
2026-09-01,5690,VND314B84DB92,IN262158,9982
2026-09-01,5690,VND314B84DB92,IN263314,10388
2026-09-01,5690,VND314B84DB92,IN267004,427162
2026-09-01,5691,VND314B84DB92,IN265732,48238
2026-09-01,5692,VND314B84DB92,IN265733,48238
2026-09-01,5693,VND314B84DB92,IN265734,121003
2026-09-01,5695,VND0E9273449A,4269891707,34918
2026-09-01,5695,VND0E9273449A,4278371340,15063
2026-09-01,5695,VND0E9273449A,4278371511,25890
2026-09-01,5695,VND0E9273449A,4279112303,2303
2026-09-01,5695,VND0E9273449A,4279120718,15063
2026-09-01,5695,VND0E9273449A,4279121303,26020
2026-09-01,5695,VND0E9273449A,4279918855,2303
2026-09-01,5695,VND0E9273449A,4279928120,15063
2026-09-01,5695,VND0E9273449A,4279928433,22590
2026-09-01,5695,VND0E9273449A,4280247093,3870
2026-09-01,5695,VND0E9273449A,4280415940,4733
2026-09-01,5695,VND0E9273449A,4280581124,3059
2026-09-01,5695,VND0E9273449A,4280691873,1805
2026-09-01,5695,VND0E9273449A,9376446441,15000
2026-09-01,5695,VND0E9273449A,9378759888,15000
2026-09-01,5695,VND0E9273449A,9378759889,15000
2026-09-01,5695,VND0E9273449A,9378759890,15000
2026-09-01,5695,VND0E9273449A,9378759891,15000
2026-09-01,5696,VND0E9273449A,4280247195,6592
2026-09-01,5696,VND0E9273449A,4280700777,15176
2026-09-01,5696,VND0E9273449A,5356463803,3209
2026-09-01,5697,VND38FB0B177C,17A25228923.5.22.26,3435
2026-09-01,5698,VND38FB0B177C,17A26109248.4.29.26,3870
2026-09-01,5699,VND38FB0B177C,17A25208090.4.28.26,5900
2026-09-01,5700,VND38FB0B177C,17A25198853.6.1.26,4160
2026-09-01,5701,VND38FB0B177C,17A2424745.6.1.26,4160
2026-09-01,5702,VND38FB0B177C,17A26109002.6.1.26,4450
2026-09-01,5703,VND38FB0B177C,17A26156695.6.24.26,4450
2026-09-01,5704,VND38FB0B177C,17A26116815.7.1.26,5030
2026-09-01,5705,VND38FB0B177C,17A25205175.6.30.26,4450
2026-09-01,5706,VND38FB0B177C,17A26125057.6.30.26,4160
2026-09-01,5707,VND38FB0B177C,17A202401592,5900
2026-09-01,5708,VND38FB0B177C,17A26115454,5900
2026-09-01,5709,VND38FB0B177C,17B26122091,5900
2026-09-01,5710,VND38FB0B177C,17B26105595,5900
2026-09-01,5711,VND38FB0B177C,17B25232015,5030
2026-09-01,5712,VND38FB0B177C,17B26130571,5030
2026-09-01,5713,VND38FB0B177C,17A25150044,4160
2026-09-01,5714,VNDE042C76692,10979,5298756
2026-09-01,5714,VNDE042C76692,10980,4474791
2026-09-01,5715,VNDA68754F805,992117,14995
2026-09-01,5716,VND314D47574B,125008738780,22509
2026-09-01,5716,VND314D47574B,125008738796,19150
2026-09-01,5716,VND314D47574B,135008677268,7137
2026-09-01,5716,VND314D47574B,135008677269,3790
2026-09-01,5716,VND314D47574B,135008677270,7449
2026-09-01,5716,VND314D47574B,135008677271,82854
2026-09-01,5716,VND314D47574B,135008677272,22415
2026-09-01,5716,VND314D47574B,135008677273,298827
2026-09-01,5716,VND314D47574B,135008677274,29823
2026-09-01,5716,VND314D47574B,135008677275,3315
2026-09-01,5716,VND314D47574B,135008677276,21612
2026-09-01,5716,VND314D47574B,135008677277,17354
2026-09-01,5716,VND314D47574B,135008677278,6273
2026-09-01,5716,VND314D47574B,135008677279,24047
2026-09-01,5716,VND314D47574B,135008677280,25832
2026-09-01,5716,VND314D47574B,135008677281,54264
2026-09-01,5716,VND314D47574B,135008677282,10227
2026-09-01,5716,VND314D47574B,135008677283,6690
2026-09-01,5716,VND314D47574B,135008677285,116210
2026-09-01,5716,VND314D47574B,135008677286,11439
2026-09-01,5716,VND314D47574B,135008677287,28923
2026-09-01,5716,VND314D47574B,135008677288,5916
2026-09-01,5716,VND314D47574B,180007624088,410376
2026-09-01,5716,VND314D47574B,180007624106,601800
2026-09-01,5716,VND314D47574B,210006924811,282716
2026-09-01,5716,VND314D47574B,235007833520,322542
2026-09-01,5716,VND314D47574B,310005187394,5844
2026-09-01,5716,VND314D47574B,40010460530,30508
2026-09-01,5716,VND314D47574B,40010460531,6303
2026-09-01,5716,VND314D47574B,40010460532,3462
2026-09-01,5716,VND314D47574B,460003764330,236011
2026-09-01,5716,VND314D47574B,65009283295,78336
2026-09-01,5716,VND314D47574B,70009407285,43373
2026-09-01,5716,VND314D47574B,75009250484,150407
2026-09-01,5717,VND314D47574B,211872031-08/26,19621
2026-09-01,5718,VND68E1B0DADC,270312,3997
2026-09-01,5719,VND0BC4BE9B6A,BTR-300207,21429
2026-09-01,5719,VND0BC4BE9B6A,BTR-300260,14537
2026-09-01,5719,VND0BC4BE9B6A,BTR-300261,84655
2026-09-01,5719,VND0BC4BE9B6A,BTR-300262,56697
2026-09-01,5720,VNDB24DE3A5F3,61064501,485184
2026-09-01,5721,VND479D92EFDB,PSI690231,42068
2026-09-01,5722,VND907E03065D,043615,125100
2026-09-01,5725,VNDC85484D068,0456-1269608,449100
2026-09-01,5726,VND0F82AF1081,6071773497,4761
2026-09-01,5726,VND0F82AF1081,6072125068,4789
2026-09-01,5726,VND0F82AF1081,6072429075,3399
2026-09-01,5727,VND9A23758C87,3050232093,29120
2026-09-01,5727,VND9A23758C87,3050232613,32966
2026-09-01,5727,VND9A23758C87,3050233411,38520
2026-09-01,5727,VND9A23758C87,3050234522,97340
2026-09-01,5728,VND3F40FBCDD1,2026-9,393000
2026-09-01,5729,VND16102A69A6,71328,108600
2026-09-01,5730,VNDAD36288E2C,1288501,17500
2026-09-01,5731,VND4854303AF4,26-BR-109248,3800
2026-09-01,5732,VND4854303AF4,25-CR-232015S.1,4600
2026-09-01,5733,VND4854303AF4,2025CR04274.2,3800
2026-09-01,5734,VNDE9006C6230,026204123,8999
2026-09-01,5734,VNDE9006C6230,026204136,22417
2026-09-01,5734,VNDE9006C6230,026204137,71286
2026-09-01,5735,VND5696B5D7DE,98671376,50916
2026-09-01,5735,VND5696B5D7DE,98671377,1067
2026-09-01,5735,VND5696B5D7DE,98847452,55335
2026-09-01,5735,VND5696B5D7DE,98847453,4800
2026-09-01,5735,VND5696B5D7DE,98847454,20411
2026-09-01,5735,VND5696B5D7DE,98847455,5292
2026-09-01,5735,VND5696B5D7DE,98847456,103256
2026-09-01,5735,VND5696B5D7DE,98847457,5070
2026-09-01,5735,VND5696B5D7DE,98847458,7065
2026-09-01,5735,VND5696B5D7DE,98847459,4064
2026-09-01,5736,VND6A8F32B4F0,9-429-20832,3619
2026-09-01,5736,VND6A8F32B4F0,9-439-00008,750
2026-09-01,5737,VNDAF8AF0D8AE,1-138173098818,451100
2026-09-01,5737,VNDAF8AF0D8AE,1138442694225,210750
2026-09-01,5737,VNDAF8AF0D8AE,C1-138173122672,1264300
2026-09-01,5738,VND3202C9608E,0820-002249450,144837
2026-09-01,5740,VND13E76BDE84,529-81640205,43960
2026-09-01,5741,VNDD04F233407,6173497,4745
2026-09-01,5742,VND09E9FBF696,1473782,23500
2026-09-01,5743,VND7FE989F518,CIN105640421,2172800
2026-09-01,5744,VNDB41C7DE31B,00157110673912020826,35982
2026-09-01,5744,VNDB41C7DE31B,0015711071490801 826,25133
2026-09-01,5744,VNDB41C7DE31B,0015711071871802 826,140222
2026-09-01,5744,VNDB41C7DE31B,015711084477401 0826,11659
2026-09-01,5744,VNDB41C7DE31B,015711084970601 0826,100492
2026-09-01,5744,VNDB41C7DE31B,015711091084301 0826,28199
2026-09-01,5744,VNDB41C7DE31B,533283126,10384
2026-09-01,5745,VNDB41C7DE31B,0015711082127401 826,18826
2026-09-01,5746,VNDB41C7DE31B,015711094927201 0826,16286
2026-09-01,5747,VNDB41C7DE31B,015711083099801 0826,54462
2026-09-01,5748,VNDB41C7DE31B,0015711088623101/08-,19585
2026-09-01,5749,VND801CDB9F4D,25584 RI,158000
2026-09-01,5750,VNDC9813A6861,904327531,260600
2026-09-01,5750,VNDC9813A6861,904327708,498000
2026-09-01,5751,VNDB08E066BB4,4715-TAG,7650
2026-09-01,5752,VND506093857D,B7290134,32857
2026-09-01,5752,VND506093857D,B7290142,10296
2026-09-01,5752,VND506093857D,B7290143,17649
2026-09-01,5752,VND506093857D,B7290145,21475
2026-09-01,5752,VND506093857D,B7290186,8728
2026-09-01,5752,VND506093857D,B7290189,3272
2026-09-01,5752,VND506093857D,B7290190,40360
2026-09-01,5752,VND506093857D,B7290193,34861
2026-09-01,5752,VND506093857D,B7290230,37035
2026-09-01,5752,VND506093857D,B7290241,15810
2026-09-01,5752,VND506093857D,B7290246,9168
2026-09-01,5752,VND506093857D,B7290254,74502
2026-09-01,5752,VND506093857D,B7290262,46067
2026-09-01,5752,VND506093857D,B7290308,17148
2026-09-01,5752,VND506093857D,B7290314,5742
2026-09-01,5752,VND506093857D,B7290315,3832
2026-09-01,5752,VND506093857D,B7290325,16037
2026-09-01,5752,VND506093857D,B7290348,10776
2026-09-01,5752,VND506093857D,B7290349,8905
2026-09-01,5752,VND506093857D,B7290353,8288
2026-09-01,5752,VND506093857D,B7290354,16328
2026-09-01,5752,VND506093857D,B7290504,2571
2026-09-01,5752,VND506093857D,B7290505,2571
2026-09-01,5752,VND506093857D,B7290506,2571
2026-09-01,5752,VND506093857D,B7290652,2571
2026-09-01,5752,VND506093857D,B7290653,2571
2026-09-01,5752,VND506093857D,B7290916,10686
2026-09-01,5752,VND506093857D,B7294796,36089
2026-09-01,5752,VND506093857D,B7294798,14750
2026-09-01,5752,VND506093857D,B7294799,12141
2026-09-01,5752,VND506093857D,B7294800,35382
2026-09-01,5752,VND506093857D,B7294842,10324
2026-09-01,5752,VND506093857D,B7294846,138290
2026-09-01,5752,VND506093857D,B7294859,13531
2026-09-01,5752,VND506093857D,B7294860,2451
2026-09-01,5752,VND506093857D,B7294879,17457
2026-09-01,5752,VND506093857D,B7294928,10166
2026-09-01,5752,VND506093857D,B7294939,13531
2026-09-01,5752,VND506093857D,B7294958,208743
2026-09-01,5752,VND506093857D,B7294967,6258
2026-09-01,5752,VND506093857D,B7295010,6068
2026-09-01,5752,VND506093857D,B7295014,25650
2026-09-01,5752,VND506093857D,B7295094,10276
2026-09-01,5752,VND506093857D,B7295141,12627
2026-09-01,5752,VND506093857D,B7295162,51096
2026-09-01,5752,VND506093857D,B7295184,13252
2026-09-01,5752,VND506093857D,B7295258,58937
2026-09-01,5752,VND506093857D,B7295266,12306
2026-09-01,5752,VND506093857D,B7295295,108447
2026-09-01,5752,VND506093857D,B7295501,3651
2026-09-01,5752,VND506093857D,B7295508,3198
2026-09-01,5752,VND506093857D,B7295647,112761
2026-09-01,5752,VND506093857D,B7295648,3471
2026-09-01,5752,VND506093857D,B7295652,3198
2026-09-01,5752,VND506093857D,B7295653,3198
2026-09-01,5752,VND506093857D,B7295707,3198
2026-09-01,5752,VND506093857D,B7300223,2149
2026-09-01,5752,VND506093857D,B7300224,2149
2026-09-01,5753,VND5E1E6C3EDD,RSTIKES LACP CONF,18000
2026-09-01,5754,VNDE65A0C20D1,545020172,16674
2026-09-01,5754,VNDE65A0C20D1,545053474,22232
2026-09-01,5754,VNDE65A0C20D1,545096108,16674
2026-09-01,5754,VNDE65A0C20D1,545118146,6948
2026-09-01,5754,VNDE65A0C20D1,545118454,13895
2026-09-01,5755,VND4F67A130AA,0625-270265,26775
2026-09-01,5755,VND4F67A130AA,0625-270269,3919
2026-09-01,5755,VND4F67A130AA,0625-270343,15783
2026-09-01,5755,VND4F67A130AA,0625-270480,65998
2026-09-01,5755,VND4F67A130AA,0625-270714,4602
2026-09-01,5755,VND4F67A130AA,0633-471057,8858
2026-09-01,5757,VND21A3B8AD24,17189,800000
2026-09-01,5757,VND21A3B8AD24,17191,48510
2026-09-01,5758,VNDEE202A430D,11879 BRPD TOW,32899
2026-09-01,5758,VNDEE202A430D,12008 BRPD TOW,30135
2026-09-01,5758,VNDEE202A430D,12826 BRPD TOW,30938
2026-09-01,5758,VNDEE202A430D,13018 BRPD TOW,68762
2026-09-01,5758,VNDEE202A430D,13101 BRPD TOW,27338
2026-09-01,5758,VNDEE202A430D,7439 BRPD TOW,38142
2026-09-01,5758,VNDEE202A430D,9992 BRPD TOW,27862
2026-09-01,5759,VND091D0AAA42,42620352,23183
2026-09-01,5759,VND091D0AAA42,42702697,29110
2026-09-01,5760,VND091D0AAA42,42640903,13419
2026-09-01,5761,VND44D252EA0A,69414,58950
2026-09-01,5762,VND40F93DEC9E,100424951,30228
2026-09-01,5763,VND6C133B6E38,55P1791202,27280
2026-09-01,5763,VND6C133B6E38,55P1857340,18688
2026-09-01,5763,VND6C133B6E38,55P1857899,29085
2026-09-01,5763,VND6C133B6E38,55p1857870,18335
2026-09-01,5763,VND6C133B6E38,55p1857871,21891
2026-09-01,5764,VND6C133B6E38,55P1857861,13974
2026-09-01,5765,VND6C133B6E38,55P1857742,25125
2026-09-01,5766,VNDBB1C78CF79,81800007302026,187500
2026-09-01,5766,VNDBB1C78CF79,81800007312026,70250
2026-09-01,5767,VNDDB8E0D5288,218093F,16149
2026-09-01,5767,VNDDB8E0D5288,218306F,183549
2026-09-01,5768,VNDBAD8870C1D,146062,396000
2026-09-01,5770,VND6DFE713957,910019102,414300
2026-09-01,5770,VND6DFE713957,910019519,84000
2026-09-01,5770,VND6DFE713957,910019521,18000
2026-09-01,5770,VND6DFE713957,910019525,16500
2026-09-01,5770,VND6DFE713957,910019526,22000
2026-09-01,5771,VND7503C40395,PD-1C4SJUAP4TS196574,5687357
2026-09-01,5773,VND4FBF004C4D,08242026AJONES,2500
2026-09-01,5775,VND129F32F635,3009715685,497431
2026-09-01,5776,VND63FC3F64CF,494344,45554
2026-09-01,5776,VND63FC3F64CF,494901,81900
2026-09-01,5776,VND63FC3F64CF,495217,10032
2026-09-01,5777,VND51F22A8064,B21602071,3322418
2026-09-01,5778,VND9593FDD8B3,26037,4000
2026-09-01,5779,VND9593FDD8B3,26011,8000
2026-09-01,5780,VND1CDC5A7959,010109397163602 0826,1180
2026-09-01,5780,VND1CDC5A7959,010110708026901 0826,1180
2026-09-01,5780,VND1CDC5A7959,010110708027301 0826,1180
2026-09-01,5780,VND1CDC5A7959,010110708027501 0826,1180
2026-09-01,5780,VND1CDC5A7959,010110708028401 0826,1180
2026-09-01,5780,VND1CDC5A7959,010110709052301 0826,1180
2026-09-01,5780,VND1CDC5A7959,010111362078402 0826,1180
2026-09-01,5780,VND1CDC5A7959,010111362086902 0826,1180
2026-09-01,5780,VND1CDC5A7959,010111719811002 0826,1180
2026-09-01,5780,VND1CDC5A7959,010112376014802 0826,3027
2026-09-01,5780,VND1CDC5A7959,010113057412010 0826,4311
2026-09-01,5781,VNDA23FFF84E8,020213056044502 0826,1559
2026-09-01,5781,VNDA23FFF84E8,020213056047401 0826,1559
2026-09-01,5781,VNDA23FFF84E8,020213056063102 0826,1559
2026-09-01,5781,VNDA23FFF84E8,020213056907302 0826,1559
2026-09-01,5781,VNDA23FFF84E8,020213056984002 0826,4379
2026-09-01,5781,VNDA23FFF84E8,020213057766602 0826,1559
2026-09-01,5781,VNDA23FFF84E8,020213058789402 0826,1559
2026-09-01,5781,VNDA23FFF84E8,020213064016802 0826,1559
2026-09-01,5781,VNDA23FFF84E8,020213064036601 0826,1559
2026-09-01,5782,VND2B6431058B,2026-066,787500
2026-09-01,5783,VND59325753EC,1002338,1402500
2026-09-01,5783,VND59325753EC,1002626,1562700
2026-09-01,5783,VND59325753EC,985066,2549300
2026-09-01,5783,VND59325753EC,985068,2549300
2026-09-01,5784,VND6F360E2F72,5155623640870,133175
2026-09-01,5784,VND6F360E2F72,5155623740904,7969
2026-09-01,5785,VND1FC3787911,8075230070,12143
2026-09-01,5786,VNDBF03672E55,30224,9380
2026-09-01,5787,VND42EFDCDA16,287250018168X080226,10485
2026-09-01,5787,VND42EFDCDA16,287287304752x082026,31584
2026-09-01,5788,VND42EFDCDA16,823136416X08192026,12862
2026-09-01,5789,VND1117BB7B83,JD862-26,40000
2026-09-01,5792,VND640FA7A548,15131551,368758
2026-09-01,5795,VND46DC7DC544,005119,70000
2026-09-01,5796,VND74B463F36F,INV-00002876,743400
2026-09-01,5797,VND810814517B,7504,37490
2026-09-01,5799,VND933DE78474,623399381,163621
2026-09-01,5800,VND6D0CCD5C25,4553,7703
2026-09-01,5801,VND63E6213C2F,3157,78800
2026-09-01,5802,VNDD5FE54EACB,104729,916666
2026-09-01,5805,VNDAF0E6FF656,108260,130636
2026-09-01,5809,VNDC1B4990CC4,24516,400000
2026-09-01,5810,VND2D472FD508,0569288983,9850
2026-09-01,5812,VNDF5F755D921,1601,20000
2026-09-01,5813,VND1A23CB348F,B76951,4150
2026-09-01,5814,VNDCE4F07B4A2,SCIKW08-5-2026,75000
2026-09-01,5815,VND69DFA54E4A,CF26-0927A,45000
2026-09-01,5816,VNDF96E1A10A4,475155225,5862
2026-09-01,5816,VNDF96E1A10A4,475155263,8298
2026-09-01,5817,VNDE8A506A719,15144,147742
2026-09-01,5818,VND4EAEDD6122,8114-26,8000
2026-09-01,5819,VND4EAEDD6122,8125-26,12000
2026-09-01,5820,VND4EAEDD6122,8130-26,14000
2026-09-01,5821,VND4EAEDD6122,8139-26,24000
2026-09-01,5822,VND9EFC57E77A,4725,412500
2026-09-01,5823,VNDE23BCC2461,17151,223500
2026-09-01,5824,VND9EBDF1C255,08-31-2026,500000
2026-09-01,5825,VND933CBCFEC5,08252026DGIBBS,10000
2026-09-01,5826,VND7E9F39CE99,USI068489,182959
2026-09-01,5827,VNDE495C7BA81,203685,718935
2026-09-01,5829,VND25873D1268,26364,61750
2026-09-01,5830,VND777AAA6B69,116V-VNF4-LLHF,7596
2026-09-01,5830,VND777AAA6B69,1467-RGPY-FCKD,5734
2026-09-01,5830,VND777AAA6B69,1LNN-TLHW-4PJX,3519
2026-09-01,5831,VND9CF1DD425F,Draw 7,596285
2026-09-01,5832,VNDFE7BCFF82B,38282,114253
2026-09-01,5832,VNDFE7BCFF82B,38288,130991
2026-09-01,5832,VNDFE7BCFF82B,38289,13000
2026-09-01,5832,VNDFE7BCFF82B,38291,106670
2026-09-01,5833,VND7318C7CBBA,26541,8000
2026-09-01,5834,VND7318C7CBBA,26548,8000
2026-09-01,5836,VNDBBA3F59362,26800-083M,6125
2026-09-01,5836,VNDBBA3F59362,26800-084M,2520
2026-09-01,5837,VND82442A5FB9,220189047202608,58554
2026-09-01,5838,VND82442A5FB9,980097298-55,3120297
2026-09-01,5840,VNDA53AAC0C02,SRVCE507033,271464
2026-09-01,5841,VNDB0DE02BD22,567737,1500
2026-09-01,5842,VNDB0DE02BD22,566299,1954
2026-09-01,5842,VNDB0DE02BD22,566396,4748
2026-09-01,5842,VNDB0DE02BD22,566787,1500
2026-09-01,5842,VNDB0DE02BD22,567013,1767
2026-09-01,5842,VNDB0DE02BD22,567061,1860
2026-09-01,5842,VNDB0DE02BD22,567070,6581
2026-09-01,5842,VNDB0DE02BD22,567073,1250
2026-09-01,5842,VNDB0DE02BD22,567099,3744
2026-09-01,5842,VNDB0DE02BD22,567114,1500
2026-09-01,5843,VNDE91C7530EF,0645560,231248
2026-09-01,5843,VNDE91C7530EF,0645561,9315
2026-09-01,5843,VNDE91C7530EF,0645562,25537
2026-09-01,5843,VNDE91C7530EF,0854929,248353
2026-09-01,5843,VNDE91C7530EF,2991374,-657
2026-09-01,5843,VNDE91C7530EF,2991410,-750
2026-09-01,5843,VNDE91C7530EF,586243,236593
2026-09-01,5844,VNDD1F7DEE740,August2026,166666
2026-09-01,5845,VND4CB2809C68,24129,16317416
2026-09-01,5845,VND4CB2809C68,24184,2527560
2026-09-01,5846,VNDEFAC08380F,ERES083026,200000
2026-09-01,5847,VND0C4ECF6D90,54883547,45000
2026-09-01,5848,VNDE2590AFFCF,537253,75262
2026-09-01,5851,VND48DF513700,100402450545,90969
2026-09-01,5852,VNDD107300C64,1005119506,500000
2026-09-01,5853,VND84E1512750,2628,40800
2026-09-01,5855,VND2EFFD0EA99,26-7-06272,5600000
2026-09-01,5856,VNDF098EC9974,5344,94900
2026-09-01,5856,VNDF098EC9974,5345,94900
2026-09-01,5856,VNDF098EC9974,5346,94900
2026-09-01,5856,VNDF098EC9974,5347,94900
2026-09-01,5856,VNDF098EC9974,5348,94900
2026-09-01,5856,VNDF098EC9974,5349,94900
2026-09-01,5857,VNDE90822705F,3159,125600
2026-09-01,5858,VNDEE9D06B37E,3158,42500
2026-09-01,5859,VND71332D25C8,CT07202026,34000
2026-09-01,5860,VNDF8A0B03E69,Co26-254,20000
2026-09-01,5861,VND0FF7E70DAB,P0690207,233413
2026-09-01,5862,VND7282AC1816,13914,179000
2026-09-01,5862,VND7282AC1816,13915,110000
2026-09-01,5863,VND2663866EA4,AL-2026-08,333300
2026-09-01,5864,VNDFEC6D29A9D,22189,1698000
2026-09-01,5864,VNDFEC6D29A9D,22190,440000
2026-09-01,5866,VND4912066CDE,111564,2317075
2026-09-01,5867,VNDEFEF761FA2,Rent,346086
2026-09-01,5868,VNDC4F5B5D77D,19thJDCZoom#20,8000
2026-09-01,5869,VNDC4F5B5D77D,476865-000030,8000
2026-09-01,5870,VND27C1D4F506,JIR3Z-000018,13800
2026-09-01,5871,VNDCE0D49871A,Unit P1614,752972
2026-09-01,5872,VND3BEEA02D4A,PARTIAL 10,167972390
2026-09-01,5873,VND0D84CB2C7E,31232,458308
2026-09-01,5874,VNDA9A3116E05,7026-496,22000
2026-09-01,5875,VND5D7AC045E5,6558049619,7503
2026-09-01,5876,VND696A500F0A,3155,120000
2026-09-01,5877,VNDCBC95A09E5,5266,1006250
2026-09-01,5878,VNDAABC37C256,260606,200000
2026-09-01,5879,VND0DC409D1BD,20261,200000
2026-09-01,5879,VND0DC409D1BD,20262,200000
2026-09-01,5880,VND118C040570,001,4985000
2026-09-01,5881,VND37167869D0,1052,1150000
2026-09-01,5882,VND2CE02D8008,339RA1AC7SMF6,50310
2026-09-01,7618,VND6419D861E2,13486623807,15643
2026-09-01,7618,VND6419D861E2,13486623894,9112
2026-09-01,7618,VND6419D861E2,13486623897,34549
2026-09-01,7619,VNDDF1B535115,108950 08/26,21589
2026-09-01,7619,VNDDF1B535115,109585 08/26,45069
2026-09-01,7619,VNDDF1B535115,110364 08/26,20188
2026-09-01,7619,VNDDF1B535115,113940 08/26,29833
2026-09-01,7619,VNDDF1B535115,119131 08/26,12793
2026-09-01,7619,VNDDF1B535115,119162 08/26,4689
2026-09-01,7619,VNDDF1B535115,119163 08/26,3438
2026-09-01,7619,VNDDF1B535115,119165 08/26,20418
2026-09-01,7619,VNDDF1B535115,119171 08/26,19973
2026-09-01,7619,VNDDF1B535115,122139 08/26,12406
2026-09-01,7619,VNDDF1B535115,122857 08/26,24610
2026-09-01,7619,VNDDF1B535115,122858 08/26,13254
2026-09-01,7619,VNDDF1B535115,122860 08/26,28505
2026-09-01,7619,VNDDF1B535115,122862 08/26,132719
2026-09-01,7619,VNDDF1B535115,126936 08/26,114153
2026-09-01,7619,VNDDF1B535115,126941 08/26,11836
2026-09-01,7619,VNDDF1B535115,128390 08/26,9725
2026-09-01,7619,VNDDF1B535115,1419898 08/26,3300
2026-09-01,7619,VNDDF1B535115,152388 08/26,5641
2026-09-01,7619,VNDDF1B535115,2080364 08/26,16288
2026-09-01,7619,VNDDF1B535115,332075 08/26,25933
2026-09-01,7619,VNDDF1B535115,332077 08/26,98824
2026-09-01,7620,VND78FD06F489,15892,125047
2026-09-01,7621,VND729BE9E42E,PPE 8/16/26-8/31/26,22470342
2026-09-01,7622,VNDAC0EDAD3E7,OOK-FFA-0826-01,168000
2026-09-01,7622,VNDAC0EDAD3E7,OOK-FFA-0826-02,65000
2026-09-01,7622,VNDAC0EDAD3E7,OOK-FFA-0826-03,168000
2026-09-01,7622,VNDAC0EDAD3E7,OOK-FFA-0826-05,162840
2026-09-01,7622,VNDAC0EDAD3E7,OOK-FFA-0826-06,96030
2026-09-01,7623,VND9482CE1F7B,61050555802,164053
2026-09-01,7623,VND9482CE1F7B,6150328136,8060
2026-09-01,7623,VND9482CE1F7B,6151534310,43442
2026-09-01,7624,VND9482CE1F7B,6151130147,545232
2026-09-01,7625,VND9482CE1F7B,6151291411,10007
2026-09-01,7626,VND9482CE1F7B,6151351785,126715
2026-09-01,7627,VND9482CE1F7B,6151351783,195536
2026-09-01,7628,VND9482CE1F7B,6151351784,332356
2026-09-01,7629,VND9482CE1F7B,6151351787,33994
2026-09-01,7630,VNDA021A5204F,B2314,21600
2026-09-01,7630,VNDA021A5204F,B2316,175707
2026-09-01,7630,VNDA021A5204F,B2317,121514
2026-09-01,7631,VND7A343D77D6,32476,412500
2026-09-01,7632,VND7A343D77D6,32316,85000
2026-09-01,7633,VND7A343D77D6,32469,85000
2026-09-01,7634,VND4588B79C5B,025-563400,493000
2026-09-01,7635,VNDBF2D3FB7FF,1118,17961448
2026-09-01,7636,VNDFE8318EED5,32863,396790
2026-09-01,7636,VNDFE8318EED5,33387,39000
2026-09-01,7637,VNDADEDE9CC9A,SCEW8/16/2026,90000
2026-09-01,7638,VNDBCB3971DF1,DT218278,4159322
2026-09-01,7639,VNDDC187A6497,1887,732000
2026-09-01,7640,VNDDC187A6497,1886,162750
2026-09-01,7641,VNDA99F80A5B7,08202026OJJ,300000
2026-09-01,7642,VND74223BCD52,EBRSA AApolzan,161800
2026-09-01,7643,VNDF51B4DBE21,9-375,736560
2026-09-01,7644,VND47E395BDEE,0326,196800
2026-09-01,7644,VND47E395BDEE,0327-0826,192000
2026-09-01,7644,VND47E395BDEE,0328,83600
2026-09-01,7645,VNDA5C4C5D634,PARTIAL   10,7855281
2026-09-01,7646,VNDE9889A7606,08262026,92800
2026-09-01,7647,VNDDC2DA6C913,1192,444610
2026-09-01,7648,VND5FB53FA16B,9962-08,260000
2026-09-01,7649,VND56A80F7BB2,008,125000
2026-09-01,7650,VND162CA25F89,8/24-8/28/2026,102083
2026-09-01,7651,VND71A3D0737C,00083126,3334750
2026-09-01,7652,VND1B50F89A73,August-2026,408333
2026-09-01,7653,VND710C15C9F4,20268,337500
2026-09-03,5939,VND7EF81FE66F,1020,5995
2026-09-03,5940,VND7C59DB9399,134249,21180
2026-09-03,5941,VNDAD371834F3,405379,41400
2026-09-03,5941,VNDAD371834F3,405381,20700
2026-09-03,5941,VNDAD371834F3,405382,27600
2026-09-03,5941,VNDAD371834F3,405383,69000
2026-09-03,5941,VNDAD371834F3,405384,34500
2026-09-03,5941,VNDAD371834F3,405429,11500
2026-09-03,5941,VNDAD371834F3,405438,13800
2026-09-03,5941,VNDAD371834F3,406166,34500
2026-09-03,5941,VNDAD371834F3,406218,23600
2026-09-03,5941,VNDAD371834F3,406260,222780
2026-09-03,5941,VNDAD371834F3,406283,104400
2026-09-03,5942,VND608BF9B3D8,201984,38492
2026-09-03,5942,VND608BF9B3D8,203808,13775
2026-09-03,5942,VND608BF9B3D8,204534,39078
2026-09-03,5942,VND608BF9B3D8,205135,38760
2026-09-03,5942,VND608BF9B3D8,205136,264
2026-09-03,5942,VND608BF9B3D8,205149,67882
2026-09-03,5943,VND8974758EC3,194741,31400
2026-09-03,5943,VND8974758EC3,194779,471618
2026-09-03,5945,VND17C258526A,9307050,27500
2026-09-03,5945,VND17C258526A,9310113,37300
2026-09-03,5945,VND17C258526A,9311675,37300
2026-09-03,5945,VND17C258526A,9314763,28995
2026-09-03,5945,VND17C258526A,9319301,59920
2026-09-03,5946,VNDA610CB7675,240889,1698
2026-09-03,5946,VNDA610CB7675,241246,9869
2026-09-03,5947,VND1D7ED300B3,154564,60772
2026-09-03,5948,VND37530FC813,142527,15124
2026-09-03,5949,VNDF460B5EC7F,16402-M,148550
2026-09-03,5949,VNDF460B5EC7F,43154-R,600000
2026-09-03,5950,VND194891F3F9,01508711,6152
2026-09-03,5950,VND194891F3F9,01508714,14500
2026-09-03,5953,VND314B84DB92,IN263169,750000
2026-09-03,5954,VND314B84DB92,IN265723,8306
2026-09-03,5955,VND314B84DB92,IN265731,8372
2026-09-03,5956,VND314B84DB92,IN265724,8036
2026-09-03,5957,VND314B84DB92,IN265726,8036
2026-09-03,5958,VND314B84DB92,IN265719,8102
2026-09-03,5959,VNDE0ADF88C85,9744703,480635
2026-09-03,5959,VNDE0ADF88C85,9744717,496500
2026-09-03,5960,VND146ABCE719,0210332,46495
2026-09-03,5962,VND0E9273449A,4279118857,1543
2026-09-03,5962,VND0E9273449A,4279118877,1544
2026-09-03,5962,VND0E9273449A,4279926529,1543
2026-09-03,5962,VND0E9273449A,427992660,1544
2026-09-03,5962,VND0E9273449A,4280247081,11938
2026-09-03,5962,VND0E9273449A,4280407364,39138
2026-09-03,5962,VND0E9273449A,4280769687,23984
2026-09-03,5962,VND0E9273449A,9379310938,26100
2026-09-03,5962,VND0E9273449A,9383821666,26100
2026-09-03,5962,VND0E9273449A,9388059312,26100
2026-09-03,5962,VND0E9273449A,9388145242,26100
2026-09-03,5963,VND0E9273449A,4278380394,3052
2026-09-03,5963,VND0E9273449A,4279131981,3052
2026-09-03,5963,VND0E9273449A,4279934837,3052
2026-09-03,5963,VND0E9273449A,4280702846,3052
2026-09-03,5963,VND0E9273449A,9388107816,9918
2026-09-03,5964,VNDE8EBEE5EE3,7847937,23994
2026-09-03,5965,VND2FE679EDE1,9174752100,1900
2026-09-03,5966,VND38FB0B177C,17A25208090.3.26,5900
2026-09-03,5967,VND38FB0B177C,17A23046135.4.26,5900
2026-09-03,5968,VND38FB0B177C,17A25156814.5.26,5900
2026-09-03,5969,VND312B4066D7,3282317,258288
2026-09-03,5970,VNDE042C76692,11010,411775
2026-09-03,5971,VNDB9A7F6729B,33551,368038
2026-09-03,5971,VNDB9A7F6729B,33561,366673
2026-09-03,5972,VND1A210BC621,404000093.0 8/2026,3280
2026-09-03,5973,VND0749FF6C9D,2026 GFOA FALL CONF,85000
2026-09-03,5974,VND5FF83F8D94,204675,4629520
2026-09-03,5974,VND5FF83F8D94,204688,4466308
2026-09-03,5975,VND314D47574B,100007810884,12511
2026-09-03,5975,VND314D47574B,10021507509,511
2026-09-03,5975,VND314D47574B,10021507510,511
2026-09-03,5975,VND314D47574B,110009062483,6466
2026-09-03,5975,VND314D47574B,110009062484,4889
2026-09-03,5975,VND314D47574B,110009065458,3315
2026-09-03,5975,VND314D47574B,110009066649,12495
2026-09-03,5975,VND314D47574B,115008806198,9775
2026-09-03,5975,VND314D47574B,125008738949,3315
2026-09-03,5975,VND314D47574B,125008742707,21925
2026-09-03,5975,VND314D47574B,125008744517,17600
2026-09-03,5975,VND314D47574B,130007624659,3967
2026-09-03,5975,VND314D47574B,135008677284,6214
2026-09-03,5975,VND314D47574B,135008684979,76893
2026-09-03,5975,VND314D47574B,15009782718,73558
2026-09-03,5975,VND314D47574B,160007566425,4598
2026-09-03,5975,VND314D47574B,180007624066,60343
2026-09-03,5975,VND314D47574B,180007624621,150929
2026-09-03,5975,VND314D47574B,2026555456,7069439
2026-09-03,5975,VND314D47574B,205008138694,14196
2026-09-03,5975,VND314D47574B,220006976522,9397
2026-09-03,5975,VND314D47574B,230006958978,10296
2026-09-03,5975,VND314D47574B,290006991485,124721
2026-09-03,5975,VND314D47574B,290006991761,53574
2026-09-03,5975,VND314D47574B,290007000691,11647
2026-09-03,5975,VND314D47574B,290007000807,28911
2026-09-03,5975,VND314D47574B,290007000808,23984
2026-09-03,5975,VND314D47574B,295007250739,3782
2026-09-03,5975,VND314D47574B,35009524314,5690
2026-09-03,5975,VND314D47574B,375005562604,235375
2026-09-03,5975,VND314D47574B,415005071565,395066
2026-09-03,5975,VND314D47574B,415005071566,245269
2026-09-03,5975,VND314D47574B,480003769933,57851
2026-09-03,5975,VND314D47574B,50010338462,16216
2026-09-03,5975,VND314D47574B,60009544401,777202
2026-09-03,5975,VND314D47574B,70009421049,262047
2026-09-03,5975,VND314D47574B,70009423081,688084
2026-09-03,5975,VND314D47574B,85009081277,3315
2026-09-03,5975,VND314D47574B,90009303832,9521
2026-09-03,5975,VND314D47574B,95008969129,9384
2026-09-03,5976,VND314D47574B,207258898-8/26,25020
2026-09-03,5977,VND314D47574B,214578759-8/26,25129
2026-09-03,5978,VND314D47574B,225007968537,71162
2026-09-03,5979,VND314D47574B,180007624082,139265
2026-09-03,5980,VND314D47574B,180007624080,174627
2026-09-03,5981,VND314D47574B,18007624081,96004
2026-09-03,5982,VND314D47574B,210006924886,35240
2026-09-03,5983,VNDAE587128F9,295110,7050
2026-09-03,5984,VND162E4C3E25,919296-1,16800
2026-09-03,5985,VNDB942A041AE,247896,4366
2026-09-03,5986,VND27425B6C62,118540631,810000
2026-09-03,5986,VND27425B6C62,118550651,475500
2026-09-03,5987,VND93ACEED8D3,INV80450,217100
2026-09-03,5988,VNDB24DE3A5F3,61064500,58350
2026-09-03,5988,VNDB24DE3A5F3,61418529,482880
2026-09-03,5988,VNDB24DE3A5F3,61418531,89284
2026-09-03,5988,VNDB24DE3A5F3,61418536,486150
2026-09-03,5991,VND0F82AF1081,6071603557,216782
2026-09-03,5991,VND0F82AF1081,6072094666,3298
2026-09-03,5992,VND0F82AF1081,6072712990,692
2026-09-03,5993,VND0F82AF1081,6072712990-2,595
2026-09-03,5994,VND0F82AF1081,6072413279,77500
2026-09-03,5995,VND0F82AF1081,6072094683,2386
2026-09-03,5996,VND0F82AF1081,6072094684,16622
2026-09-03,5997,VND0D186B42D7,361292282,55000
2026-09-03,5998,VND527ABA577F,116913,2288
2026-09-03,5998,VND527ABA577F,117089,4699
2026-09-03,5999,VND16102A69A6,71846,13800
2026-09-03,6000,VND291E1E6078,28673,93600
2026-09-03,6000,VND291E1E6078,28683,76284
2026-09-03,6000,VND291E1E6078,28698,53898
2026-09-03,6000,VND291E1E6078,28778,61542
2026-09-03,6001,VND3DE49BAC99,2025NS135,2345
2026-09-03,6002,VND8AA7C5834A,9058437584,26294
2026-09-03,6002,VND8AA7C5834A,9972140967,93926
2026-09-03,6003,VND5696B5D7DE,98671375,471
2026-09-03,6003,VND5696B5D7DE,98671378,27755
2026-09-03,6004,VND3202C9608E,0820-002249676,75429
2026-09-03,6006,VNDF4E569FC53,1419866,5345
2026-09-03,6007,VNDFEB45412C5,2026-00000008,755101
2026-09-03,6008,VNDA9B2BB2688,JUL26 UNDERAGE DRINK,23035
2026-09-03,6008,VNDA9B2BB2688,JUN26 UNDERAGE DRINK,24862
2026-09-03,6009,VNDA9B2BB2688,OA-JULY 2026,22777525
2026-09-03,6010,VNDA9B2BB2688,06302026,224267
2026-09-03,6012,VNDB41C7DE31B,00157110750487010826,436495
2026-09-03,6012,VNDB41C7DE31B,00157110818393010926,51378
2026-09-03,6012,VNDB41C7DE31B,0015711092332301 826,40864
2026-09-03,6012,VNDB41C7DE31B,015713072236101 0826,3791
2026-09-03,6013,VNDB41C7DE31B,0015711067975301 826,11999
2026-09-03,6014,VNDB41C7DE31B,0015711074182001 826,12498
2026-09-03,6015,VNDB41C7DE31B,0015711088901801/08/,37698
2026-09-03,6016,VNDB08E066BB4,4716-TAG,7650
2026-09-03,6017,VNDEC02A2D016,2627090554,150000
2026-09-03,6018,VND506093857D,M230029,3916500
2026-09-03,6018,VND506093857D,M230030,5257800
2026-09-03,6019,VND4F67A130AA,0625-269480,17286
2026-09-03,6019,VND4F67A130AA,0625-269488,8253
2026-09-03,6019,VND4F67A130AA,0625-270277,8097
2026-09-03,6019,VND4F67A130AA,0625-270282,8097
2026-09-03,6020,VNDCCD745E802,244145,2529100
2026-09-03,6022,VND433C3F329B,C30405,197559
2026-09-03,6022,VND433C3F329B,C30619,55706
2026-09-03,6023,VND66205EC106,49909581,10420
2026-09-03,6023,VND66205EC106,49927053,1104
2026-09-03,6023,VND66205EC106,49931125,4452
2026-09-03,6023,VND66205EC106,49964369,7308
2026-09-03,6023,VND66205EC106,49979970,26727
2026-09-03,6023,VND66205EC106,49996844,59178
2026-09-03,6023,VND66205EC106,50001048,24432
2026-09-03,6040,VNDE53A84EBC0,4129-2TR,100000
2026-09-03,6041,VNDA3D6DA1092,AUGUST 2ND HALF 2026,866665
2026-09-03,6042,VND091D0AAA42,42207254,39347
2026-09-03,6042,VND091D0AAA42,42449618,29920
2026-09-03,6042,VND091D0AAA42,42449619,51760
2026-09-03,6042,VND091D0AAA42,42449819,51760
2026-09-03,6042,VND091D0AAA42,42702626,118210
2026-09-03,6042,VND091D0AAA42,42702627,108472
2026-09-03,6042,VND091D0AAA42,42702628,72467
2026-09-03,6042,VND091D0AAA42,42702629,124856
2026-09-03,6042,VND091D0AAA42,42702643,21976
2026-09-03,6042,VND091D0AAA42,42702671,12995
2026-09-03,6042,VND091D0AAA42,42702672,11716
2026-09-03,6042,VND091D0AAA42,42702685,30459
2026-09-03,6042,VND091D0AAA42,42702686,26781
2026-09-03,6042,VND091D0AAA42,42702690,15010
2026-09-03,6042,VND091D0AAA42,42702691,15010
2026-09-03,6042,VND091D0AAA42,42702692,15010
2026-09-03,6042,VND091D0AAA42,42702693,15010
2026-09-03,6042,VND091D0AAA42,42702694,15010
2026-09-03,6042,VND091D0AAA42,42702695,15010
2026-09-03,6042,VND091D0AAA42,42702696,21286
2026-09-03,6043,VND44D252EA0A,69129,376700
2026-09-03,6043,VND44D252EA0A,69410,157200
2026-09-03,6044,VND6C133B6E38,55P1857727,8180
2026-09-03,6045,VNDE50A0ABED8,7315,625500
2026-09-03,6046,VNDDB8E0D5288,218278F,3916
2026-09-03,6046,VNDDB8E0D5288,218290F,1023
2026-09-03,6046,VNDDB8E0D5288,218365F,6600
2026-09-03,6047,VND021504B4CB,91011060470,2749186
2026-09-03,6049,VND6DFE713957,910019481,55000
2026-09-03,6049,VND6DFE713957,910019726,337500
2026-09-03,6051,VND684C9F2E6A,3905,68469
2026-09-03,6051,VND684C9F2E6A,3907,137293
2026-09-03,6051,VND684C9F2E6A,3908,740000
2026-09-03,6051,VND684C9F2E6A,3910,1495074
2026-09-03,6051,VND684C9F2E6A,3911,892714
2026-09-03,6052,VND3AAB7BB3E5,9108,16700
2026-09-03,6054,VND843CDACF9C,B069620,100150
2026-09-03,6055,VND06AC22E953,397145,87041
2026-09-03,6056,VND83EB49AFC7,2026-460,10000
2026-09-03,6057,VND63FC3F64CF,494350,55228
2026-09-03,6057,VND63FC3F64CF,494825,2598
2026-09-03,6057,VND63FC3F64CF,494973,3835
2026-09-03,6057,VND63FC3F64CF,495069,8184
2026-09-03,6057,VND63FC3F64CF,495077,7794
2026-09-03,6057,VND63FC3F64CF,495092,13092
2026-09-03,6057,VND63FC3F64CF,495218,8400
2026-09-03,6058,VND74863E109E,01-3207776,11944
2026-09-03,6059,VND51F22A8064,B21632768,32620
2026-09-03,6060,VND732FC446A2,883376920,6260
2026-09-03,6061,VND1CDC5A7959,010109364039403 0826,6235
2026-09-03,6061,VND1CDC5A7959,010110084002501 0826,6559
2026-09-03,6061,VND1CDC5A7959,010110084002601 0826,10070
2026-09-03,6061,VND1CDC5A7959,010114050003501 0826,1180
2026-09-03,6061,VND1CDC5A7959,010114050004001 0826,2286
2026-09-03,6061,VND1CDC5A7959,010114064005402 0826,3017
2026-09-03,6061,VND1CDC5A7959,010114145008203 0826,1180
2026-09-03,6061,VND1CDC5A7959,010115075013502 0826,3027
2026-09-03,6061,VND1CDC5A7959,010115075014602 0826,4163
2026-09-03,6061,VND1CDC5A7959,010115086007001 0826,11132
2026-09-03,6061,VND1CDC5A7959,010115086007101 0826,3024
2026-09-03,6061,VND1CDC5A7959,010115377005601 0826,1180
2026-09-03,6061,VND1CDC5A7959,010116004003201 0821,12874
2026-09-03,6061,VND1CDC5A7959,010116004003301 0826,6145
2026-09-03,6061,VND1CDC5A7959,010116058048401 0826,3017
2026-09-03,6061,VND1CDC5A7959,010116058048601 0826,17630
2026-09-03,6061,VND1CDC5A7959,010118068007501 0826,22499
2026-09-03,6061,VND1CDC5A7959,010118068008101 0826,3017
2026-09-03,6062,VND1CDC5A7959,010108097011709-8/26,13601
2026-09-03,6063,VNDAD60726C90,7621,289080
2026-09-03,6064,VNDA23FFF84E8,020214027000402 0826,11810
2026-09-03,6064,VNDA23FFF84E8,020214027099902 0826,1559
2026-09-03,6064,VNDA23FFF84E8,020214027100002 0826,1559
2026-09-03,6064,VNDA23FFF84E8,020214051024101 0826,1559
2026-09-03,6064,VNDA23FFF84E8,020214051038501 0826,1559
2026-09-03,6064,VNDA23FFF84E8,020214051039303 0826,1559
2026-09-03,6064,VNDA23FFF84E8,020214051045102 0826,1559
2026-09-03,6064,VNDA23FFF84E8,020214051114802 0826,6240
2026-09-03,6064,VNDA23FFF84E8,020214051129902 0826,4680
2026-09-03,6064,VNDA23FFF84E8,020214051833702 0826,1562
2026-09-03,6064,VNDA23FFF84E8,020214051841602 0826,5869
2026-09-03,6064,VNDA23FFF84E8,020214059000702 0826,4379
2026-09-03,6064,VNDA23FFF84E8,020214059056802 0826,1562
2026-09-03,6064,VNDA23FFF84E8,020214059059802 0826,1559
2026-09-03,6064,VNDA23FFF84E8,020214059103302 0826,1559
2026-09-03,6064,VNDA23FFF84E8,020214059814602 0826,1559
2026-09-03,6064,VNDA23FFF84E8,020214059998102 0826,4379
2026-09-03,6064,VNDA23FFF84E8,020214061024301 0826,1559
2026-09-03,6064,VNDA23FFF84E8,020214061083502 0826,1559
2026-09-03,6064,VNDA23FFF84E8,020214061143202 0826,1559
2026-09-03,6064,VNDA23FFF84E8,020214062035204 0826,1559
2026-09-03,6064,VNDA23FFF84E8,020214062052601 0826,1559
2026-09-03,6065,VNDF384EA7B9B,509230815 B,36425
2026-09-03,6065,VNDF384EA7B9B,509298386,25140
2026-09-03,6065,VNDF384EA7B9B,509298387,165480
2026-09-03,6065,VNDF384EA7B9B,509298388,19324
2026-09-03,6065,VNDF384EA7B9B,509298391,175320
2026-09-03,6065,VNDF384EA7B9B,509298392,8008
2026-09-03,6065,VNDF384EA7B9B,509298393,56488
2026-09-03,6065,VNDF384EA7B9B,509298394,192706
2026-09-03,6065,VNDF384EA7B9B,509298395,304049
2026-09-03,6065,VNDF384EA7B9B,509298396,171533
2026-09-03,6065,VNDF384EA7B9B,509298397,135260
2026-09-03,6065,VNDF384EA7B9B,509298398,116835
2026-09-03,6065,VNDF384EA7B9B,509298399,106979
2026-09-03,6065,VNDF384EA7B9B,509298400,19710
2026-09-03,6066,VNDB2BF8720F9,41714,220500
2026-09-03,6066,VNDB2BF8720F9,41716,60750
2026-09-03,6066,VNDB2BF8720F9,41717,180000
2026-09-03,6066,VNDB2BF8720F9,41757,207000
2026-09-03,6066,VNDB2BF8720F9,41759,90000
2026-09-03,6066,VNDB2BF8720F9,41760,162000
2026-09-03,6067,VNDF97FB4280B,L04-91209,110300
2026-09-03,6067,VNDF97FB4280B,L04-91269,102500
2026-09-03,6068,VND59325753EC,1003070,25000
2026-09-03,6068,VND59325753EC,1003078,25000
2026-09-03,6068,VND59325753EC,1003247,137805
2026-09-03,6069,VND42EFDCDA16,287298553483X082026,244699
2026-09-03,6069,VND42EFDCDA16,287355060151x082026,102269
2026-09-03,6069,VND42EFDCDA16,820710836X08252026,64517
2026-09-03,6070,VNDBA70BC1F5F,B25160-01,87050
2026-09-03,6070,VNDBA70BC1F5F,B25160-02,534200
2026-09-03,6070,VNDBA70BC1F5F,B25160-03,217300
2026-09-03,6070,VNDBA70BC1F5F,B25160-04,383750
2026-09-03,6070,VNDBA70BC1F5F,B25160-05,255350
2026-09-03,6070,VNDBA70BC1F5F,B25160-06,1588250
2026-09-03,6070,VNDBA70BC1F5F,B25160-07,741900
2026-09-03,6070,VNDBA70BC1F5F,B25160-08,764350
2026-09-03,6070,VNDBA70BC1F5F,B25160-09,198750
2026-09-03,6071,VNDB7D4F2F76E,3000705578 0826,25437
2026-09-03,6072,VNDAF2BAB979B,3178,151100
2026-09-03,6073,VND11621ABC9D,1980568/1,255000
2026-09-03,6074,VND934C96EBFB,023-02-00-J1,441459
2026-09-03,6075,VND469D0A0601,42694,262500
2026-09-03,6078,VND7418636696,1418723,10050400
2026-09-03,6079,VND4D06D2B5A2,57635,48000
2026-09-03,6079,VND4D06D2B5A2,57664,47500
2026-09-03,6080,VND0D496C63AF,13250,107180
2026-09-03,6081,VND37FA8BDFA8,002-JanuaryApr 2026,240452275
2026-09-03,6082,VND6A20575D85,702301C5-0044,49800
2026-09-03,6083,VND834CFEAF14,13470363,26000
2026-09-03,6083,VND834CFEAF14,13482478,82500
2026-09-03,6084,VND441222DF23,34232,980000
2026-09-03,6086,VND2107EBF7A3,14208,749053
2026-09-03,6088,VND41BEF7AED2,52170122383A,2596653
2026-09-03,6089,VNDD5FE54EACB,104806,800000
2026-09-03,6092,VNDAF0E6FF656,107446,31031
2026-09-03,6092,VNDAF0E6FF656,107484,10855
2026-09-03,6092,VNDAF0E6FF656,107497,2700
2026-09-03,6092,VNDAF0E6FF656,107500,10855
2026-09-03,6092,VNDAF0E6FF656,107504,10855
2026-09-03,6092,VNDAF0E6FF656,107505,10855
2026-09-03,6092,VNDAF0E6FF656,107514,10855
2026-09-03,6092,VNDAF0E6FF656,107516,10855
2026-09-03,6092,VNDAF0E6FF656,107531,10855
2026-09-03,6092,VNDAF0E6FF656,107626,67254
2026-09-03,6092,VNDAF0E6FF656,107630,10855
2026-09-03,6092,VNDAF0E6FF656,107747,47131
2026-09-03,6092,VNDAF0E6FF656,107759,47131
2026-09-03,6092,VNDAF0E6FF656,107811,10855
2026-09-03,6092,VNDAF0E6FF656,107828,10855
2026-09-03,6092,VNDAF0E6FF656,107858,10855
2026-09-03,6092,VNDAF0E6FF656,107864,10855
2026-09-03,6092,VNDAF0E6FF656,107969,10855
2026-09-03,6092,VNDAF0E6FF656,107993,10855
2026-09-03,6092,VNDAF0E6FF656,107995,10855
2026-09-03,6092,VNDAF0E6FF656,108049,10855
2026-09-03,6092,VNDAF0E6FF656,108053,10855
2026-09-03,6092,VNDAF0E6FF656,108081,265455
2026-09-03,6092,VNDAF0E6FF656,108089,10855
2026-09-03,6092,VNDAF0E6FF656,108101,10855
2026-09-03,6092,VNDAF0E6FF656,108102,10855
2026-09-03,6092,VNDAF0E6FF656,108152,10855
2026-09-03,6092,VNDAF0E6FF656,108187,10855
2026-09-03,6092,VNDAF0E6FF656,108211,21975
2026-09-03,6092,VNDAF0E6FF656,108212,10855
2026-09-03,6092,VNDAF0E6FF656,108215,38720
2026-09-03,6092,VNDAF0E6FF656,108232,47131
2026-09-03,6092,VNDAF0E6FF656,108255,10855
2026-09-03,6092,VNDAF0E6FF656,108285,10855
2026-09-03,6092,VNDAF0E6FF656,108305,10855
2026-09-03,6093,VNDAC919A9D82,09/01/2026,462234
2026-09-03,6094,VND8AF07BEFC7,2192329,486000
2026-09-03,6095,VND6FC6206B15,156 2026,448000
2026-09-03,6097,VNDA19A313B5F,CRIME DISTRICT 160,1662000
2026-09-03,6099,VND5F7CD0BCD8,1201328,235900
2026-09-03,6100,VND8F2E9428E4,999103219539,2162521
2026-09-03,6101,VNDC1B4990CC4,24517,400000
2026-09-03,6101,VNDC1B4990CC4,24518,323200
2026-09-03,6102,VND97F7A6C781,662807,12146
2026-09-03,6104,VND854100D325,3179,124400
2026-09-03,6106,VND4DDE13800D,2604-001,27911524
2026-09-03,6107,VND69DFA54E4A,CF26-0950A,45000
2026-09-03,6108,VND7AB9683018,CBR 26-15,1813638
2026-09-03,6108,VND7AB9683018,CBR 26-16,4547727
2026-09-03,6109,VND5B522DD704,18133,246800
2026-09-03,6110,VND37A077D923,26T-1995,478333
2026-09-03,6110,VND37A077D923,26T-2207,478333
2026-09-03,6110,VND37A077D923,27T-017,478333
2026-09-03,6110,VND37A077D923,27T-235,478333
2026-09-03,6111,VNDC1632B1E48,26-CR-123155S,20045
2026-09-03,6112,VND93F9B6EB2A,24023,712500
2026-09-03,6113,VND4EAEDD6122,8147-26,8000
2026-09-03,6114,VND4EAEDD6122,8149-26,12000
2026-09-03,6115,VND4EAEDD6122,8152-26,12000
2026-09-03,6116,VND4EAEDD6122,8158-26,8000
2026-09-03,6117,VND4EAEDD6122,8159-26,22000
2026-09-03,6118,VND4EAEDD6122,8160-26,4000
2026-09-03,6119,VND0DEE00DA7A,3176,92500
2026-09-03,6120,VND9EFC57E77A,4702,487500
2026-09-03,6121,VNDD8A8343028,IN00005143,252000
2026-09-03,6122,VND2E80F86067,6608812-202608-1,10000
2026-09-03,6123,VND12199F9892,08/2026,200000
2026-09-03,6124,VNDA4E0964AF6,611849,98500
2026-09-03,6124,VNDA4E0964AF6,612244,128400
2026-09-03,6125,VNDA5C2FD2DC5,REGLJONES 2026,10000
2026-09-03,6126,VND777AAA6B69,146D-L3JC-V6YC,9449
2026-09-03,6126,VND777AAA6B69,14FK-GMKX-6C1Y,13596
2026-09-03,6126,VND777AAA6B69,14GN-QDPC-DJQP,4295
2026-09-03,6126,VND777AAA6B69,1DDH-JDH4-6XCX,1453
2026-09-03,6126,VND777AAA6B69,1LYC-LY6R-KGML,43999
2026-09-03,6126,VND777AAA6B69,1M11-Q7PR-1WT7,3469
2026-09-03,6126,VND777AAA6B69,1NNY-CFX6-61MV,6598
2026-09-03,6126,VND777AAA6B69,1XL3-KL7P-C9WV,3168
2026-09-03,6126,VND777AAA6B69,1Y6N-64YM-YDNR,9523
2026-09-03,6127,VND6932E7CF63,8692649862636,189207
2026-09-03,6128,VND167B9B73AA,71848591,9700
2026-09-03,6129,VND4316BCB9D7,2609-708386,46261
2026-09-03,6130,VNDDCF6205178,46664,392706
2026-09-03,6131,VNDFE7BCFF82B,38248,479925
2026-09-03,6131,VNDFE7BCFF82B,38256,99388
2026-09-03,6131,VNDFE7BCFF82B,38285,444119
2026-09-03,6131,VNDFE7BCFF82B,38290,499970
2026-09-03,6131,VNDFE7BCFF82B,38292,413523
2026-09-03,6131,VNDFE7BCFF82B,38294,295405
2026-09-03,6131,VNDFE7BCFF82B,38297,34097
2026-09-03,6131,VNDFE7BCFF82B,38300,290125
2026-09-03,6131,VNDFE7BCFF82B,38301,423455
2026-09-03,6132,VND7318C7CBBA,25-BR-190511 8-26-26,17000
2026-09-03,6133,VND461B630DBC,67X00002,121682813
2026-09-03,6134,VND8DF33898C8,12931,1500000
2026-09-03,6135,VNDBBA3F59362,26800-078M,190680
2026-09-03,6135,VNDBBA3F59362,26800-080M,27755
2026-09-03,6135,VNDBBA3F59362,26800-081L,492000
2026-09-03,6135,VNDBBA3F59362,26800-082L,328000
2026-09-03,6135,VNDBBA3F59362,26800-082M,87059
2026-09-03,6135,VNDBBA3F59362,26800-085L,164000
2026-09-03,6135,VNDBBA3F59362,26800-086L,164000
2026-09-03,6136,VND3F4E3D5034,08/2026,200000
2026-09-03,6137,VNDE14C01DF35,NO. 15,160000
2026-09-03,6138,VNDF88F35E791,10711,40000
2026-09-03,6139,VNDF88F35E791,10756,20000
2026-09-03,6141,VNDF973B163DB,212-5242,50000
2026-09-03,6142,VNDA53AAC0C02,SRVCE510432,13575
2026-09-03,6143,VND122EEFF80B,26-0356,71200
2026-09-03,6144,VND03758085BE,216265464,2418
2026-09-03,6145,VND1F8232DFBF,26199,100000
2026-09-03,6146,VNDB0DE02BD22,560692,1712
2026-09-03,6146,VNDB0DE02BD22,566548,2563
2026-09-03,6146,VNDB0DE02BD22,566549,500
2026-09-03,6146,VNDB0DE02BD22,566999,500
2026-09-03,6146,VNDB0DE02BD22,567004,3120
2026-09-03,6146,VNDB0DE02BD22,567005,1706
2026-09-03,6146,VNDB0DE02BD22,567375,2500
2026-09-03,6146,VNDB0DE02BD22,567385,9328
2026-09-03,6146,VNDB0DE02BD22,567401,1500
2026-09-03,6146,VNDB0DE02BD22,567404,3239
2026-09-03,6146,VNDB0DE02BD22,567418,2870
2026-09-03,6147,VND4A591C435A,2746,61043
2026-09-03,6148,VNDE91C7530EF,0857601,222708
2026-09-03,6148,VNDE91C7530EF,0858460,270991
2026-09-03,6148,VNDE91C7530EF,0858461,21905
2026-09-03,6148,VNDE91C7530EF,0913959,219734
2026-09-03,6148,VNDE91C7530EF,1126174,217610
2026-09-03,6148,VNDE91C7530EF,586244,13294
2026-09-03,6148,VNDE91C7530EF,586245,32516
2026-09-03,6148,VNDE91C7530EF,586246,3955
2026-09-03,6148,VNDE91C7530EF,693691,36108
2026-09-03,6148,VNDE91C7530EF,693692,282221
2026-09-03,6149,VND3D68DA10A7,49370,17500
2026-09-03,6149,VND3D68DA10A7,49411,6154800
2026-09-03,6149,VND3D68DA10A7,49455,223125
2026-09-03,6149,VND3D68DA10A7,49663,402500
2026-09-03,6149,VND3D68DA10A7,49909,599375
2026-09-03,6149,VND3D68DA10A7,50032,1596875
2026-09-03,6150,VND55B0CA2C42,6038539000038068059,279900
2026-09-03,6151,VNDB4ECFD790C,INV 7986,187500
2026-09-03,6152,VND5A962B165E,3385,144500
2026-09-03,6152,VND5A962B165E,3386,144500
2026-09-03,6152,VND5A962B165E,3387,144500
2026-09-03,6153,VND8490923FF1,9894,1400000
2026-09-03,6154,VNDEFAC08380F,EBRES090126,300000
2026-09-03,6155,VND3DF4C7BD78,EBRDT090126,300000
2026-09-03,6155,VND3DF4C7BD78,EBRDT090226,200000
2026-09-03,6156,VND0AB96DFD0D,NO. 10,600000
2026-09-03,6159,VND2903DC5320,EBR-146,52025465
2026-09-03,6160,VNDA0B5230414,8261,96000
2026-09-03,6161,VNDA0B5230414,8266,98500
2026-09-03,6162,VNDF8894F958E,1632,80000
2026-09-03,6164,VND6AD5370148,161518713,29500
2026-09-03,6166,VND8D54A4E2BF,7941,13891500
2026-09-03,6167,VND3AA775DE5A,INV10049831,540000
2026-09-03,6168,VND62BFC1788A,1010,320000
2026-09-03,6169,VND26B55A2480,3168,120400
2026-09-03,6170,VNDEB869A93F9,3180,106400
2026-09-03,6172,VND82151F85A9,2303,119196
2026-09-03,6173,VND0FF7E70DAB,P0687107,152488
2026-09-03,6174,VND7282AC1816,13900,27500
2026-09-03,6175,VNDD0CDECB41A,Draw 514,12580
2026-09-03,6176,VND0F5E18F30D,PAY APP# 12,2413116
2026-09-03,6178,VND85E999EE35,Night Market BTR 26',250000
2026-09-03,6179,VND409A59E800,PAY APP# 15,11806474
2026-09-03,6180,VND21EEA50901,12294,15000
2026-09-03,6180,VND21EEA50901,12295,15000
2026-09-03,6180,VND21EEA50901,12296,15000
2026-09-03,6181,VNDEFEF761FA2,Transportation,401980
2026-09-03,6182,VND1A8DED51EE,080126-083126lease,70000
2026-09-03,6183,VND9DF0B9A8D2,1241,143000
2026-09-03,6183,VND9DF0B9A8D2,1272,130000
2026-09-03,6184,VNDDB9E10CCE9,1106,337499
2026-09-03,6185,VND1261E8814B,1535,154435
2026-09-03,6186,VND91721D3854,000153712386,2050
2026-09-03,6186,VND91721D3854,144884845770,1642
2026-09-03,6186,VND91721D3854,439476002611,50038
2026-09-03,6186,VND91721D3854,653460151745,4995
2026-09-03,6186,VND91721D3854,826404700491,29505
2026-09-03,6186,VND91721D3854,849205169195,1505
2026-09-03,6186,VND91721D3854,914269024065,1287
2026-09-03,6187,VND91721D3854,142271256757,1394
2026-09-03,6188,VND91721D3854,249860651187,1723
2026-09-03,6189,VND7085DC5E16,3170,151100
2026-09-03,6190,VND20552E9A2B,12922,144000
2026-09-03,6191,VND4887200A1C,2388-2977,180000
2026-09-03,6192,VND59317F9A3B,9,337000
2026-09-03,6193,VNDE6340E4D8B,CD970117305,1567821
2026-09-03,6194,VNDBEA8D5A4FB,26-07-1020,588302
2026-09-03,6194,VNDBEA8D5A4FB,26-07-1020-A,2567
2026-09-03,6195,VNDFF14A256C2,POBSEOKH-0001,719000
2026-09-03,6318,VND764A6A6DEF,183098,998381
2026-09-03,6319,VND764A6A6DEF,184702,50000
2026-09-03,6320,VND764A6A6DEF,181893,61600
2026-09-03,6321,VND764A6A6DEF,182536,50000
2026-09-03,6322,VND08C636DE10,ADJ4515.RDM,50000
2026-09-03,6323,VND08C636DE10,ADJ4588.NHB,50000
2026-09-03,6325,VND08C636DE10,ADJ.NHB,136000
2026-09-03,6326,VND16A432440B,8967,10000
2026-09-03,7654,VND871C0D59DE,10871970924,467162
2026-09-03,7655,VND871C0D59DE,10889712110,109138
2026-09-03,7656,VNDDF1B535115,110801 08/26,10833
2026-09-03,7656,VNDDF1B535115,113942 08/26,21789
2026-09-03,7656,VNDDF1B535115,114878 08/26,8539
2026-09-03,7656,VNDDF1B535115,117347 08/26,14300
2026-09-03,7656,VNDDF1B535115,119026 08/26,81875
2026-09-03,7656,VNDDF1B535115,119123 08/26,17428
2026-09-03,7656,VNDDF1B535115,119127 08/26,18030
2026-09-03,7656,VNDDF1B535115,119149 08/26,8460
2026-09-03,7656,VNDDF1B535115,119151 08/26,23776
2026-09-03,7656,VNDDF1B535115,119178 08/26,43358
2026-09-03,7656,VNDDF1B535115,119179 08/26,25179
2026-09-03,7656,VNDDF1B535115,123513 8/19/2026,34905
2026-09-03,7656,VNDDF1B535115,123514 8/18/26,26241
2026-09-03,7657,VNDDF1B535115,144068 8/26,79619
2026-09-03,7658,VNDDF1B535115,122209-8/19/26,44512
2026-09-03,7659,VNDDF1B535115,122211/08/19/26,29668
2026-09-03,7660,VNDCB65AFB842,202732,693049
2026-09-03,7661,VND1B00EE0682,PAY APP 014 JULY 26,4444450
2026-09-03,7661,VND1B00EE0682,PAY APP 014 JUNE,5113610
2026-09-03,7662,VNDC70DE8A9D2,SEPTEMBER 2026,41656117
2026-09-03,7663,VND0ADEE8CD25,NO.   001,87334
2026-09-03,7663,VND0ADEE8CD25,NO.   002,28348
2026-09-03,7664,VNDB6D062A110,005035,461233
2026-09-03,7664,VNDB6D062A110,DREAM PROJMADE JUL26,240000
2026-09-03,7665,VND6A722FE925,312009012026,109840
2026-09-03,7666,VNDCEFA085809,PPE 8/19/26-9/1/26,2040046
2026-09-03,7667,VND291C15549B,262400000408,85850310
2026-09-03,7668,VNDAC0EDAD3E7,26-0727,4100000
2026-09-03,7668,VNDAC0EDAD3E7,7-27-260,4100000
2026-09-03,7669,VND9482CE1F7B,604000083778,129479
2026-09-03,7669,VND9482CE1F7B,6151142417,477909
2026-09-03,7670,VND9482CE1F7B,220610315000019126,63342
2026-09-03,7671,VND9482CE1F7B,6151351782,212657
2026-09-03,7672,VND9482CE1F7B,6151351786,91339
2026-09-03,7673,VND461E8AD674,56271,227775
2026-09-03,7673,VND461E8AD674,56280,21976
2026-09-03,7673,VND461E8AD674,56309,24376
2026-09-03,7673,VND461E8AD674,56325,28670
2026-09-03,7673,VND461E8AD674,56338,51278
2026-09-03,7673,VND461E8AD674,56375,66939
2026-09-03,7673,VND461E8AD674,56423,19955
2026-09-03,7673,VND461E8AD674,56448,16924
2026-09-03,7674,VNDA021A5204F,B2315,312835
2026-09-03,7675,VND95C413CA63,9651,537600
2026-09-03,7675,VND95C413CA63,9652,47040
2026-09-03,7675,VND95C413CA63,9654,481136
2026-09-03,7676,VND6BF911E73D,1516,662500
2026-09-03,7676,VND6BF911E73D,1517,682500
2026-09-03,7677,VNDCDF3918BC0,PARTIAL 22,105720395
2026-09-03,7678,VND524759FD49,281,180895
2026-09-03,7679,VND56EC956286,08/2026,200000
2026-09-03,7680,VND2020C437A0,08/2026,200000
2026-09-03,7681,VND57128946A4,EBRPCR090126,812500
2026-09-03,7682,VND9175A188BF,EBRDT082226,230769
2026-09-03,7683,VND286B6D2F8E,045917,3965155
2026-09-03,7684,VNDE8702FA45D,20909.50,2090950
2026-09-03,7684,VNDE8702FA45D,8385.65,838565
2026-09-03,7685,VNDFE8318EED5,32856,240000
2026-09-03,7685,VNDFE8318EED5,32857,402000
2026-09-03,7685,VNDFE8318EED5,32858,526000
2026-09-03,7685,VNDFE8318EED5,32859,320500
2026-09-03,7685,VNDFE8318EED5,32860,169000
2026-09-03,7685,VNDFE8318EED5,32861,224000
2026-09-03,7685,VNDFE8318EED5,32862,240900
2026-09-03,7685,VNDFE8318EED5,32864,760000
2026-09-03,7686,VND60CD131565,Pay App 003 - June 2,42561062
2026-09-03,7687,VND0E2E5E838C,INV162468,103286
2026-09-03,7688,VNDBCB3971DF1,DF216236,4159322
2026-09-03,7690,VND220100A3F3,INV0127964,6236070
2026-09-03,7691,VND29AC32CCDB,09-01-2026,25000000
2026-09-03,7692,VND5AB7B02F1F,1207268,12769784
2026-09-03,7693,VND74223BCD52,EBRPAA090126,200000
2026-09-03,7694,VND3FB53A56AC,1194,450000
2026-09-03,7695,VND546C3EEABA,EBRPBT090126,200000
2026-09-03,7696,VND372AC4CC38,Draw 585,393293
2026-09-03,7697,VND3397F001DF,3490255,144300
2026-09-03,7697,VND3397F001DF,3490261,150000
2026-09-03,7698,VND47E395BDEE,0329,22050
2026-09-03,7699,VNDDB73B27F09,0,200000
2026-09-03,7700,VNDD93FDE1EE8,EBRPSA51,152800
2026-09-03,7701,VNDE9889A7606,082626,100000
2026-09-03,7702,VNDDC2DA6C913,1193,432500
2026-09-03,7702,VNDDC2DA6C913,1194,470000
2026-09-03,7703,VNDB95E8E037A,08/2026,200000
2026-09-03,7704,VNDF5B14A47CA,1034,552875
2026-09-03,7704,VNDF5B14A47CA,1035,665735
2026-09-03,7705,VNDCA11772E7F,EBRPJM090126,180000
2026-09-03,7706,VNDE0354C4DB5,09022026LC,400000
2026-09-03,7707,VND99483B74A1,EBRNS090126,203125
2026-09-03,7708,VNDE8AA61AAED,EBRKG090126,203125
2026-09-03,7709,VND26C754B4EE,EBRVS090126,203125
2026-09-03,7710,VND6C0A5BA0CB,EBRLL090126,203125
2026-09-03,7711,VNDA00D00D33D,13071,1125000
2026-09-03,7711,VNDA00D00D33D,13077,1500000
2026-09-03,7712,VND37D9E20E45,7/1/2026-7/31/2026,59375
2026-09-03,7712,VND37D9E20E45,8/1/2026-8/31/2026,75000
2026-09-04,6327,VND7C59DB9399,133886,3450
2026-09-04,6328,VNDAD371834F3,404705,11500
2026-09-04,6328,VNDAD371834F3,405378,269100
2026-09-04,6328,VNDAD371834F3,406186,47800
2026-09-04,6328,VNDAD371834F3,406219,18700
2026-09-04,6329,VND8974758EC3,194770,363988
2026-09-04,6329,VND8974758EC3,194778,246200
2026-09-04,6330,VND17C258526A,9319202,28000
2026-09-04,6330,VND17C258526A,9322664,42950
2026-09-04,6331,VNDA610CB7675,241264,180
2026-09-04,6332,VNDC70091CD9E,1629,635100
2026-09-04,6333,VNDC70091CD9E,1644,26200
2026-09-04,6334,VNDE0ADF88C85,9599060,22479
2026-09-04,6335,VND0E9273449A,4280694832,2303
2026-09-04,6335,VND0E9273449A,4280992572,3870
2026-09-04,6335,VND0E9273449A,4281171714,51100
2026-09-04,6335,VND0E9273449A,5357968007,4146
2026-09-04,6335,VND0E9273449A,9387825720,15000
2026-09-04,6336,VND0E9273449A,4278246393,5583
2026-09-04,6336,VND0E9273449A,4279060875,5583
2026-09-04,6336,VND0E9273449A,4279815344,5583
2026-09-04,6336,VND0E9273449A,4280580911,5583
2026-09-04,6336,VND0E9273449A,4280580965,23352
2026-09-04,6336,VND0E9273449A,4280992605,6592
2026-09-04,6336,VND0E9273449A,5356463805,7459
2026-09-04,6336,VND0E9273449A,9388132954,13050
2026-09-04,6337,VND2FE679EDE1,9174917781,7125
2026-09-04,6337,VND2FE679EDE1,9175211074,40000
2026-09-04,6338,VNDB9A7F6729B,33070,1847983
2026-09-04,6338,VNDB9A7F6729B,33587,20675
2026-09-04,6338,VNDB9A7F6729B,33596,105685
2026-09-04,6339,VND56BE5B0BCA,23673-1,9595
2026-09-04,6340,VND314D47574B,2026563523,1040910
2026-09-04,6340,VND314D47574B,2026564966,5755024
2026-09-04,6340,VND314D47574B,290006997357,603361
2026-09-04,6340,VND314D47574B,85009089833,4997
2026-09-04,6341,VNDA05CDC7026,S181031972.001,13875
2026-09-04,6342,VNDC85484D068,0456-1260399,101184
2026-09-04,6342,VNDC85484D068,0456-1271282,120900
2026-09-04,6343,VND5B6B23CC0B,9-2-26\5733.93,573393
2026-09-04,6344,VNDA23FFF84E8,CONNECT999IRENE,50000
2026-09-04,6345,VND0F82AF1081,6071482931,17638
2026-09-04,6346,VND0D186B42D7,361538695,55000
2026-09-04,6347,VND21BF42E179,1816,1500
2026-09-04,6348,VNDAD36288E2C,1288653,19058
2026-09-04,6349,VND291E1E6078,28619,51948
2026-09-04,6349,VND291E1E6078,28710,39156
2026-09-04,6349,VND291E1E6078,28720,16068
2026-09-04,6349,VND291E1E6078,28762,38766
2026-09-04,6350,VND6A8F32B4F0,2-609-62508,2450
2026-09-04,6351,VNDF4E569FC53,1420588,4000
2026-09-04,6352,VND68366626F6,12095,40500
2026-09-04,6353,VNDB41C7DE31B,0015711067851201 826,11999
2026-09-04,6353,VNDB41C7DE31B,015711067895601 0826,29254
2026-09-04,6353,VNDB41C7DE31B,015711083579501 0826,5627
2026-09-04,6353,VNDB41C7DE31B,015713067850602 0826,12288
2026-09-04,6354,VNDB41C7DE31B,015711067890101 0826,32190
2026-09-04,6355,VNDB41C7DE31B,0015713082156501 826,8995
2026-09-04,6356,VND020F17AED7,REG M FLEM,10000
2026-09-04,6357,VND020F17AED7,REG N HUNT,10000
2026-09-04,6358,VND020F17AED7,REG M ALEXANDER,10000
2026-09-04,6359,VND020F17AED7,REG C JACKSON,10000
2026-09-04,6360,VNDC6FEA6D9A6,21589657,67809
2026-09-04,6360,VNDC6FEA6D9A6,990355048,181860
2026-09-04,6361,VND596C9A1C7E,241894F,138695
2026-09-04,6362,VND89370A1512,4181112,7689
2026-09-04,6363,VND091D0AAA42,42702669,31555
2026-09-04,6364,VND44D252EA0A,69168,135900
2026-09-04,6365,VND6DFE713957,910019865,63838
2026-09-04,6366,VND3AAB7BB3E5,9152,11600
2026-09-04,6367,VND63FC3F64CF,263175,29622
2026-09-04,6367,VND63FC3F64CF,495741,276606
2026-09-04,6368,VND1CDC5A7959,010112034000802 826,22064
2026-09-04,6368,VND1CDC5A7959,010112034005301 826,4301
2026-09-04,6368,VND1CDC5A7959,010116009001201 0826,69268
2026-09-04,6368,VND1CDC5A7959,010116009001702 0826,613185
2026-09-04,6368,VND1CDC5A7959,010116012902607 0826,5034
2026-09-04,6368,VND1CDC5A7959,010116012902705 0826,4301
2026-09-04,6368,VND1CDC5A7959,010116041004302 0826,32129
2026-09-04,6368,VND1CDC5A7959,010117024000502 826,16235
2026-09-04,6368,VND1CDC5A7959,010118068007301 0826,17188
2026-09-04,6369,VNDF384EA7B9B,509298384,5068
2026-09-04,6369,VNDF384EA7B9B,509298385,31634
2026-09-04,6369,VNDF384EA7B9B,509298389,19440
2026-09-04,6369,VNDF384EA7B9B,509298390,85575
2026-09-04,6370,VNDB2BF8720F9,41758,144000
2026-09-04,6371,VND51929DCDE9,5752342026,826000
2026-09-04,6372,VND42EFDCDA16,287298556366X082026,64209
2026-09-04,6372,VND42EFDCDA16,823146463X082526,28336
2026-09-04,6373,VNDB7D4F2F76E,3000705354 0926,16468
2026-09-04,6374,VND8F842586E9,AAC009542-AB04,497700
2026-09-04,6375,VND810814517B,7606,39125
2026-09-04,6376,VNDAF0E6FF656,107631,10855
2026-09-04,6376,VNDAF0E6FF656,107697,10855
2026-09-04,6376,VNDAF0E6FF656,107704,10855
2026-09-04,6376,VNDAF0E6FF656,107710,10855
2026-09-04,6376,VNDAF0E6FF656,107711,10855
2026-09-04,6376,VNDAF0E6FF656,107859,23219
2026-09-04,6376,VNDAF0E6FF656,107924,10855
2026-09-04,6376,VNDAF0E6FF656,107930,10855
2026-09-04,6376,VNDAF0E6FF656,108318,94262
2026-09-04,6376,VNDAF0E6FF656,108352,61288
2026-09-04,6376,VNDAF0E6FF656,108366,11120
2026-09-04,6376,VNDAF0E6FF656,108367,47998
2026-09-04,6376,VNDAF0E6FF656,108387,10855
2026-09-04,6376,VNDAF0E6FF656,108395,10855
2026-09-04,6377,VND9E190E80D7,232994,13041
2026-09-04,6377,VND9E190E80D7,233039,20517
2026-09-04,6377,VND9E190E80D7,233041,20935
2026-09-04,6377,VND9E190E80D7,233451,2578
2026-09-04,6378,VND6FBD164321,JJACKSON08272026,6372
2026-09-04,6379,VND5F7CD0BCD8,1201605,447453
2026-09-04,6380,VND8F2E9428E4,999103170947,38109
2026-09-04,6381,VND2D472FD508,0571969906,9100
2026-09-04,6381,VND2D472FD508,0571969939,7050
2026-09-04,6381,VND2D472FD508,0571985451,10000
2026-09-04,6382,VND914F94D4DE,INV-13490,22500
2026-09-04,6383,VND66084D1F0C,449073,6000
2026-09-04,6384,VND01F38E133D,986,26250
2026-09-04,6384,VND01F38E133D,990,7500
2026-09-04,6385,VND0836CF53E4,1260397,2024300
2026-09-04,6386,VNDA9CC475E66,02172026KCLARK,7500
2026-09-04,6387,VNDE495C7BA81,203872,734720
2026-09-04,6387,VNDE495C7BA81,203873,714200
2026-09-04,6388,VNDA2FAB02326,32634114,568333
2026-09-04,6389,VND25873D1268,26370,28513
2026-09-04,6389,VND25873D1268,26372,44088
2026-09-04,6389,VND25873D1268,26378,30738
2026-09-04,6390,VND30985EDE90,52943,10598
2026-09-04,6391,VNDFE7BCFF82B,38302,198998
2026-09-04,6391,VNDFE7BCFF82B,38309,272008
2026-09-04,6392,VNDD3D05C6968,73573,1790
2026-09-04,6393,VND442F6D6E4D,08262026.2TSTEVENS,7351
2026-09-04,6393,VND442F6D6E4D,TSTEVENS08262026,5000
2026-09-04,6394,VND28D84142E4,INV230303,17500
2026-09-04,6395,VNDB0DE02BD22,527290,500
2026-09-04,6395,VNDB0DE02BD22,567292,2071
2026-09-04,6395,VNDB0DE02BD22,567294,2563
2026-09-04,6395,VNDB0DE02BD22,568340,5173
2026-09-04,6396,VND4A591C435A,2732,51408
2026-09-04,6396,VND4A591C435A,2734,8000
2026-09-04,6396,VND4A591C435A,2745,44742
2026-09-04,6397,VNDE91C7530EF,1126175,13558
2026-09-04,6398,VNDE2590AFFCF,537068,11335
2026-09-04,6398,VNDE2590AFFCF,537069,5805
2026-09-04,6399,VND00E4060BDE,2026-03,97500
2026-09-04,6400,VND08896AC24C,230017-35,1539475
2026-09-04,6400,VND08896AC24C,draw 252,2569180
2026-09-04,6400,VND08896AC24C,draw 253,880000
2026-09-04,6400,VND08896AC24C,draw 254,478800
2026-09-04,6400,VND08896AC24C,draw 255,541041
2026-09-04,6401,VND6AD5370148,161540012,10357
2026-09-04,6401,VND6AD5370148,161540013,15973
2026-09-04,6401,VND6AD5370148,161540014,16908
2026-09-04,6401,VND6AD5370148,161540018,10118
2026-09-04,6401,VND6AD5370148,161540020,14780
2026-09-04,6401,VND6AD5370148,161561516,29500
2026-09-04,6402,VND9E4BEE408C,09-2026-02,2684250
2026-09-04,6403,VNDE0FD40503B,14060375,393321
2026-09-04,6404,VNDE10743BDAE,7765,415000
2026-09-04,6405,VNDC13248317D,IN498751,27500
2026-09-04,6406,VNDCEB70A75B1,INV9.5.26,100000
2026-09-04,6407,VND91721D3854,8263565333207,60517
2026-09-04,6408,VNDD9EF75D8C4,35730,133757
2026-09-04,6409,VND6DEB672106,2273,174871
2026-09-04,6410,VNDD3710F0C80,April 1-June 30 2026,571541
2026-09-04,6410,VNDD3710F0C80,Feb 2026 -Mar 2026,1787302
2026-09-04,6410,VNDD3710F0C80,Nov 1- Nov 30 25,1500293
2026-09-04,6411,VNDF1FC296B13,08312026MEVANS,5000
2026-09-04,6413,VND6E8879BB31,PEBR4A2608NVR09-0001,41500
2026-09-04,6414,VND6E8879BB31,PEBR4A2608RY6SR-0001,278900
2026-09-04,6415,VND6E8879BB31,PEBR4A2608BGC2Y-0001,200686
2026-09-04,6416,VND6E8879BB31,RA# 1411D4FH5DJ,136342
2026-09-04,6417,VND6E8879BB31,T1196772-FINAL,12000
2026-09-04,6418,VND6E8879BB31,T1196778-FINAL,12000
2026-09-04,6419,VND6E8879BB31,T1197160-FINAL,12000
2026-09-04,6420,VND6E8879BB31,PEBR4A2608CHB5Y-0001,47841
2026-09-04,6421,VND764A6A6DEF,RENAISSANCE B.ROUGE,102500
2026-09-04,7713,VND6419D861E2,10941623944,53200
2026-09-04,7713,VND6419D861E2,10941624080,9492
2026-09-04,7713,VND6419D861E2,1191379,2010
2026-09-04,7713,VND6419D861E2,134486623896,18140
2026-09-04,7714,VNDDF1B535115,107633 08/26,14024
2026-09-04,7714,VNDDF1B535115,107638 08/26,13464
2026-09-04,7714,VNDDF1B535115,108781 08/26,234078
2026-09-04,7714,VNDDF1B535115,109583 08/26,10019
2026-09-04,7714,VNDDF1B535115,109586 08/26/26,11203
2026-09-04,7714,VNDDF1B535115,112648 08/26,38459
2026-09-04,7714,VNDDF1B535115,112703 08/26,23653
2026-09-04,7714,VNDDF1B535115,119126 08/26,12622
2026-09-04,7714,VNDDF1B535115,119128 08/26,42264
2026-09-04,7714,VNDDF1B535115,119134 08/26,36486
2026-09-04,7714,VNDDF1B535115,119146 08/26,24408
2026-09-04,7714,VNDDF1B535115,119148 08/26,22574
2026-09-04,7714,VNDDF1B535115,119150 08/26,8292
2026-09-04,7714,VNDDF1B535115,119152 08/26,13006
2026-09-04,7714,VNDDF1B535115,119155 08/26,20649
2026-09-04,7714,VNDDF1B535115,119161 08/26,8995
2026-09-04,7714,VNDDF1B535115,119164 08/26,17554
2026-09-04,7714,VNDDF1B535115,119166 08/26,11838
2026-09-04,7714,VNDDF1B535115,119167 08/26,17569
2026-09-04,7714,VNDDF1B535115,119168 08/26,8741
2026-09-04,7714,VNDDF1B535115,119170 08/26,14963
2026-09-04,7714,VNDDF1B535115,119172 08/26,45453
2026-09-04,7714,VNDDF1B535115,119173 08/26,26811
2026-09-04,7714,VNDDF1B535115,119174 08/26,16643
2026-09-04,7714,VNDDF1B535115,119177 08/26,28893
2026-09-04,7714,VNDDF1B535115,119181 08/26,17074
2026-09-04,7714,VNDDF1B535115,119182 08/26,15119
2026-09-04,7714,VNDDF1B535115,122210 08/19/26,7801
2026-09-04,7714,VNDDF1B535115,122855 08/26,5197
2026-09-04,7714,VNDDF1B535115,122896 08/26,7136
2026-09-04,7714,VNDDF1B535115,126937 08/26,9370
2026-09-04,7714,VNDDF1B535115,127324 08/19/26,3900
2026-09-04,7714,VNDDF1B535115,129140 08/26,14224
2026-09-04,7714,VNDDF1B535115,136594 08/26,8739
2026-09-04,7714,VNDDF1B535115,144059 08/26,16396
2026-09-04,7714,VNDDF1B535115,144062 08/26,23898
2026-09-04,7714,VNDDF1B535115,144065 08/26,16381
2026-09-04,7714,VNDDF1B535115,144069 8/26,9465
2026-09-04,7714,VNDDF1B535115,144073 08/26,417749
2026-09-04,7714,VNDDF1B535115,144074 08/26,21558
2026-09-04,7714,VNDDF1B535115,144413 08/26,9250
2026-09-04,7714,VNDDF1B535115,223277 08/26,13176
2026-09-04,7715,VND440D42F5D7,PAY FT 8/22-9/4/26,1611764
2026-09-04,7715,VND440D42F5D7,PAY PT 8/22-9/4/26,90426
2026-09-04,7716,VNDAC0EDAD3E7,26-0903,2769231
2026-09-04,7717,VND461E8AD674,56196,22734
2026-09-04,7717,VND461E8AD674,56214,20208
2026-09-04,7717,VND461E8AD674,56255,38016
2026-09-04,7717,VND461E8AD674,56270,24250
2026-09-04,7718,VNDFE8318EED5,32865,90000
2026-09-04,7720,VND546C3EEABA,EBRPSA82026,220000
2026-09-04,7721,VND162CA25F89,09-04-2026,102083
2026-09-08,6422,VNDAD371834F3,402310,27600
2026-09-08,6423,VND71FECCBC3E,72604,43200
2026-09-08,6424,VNDC70091CD9E,1648,165900
2026-09-08,6424,VNDC70091CD9E,1665,187805
2026-09-08,6425,VNDFA0267DB49,15953,14700
2026-09-08,6426,VND314D47574B,175008560468,823345
2026-09-08,6427,VND91034DB47E,685973,7100
2026-09-08,6428,VNDA05CDC7026,S181031972.002,3335
2026-09-08,6429,VND65DE8A4375,S19147,14046
2026-09-08,6430,VNDB24DE3A5F3,58410387,128324
2026-09-08,6430,VNDB24DE3A5F3,58410400,117468
2026-09-08,6431,VNDC85484D068,0456-1270802,81380
2026-09-08,6432,VND0F82AF1081,6070912853,74580
2026-09-08,6432,VND0F82AF1081,6070912854,36615
2026-09-08,6432,VND0F82AF1081,6070999588,11638
2026-09-08,6432,VND0F82AF1081,6073347205,10610
2026-09-08,6433,VND6BAF66BC6D,720850,5693
2026-09-08,6433,VND6BAF66BC6D,721365,44687
2026-09-08,6434,VNDEE92605660,0040381527,40648
2026-09-08,6434,VNDEE92605660,00403975893,32402
2026-09-08,6434,VNDEE92605660,20897,3000
2026-09-08,6434,VNDEE92605660,40397594,45586
2026-09-08,6435,VND16102A69A6,71722,4650
2026-09-08,6437,VND97255B31D4,67462217430826,17712
2026-09-08,6438,VND23360FB697,28137931-002 08/26,34396
2026-09-08,6438,VND23360FB697,28139712-002 08/26,2672
2026-09-08,6438,VND23360FB697,30167716-002 08/26,1477
2026-09-08,6438,VND23360FB697,30168221-001 08/26,1477
2026-09-08,6438,VND23360FB697,31181500-001 08/26,1477
2026-09-08,6439,VND23360FB697,JULY2026,1020568
2026-09-08,6440,VNDFEB45412C5,12243750001 08/26,17498
2026-09-08,6441,VNDA9B2BB2688,PPE: 8/21/2026,2495659
2026-09-08,6442,VND09E9FBF696,125245,13825
2026-09-08,6443,VND09E9FBF696,124297,13825
2026-09-08,6444,VND09E9FBF696,276218,35000
2026-09-08,6445,VND09E9FBF696,276219,35000
2026-09-08,6446,VND09E9FBF696,276217,26900
2026-09-08,6447,VND09E9FBF696,276201,26900
2026-09-08,6448,VND09E9FBF696,276220,37500
2026-09-08,6449,VND09E9FBF696,1477869,23500
2026-09-08,6450,VND68366626F6,9-2-26\545.68,54568
2026-09-08,6451,VND0448DA64D8,1546031,10000
2026-09-08,6452,VND9A1877CE79,9-2-26\26.36,2636
2026-09-08,6453,VNDCE2D91D09C,INV26-M011600-1,10000
2026-09-08,6454,VNDE65A0C20D1,545173274,13895
2026-09-08,6454,VNDE65A0C20D1,545173417,16674
2026-09-08,6454,VNDE65A0C20D1,545196537,15285
2026-09-08,6454,VNDE65A0C20D1,545217363,5568
2026-09-08,6454,VNDE65A0C20D1,545217365,16674
2026-09-08,6455,VND020F17AED7,REG F DUNFORD,10000
2026-09-08,6456,VND020F17AED7,REG K CLARK,10000
2026-09-08,6457,VND091D0AAA42,42702625,38043
2026-09-08,6458,VND44D252EA0A,69476,71111
2026-09-08,6458,VND44D252EA0A,69489,208179
2026-09-08,6458,VND44D252EA0A,69491,398453
2026-09-08,6459,VNDDB8E0D5288,218061F,14025
2026-09-08,6460,VNDD7E2D1A272,4537580,188928
2026-09-08,6461,VND291C15549B,262290163525,67296210
2026-09-08,6462,VND63FC3F64CF,494873,9387
2026-09-08,6462,VND63FC3F64CF,495024,317548
2026-09-08,6462,VND63FC3F64CF,495802,12655
2026-09-08,6462,VND63FC3F64CF,825802,19357
2026-09-08,6462,VND63FC3F64CF,825883,29985
2026-09-08,6463,VND1CDC5A7959,010117018002703 0826,3224
2026-09-08,6464,VNDB4D25A7257,PARTIAL     10,277166419
2026-09-08,6465,VND1A33628867,INV549349,4900
2026-09-08,6466,VNDDE5736416C,9-2-26\2601.94,260194
2026-09-08,6467,VND5D4299ED65,9-2-26\319.36,31936
2026-09-08,6468,VND6DE5C4C637,Draw 579,659865
2026-09-08,6469,VNDE85FE7571C,9-2-26\183.02,18302
2026-09-08,6470,VND74806275E2,17792,32000
2026-09-08,6471,VNDA0B8006FFF,9-2-26\257.03,25703
2026-09-08,6472,VND9FFF1E2B36,9-2-26\1479.11,147911
2026-09-08,6473,VND2E80F86067,4773221-202608-1,10000
2026-09-08,6474,VNDEE6A050C76,33GCI9142419,77016
2026-09-08,6474,VNDEE6A050C76,33GCI9142421,76536
2026-09-08,6475,VNDB086E7F13D,Draw 506,286229
2026-09-08,6476,VNDFE7BCFF82B,38231,68144
2026-09-08,6477,VNDE91C7530EF,1130106,196233
2026-09-08,6478,VNDCD62F7A760,69135,20000
2026-09-08,6479,VND08896AC24C,230017-34,1394875
2026-09-08,6479,VND08896AC24C,230017-36,1483775
2026-09-08,6480,VND6AD5370148,161540015,11541
2026-09-08,6480,VND6AD5370148,161540016,14153
2026-09-08,6480,VND6AD5370148,161540017,15074
2026-09-08,6480,VND6AD5370148,161540019,15494
2026-09-08,6481,VND0CFA6AB9E2,116696,27500
2026-09-08,6482,VNDF36E0A9749,25148,301700
2026-09-08,6483,VNDBDC4259461,July 6 7 11 12  2026,266010
2026-09-08,6484,VND1261E8814B,1481,85000
2026-09-08,6485,VND91721D3854,998532251972 826,6740
2026-09-08,6486,VND0114ABB233,EBR - 8.26,2686862
2026-09-08,6487,VND7545252416,2026-08-015,100000
2026-09-08,6488,VND696A500F0A,3171,149900
2026-09-08,6489,VNDD3710F0C80,July 1 - Oct 31  25,1500293
2026-09-08,6490,VND960ABB710F,5701,13000
2026-09-08,6490,VND960ABB710F,5704,70719
2026-09-08,7722,VND6419D861E2,10941623945,24131
2026-09-08,7722,VND6419D861E2,10941623965,46260
2026-09-08,7722,VND6419D861E2,13486615365,107632
2026-09-08,7722,VND6419D861E2,13486620846,51504
2026-09-08,7722,VND6419D861E2,13486623809,31594
2026-09-08,7723,VNDDF1B535115,107632 08/26,14060
2026-09-08,7723,VNDDF1B535115,107640 08/26,14060
2026-09-08,7723,VNDDF1B535115,108779 08/26,3253
2026-09-08,7723,VNDDF1B535115,108780 08/26,4863
2026-09-08,7723,VNDDF1B535115,108784 08/26,53542
2026-09-08,7723,VNDDF1B535115,119124 08/26,21945
2026-09-08,7723,VNDDF1B535115,119132 08/26,15117
2026-09-08,7723,VNDDF1B535115,119133 08/26,26410
2026-09-08,7723,VNDDF1B535115,119135 08/26,24531
2026-09-08,7723,VNDDF1B535115,119136 08/26,15625
2026-09-08,7723,VNDDF1B535115,119139 08/26,31864
2026-09-08,7723,VNDDF1B535115,119153 08/26,7196
2026-09-08,7723,VNDDF1B535115,119158 08/26,3701
2026-09-08,7723,VNDDF1B535115,121994 08/26,10833
2026-09-08,7723,VNDDF1B535115,122156 08/26,1761
2026-09-08,7723,VNDDF1B535115,122859 08/26,47656
2026-09-08,7723,VNDDF1B535115,123931 08/26,36656
2026-09-08,7723,VNDDF1B535115,129138 08/26,6875
2026-09-08,7723,VNDDF1B535115,129139 08/26,2239
2026-09-08,7723,VNDDF1B535115,138151 08/26,3561
2026-09-08,7723,VNDDF1B535115,144066 08/26,22543
2026-09-08,7723,VNDDF1B535115,148429 08/26,500
2026-09-08,7723,VNDDF1B535115,1737065 08/26,7157
2026-09-08,7723,VNDDF1B535115,1747424 08/26,5811
2026-09-08,7723,VNDDF1B535115,332076 08/26,10202
2026-09-08,7723,VNDDF1B535115,3455943 08/26,3566
2026-09-08,7723,VNDDF1B535115,3455953 08/26,3580
2026-09-08,7723,VNDDF1B535115,3455955 08/26,3500
2026-09-08,7723,VNDDF1B535115,3462570 08/26,3580
2026-09-08,7723,VNDDF1B535115,3470241 08/26,4194
2026-09-08,7723,VNDDF1B535115,3474025 08/26,4979
2026-09-08,7723,VNDDF1B535115,758597 08/26,9509
2026-09-08,7724,VND96E81D06D8,0036,611882
2026-09-08,7725,VND78FD06F489,7264,2698
2026-09-08,7726,VND4ECC8B607E,FSGBR #5 A 7-26,11381593
2026-09-08,7727,VND78D84D4F17,INV15369,348300
2026-09-08,7728,VND45769F3877,CIN470037053,3897300
2026-09-08,7729,VND9482CE1F7B,6151766439,1083651
2026-09-08,7730,VND0E849C8CBC,2026090401,15684
2026-09-08,7730,VND0E849C8CBC,EBR CORONER PPE 0904,6111651
2026-09-08,7731,VND4588B79C5B,CI10000288443,47940346
2026-09-08,7732,VND98C7472E31,260811-INV-2-5151,1578609
2026-09-08,7733,VNDBCB3971DF1,DF216237,4159322
2026-09-08,7734,VND22A30FB481,26-Aug,2325307
2026-09-08,7735,VND2308B621FA,EBRPSA08,214800
2026-09-08,7736,VNDA25A9B00C2,7-2026,171000
2026-09-08,7736,VNDA25A9B00C2,722883126,312000
2026-09-08,7737,VNDADF61B35CC,EBRSB090426,112000
2026-09-08,7738,VNDCA11772E7F,Medine 0826,80000
2026-09-09,6497,VNDBA5885C4A6,107188,543365
2026-09-09,6498,VND608BF9B3D8,207699,23768
2026-09-09,6498,VND608BF9B3D8,207700,24806
2026-09-09,6501,VND2FE679EDE1,5527181556,202760
2026-09-09,6503,VND314D47574B,195008647218,581576
2026-09-09,6504,VND314D47574B,355005721033,35222
2026-09-09,6505,VND314D47574B,355005721034,29804
2026-09-09,6507,VND23360FB697,2ND QUARTER/6-6-26,3088000
2026-09-09,6508,VND23360FB697,3RD QUARTER/9-8-26,3088000
2026-09-09,6510,VND0C703976D6,5796,650000
2026-09-09,6511,VND44D252EA0A,69459,100489
2026-09-09,6512,VND6C133B6E38,55P1857799,60403
2026-09-09,6513,VND3DBF2AE1D7,09032026,17164042
2026-09-09,6514,VND0D07791E90,INV01141312,182400
2026-09-09,6515,VND63FC3F64CF,495373,20096
2026-09-09,6515,VND63FC3F64CF,495379,8484
2026-09-09,6516,VND1CDC5A7959,010101394004601 0926,16166
2026-09-09,6516,VND1CDC5A7959,010101600053701 0926,4240
2026-09-09,6516,VND1CDC5A7959,010101600097301 0926,3340
2026-09-09,6516,VND1CDC5A7959,010101600107201 0926,3340
2026-09-09,6516,VND1CDC5A7959,010101600109901 0926,3340
2026-09-09,6516,VND1CDC5A7959,010101600116601 0926,3340
2026-09-09,6516,VND1CDC5A7959,010101600117501 0926,4240
2026-09-09,6516,VND1CDC5A7959,010101600119801 0926,4240
2026-09-09,6516,VND1CDC5A7959,010101600119901 0926,3340
2026-09-09,6516,VND1CDC5A7959,010116007001202 0826,3017
2026-09-09,6516,VND1CDC5A7959,010116007001302 0826,3017
2026-09-09,6516,VND1CDC5A7959,010116007001601 0826,3017
2026-09-09,6516,VND1CDC5A7959,010116007001701 0826,3017
2026-09-09,6516,VND1CDC5A7959,010116007002102 0826,3224
2026-09-09,6516,VND1CDC5A7959,010116008002402 0826,3224
2026-09-09,6516,VND1CDC5A7959,010116009001501 0826,1180
2026-09-09,6516,VND1CDC5A7959,010116009002301 0826,14332
2026-09-09,6516,VND1CDC5A7959,010116010002302 0826,3224
2026-09-09,6516,VND1CDC5A7959,010116012001804 0826,3224
2026-09-09,6516,VND1CDC5A7959,010116012001902 0826,3224
2026-09-09,6516,VND1CDC5A7959,010116076006301 0826,3380
2026-09-09,6516,VND1CDC5A7959,010116076013702 0826,14549
2026-09-09,6516,VND1CDC5A7959,010117013002302 0826,3224
2026-09-09,6516,VND1CDC5A7959,010117013002402 0826,3224
2026-09-09,6516,VND1CDC5A7959,010117013002502 0826,3224
2026-09-09,6516,VND1CDC5A7959,010117013002602 0826,3224
2026-09-09,6516,VND1CDC5A7959,010117042002502 0826,3017
2026-09-09,6516,VND1CDC5A7959,010117042002602 0826,3017
2026-09-09,6516,VND1CDC5A7959,010117043002702 0826,3017
2026-09-09,6516,VND1CDC5A7959,010117077062502 0826,24346
2026-09-09,6516,VND1CDC5A7959,010118005009502 0826,3017
2026-09-09,6516,VND1CDC5A7959,010118016001901 0826,259818
2026-09-09,6516,VND1CDC5A7959,010118016002803 0826,6232
2026-09-09,6516,VND1CDC5A7959,010118016003202 0826,1187
2026-09-09,6516,VND1CDC5A7959,010118021000602 0826,18786
2026-09-09,6516,VND1CDC5A7959,010118021002303 0826,16992
2026-09-09,6516,VND1CDC5A7959,010118068010602 0826,3017
2026-09-09,6516,VND1CDC5A7959,010118068010702 0826,3017
2026-09-09,6516,VND1CDC5A7959,010119122005001 0826,587
2026-09-09,6516,VND1CDC5A7959,010119381082001 0826,1180
2026-09-09,6516,VND1CDC5A7959,010119381089402 0826,1180
2026-09-09,6516,VND1CDC5A7959,010119381092202 0826,7761
2026-09-09,6516,VND1CDC5A7959,010119383010901 0826,1183
2026-09-09,6517,VNDB4D25A7257,PARTIAL #5,12514477
2026-09-09,6517,VNDB4D25A7257,PARTIAL #6,13860612
2026-09-09,6517,VNDB4D25A7257,PARTIAL #7,22730139
2026-09-09,6518,VND10C406AC6E,96275-96299,86350
2026-09-09,6520,VND0242D4B165,ENH.015,2101545
2026-09-09,6521,VND4A253FE43E,20232,332500
2026-09-09,6522,VNDC6F13EDA92,CATERING SRVS 9/9/26,95050
2026-09-09,6523,VNDA19A313B5F,189545338-8-1-26,118305
2026-09-09,6525,VND4EAEDD6122,8148-26,4000
2026-09-09,6526,VND4EAEDD6122,8151-26,4000
2026-09-09,6528,VND4A591C435A,2729,119882
2026-09-09,6528,VND4A591C435A,2730,119882
2026-09-09,6528,VND4A591C435A,2738,51124
2026-09-09,6528,VND4A591C435A,2741,53063
2026-09-09,6528,VND4A591C435A,2742,25144
2026-09-09,6529,VNDC1CAA9305F,25T006*05,4550036
2026-09-09,6530,VND786B7ED935,EBRS-0017,30375
2026-09-09,6531,VND53EEC2B22C,PARTIAL    6,11761895
2026-09-09,6532,VNDAB3D922B7E,DC-25-02095 - 02096,50000
2026-09-09,6533,VND4DDE27D128,TCS 2493 BAYWOOD AVE,11500000
2026-09-09,6534,VNDEDE4919396,Innercore 8/24/2026,75000
2026-09-09,6535,VNDCC3D00E44A,08-13-2026,78000
2026-09-09,6536,VNDCC3D00E44A,08-31-2026,97500
2026-09-09,6537,VND3A67CB2991,EBRS-0017,9000
2026-09-09,6538,VND493BCB2E7B,EBRS-1111,13500
2026-09-09,6539,VNDE7EBF7D841,08252026KCLARK,12939
2026-09-09,6540,VNDD0E78F67D4,PARCEL 3-3 & 3-3-C-1,999700
2026-09-09,6541,VND68F6669162,PARCEL 1-3-C-1,70000
2026-09-09,6542,VND2F401643D4,PARCEL 1-3-C-1,70000
2026-09-09,6548,VND6E8879BB31,PEBR4A2607Y2246-0001,981739
2026-09-09,6549,VND6E8879BB31,PEBR4A2608Z44KK-0001,154950
2026-09-09,6550,VND6E8879BB31,PEBR4A2608355FC0001,108585
2026-09-09,6551,VND6E8879BB31,PEBR4A2608X2G5T-0001,61250
2026-09-09,7739,VNDBC4CEAB09B,PPE 9/4/26,3694272
2026-09-09,7740,VND0A7D5F3033,PPE 9-9-26,4271423
2026-09-09,7741,VND15B43E8C56,PPE 8/22/26-9/4/26,1954018
2026-09-09,7742,VND45EAEDDBC2,CR/CN/8/22/26-9/4/26,290320
2026-09-09,7743,VND75DF5218D5,DRAW 1 - 7265,8772587
2026-09-09,7744,VND461E8AD674,PARTIAL    6,100062259
2026-09-09,7745,VND3C275C3EFB,EBRS-6614,70000
2026-09-09,7746,VND7A343D77D6,32318,85000
2026-09-09,7747,VNDE8702FA45D,8550,855000
2026-09-09,7748,VND60CD131565,PARTIAL12,13937450
2026-09-09,7749,VND98C7472E31,PARTIAL 01,4391500
2026-09-09,7753,VNDA5C4C5D634,PARTIAL            4,3265300
2026-09-09,7754,VNDA5C4C5D634,PARTIAL NO.     2,23649830
2026-09-09,7755,VNDE6A23FABFB,CR/LD/8.22-9.8.26,290320
2026-09-09,7756,VND02D4A16A81,09-03-2026,300000
2026-09-09,7757,VND6595524291,CR/CN/8/22-9/4/26,290320
2026-09-10,6597,VND7C59DB9399,134328,17500
2026-09-10,6598,VNDAD371834F3,406049,207800
2026-09-10,6598,VNDAD371834F3,406165,34500
2026-09-10,6599,VND17C258526A,9328795,77000
2026-09-10,6604,VND0E9273449A,4278246389,1528
2026-09-10,6604,VND0E9273449A,4279060869,1528
2026-09-10,6604,VND0E9273449A,4279815330,1528
2026-09-10,6604,VND0E9273449A,4280580898,1528
2026-09-10,6604,VND0E9273449A,4281341520,23352
2026-09-10,6604,VND0E9273449A,9371848102,13950
2026-09-10,6604,VND0E9273449A,9371848186,15000
2026-09-10,6604,VND0E9273449A,9371848354,10741
2026-09-10,6604,VND0E9273449A,9371848415,15000
2026-09-10,6604,VND0E9273449A,9371848630,15000
2026-09-10,6604,VND0E9273449A,9371848819,15000
2026-09-10,6604,VND0E9273449A,9371849519,12060
2026-09-10,6604,VND0E9273449A,9371850696,15000
2026-09-10,6604,VND0E9273449A,9373191188,15000
2026-09-10,6604,VND0E9273449A,9373649131,13950
2026-09-10,6604,VND0E9273449A,9373649133,12500
2026-09-10,6604,VND0E9273449A,9373649135,12500
2026-09-10,6604,VND0E9273449A,9373649138,15000
2026-09-10,6604,VND0E9273449A,9373649140,15000
2026-09-10,6604,VND0E9273449A,9373649142,15000
2026-09-10,6604,VND0E9273449A,9373649144,15000
2026-09-10,6604,VND0E9273449A,9373649146,15000
2026-09-10,6604,VND0E9273449A,9373649149,15000
2026-09-10,6604,VND0E9273449A,9373649151,12500
2026-09-10,6604,VND0E9273449A,9373649153,15000
2026-09-10,6604,VND0E9273449A,9373649155,12900
2026-09-10,6604,VND0E9273449A,9373649157,15000
2026-09-10,6604,VND0E9273449A,9373649163,15000
2026-09-10,6604,VND0E9273449A,9373649171,12060
2026-09-10,6604,VND0E9273449A,9373740144,42900
2026-09-10,6604,VND0E9273449A,9373840725,15000
2026-09-10,6604,VND0E9273449A,9373840747,15000
2026-09-10,6604,VND0E9273449A,9373840768,13950
2026-09-10,6604,VND0E9273449A,9373840810,13950
2026-09-10,6604,VND0E9273449A,9373840812,13950
2026-09-10,6604,VND0E9273449A,9373840869,15000
2026-09-10,6604,VND0E9273449A,9737649161,12999
2026-09-10,6605,VND0E9273449A,5357968006,4081
2026-09-10,6606,VND38FB0B177C,IVC0010233,1013016
2026-09-10,6607,VND38FB0B177C,IVC0010240,1581284
2026-09-10,6608,VND38FB0B177C,IVC0010253,1040400
2026-09-10,6609,VND38FB0B177C,IVC0010250,32612150
2026-09-10,6611,VND9A4582E5DB,127443,18580
2026-09-10,6612,VND91034DB47E,685674,1600
2026-09-10,6616,VND65DE8A4375,S19032,592000
2026-09-10,6616,VND65DE8A4375,S19111,962000
2026-09-10,6616,VND65DE8A4375,S19113,473600
2026-09-10,6618,VND88879B21FB,0032273,4736000
2026-09-10,6618,VND88879B21FB,0032274,5810700
2026-09-10,6619,VNDE3DB23DF47,20260516-17000-17169,901771
2026-09-10,6620,VND5DBF3F1B0F,0000175-2801-8,102128054
2026-09-10,6622,VND8AA7C5834A,9064284277,104397
2026-09-10,6623,VND3202C9608E,0820-002250507,174993
2026-09-10,6623,VND3202C9608E,0820-002251530,56150
2026-09-10,6623,VND3202C9608E,0820-002251641,13866
2026-09-10,6623,VND3202C9608E,0820-002252906,19158
2026-09-10,6623,VND3202C9608E,0820-002252941,386802
2026-09-10,6623,VND3202C9608E,0820-002253834,158606
2026-09-10,6623,VND3202C9608E,0820-002253916,286840
2026-09-10,6623,VND3202C9608E,0820-002254204,213724
2026-09-10,6623,VND3202C9608E,0820-002254239,117804
2026-09-10,6623,VND3202C9608E,0820-002255082,231722
2026-09-10,6623,VND3202C9608E,0820-002255084,170980
2026-09-10,6623,VND3202C9608E,0820-002255092,1511434
2026-09-10,6624,VNDB13CA932DA,345439928,11999
2026-09-10,6624,VNDB13CA932DA,345440307,11999
2026-09-10,6624,VNDB13CA932DA,345440621,11999
2026-09-10,6624,VNDB13CA932DA,345441083,11999
2026-09-10,6626,VNDFEB45412C5,00000303-001 08/26,4871
2026-09-10,6626,VNDFEB45412C5,12241950-001 08/26,1300
2026-09-10,6627,VNDA9B2BB2688,EMPLOYEE ID3208,369258
2026-09-10,6630,VND09E9FBF696,910018016,44550
2026-09-10,6631,VND09E9FBF696,910018483,44550
2026-09-10,6632,VND09E9FBF696,20393,49000
2026-09-10,6633,VND09E9FBF696,23948,79800
2026-09-10,6634,VND09E9FBF696,23957,278000
2026-09-10,6635,VND09E9FBF696,20401,59800
2026-09-10,6636,VND09E9FBF696,33057,41300
2026-09-10,6637,VND09E9FBF696,33144,18400
2026-09-10,6638,VND09E9FBF696,33145,16700
2026-09-10,6639,VND09E9FBF696,32756,272500
2026-09-10,6640,VND09E9FBF696,33017,272500
2026-09-10,6641,VND09E9FBF696,26071136,373863
2026-09-10,6642,VND09E9FBF696,124762,13825
2026-09-10,6643,VND09E9FBF696,589315,178500
2026-09-10,6644,VND09E9FBF696,RI107332441,6600
2026-09-10,6645,VND09E9FBF696,910019048,44550
2026-09-10,6646,VNDB41C7DE31B,015711083580301 0826,7284
2026-09-10,6647,VNDB41C7DE31B,015711090940801 0826,58034
2026-09-10,6648,VNDB41C7DE31B,015711095600301 0826,33176
2026-09-10,6649,VNDB08E066BB4,4717-TAG,7650
2026-09-10,6650,VNDB08E066BB4,1800259285,38000
2026-09-10,6651,VNDB08E066BB4,1800189600,46000
2026-09-10,6652,VND8F200F3D33,86343100,9058
2026-09-10,6655,VND44D252EA0A,69169,266047
2026-09-10,6655,VND44D252EA0A,69475,249150
2026-09-10,6659,VND1CDC5A7959,010116007001901 0826,33114
2026-09-10,6659,VND1CDC5A7959,010116058041902 0826,122691
2026-09-10,6659,VND1CDC5A7959,010119164009302 0826,1180
2026-09-10,6659,VND1CDC5A7959,010119164014002 0826,23720
2026-09-10,6659,VND1CDC5A7959,010119381090202 0826,3017
2026-09-10,6659,VND1CDC5A7959,010119381093302 0826,10890
2026-09-10,6659,VND1CDC5A7959,010119381146002 0826,4378
2026-09-10,6659,VND1CDC5A7959,010119381692003 0826,1180
2026-09-10,6659,VND1CDC5A7959,010119383011902 0826,1180
2026-09-10,6659,VND1CDC5A7959,010119422042102 0826,1180
2026-09-10,6659,VND1CDC5A7959,010119422053002 0826,1202
2026-09-10,6660,VNDE745A90617,August 2026,200000
2026-09-10,6661,VND192E49B381,19185385,153100
2026-09-10,6661,VND192E49B381,19185389,68200
2026-09-10,6667,VND810814517B,7471,35125
2026-09-10,6667,VND810814517B,7642,34200
2026-09-10,6673,VNDA19A313B5F,2026-08,70000
2026-09-10,6675,VND9934521B5C,160951,250000
2026-09-10,6676,VND38EA8D1BB8,CEDMS/ST/9.05.2026,30000
2026-09-10,6677,VND934C02586E,158-24-004,4387500
2026-09-10,6677,VND934C02586E,159-24-004,5850000
2026-09-10,6677,VND934C02586E,160-24-004,5175000
2026-09-10,6677,VND934C02586E,161-24-004,5400000
2026-09-10,6677,VND934C02586E,162-24-004,12375000
2026-09-10,6677,VND934C02586E,163-24-004,11700000
2026-09-10,6678,VNDCE4F07B4A2,DWI-IW09/05/2026,30000
2026-09-10,6678,VNDCE4F07B4A2,SCIKW08-15-2026,75000
2026-09-10,6679,VNDB0566A95B9,3131,120400
2026-09-10,6680,VND777AAA6B69,116N-J7DM-PW3L,233442
2026-09-10,6680,VND777AAA6B69,1PLK-VNRJ-PHKL,211693
2026-09-10,6681,VND296164E103,PTYCSH0926,43289
2026-09-10,6682,VNDBBA3F59362,26800-088L,164000
2026-09-10,6682,VNDBBA3F59362,26800-089L,164000
2026-09-10,6682,VNDBBA3F59362,26800-090L,164000
2026-09-10,6682,VNDBBA3F59362,26800-091L,328000
2026-09-10,6683,VND82442A5FB9,L2601310028,16500
2026-09-10,6683,VND82442A5FB9,L2602070281,5000
2026-09-10,6683,VND82442A5FB9,L2602070327,5000
2026-09-10,6683,VND82442A5FB9,L2603250322,16500
2026-09-10,6683,VND82442A5FB9,L2606100179,11500
2026-09-10,6686,VNDB0DE02BD22,2147284116-0826,51837
2026-09-10,6687,VND44D8DA524A,1555231,39978400
2026-09-10,6689,VND782BE22BDA,REV QUARTER SPONSOR,200000
2026-09-10,6690,VND56DBCD98D3,SCOPE I/II-EL-9.5.26,20000
2026-09-10,6691,VND2903DC5320,EBR-C151,13044537
2026-09-10,6692,VND2EFFD0EA99,26-14711-2,4630000
2026-09-10,6692,VND2EFFD0EA99,26-14711-2-MS3,4630000
2026-09-10,6692,VND2EFFD0EA99,27-7329-4,4993750
2026-09-10,6693,VND810A6034D4,7014,6125000
2026-09-10,6694,VNDB8478CC587,5964,214400
2026-09-10,6695,VND2C9A9509EF,SIN447148,135000
2026-09-10,6696,VNDA7A8E15E22,C260811216802,350000
2026-09-10,6696,VNDA7A8E15E22,N260811216815,108000
2026-09-10,6698,VND08699A542B,2025,182000
2026-09-10,6699,VND9CA2D1AB98,137,437500
2026-09-10,6700,VND7215CF0D62,35153083126,29999
2026-09-10,6701,VND91721D3854,268459004505,2268
2026-09-10,6702,VNDA9A3116E05,7026-515,39000
2026-09-10,6703,VNDD7EF0DD0FB,3143,105000
2026-09-10,6733,VND6E8879BB31,PEBR4A2505MYDS2-0001,300013
2026-09-10,6734,VND6E8879BB31,1487D4MMSFT,84211
2026-09-10,6735,VND6E8879BB31,1419D4L7M7J,91396
2026-09-10,6736,VND08C636DE10,1672925934,775
2026-09-10,7771,VND6419D861E2,10941624079,13411
2026-09-10,7771,VND6419D861E2,7704624099,36052
2026-09-10,7772,VND78D84D4F17,INV15886,39964
2026-09-10,7773,VNDCCCD2B28B4,18-2026,134600
2026-09-10,7774,VND9482CE1F7B,6151351781,545289
2026-09-10,7775,VND89C7D0D916,26-071,233333
2026-09-10,7776,VNDAC8696501A,260803190745072,708500
2026-09-10,7777,VNDADEDE9CC9A,SASAP-EW-09.5.2026,30000
2026-09-10,7778,VND0E2E5E838C,INV1626496,16795
2026-09-10,7779,VND5AB7B02F1F,1210390,13091512
2026-09-10,7780,VNDA7D1322056,Pay App 031 July,11140167
2026-09-10,7781,VND2B601CD19C,17,200000
2026-09-11,6737,VNDAD371834F3,401709,6900
2026-09-11,6737,VNDAD371834F3,403814,6900
2026-09-11,6737,VNDAD371834F3,406271,23025
2026-09-11,6738,VND2140C43B7F,5964,4990000
2026-09-11,6742,VND55723888F8,1260803119,2556500
2026-09-11,6743,VND0E9273449A,9373840638,13950
2026-09-11,6743,VND0E9273449A,9373840672,15000
2026-09-11,6743,VND0E9273449A,9373840698,15000
2026-09-11,6743,VND0E9273449A,9373840797,12060
2026-09-11,6743,VND0E9273449A,9373840817,15000
2026-09-11,6743,VND0E9273449A,9373840876,15000
2026-09-11,6743,VND0E9273449A,9373840886,15000
2026-09-11,6743,VND0E9273449A,9373840897,15000
2026-09-11,6743,VND0E9273449A,9373840910,13950
2026-09-11,6743,VND0E9273449A,9373840931,10741
2026-09-11,6744,VND314D47574B,10021493901,874082
2026-09-11,6744,VND314D47574B,10021494055,744175
2026-09-11,6744,VND314D47574B,10021494120,515360
2026-09-11,6744,VND314D47574B,10021494122,378285
2026-09-11,6744,VND314D47574B,10021494123,540505
2026-09-11,6744,VND314D47574B,10021494182,353410
2026-09-11,6744,VND314D47574B,10021494210,556726
2026-09-11,6744,VND314D47574B,10021494236,361485
2026-09-11,6744,VND314D47574B,10021494268,498233
2026-09-11,6744,VND314D47574B,10021494269,514766
2026-09-11,6744,VND314D47574B,10021495357,782531
2026-09-11,6744,VND314D47574B,10021515602,3580
2026-09-11,6744,VND314D47574B,10021515603,3753
2026-09-11,6744,VND314D47574B,10021515869,5908
2026-09-11,6744,VND314D47574B,110009074572,3966
2026-09-11,6744,VND314D47574B,115008812994,9579
2026-09-11,6744,VND314D47574B,120007657391,8683
2026-09-11,6744,VND314D47574B,145008686765,3580
2026-09-11,6744,VND314D47574B,145008686766,559
2026-09-11,6744,VND314D47574B,145008686767,559
2026-09-11,6744,VND314D47574B,145008691186,3503
2026-09-11,6744,VND314D47574B,15009800332,67191
2026-09-11,6744,VND314D47574B,160007569005,559
2026-09-11,6744,VND314D47574B,160007572320,9735
2026-09-11,6744,VND314D47574B,165008612849,4799
2026-09-11,6744,VND314D47574B,165008612850,4346
2026-09-11,6744,VND314D47574B,165008612851,4580
2026-09-11,6744,VND314D47574B,165008612852,9262
2026-09-11,6744,VND314D47574B,170007549161,92542
2026-09-11,6744,VND314D47574B,190007753477,129529
2026-09-11,6744,VND314D47574B,190007753479,24828
2026-09-11,6744,VND314D47574B,190007753626,45672
2026-09-11,6744,VND314D47574B,195008653574,3580
2026-09-11,6744,VND314D47574B,195008655332,14381
2026-09-11,6744,VND314D47574B,195008655334,6853
2026-09-11,6744,VND314D47574B,20011000399,20794
2026-09-11,6744,VND314D47574B,20011000400,13446
2026-09-11,6744,VND314D47574B,2026560944,172183
2026-09-11,6744,VND314D47574B,2026561459,2343203
2026-09-11,6744,VND314D47574B,225007980171,10420
2026-09-11,6744,VND314D47574B,225007980323,11334
2026-09-11,6744,VND314D47574B,25009662728,1136081
2026-09-11,6744,VND314D47574B,25009663083,9914
2026-09-11,6744,VND314D47574B,260007014264,77543
2026-09-11,6744,VND314D47574B,280007029602,17483
2026-09-11,6744,VND314D47574B,280007029604,21337
2026-09-11,6744,VND314D47574B,290007009323,10113
2026-09-11,6744,VND314D47574B,295007250871,6269
2026-09-11,6744,VND314D47574B,30010734750,14509
2026-09-11,6744,VND314D47574B,330005076354,30527
2026-09-11,6744,VND314D47574B,35009534759,11954
2026-09-11,6744,VND314D47574B,405005115624,271830
2026-09-11,6744,VND314D47574B,50010350976,16230
2026-09-11,6744,VND314D47574B,50010350990,5122
2026-09-11,6744,VND314D47574B,55009391998,5128
2026-09-11,6744,VND314D47574B,55009391999,6665
2026-09-11,6744,VND314D47574B,55009392000,9058
2026-09-11,6744,VND314D47574B,60009550884,3580
2026-09-11,6744,VND314D47574B,60009550885,3580
2026-09-11,6744,VND314D47574B,60009550886,3580
2026-09-11,6744,VND314D47574B,70009427023,3580
2026-09-11,6744,VND314D47574B,70009427702,5848
2026-09-11,6744,VND314D47574B,70009427703,5456
2026-09-11,6744,VND314D47574B,70009431348,21164
2026-09-11,6744,VND314D47574B,75009264210,562
2026-09-11,6744,VND314D47574B,80009326377,9198
2026-09-11,6744,VND314D47574B,85009087334,7129
2026-09-11,6744,VND314D47574B,85009091331,10844
2026-09-11,6745,VND314D47574B,215008062258,38980
2026-09-11,6746,VND314D47574B,55009387559,109022
2026-09-11,6747,VND91034DB47E,685018,1600
2026-09-11,6747,VND91034DB47E,685089,11300
2026-09-11,6747,VND91034DB47E,685090,2100
2026-09-11,6747,VND91034DB47E,685975,7100
2026-09-11,6747,VND91034DB47E,686099,17500
2026-09-11,6748,VNDE0724E5396,6736403,1682216
2026-09-11,6750,VND0F82AF1081,6070158114,579
2026-09-11,6750,VND0F82AF1081,6070158115,9059
2026-09-11,6750,VND0F82AF1081,6070158116,7301
2026-09-11,6750,VND0F82AF1081,6070158117,12384
2026-09-11,6750,VND0F82AF1081,6070158118,35558
2026-09-11,6750,VND0F82AF1081,6073456581,1299
2026-09-11,6751,VND845DA57072,5792,416735
2026-09-11,6752,VND6A8F32B4F0,9-438-51766,1034
2026-09-11,6752,VND6A8F32B4F0,9-448-92017,4275
2026-09-11,6754,VNDB41C7DE31B,015711083165001 0826,319805
2026-09-11,6754,VNDB41C7DE31B,015711094565601 0826,15851
2026-09-11,6754,VNDB41C7DE31B,015711095250801 0926,17636
2026-09-11,6756,VNDEBA3E0B581,36511164-001,66150
2026-09-11,6756,VNDEBA3E0B581,36847742-001,52150
2026-09-11,6758,VND9E92E9E31B,SupremeCourt - 6/26,5000
2026-09-11,6759,VND21A3B8AD24,17192,610000
2026-09-11,6759,VND21A3B8AD24,17193,247500
2026-09-11,6759,VND21A3B8AD24,17195,190000
2026-09-11,6759,VND21A3B8AD24,17198,499860
2026-09-11,6759,VND21A3B8AD24,17199,153000
2026-09-11,6760,VND6D0FBDBD42,1029240,286054
2026-09-11,6764,VND26E1E5C72C,35328,60000
2026-09-11,6765,VND63FC3F64CF,495306,7191
2026-09-11,6765,VND63FC3F64CF,495821,1234
2026-09-11,6765,VND63FC3F64CF,495883,26400
2026-09-11,6765,VND63FC3F64CF,495968,25310
2026-09-11,6766,VND1CDC5A7959,010101600046301 926,4240
2026-09-11,6766,VND1CDC5A7959,010101600072901 926,4240
2026-09-11,6766,VND1CDC5A7959,010101600105501 926,4240
2026-09-11,6766,VND1CDC5A7959,010101600117601 0926,2500
2026-09-11,6766,VND1CDC5A7959,010101621001001 926,4310
2026-09-11,6766,VND1CDC5A7959,010101621001101 926,13181
2026-09-11,6766,VND1CDC5A7959,010101621001601 926,4301
2026-09-11,6766,VND1CDC5A7959,010101621002102 926,14377
2026-09-11,6766,VND1CDC5A7959,010101621002202 926,18598
2026-09-11,6766,VND1CDC5A7959,010101621002702 926,13630
2026-09-11,6766,VND1CDC5A7959,010101621003502 926,32417
2026-09-11,6766,VND1CDC5A7959,010101621003701 926,4926
2026-09-11,6766,VND1CDC5A7959,010101621004002 926,6979
2026-09-11,6766,VND1CDC5A7959,010101621004601 926,6329
2026-09-11,6766,VND1CDC5A7959,010101621004701 926,3017
2026-09-11,6766,VND1CDC5A7959,010101621005401 926,9896
2026-09-11,6766,VND1CDC5A7959,010101621005901 926,1780619
2026-09-11,6766,VND1CDC5A7959,010101621006101 926,3017
2026-09-11,6766,VND1CDC5A7959,010101621006401 926,9353
2026-09-11,6766,VND1CDC5A7959,010101625000101 0926,2398167
2026-09-11,6766,VND1CDC5A7959,010101625000801 0926,70056
2026-09-11,6766,VND1CDC5A7959,010114145009401 0826,6711
2026-09-11,6766,VND1CDC5A7959,010114145012401 0826,10148
2026-09-11,6766,VND1CDC5A7959,010115086005901 0826,34682
2026-09-11,6766,VND1CDC5A7959,010115086006401 0826,3020
2026-09-11,6766,VND1CDC5A7959,010116009002601 0826,6312
2026-09-11,6766,VND1CDC5A7959,010116058042002 826,273485
2026-09-11,6766,VND1CDC5A7959,010117018001902 826,5102
2026-09-11,6766,VND1CDC5A7959,010117018002001 826,9528
2026-09-11,6766,VND1CDC5A7959,010117042439806 826,8419
2026-09-11,6766,VND1CDC5A7959,010120407036901 0826,1180
2026-09-11,6766,VND1CDC5A7959,010120407045502 0826,1180
2026-09-11,6766,VND1CDC5A7959,010120408099801 0826,1183
2026-09-11,6766,VND1CDC5A7959,010120408105403 0826,10060
2026-09-11,6766,VND1CDC5A7959,010120431026202 0826,1183
2026-09-11,6766,VND1CDC5A7959,010120431027802 0826,1180
2026-09-11,6766,VND1CDC5A7959,010120437075702 0826,1180
2026-09-11,6766,VND1CDC5A7959,010120437083603 0826,1180
2026-09-11,6766,VND1CDC5A7959,010120437120402 0826,3017
2026-09-11,6766,VND1CDC5A7959,010120439028302 0826,1180
2026-09-11,6766,VND1CDC5A7959,010120444012102 0826,1180
2026-09-11,6766,VND1CDC5A7959,010120451001502 0826,1202
2026-09-11,6766,VND1CDC5A7959,010120718003902 0826,1180
2026-09-11,6767,VNDA23FFF84E8,020201003034502 926,47965
2026-09-11,6767,VNDA23FFF84E8,020201003034602 926,4652
2026-09-11,6767,VNDA23FFF84E8,020201004258803 926,9745
2026-09-11,6767,VNDA23FFF84E8,020201060019402 926,6300
2026-09-11,6767,VNDA23FFF84E8,020201060019502 926,2500
2026-09-11,6767,VNDA23FFF84E8,020201625001701 0926,74226
2026-09-11,6768,VNDB2BF8720F9,41799,72000
2026-09-11,6769,VND192E49B381,19185399,543500
2026-09-11,6769,VND192E49B381,19185432,119300
2026-09-11,6769,VND192E49B381,19185444,251822
2026-09-11,6769,VND192E49B381,19185446,358900
2026-09-11,6769,VND192E49B381,19185448,198992
2026-09-11,6769,VND192E49B381,19185449,401338
2026-09-11,6769,VND192E49B381,19185570,134600
2026-09-11,6769,VND192E49B381,19185729,590800
2026-09-11,6770,VND6DE5C4C637,Draw 580,622044
2026-09-11,6771,VND3381FE26A4,265522014-001,670000
2026-09-11,6775,VNDF46E73B2E4,4752,85000
2026-09-11,6778,VNDE1919A1248,00252-25-0091047,10000
2026-09-11,6781,VND01F38E133D,23-BR-064934 9/2/26,7792
2026-09-11,6781,VND01F38E133D,25-BR-166565 9/1/26,40375
2026-09-11,6781,VND01F38E133D,25-BR-206792,7791
2026-09-11,6781,VND01F38E133D,26-BR-164258,8500
2026-09-11,6781,VND01F38E133D,26BR131857,7792
2026-09-11,6781,VND01F38E133D,BR02174900,8500
2026-09-11,6782,VND4EAEDD6122,8154-26,8000
2026-09-11,6783,VND4EAEDD6122,8166-26,10000
2026-09-11,6784,VND4EAEDD6122,8174-26,6000
2026-09-11,6785,VND4EAEDD6122,8180-26,8000
2026-09-11,6786,VNDC0A3B79D7A,SCTL 7/1/26,62500
2026-09-11,6786,VNDC0A3B79D7A,SCTL 7/31/2026,60000
2026-09-11,6786,VNDC0A3B79D7A,SCTL 8/1/26,67500
2026-09-11,6787,VNDD8A8343028,IN000005158,225000
2026-09-11,6788,VNDCC7F2B2BBA,Draw 576,745472
2026-09-11,6789,VND98C7765E5A,70805-002,500000
2026-09-11,6790,VNDB086E7F13D,Draw 505,979904
2026-09-11,6793,VNDB2E8D64E37,INV-32578,1565300
2026-09-11,6794,VND777AAA6B69,197K-NNTW-FDKL,3831
2026-09-11,6794,VND777AAA6B69,1CKY-1RXW-N34R,9799
2026-09-11,6794,VND777AAA6B69,1T1G-FTLX-VHPV,4444
2026-09-11,6794,VND777AAA6B69,1VYK-G1VN-J9YL,6815
2026-09-11,6794,VND777AAA6B69,1WGJ-76C1-JHFY,20048
2026-09-11,6795,VNDFE7BCFF82B,38044,16090
2026-09-11,6795,VNDFE7BCFF82B,38299,385050
2026-09-11,6795,VNDFE7BCFF82B,38304,306148
2026-09-11,6795,VNDFE7BCFF82B,38310,434678
2026-09-11,6795,VNDFE7BCFF82B,38311,264166
2026-09-11,6795,VNDFE7BCFF82B,38312,420677
2026-09-11,6795,VNDFE7BCFF82B,38315,278068
2026-09-11,6795,VNDFE7BCFF82B,38317,74199
2026-09-11,6796,VND27DC6DABAF,21-80-00310,74200
2026-09-11,6797,VND82442A5FB9,L2510231639,11500
2026-09-11,6797,VND82442A5FB9,L2602070339,5000
2026-09-11,6797,VND82442A5FB9,L2602220025,5000
2026-09-11,6797,VND82442A5FB9,L2603270077,16500
2026-09-11,6797,VND82442A5FB9,L2605270197,16500
2026-09-11,6797,VND82442A5FB9,L2606190073,11500
2026-09-11,6799,VND638F0A1593,12-2025,706250
2026-09-11,6800,VNDE2590AFFCF,511563,184410
2026-09-11,6800,VNDE2590AFFCF,512573,109817
2026-09-11,6800,VNDE2590AFFCF,517333,5846
2026-09-11,6800,VNDE2590AFFCF,517582,567
2026-09-11,6801,VND6F364532E3,PAY APP# 5,13600954
2026-09-11,6803,VNDA0B5230414,8263,141000
2026-09-11,6804,VNDE00D7A114F,053126,2290000
2026-09-11,6805,VND56505E1320,02-082426,733333
2026-09-11,6806,VNDA26FF6C31A,2025-03-368-PM,232000
2026-09-11,6806,VNDA26FF6C31A,2025-06-368-COMP,116000
2026-09-11,6806,VNDA26FF6C31A,2025-11-368-7RFB,116000
2026-09-11,6806,VNDA26FF6C31A,2025-11B-368-7RFB,116000
2026-09-11,6806,VNDA26FF6C31A,2025-12-368-7PM,116000
2026-09-11,6806,VNDA26FF6C31A,2025-12-368-7RFB,116000
2026-09-11,6806,VNDA26FF6C31A,2025-12A-368-7RFB,116000
2026-09-11,6806,VNDA26FF6C31A,2026-04-368-COBR,1657500
2026-09-11,6806,VNDA26FF6C31A,2026-04-368-PM,493000
2026-09-11,6806,VNDA26FF6C31A,2026-102-368-7PM,116000
2026-09-11,6808,VNDD0CDECB41A,Draw 512,67100
2026-09-11,6808,VNDD0CDECB41A,Draw 515,115859
2026-09-11,6808,VNDD0CDECB41A,Draw 516,387161
2026-09-11,6809,VNDB8C81EFBC1,14000,1400000
2026-09-11,6810,VND08ECC2C4F8,25-BR-180136,17000
2026-09-11,6811,VNDD87DEFF562,33,1167180
2026-09-11,6812,VND6B4E2410D8,Cindy S 6.26-8.26,1050000
2026-09-11,6813,VND6B4E2410D8,Draw 1,312305
2026-09-11,6814,VND700A1F1ADB,I071936-IN,500000
2026-09-11,6815,VND91721D3854,191918550482,6194
2026-09-11,6815,VND91721D3854,323759775877,2486
2026-09-11,6815,VND91721D3854,349702736497,7395
2026-09-11,6815,VND91721D3854,377732909234,6194
2026-09-11,6815,VND91721D3854,432221390623,5431
2026-09-11,6815,VND91721D3854,558823284506,28485
2026-09-11,6815,VND91721D3854,784769966085,589041
2026-09-11,6816,VNDF5B7EE4D2C,000484,150000
2026-09-11,6817,VNDBBC0B9D186,5811,75000
2026-09-11,6818,VNDDF42F28DAD,26-79 EBRPW,432000
2026-09-11,6819,VND3A67CB2991,EBRS-6613,18000
2026-09-11,6820,VNDAC63C945ED,K.STINSON TRAVEL ADV,22000
2026-09-11,7782,VND871C0D59DE,10885474789,297800
2026-09-11,7783,VND78D84D4F17,INV14984,246471
2026-09-11,7784,VND4A153FAE2A,2026-2,60000
2026-09-11,7785,VND5D43C48DED,03-082026,305000
2026-09-11,7785,VND5D43C48DED,09-0826,583000
2026-09-11,7786,VND85F7D6CB6F,08-2026,1355400
2026-09-11,7787,VND5A8B200F37,PARTIAL 11,43300
2026-09-11,7788,VND102D6D0EC6,9058,36850
2026-09-11,7788,VND102D6D0EC6,9117,102700
2026-09-11,7788,VND102D6D0EC6,9136,231000
2026-09-11,7788,VND102D6D0EC6,9279,260413
2026-09-11,7788,VND102D6D0EC6,9465,220063
2026-09-11,7788,VND102D6D0EC6,9524,97000
2026-09-11,7789,VND8F96DC27D8,0826,482400
2026-09-11,7790,VNDFF5B3DDCEC,PAY APP#9,18142300
2026-09-15,6849,VND7C59DB9399,131811,4675
2026-09-15,6850,VNDAD371834F3,402311,20700
2026-09-15,6850,VNDAD371834F3,403106,161700
2026-09-15,6850,VNDAD371834F3,405380,234600
2026-09-15,6850,VNDAD371834F3,406008,92400
2026-09-15,6850,VNDAD371834F3,406025,3695
2026-09-15,6850,VNDAD371834F3,406056,2900
2026-09-15,6850,VNDAD371834F3,406063,2900
2026-09-15,6850,VNDAD371834F3,406064,2900
2026-09-15,6850,VNDAD371834F3,406095,2900
2026-09-15,6852,VNDFABA4FF358,54013520021,21543
2026-09-15,6853,VND314B84DB92,171501,125000
2026-09-15,6853,VND314B84DB92,IN267723,150000
2026-09-15,6853,VND314B84DB92,IN267724,125000
2026-09-15,6854,VND314B84DB92,IN265721,7902
2026-09-15,6855,VND314B84DB92,IN265727,5806
2026-09-15,6856,VND314B84DB92,IN265720,9248
2026-09-15,6857,VND314B84DB92,IN265728,7902
2026-09-15,6858,VND314B84DB92,IN265729,7902
2026-09-15,6859,VND314B84DB92,IN265722,7968
2026-09-15,6860,VND314B84DB92,IN265730,8238
2026-09-15,6861,VND314B84DB92,IN265725,7968
2026-09-15,6862,VND314B84DB92,IN268148,152188
2026-09-15,6863,VND146ABCE719,0210548,306179
2026-09-15,6864,VND0E9273449A,4281180189,4733
2026-09-15,6864,VND0E9273449A,4281341638,3059
2026-09-15,6864,VND0E9273449A,4281643469,23806
2026-09-15,6864,VND0E9273449A,9371849853,15000
2026-09-15,6864,VND0E9273449A,9371849918,15000
2026-09-15,6866,VND312B4066D7,INV 3281804,14330
2026-09-15,6867,VND97AAB494D9,489824,12699
2026-09-15,6868,VND9A4582E5DB,127299,6025
2026-09-15,6869,VNDDA7E6F0350,24702B-7,263150
2026-09-15,6870,VND314D47574B,100007823311,10126
2026-09-15,6870,VND314D47574B,10021513936,2845357
2026-09-15,6870,VND314D47574B,215008062282,3371
2026-09-15,6870,VND314D47574B,225007982864,478411
2026-09-15,6870,VND314D47574B,240007002700,29638
2026-09-15,6870,VND314D47574B,240007002783,14321
2026-09-15,6870,VND314D47574B,245007748374,55708589
2026-09-15,6870,VND314D47574B,270007034653 826,315861
2026-09-15,6870,VND314D47574B,285007364929,5643
2026-09-15,6870,VND314D47574B,285007364930,9451
2026-09-15,6870,VND314D47574B,285007364931,7740
2026-09-15,6870,VND314D47574B,310005196239,3930
2026-09-15,6870,VND314D47574B,35009534388,9946
2026-09-15,6870,VND314D47574B,35009534389,160334
2026-09-15,6870,VND314D47574B,360004614684 826,107233
2026-09-15,6870,VND314D47574B,360004614714,67411
2026-09-15,6870,VND314D47574B,375005562603,83497
2026-09-15,6870,VND314D47574B,405005115632,66292
2026-09-15,6870,VND314D47574B,415005075153,197285
2026-09-15,6870,VND314D47574B,445004885962,8044
2026-09-15,6870,VND314D47574B,465004758649,22594
2026-09-15,6870,VND314D47574B,470003769363,56231
2026-09-15,6870,VND314D47574B,475004736062,197134
2026-09-15,6870,VND314D47574B,55009344071,13269
2026-09-15,6870,VND314D47574B,55009391651,32978
2026-09-15,6870,VND314D47574B,75009276577,111528
2026-09-15,6870,VND314D47574B,90009307418,35317
2026-09-15,6870,VND314D47574B,95008976606,18049
2026-09-15,6871,VND314D47574B,455004804909,1421
2026-09-15,6872,VND314D47574B,215008066073,122851
2026-09-15,6873,VND314D47574B,415005072939,49654
2026-09-15,6875,VND9B49CE3926,615132,34000
2026-09-15,6875,VND9B49CE3926,615141,11500
2026-09-15,6876,VNDEC085E77FB,1913101032079,95970
2026-09-15,6877,VNDC0620CDD61,00089692,25000
2026-09-15,6880,VND65DE8A4375,S17829,473600
2026-09-15,6880,VND65DE8A4375,S19110,37000
2026-09-15,6880,VND65DE8A4375,S19146,59200
2026-09-15,6880,VND65DE8A4375,S19150,14800
2026-09-15,6880,VND65DE8A4375,S19151,7500
2026-09-15,6880,VND65DE8A4375,S19152,133200
2026-09-15,6880,VND65DE8A4375,S19153,6118
2026-09-15,6880,VND65DE8A4375,S19154,29600
2026-09-15,6880,VND65DE8A4375,S19163,37000
2026-09-15,6880,VND65DE8A4375,S19200,29600
2026-09-15,6880,VND65DE8A4375,S19225,44400
2026-09-15,6880,VND65DE8A4375,S19226,29600
2026-09-15,6881,VND93ACEED8D3,INV80779,63000
2026-09-15,6881,VND93ACEED8D3,INV81012,70000
2026-09-15,6882,VNDC85484D068,0456-1271361,123650
2026-09-15,6884,VND0D186B42D7,361927324,55000
2026-09-15,6885,VNDDCF6205178,260420,3367899
2026-09-15,6885,VNDDCF6205178,260514,1723110
2026-09-15,6885,VNDDCF6205178,260632,3256699
2026-09-15,6885,VNDDCF6205178,260636,1284677
2026-09-15,6885,VNDDCF6205178,260714,3710815
2026-09-15,6885,VNDDCF6205178,260715,1180529
2026-09-15,6887,VNDC1841126F5,10505,3600
2026-09-15,6888,VNDEE92605660,0040397597,701
2026-09-15,6888,VNDEE92605660,0040397600,2780
2026-09-15,6888,VNDEE92605660,0040397601,1390
2026-09-15,6888,VNDEE92605660,0040397602,5548
2026-09-15,6888,VNDEE92605660,0040397603,1390
2026-09-15,6888,VNDEE92605660,0040397604,2079
2026-09-15,6888,VNDEE92605660,0040397605,10395
2026-09-15,6889,VNDAD36288E2C,1288566,9349
2026-09-15,6891,VND845DA57072,7213,476930
2026-09-15,6892,VND291E1E6078,28654,124878
2026-09-15,6892,VND291E1E6078,28784,38922
2026-09-15,6893,VND291E1E6078,PARTIAL 12,488491
2026-09-15,6894,VND0A7E6B6135,2779,61000
2026-09-15,6896,VND8AA7C5834A,9062542072,71194
2026-09-15,6896,VND8AA7C5834A,9063348149,122149
2026-09-15,6897,VND6A8F32B4F0,9-419-39145,11691
2026-09-15,6898,VND3202C9608E,0820-002255083,158606
2026-09-15,6899,VNDB13CA932DA,9172026,48400
2026-09-15,6900,VND97255B31D4,26497141320826,9014
2026-09-15,6901,VNDD04F233407,6130664,30000
2026-09-15,6901,VNDD04F233407,6130667,25000
2026-09-15,6901,VNDD04F233407,6151533,4990
2026-09-15,6901,VNDD04F233407,6173656,4990
2026-09-15,6902,VND23360FB697,08050759-002 9/26,2672
2026-09-15,6903,VND23360FB697,01005826-001 9/26,1477
2026-09-15,6903,VND23360FB697,04038773005 926,12454
2026-09-15,6904,VND09E9FBF696,1470119 820/13454,13500
2026-09-15,6905,VND09E9FBF696,1470119,13500
2026-09-15,6906,VND09E9FBF696,6200586 31239.GR,13500
2026-09-15,6907,VND09E9FBF696,4320,1260
2026-09-15,6908,VND09E9FBF696,4314,54000
2026-09-15,6909,VND09E9FBF696,4293,1320
2026-09-15,6910,VND09E9FBF696,4295,64500
2026-09-15,6911,VND09E9FBF696,PARCEL 1-3,91940
2026-09-15,6912,VNDB41C7DE31B,0015711067851101 826,11999
2026-09-15,6912,VNDB41C7DE31B,015711074961001 0826,8480
2026-09-15,6912,VNDB41C7DE31B,015711084080901 0826,11134
2026-09-15,6913,VNDB41C7DE31B,015711072008601 0926,275000
2026-09-15,6914,VNDB41C7DE31B,015711083532601 0826,101200
2026-09-15,6915,VNDB41C7DE31B,015711083766401 9/26,93105
2026-09-15,6916,VNDB41C7DE31B,0015711079536903 826,9494
2026-09-15,6917,VND801CDB9F4D,256097 ri,158000
2026-09-15,6918,VNDB8276D8D20,08160831202651,325279
2026-09-15,6919,VNDB08E066BB4,71942B,4000
2026-09-15,6919,VNDB08E066BB4,743061,8000
2026-09-15,6919,VNDB08E066BB4,743409,8000
2026-09-15,6920,VNDE65A0C20D1,545196536,19453
2026-09-15,6921,VNDCCD745E802,243712,3602400
2026-09-15,6922,VND6A219FA212,AR20365,52842800
2026-09-15,6923,VND433C3F329B,C30665,443435
2026-09-15,6924,VND08ABFA1C92,26 FALL MTG CJ,8500
2026-09-15,6925,VND08ABFA1C92,25 FALL MTG- FD,8500
2026-09-15,6926,VND08ABFA1C92,2026 FALL GEN MTGBML,8500
2026-09-15,6927,VND66205EC106,50042558,20269
2026-09-15,6927,VND66205EC106,50075584,27255
2026-09-15,6927,VND66205EC106,80086120,7199
2026-09-15,6928,VNDE53A84EBC0,3999-9TR,300000
2026-09-15,6928,VNDE53A84EBC0,4053-6,200000
2026-09-15,6929,VND9C38D74E0D,173998-R,150000
2026-09-15,6929,VND9C38D74E0D,3903-M,931000
2026-09-15,6930,VND0B5695E700,0618750010145,9951
2026-09-15,6931,VND091D0AAA42,42963639,10190
2026-09-15,6931,VND091D0AAA42,42963640,10920
2026-09-15,6931,VND091D0AAA42,42963676,12311
2026-09-15,6932,VND44D252EA0A,69487,643300
2026-09-15,6932,VND44D252EA0A,69488,714600
2026-09-15,6932,VND44D252EA0A,69490,758900
2026-09-15,6933,VND330D20593D,0080142737,10300
2026-09-15,6934,VNDA9EAEDECA6,2026090401,462500
2026-09-15,6934,VNDA9EAEDECA6,2026090402,125000
2026-09-15,6935,VNDC9ED79C996,226113,5520034
2026-09-15,6936,VND6C133B6E38,55P1770949,25125
2026-09-15,6937,VND1A66F6F6AF,6080440,100080
2026-09-15,6938,VND676C86D228,INV006207,1525700
2026-09-15,6939,VNDBB1C78CF79,2575007312026,75000
2026-09-15,6940,VND9C38D74E0D,173797-R,176700
2026-09-15,6940,VND9C38D74E0D,3905-M,185000
2026-09-15,6940,VND9C38D74E0D,3906-M,215000
2026-09-15,6941,VNDCB27FAD51D,129586,1203500
2026-09-15,6942,VND80A7340693,394749-4,27724
2026-09-15,6943,VND3AAB7BB3E5,9192,15752
2026-09-15,6944,VND324ABD3BF8,26009-010A,599500
2026-09-15,6945,VND324ABD3BF8,260622.025A,599500
2026-09-15,6946,VND324ABD3BF8,260601.007A,599500
2026-09-15,6947,VND324ABD3BF8,260601.001A,599500
2026-09-15,6948,VNDA716920410,4335,6000
2026-09-15,6949,VND63FC3F64CF,495630,1234
2026-09-15,6949,VND63FC3F64CF,495655,2306
2026-09-15,6949,VND63FC3F64CF,495811,3871
2026-09-15,6949,VND63FC3F64CF,496044,5095
2026-09-15,6950,VND6BE370C53A,1063-1759-5139,10220
2026-09-15,6950,VND6BE370C53A,1063-1759-5238,10220
2026-09-15,6950,VND6BE370C53A,1063-2263-2013,8668
2026-09-15,6950,VND6BE370C53A,1063-2263-2251,10220
2026-09-15,6950,VND6BE370C53A,1063-2263-2293,10197
2026-09-15,6950,VND6BE370C53A,1063-2263-2301,10220
2026-09-15,6950,VND6BE370C53A,1063-2263-2309,10220
2026-09-15,6951,VND6BE370C53A,1063-2267-861,13851
2026-09-15,6952,VND732FC446A2,883417862,21036
2026-09-15,6953,VND862D80DBC2,IN3443,37051
2026-09-15,6954,VND1CDC5A7959,010101600116701 0926,5540
2026-09-15,6954,VND1CDC5A7959,010101600762002 0926,4240
2026-09-15,6954,VND1CDC5A7959,010101600764002 0926,10000
2026-09-15,6954,VND1CDC5A7959,010101621001701 0926,10170
2026-09-15,6955,VND1CDC5A7959,010101600021501 0926,2500
2026-09-15,6955,VND1CDC5A7959,010101600049201 0926,5540
2026-09-15,6955,VND1CDC5A7959,010101600049301 0926,2500
2026-09-15,6955,VND1CDC5A7959,010101600058401 0926,5540
2026-09-15,6955,VND1CDC5A7959,010101600058501 0926,2500
2026-09-15,6955,VND1CDC5A7959,010101600070501 0926,4240
2026-09-15,6955,VND1CDC5A7959,010101600100802 0926,5540
2026-09-15,6955,VND1CDC5A7959,010101600107001 0926,4240
2026-09-15,6955,VND1CDC5A7959,010101600122001 0926,5540
2026-09-15,6955,VND1CDC5A7959,010101600124001 0926,2500
2026-09-15,6955,VND1CDC5A7959,010101600173101 0926,4240
2026-09-15,6955,VND1CDC5A7959,010101600176501 0926,17500
2026-09-15,6955,VND1CDC5A7959,010101600179602 0926,4240
2026-09-15,6955,VND1CDC5A7959,010101600196103 0926,4240
2026-09-15,6955,VND1CDC5A7959,010101600542001 0926,4240
2026-09-15,6955,VND1CDC5A7959,010101600596001 0926,3340
2026-09-15,6955,VND1CDC5A7959,010101600658003-9/26,5540
2026-09-15,6955,VND1CDC5A7959,010101621001301 0926,4308
2026-09-15,6955,VND1CDC5A7959,010101621001401 0926,8470
2026-09-15,6955,VND1CDC5A7959,010101621001501 0926,17810
2026-09-15,6955,VND1CDC5A7959,010101621001801 0926,4301
2026-09-15,6955,VND1CDC5A7959,010101621003301 0926,16022
2026-09-15,6955,VND1CDC5A7959,010101621004401 0926,4358
2026-09-15,6955,VND1CDC5A7959,010101621008601 0926,4077634
2026-09-15,6955,VND1CDC5A7959,010101626000201 0926,5540
2026-09-15,6955,VND1CDC5A7959,010101626000301 0926,4240
2026-09-15,6955,VND1CDC5A7959,010101704300003 0926,4703
2026-09-15,6955,VND1CDC5A7959,010101705086302 0926,1180
2026-09-15,6955,VND1CDC5A7959,010102353003802 0926,6138
2026-09-15,6955,VND1CDC5A7959,010102358004602 0926,1180
2026-09-15,6955,VND1CDC5A7959,010102360003101 0926,1180
2026-09-15,6955,VND1CDC5A7959,010102369012402 0926,1180
2026-09-15,6955,VND1CDC5A7959,010102380003301 0926,1180
2026-09-15,6955,VND1CDC5A7959,010103090015901 0926,6232
2026-09-15,6955,VND1CDC5A7959,010103356020701 0926,6148
2026-09-15,6955,VND1CDC5A7959,010103356020801 0926,6296
2026-09-15,6955,VND1CDC5A7959,010103393002902 0926,21156
2026-09-15,6955,VND1CDC5A7959,010103417009901 0926,3020
2026-09-15,6955,VND1CDC5A7959,010103707011702 0926,1180
2026-09-15,6955,VND1CDC5A7959,010103713014902 0926,4301
2026-09-15,6955,VND1CDC5A7959,010118133748602 0826,20851
2026-09-15,6955,VND1CDC5A7959,010120408105501 0826,18796
2026-09-15,6955,VND1CDC5A7959,010121323043002 0826,1180
2026-09-15,6955,VND1CDC5A7959,010121406067401 8/26,305078
2026-09-15,6955,VND1CDC5A7959,010121406067901 0826,192801
2026-09-15,6955,VND1CDC5A7959,010121411070602 0826,3017
2026-09-15,6955,VND1CDC5A7959,010121415046002 826,15367
2026-09-15,6955,VND1CDC5A7959,010121415088202 0826,1202
2026-09-15,6956,VNDA23FFF84E8,020201003018001 0926,18076
2026-09-15,6956,VNDA23FFF84E8,020201010323201 0926,1254
2026-09-15,6956,VNDA23FFF84E8,020201625000101 0926,15846
2026-09-15,6956,VNDA23FFF84E8,020201625000401 0926,35862
2026-09-15,6956,VNDA23FFF84E8,020201625001801 0926,55044
2026-09-15,6956,VNDA23FFF84E8,020201625002001 0926,16263
2026-09-15,6956,VNDA23FFF84E8,020202006016102 0926,19413
2026-09-15,6956,VNDA23FFF84E8,020202006038202 0926,7430
2026-09-15,6956,VNDA23FFF84E8,020202006245902 0926,4652
2026-09-15,6956,VNDA23FFF84E8,020202006285802 0926,4773
2026-09-15,6956,VNDA23FFF84E8,020202032013902 0926,14450
2026-09-15,6956,VNDA23FFF84E8,020203013032402 0926,4525
2026-09-15,6956,VNDA23FFF84E8,020203034011201 0926,194762
2026-09-15,6957,VNDB2BF8720F9,41798,234000
2026-09-15,6957,VNDB2BF8720F9,41800,90000
2026-09-15,6957,VNDB2BF8720F9,41801,155925
2026-09-15,6958,VND59325753EC,1003945,161513
2026-09-15,6958,VND59325753EC,1003956,33000
2026-09-15,6958,VND59325753EC,1003957,26400
2026-09-15,6958,VND59325753EC,1004527,423400
2026-09-15,6959,VNDE745A90617,202608,50000
2026-09-15,6960,VND04B962C659,26980-01,175868
2026-09-15,6960,VND04B962C659,26995-01,441399
2026-09-15,6960,VND04B962C659,26997-01,493898
2026-09-15,6960,VND04B962C659,26998-01,493400
2026-09-15,6960,VND04B962C659,27065-01,499400
2026-09-15,6960,VND04B962C659,27067-01,490875
2026-09-15,6961,VNDE4971BCC6F,9213447511,125000
2026-09-15,6962,VND42EFDCDA16,287315337605X061926,27046
2026-09-15,6962,VND42EFDCDA16,822254906X08272026,47229
2026-09-15,6963,VND42EFDCDA16,287250018168X090226,5490
2026-09-15,6964,VND42EFDCDA16,877469808X09022026,9262
2026-09-15,6965,VNDB04E0662C0,4724,333500
2026-09-15,6966,VND20AC6F3E34,2026:615-05,115500
2026-09-15,6967,VND6DE5C4C637,Draw 581,340807
2026-09-15,6968,VND11621ABC9D,1988803/1,5865
2026-09-15,6969,VNDB8AAE1B0E4,4662,40000
2026-09-15,6970,VND7418636696,1441689,20653
2026-09-15,6971,VND0D496C63AF,130250,107180
2026-09-15,6971,VND0D496C63AF,130325,145887
2026-09-15,6972,VND37FA8BDFA8,Pay App 011- JUNE 26,11944475
2026-09-15,6973,VND24A461FD76,000660,229298
2026-09-15,6974,VNDFA389ACFCF,INV000068793,5934200
2026-09-15,6975,VND4CE1DF675C,LA Farm toSchoolConf,7000
2026-09-15,6976,VND3CD67BC8E6,5142433-8,50000
2026-09-15,6976,VND3CD67BC8E6,5142487-8,50000
2026-09-15,6977,VND3CD67BC8E6,5142130-8,50000
2026-09-15,6978,VND9E8FC97430,PAY APP# 7,2683975
2026-09-15,6978,VND9E8FC97430,PAY APP#8,320000
2026-09-15,6979,VNDE1919A1248,00252-25-0017736,125000
2026-09-15,6980,VNDAF0E6FF656,108092,69599
2026-09-15,6980,VNDAF0E6FF656,108611,12699
2026-09-15,6980,VNDAF0E6FF656,108643,38900
2026-09-15,6981,VND1F629813F3,NO. 32,1496250
2026-09-15,6982,VND1F629813F3,NO. 33,196600
2026-09-15,6983,VND228190936E,305-0000059794,100869
2026-09-15,6984,VND5F7CD0BCD8,1201490,149680
2026-09-15,6984,VND5F7CD0BCD8,CM0196225,-20392
2026-09-15,6985,VNDC1B4990CC4,24480,46800
2026-09-15,6985,VNDC1B4990CC4,24561,37500
2026-09-15,6986,VNDE74AB3B7B5,260831-11,192500
2026-09-15,6987,VND86AF9EF14A,PAY APP 001 01/2026,19675142
2026-09-15,6988,VND9E437EDE3F,853926719,183629
2026-09-15,6988,VND9E437EDE3F,854051746,183629
2026-09-15,6989,VND9C38D74E0D,173764-R,203205
2026-09-15,6989,VND9C38D74E0D,174166-R,199500
2026-09-15,6989,VND9C38D74E0D,3907-M,120000
2026-09-15,6990,VND4EAEDD6122,8138-26,8000
2026-09-15,6991,VND4EAEDD6122,8135-26,4000
2026-09-15,6992,VND2E80F86067,359900-202608-1,18590
2026-09-15,6993,VNDEE6A050C76,33GCI9137642,18228
2026-09-15,6993,VNDEE6A050C76,33GCI9140506,22995
2026-09-15,6993,VNDEE6A050C76,33GCI9142766,124528
2026-09-15,6993,VNDEE6A050C76,33GCIP140506-FUEL,3500
2026-09-15,6994,VND8F3EDB995A,9-2-26\78.44,7844
2026-09-15,6995,VND9E12B58B13,6976836,25703
2026-09-15,6995,VND9E12B58B13,6987937,96995
2026-09-15,6996,VNDA6A1EB0967,Draw 432,407459
2026-09-15,6998,VNDDE437D2DA4,SECURITY -2026,320000
2026-09-15,6999,VNDA3D2473AEC,4515414600 8/26,2600
2026-09-15,7000,VND777AAA6B69,17RF-33H4-QQQD,118046
2026-09-15,7000,VND777AAA6B69,1CQN-TJX1-7V4G,3039
2026-09-15,7000,VND777AAA6B69,1L6H-HVLC-6LFD,4844
2026-09-15,7000,VND777AAA6B69,1LGT-9X46-6YRL,-32782
2026-09-15,7000,VND777AAA6B69,1NR6-1W61-M67X,-22988
2026-09-15,7000,VND777AAA6B69,1QFQ-N93V-EYLF,225729
2026-09-15,7000,VND777AAA6B69,1VWW-KCT9-V9N7,12999
2026-09-15,7001,VNDFE7BCFF82B,38257,28000
2026-09-15,7001,VNDFE7BCFF82B,38268,314834
2026-09-15,7002,VND60556E9295,NO. 009,3843530
2026-09-15,7003,VND5D732B62F3,45450,2856626
2026-09-15,7004,VND29B4FDCE4F,Aug 26,601375
2026-09-15,7005,VNDC6BA0E6FB6,315786,39500
2026-09-15,7006,VND82442A5FB9,L2510231214,15000
2026-09-15,7006,VND82442A5FB9,L2601310005,5000
2026-09-15,7006,VND82442A5FB9,L2602070017,16500
2026-09-15,7006,VND82442A5FB9,L2602070183,5000
2026-09-15,7006,VND82442A5FB9,L2602070245,5000
2026-09-15,7006,VND82442A5FB9,L2602130270,16500
2026-09-15,7006,VND82442A5FB9,L2603060354,16500
2026-09-15,7006,VND82442A5FB9,L2605220224,5000
2026-09-15,7007,VNDF88F35E791,10740,40000
2026-09-15,7009,VNDECFE069C91,30957,62250
2026-09-15,7009,VNDECFE069C91,31035,268008
2026-09-15,7010,VND122EEFF80B,26-0370,85000
2026-09-15,7011,VND96EE73C024,9-2-26\32.87,3287
2026-09-15,7012,VNDB0DE02BD22,2147284091-8/2026,3150
2026-09-15,7012,VNDB0DE02BD22,2147284094-8/2026,3600
2026-09-15,7012,VNDB0DE02BD22,2147284095-8/2026,4169
2026-09-15,7012,VNDB0DE02BD22,2147284097-8/2026,47700
2026-09-15,7012,VNDB0DE02BD22,2147284108-AUG2026,63480
2026-09-15,7012,VNDB0DE02BD22,2147284114-8/2026,83537
2026-09-15,7012,VNDB0DE02BD22,2147284118-8/2026,66017
2026-09-15,7012,VNDB0DE02BD22,2147284124-AUGUST26,55683
2026-09-15,7012,VNDB0DE02BD22,569224,3032
2026-09-15,7012,VNDB0DE02BD22,570188,5880
2026-09-15,7013,VNDE91C7530EF,1130107,2978
2026-09-15,7013,VNDE91C7530EF,1183185,138257
2026-09-15,7014,VND3D68DA10A7,50287,888125
2026-09-15,7015,VND4106D61AB9,ENH.003,1909403
2026-09-15,7016,VND34F9F64968,no. 1,207100
2026-09-15,7017,VND915E535226,217794-0726,502856
2026-09-15,7018,VND98C055911B,32184,6111385
2026-09-15,7018,VND98C055911B,32834,86000
2026-09-15,7018,VND98C055911B,32835,22500
2026-09-15,7018,VND98C055911B,32836,15000
2026-09-15,7018,VND98C055911B,32837,56250
2026-09-15,7019,VND8F08D71D5D,0818335,200357
2026-09-15,7019,VND8F08D71D5D,0819314,270483
2026-09-15,7020,VND5C52ACEE86,10030438,2723460
2026-09-15,7021,VNDB9FE105724,NO. 4,160000
2026-09-15,7022,VNDBB8100E20B,NO. 12,262588
2026-09-15,7023,VND48DF513700,100402419896,90969
2026-09-15,7024,VNDB5429FBD82,RI-5239,258690
2026-09-15,7025,VNDB5429FBD82,RI5240,399996
2026-09-15,7026,VND6AD5370148,161561518,29500
2026-09-15,7027,VNDF0F3053F47,1584,200000
2026-09-15,7027,VNDF0F3053F47,1592,200000
2026-09-15,7027,VNDF0F3053F47,1604,200000
2026-09-15,7027,VNDF0F3053F47,1619,200000
2026-09-15,7027,VNDF0F3053F47,1629,200000
2026-09-15,7027,VNDF0F3053F47,1634,200000
2026-09-15,7028,VND98827D28A0,23205,3695000
2026-09-15,7029,VND6266E7A0DA,09/01/26-09/15/26,275000
2026-09-15,7030,VND1A01E749BA,Inv491774,19539
2026-09-15,7031,VND0FF7E70DAB,P0691907,36598
2026-09-15,7032,VND0FF7E70DAB,P0696507,29654
2026-09-15,7033,VND7282AC1816,13953,74300
2026-09-15,7034,VND65D362D5C1,007 KCP,35000
2026-09-15,7035,VNDA31657AB3C,INVUS56529,567435
2026-09-15,7035,VNDA31657AB3C,INVUS56530,119985
2026-09-15,7036,VND267D6B67EA,08282026,1875000
2026-09-15,7037,VND0F5E18F30D,35456,357000
2026-09-15,7038,VND54C247AD19,INV1026711,154350
2026-09-15,7039,VND0C050EA521,1864,20000
2026-09-15,7040,VNDF6A5AF6C8D,SIN448393,67500
2026-09-15,7041,VND26AB5BC645,#2,1290000
2026-09-15,7042,VND6B4E2410D8,M Harrison 6.26-8.26,1224750
2026-09-15,7043,VNDBCB2EEDECB,24,50000
2026-09-15,7044,VNDEFEF761FA2,Amazon,297393
2026-09-15,7044,VNDEFEF761FA2,Payroll,2366200
2026-09-15,7044,VNDEFEF761FA2,Phone Bill,66366
2026-09-15,7044,VNDEFEF761FA2,Utilities,737975
2026-09-15,7045,VNDE4F6C3EF0B,BTR_BAG2026,48300
2026-09-15,7046,VND887D83EC9C,Draw 3,1647000
2026-09-15,7047,VND204E65FDE1,15717,376000
2026-09-15,7047,VND204E65FDE1,15718,376000
2026-09-15,7047,VND204E65FDE1,15820,315000
2026-09-15,7048,VND5DBAF0D8F9,19881,806784
2026-09-15,7048,VND5DBAF0D8F9,19968,806784
2026-09-15,7049,VND91721D3854,119820027955,84296
2026-09-15,7049,VND91721D3854,248051045162,91944
2026-09-15,7049,VND91721D3854,251374405558,1287
2026-09-15,7049,VND91721D3854,366477691999,43269
2026-09-15,7049,VND91721D3854,444229139748,1287
2026-09-15,7049,VND91721D3854,645958980450,4843
2026-09-15,7049,VND91721D3854,790294511891,1287
2026-09-15,7049,VND91721D3854,954863027744,184986
2026-09-15,7049,VND91721D3854,955865582176,3509
2026-09-15,7049,VND91721D3854,966706653016,2065
2026-09-15,7050,VND91721D3854,042944857861,112
2026-09-15,7051,VNDFA758B99C3,000674,72000
2026-09-15,7052,VNDA9A3116E05,7026-534,27875
2026-09-15,7052,VNDA9A3116E05,7026-535,22000
2026-09-15,7053,VND5D7AC045E5,6558048488,75833
2026-09-15,7053,VND5D7AC045E5,6558048489,252257
2026-09-15,7053,VND5D7AC045E5,6558048490,75833
2026-09-15,7054,VND5F6F64B199,18377,292423
2026-09-15,7055,VNDC5006F6746,PAY APP 1 - JUNE,1007150
2026-09-15,7055,VNDC5006F6746,PAY APP 1 July 2026,31435100
2026-09-15,7056,VND9C8313119A,1223,50260
2026-09-15,7057,VND5A8AEA71DD,EBRS-6110,13500
2026-09-15,7111,VND764A6A6DEF,183337,30920
2026-09-15,7112,VNDB973BA9CF9,Y-6001,20000
2026-09-15,7791,VNDC03DE23B95,92665,2717764
2026-09-15,7791,VNDC03DE23B95,92827,2717764
2026-09-15,7792,VNDCB65AFB842,202893,59733
2026-09-15,7793,VND1B00EE0682,PAY APP 008 APRIL,11339500
2026-09-15,7793,VND1B00EE0682,PAY APP 021 2026,9432700
2026-09-15,7794,VND78FD06F489,11144,57147
2026-09-15,7794,VND78FD06F489,11352,16599
2026-09-15,7795,VND936B6C3133,10-1118586,55262
2026-09-15,7796,VND729BE9E42E,PPE 9/1/26-9/15/26,23325981
2026-09-15,7797,VNDB6D062A110,2026-09,90000
2026-09-15,7797,VNDB6D062A110,MILEKCLEMNTJULAUG,5016
2026-09-15,7797,VNDB6D062A110,PR PPE 09.04.26,3366627
2026-09-15,7798,VND291C15549B,262480000005,125950230
2026-09-15,7798,VND291C15549B,262550000010,169774044
2026-09-15,7799,VND297062D97E,7626,333332
2026-09-15,7800,VND9482CE1F7B,6152055740,4305
2026-09-15,7800,VND9482CE1F7B,6152438659,107434
2026-09-15,7801,VND9482CE1F7B,6151840361,8002
2026-09-15,7802,VND9482CE1F7B,6151840584,5213
2026-09-15,7802,VND9482CE1F7B,91526,33332
2026-09-15,7803,VND461E8AD674,56400,20334
2026-09-15,7804,VND524759FD49,282,157872
2026-09-15,7805,VND5D43C48DED,Invoice #8,1737000
2026-09-15,7806,VND6C8181A5A4,PARTIAL     9,3131850
2026-09-15,7807,VND7023A7F8AF,8166.00,816600
2026-09-15,7808,VND77BA284042,81953,50000
2026-09-15,7808,VND77BA284042,81962,50000
2026-09-15,7809,VNDC1BC25009F,21971,831180
2026-09-15,7810,VND444B5F3D5E,2608132,1275000
2026-09-15,7811,VND55CDE6C6D8,411,200000
2026-09-15,7812,VND55CDE6C6D8,412,200000
2026-09-15,7813,VND55CDE6C6D8,414,200000
2026-09-15,7814,VND55CDE6C6D8,413,200000
2026-09-15,7815,VND070B145A18,1030005244,212695
2026-09-15,7816,VNDB4E9DE27B3,BATROU04-08,107045808
2026-09-15,7817,VND6EADC2CBDD,2026-17468,169750
2026-09-15,7818,VND6EADC2CBDD,2026-1746A,72750
2026-09-15,7819,VNDDBFDFBE6EC,7711-4,500000
2026-09-15,7820,VNDF5B14A47CA,1051,486860
2026-09-15,7820,VNDF5B14A47CA,1052,486860
2026-09-15,7821,VND007E0F2C41,08-28-09-10-2026,291663
2026-09-15,7822,VND162CA25F89,09-07-09-11-2026,102083
2026-09-15,7823,VNDABB4DC173C,20260909_1,2497500
2026-09-17,7113,VND7C59DB9399,134023,9800
2026-09-17,7113,VND7C59DB9399,134396,11300
2026-09-17,7114,VNDAD371834F3,404160,20400
2026-09-17,7114,VNDAD371834F3,404463,98700
2026-09-17,7114,VNDAD371834F3,405084,4500
2026-09-17,7114,VNDAD371834F3,405091,3500
2026-09-17,7114,VNDAD371834F3,405141,2900
2026-09-17,7114,VNDAD371834F3,405227,3695
2026-09-17,7114,VNDAD371834F3,405270,2900
2026-09-17,7114,VNDAD371834F3,405271,2900
2026-09-17,7114,VNDAD371834F3,405272,2900
2026-09-17,7114,VNDAD371834F3,405273,2900
2026-09-17,7114,VNDAD371834F3,405274,2900
2026-09-17,7114,VNDAD371834F3,405275,2900
2026-09-17,7114,VNDAD371834F3,405276,2900
2026-09-17,7114,VNDAD371834F3,405277,2900
2026-09-17,7114,VNDAD371834F3,405278,2900
2026-09-17,7114,VNDAD371834F3,405279,2900
2026-09-17,7114,VNDAD371834F3,405297,2900
2026-09-17,7114,VNDAD371834F3,405432,4500
2026-09-17,7114,VNDAD371834F3,405437,2900
2026-09-17,7114,VNDAD371834F3,405729,24700
2026-09-17,7114,VNDAD371834F3,405798,40811
2026-09-17,7114,VNDAD371834F3,405818,3000
2026-09-17,7114,VNDAD371834F3,405836,4500
2026-09-17,7114,VNDAD371834F3,405837,3500
2026-09-17,7114,VNDAD371834F3,405871,2900
2026-09-17,7114,VNDAD371834F3,406057,2900
2026-09-17,7114,VNDAD371834F3,406058,2900
2026-09-17,7114,VNDAD371834F3,406059,2900
2026-09-17,7114,VNDAD371834F3,406060,2900
2026-09-17,7114,VNDAD371834F3,406061,2900
2026-09-17,7114,VNDAD371834F3,406062,2900
2026-09-17,7114,VNDAD371834F3,406065,2900
2026-09-17,7114,VNDAD371834F3,406220,4500
2026-09-17,7114,VNDAD371834F3,406222,2900
2026-09-17,7114,VNDAD371834F3,406366,113000
2026-09-17,7115,VND608BF9B3D8,164980,266472
2026-09-17,7115,VND608BF9B3D8,165806,96228
2026-09-17,7115,VND608BF9B3D8,168620,43684
2026-09-17,7115,VND608BF9B3D8,180228,4849
2026-09-17,7115,VND608BF9B3D8,181780,2272
2026-09-17,7115,VND608BF9B3D8,189619,7071
2026-09-17,7115,VND608BF9B3D8,190620,11458
2026-09-17,7115,VND608BF9B3D8,193010,22000
2026-09-17,7115,VND608BF9B3D8,193027,1930
2026-09-17,7115,VND608BF9B3D8,202129,6288
2026-09-17,7115,VND608BF9B3D8,203065,2514
2026-09-17,7115,VND608BF9B3D8,204665,4402
2026-09-17,7115,VND608BF9B3D8,209712,98537
2026-09-17,7115,VND608BF9B3D8,209904,79166
2026-09-17,7115,VND608BF9B3D8,209909,18150
2026-09-17,7115,VND608BF9B3D8,210068,319252
2026-09-17,7115,VND608BF9B3D8,210068A,299340
2026-09-17,7115,VND608BF9B3D8,210089,130926
2026-09-17,7115,VND608BF9B3D8,CM126854,-3961
2026-09-17,7115,VND608BF9B3D8,CM168179A,-5000
2026-09-17,7115,VND608BF9B3D8,CM171798,-50000
2026-09-17,7115,VND608BF9B3D8,CM173240,-40000
2026-09-17,7115,VND608BF9B3D8,CM177651,-24226
2026-09-17,7115,VND608BF9B3D8,CM178495,-29990
2026-09-17,7115,VND608BF9B3D8,CM182974A,-20000
2026-09-17,7115,VND608BF9B3D8,CM188142,-7352
2026-09-17,7115,VND608BF9B3D8,CM190991,-6457
2026-09-17,7115,VND608BF9B3D8,CM195310,-157916
2026-09-17,7115,VND608BF9B3D8,CM196604,-150000
2026-09-17,7115,VND608BF9B3D8,CM198842,-64357
2026-09-17,7115,VND608BF9B3D8,CM201492,-5000
2026-09-17,7116,VND3E86E0C850,17331,10676603
2026-09-17,7116,VND3E86E0C850,17332,105536
2026-09-17,7117,VNDAD0128DBE2,106079,417274
2026-09-17,7118,VND47F6D63303,160951,798914
2026-09-17,7119,VNDE1C2E78ED6,08-05-26 to 09-03-26,57103
2026-09-17,7120,VNDC238B44546,72799,957000
2026-09-17,7121,VND314B84DB92,IN266917,1151
2026-09-17,7121,VND314B84DB92,IN269188,147000
2026-09-17,7122,VND314B84DB92,IN269490,402214
2026-09-17,7123,VND314B84DB92,IN267705,62791
2026-09-17,7124,VND314B84DB92,IN268149,11062
2026-09-17,7125,VNDE0ADF88C85,9757493,153660
2026-09-17,7126,VND0E9273449A,4280999851,379
2026-09-17,7126,VND0E9273449A,4280999881,7550
2026-09-17,7126,VND0E9273449A,4281458327,3644
2026-09-17,7126,VND0E9273449A,4282022132,38994
2026-09-17,7126,VND0E9273449A,9371848693,15000
2026-09-17,7126,VND0E9273449A,9371850039,13500
2026-09-17,7126,VND0E9273449A,9371850125,15000
2026-09-17,7127,VND0E9273449A,4281462098,15176
2026-09-17,7128,VND1F4B20B584,WI93970,85960
2026-09-17,7129,VND312B4066D7,INV 3281854,13600
2026-09-17,7129,VND312B4066D7,INV 3281855,3597
2026-09-17,7129,VND312B4066D7,INV 3282881,4900
2026-09-17,7130,VNDB9A7F6729B,33172,1663600
2026-09-17,7131,VND314D47574B,10021496232,5294008
2026-09-17,7131,VND314D47574B,105008840319,11017
2026-09-17,7131,VND314D47574B,135008695105,29670
2026-09-17,7131,VND314D47574B,140007602321,1500
2026-09-17,7131,VND314D47574B,150007598269,18950
2026-09-17,7131,VND314D47574B,150007598270,30303
2026-09-17,7131,VND314D47574B,150007598271,94282
2026-09-17,7131,VND314D47574B,150007598880,12536
2026-09-17,7131,VND314D47574B,15009808479,3503
2026-09-17,7131,VND314D47574B,15009811259,21977
2026-09-17,7131,VND314D47574B,15009811611,13700
2026-09-17,7131,VND314D47574B,155008623739,20061
2026-09-17,7131,VND314D47574B,170007559183,3580
2026-09-17,7131,VND314D47574B,170007559184,3580
2026-09-17,7131,VND314D47574B,170007563527,19810
2026-09-17,7131,VND314D47574B,180007640186,3580
2026-09-17,7131,VND314D47574B,180007640187,3580
2026-09-17,7131,VND314D47574B,185008722053,3972
2026-09-17,7131,VND314D47574B,185008735557,559
2026-09-17,7131,VND314D47574B,190007753936,229943
2026-09-17,7131,VND314D47574B,2026565964,7548814
2026-09-17,7131,VND314D47574B,245007748375,6583892
2026-09-17,7131,VND314D47574B,250007015151,3627
2026-09-17,7131,VND314D47574B,255007635250,40069
2026-09-17,7131,VND314D47574B,255007640750,37974
2026-09-17,7131,VND314D47574B,260007019265,473
2026-09-17,7131,VND314D47574B,270007038192,3826370
2026-09-17,7131,VND314D47574B,275007489865,36527
2026-09-17,7131,VND314D47574B,30010746076,18453
2026-09-17,7131,VND314D47574B,305006119706,3580
2026-09-17,7131,VND314D47574B,325005961611,4704
2026-09-17,7131,VND314D47574B,35009534486,17270616
2026-09-17,7131,VND314D47574B,355005725693,9912
2026-09-17,7131,VND314D47574B,405005117862,464
2026-09-17,7131,VND314D47574B,415005072916,11649
2026-09-17,7131,VND314D47574B,415005072917,458
2026-09-17,7131,VND314D47574B,415005074680,37685
2026-09-17,7131,VND314D47574B,435004961762,63776
2026-09-17,7131,VND314D47574B,435004962045,3737
2026-09-17,7131,VND314D47574B,45009459249,3643
2026-09-17,7131,VND314D47574B,455004804890,26555
2026-09-17,7131,VND314D47574B,455004806583,50518
2026-09-17,7131,VND314D47574B,455004806584,146681
2026-09-17,7131,VND314D47574B,490003767443,173644
2026-09-17,7131,VND314D47574B,490003767549,1440090
2026-09-17,7131,VND314D47574B,5000001851377,420464
2026-09-17,7131,VND314D47574B,50010347979,473
2026-09-17,7131,VND314D47574B,55009399838,559
2026-09-17,7131,VND314D47574B,55009402342,559
2026-09-17,7131,VND314D47574B,55009402343,559
2026-09-17,7131,VND314D47574B,60009552009,7389
2026-09-17,7131,VND314D47574B,60009557327,20012
2026-09-17,7131,VND314D47574B,60009562335,74096
2026-09-17,7131,VND314D47574B,75009276578,13030
2026-09-17,7131,VND314D47574B,80009335651,6720
2026-09-17,7131,VND314D47574B,85009095441,5401
2026-09-17,7131,VND314D47574B,85009098777,10110
2026-09-17,7131,VND314D47574B,85009101231,14731
2026-09-17,7131,VND314D47574B,85009101407,44406
2026-09-17,7131,VND314D47574B,9000318582,550
2026-09-17,7131,VND314D47574B,95008981639,53458
2026-09-17,7132,VND39E9A6C34E,69883,51570
2026-09-17,7134,VND162E4C3E25,916677-2,650
2026-09-17,7135,VNDB3CC361241,110734,10860
2026-09-17,7137,VND65DE8A4375,S19201,15000
2026-09-17,7137,VND65DE8A4375,S19262,39900
2026-09-17,7138,VND0BC4BE9B6A,BTR-3001032,31803
2026-09-17,7139,VND907E03065D,043619,160000
2026-09-17,7140,VNDC85484D068,0456-1271229,90802
2026-09-17,7142,VND0F82AF1081,6072011169,6745
2026-09-17,7142,VND0F82AF1081,6072094680,6745
2026-09-17,7143,VND0F82AF1081,6072720919,31709
2026-09-17,7143,VND0F82AF1081,6072816212,20816
2026-09-17,7143,VND0F82AF1081,6073632144,17404
2026-09-17,7144,VND9A60E50596,317096-00,467118
2026-09-17,7145,VND0D186B42D7,195090,27500
2026-09-17,7146,VND9D700E5BC9,810,170000
2026-09-17,7149,VND76BE7CF85A,12815202,80000
2026-09-17,7150,VND85CF6239EE,21347-5,165000
2026-09-17,7151,VNDAD36288E2C,1288654,6600
2026-09-17,7153,VNDE9006C6230,026204521,32340
2026-09-17,7155,VND8AA7C5834A,9062796488,39096
2026-09-17,7155,VND8AA7C5834A,9063364583,99998
2026-09-17,7156,VND5696B5D7DE,98900320,21380
2026-09-17,7156,VND5696B5D7DE,98957328,17004
2026-09-17,7156,VND5696B5D7DE,98957329,15240
2026-09-17,7156,VND5696B5D7DE,98957330,26724
2026-09-17,7156,VND5696B5D7DE,99132509,14055
2026-09-17,7157,VND3202C9608E,0820-002252881,20156
2026-09-17,7158,VNDB13CA932DA,345440066 09/26,11000
2026-09-17,7159,VNDB13CA932DA,0811570218,66949
2026-09-17,7160,VND29E5EEA4FC,5976,33760
2026-09-17,7160,VND29E5EEA4FC,5977,35170
2026-09-17,7161,VND13E76BDE84,529-81643050,176830
2026-09-17,7162,VNDD04F233407,6174800,12500
2026-09-17,7163,VND23360FB697,11061851-002 09/26,17251
2026-09-17,7164,VNDFEB45412C5,21470400-000 08/26,172483
2026-09-17,7164,VNDFEB45412C5,21473650-000 08/26,2103
2026-09-17,7165,VND09E9FBF696,RESO59636.CC,45028
2026-09-17,7166,VNDB41C7DE31B,0015711067853801 826,11999
2026-09-17,7166,VNDB41C7DE31B,0015711095180301 826,12500
2026-09-17,7166,VNDB41C7DE31B,00157130905593010926,14304
2026-09-17,7166,VNDB41C7DE31B,015711081758301 0826,15113
2026-09-17,7166,VNDB41C7DE31B,015711082774601 0926,15500
2026-09-17,7166,VNDB41C7DE31B,015711089409701 0926,37178
2026-09-17,7166,VNDB41C7DE31B,015711093052501 0826,15408
2026-09-17,7166,VNDB41C7DE31B,015711097904301 0826,19042
2026-09-17,7166,VNDB41C7DE31B,15711083099801 0926,54462
2026-09-17,7167,VNDB41C7DE31B,015713071300101 0926,35722
2026-09-17,7168,VNDB41C7DE31B,015711084797101 0926,55000
2026-09-17,7169,VNDB41C7DE31B,015711084682601 0926,4440
2026-09-17,7170,VNDB41C7DE31B,015711085731501 0926,24000
2026-09-17,7171,VNDB41C7DE31B,015711100079001 0926,16104
2026-09-17,7172,VND801CDB9F4D,253787,365000
2026-09-17,7173,VND506093857D,M230132,69660
2026-09-17,7173,VND506093857D,M230133,21930
2026-09-17,7173,VND506093857D,M230147,43656
2026-09-17,7173,VND506093857D,M230169,15300
2026-09-17,7174,VND9B57336C00,206877,75000
2026-09-17,7174,VND9B57336C00,206879,527400
2026-09-17,7175,VND4F67A130AA,0442-359829,336104
2026-09-17,7175,VND4F67A130AA,0442-360373,29126
2026-09-17,7175,VND4F67A130AA,0625-261691,-83243
2026-09-17,7175,VND4F67A130AA,0625-261842,-3301
2026-09-17,7175,VND4F67A130AA,0625-266118,-6706
2026-09-17,7176,VNDC7E4CC4722,DRAW 1 7796,1879104
2026-09-17,7176,VNDC7E4CC4722,DRAW 12-7893,117900
2026-09-17,7177,VND433C3F329B,F40711,69674
2026-09-17,7178,VND35B57A31E3,SI301005349,354700
2026-09-17,7179,VNDA3D6DA1092,SEPTEMBER 1ST HLF 26,866665
2026-09-17,7180,VND89370A1512,4179487,163254
2026-09-17,7180,VND89370A1512,4180996,140000
2026-09-17,7181,VND091D0AAA42,41461613,14300
2026-09-17,7181,VND091D0AAA42,41690325,14300
2026-09-17,7181,VND091D0AAA42,41947475,14300
2026-09-17,7181,VND091D0AAA42,42207201,14300
2026-09-17,7181,VND091D0AAA42,42449565,14300
2026-09-17,7181,VND091D0AAA42,42702635,14300
2026-09-17,7181,VND091D0AAA42,42702648,18189
2026-09-17,7181,VND091D0AAA42,42702656,20872
2026-09-17,7181,VND091D0AAA42,42963623,24152
2026-09-17,7181,VND091D0AAA42,42963624,18189
2026-09-17,7181,VND091D0AAA42,42963633,20872
2026-09-17,7181,VND091D0AAA42,42963637,43769
2026-09-17,7181,VND091D0AAA42,42963643,23974
2026-09-17,7181,VND091D0AAA42,42963644,13117
2026-09-17,7181,VND091D0AAA42,42963674,21286
2026-09-17,7182,VND091D0AAA42,42963660,25909
2026-09-17,7183,VNDFDF3C125E0,8455,19894
2026-09-17,7184,VND3AC88DAE74,T1187595-Final,12000
2026-09-17,7184,VND3AC88DAE74,T1188287-Final,12000
2026-09-17,7185,VND2C797EC2E1,00208776352,43598
2026-09-17,7186,VND82EAF8006F,106317595330,10220
2026-09-17,7186,VND82EAF8006F,106317595355,10220
2026-09-17,7186,VND82EAF8006F,106322632425,10220
2026-09-17,7187,VND204E35F960,1740-00029-0007,268000
2026-09-17,7188,VNDDB8E0D5288,218250F,30690
2026-09-17,7188,VNDDB8E0D5288,218251F,30690
2026-09-17,7188,VNDDB8E0D5288,218253F,11000
2026-09-17,7188,VNDDB8E0D5288,218364F,27452
2026-09-17,7188,VNDDB8E0D5288,218459F,53257
2026-09-17,7188,VNDDB8E0D5288,218460F,68164
2026-09-17,7188,VNDDB8E0D5288,218497F,136872
2026-09-17,7188,VNDDB8E0D5288,218498F,159373
2026-09-17,7188,VNDDB8E0D5288,218517F,46940
2026-09-17,7188,VNDDB8E0D5288,218591F,36589
2026-09-17,7188,VNDDB8E0D5288,218638F,70657
2026-09-17,7188,VNDDB8E0D5288,218639F,55941
2026-09-17,7188,VNDDB8E0D5288,218640F,19503
2026-09-17,7188,VNDDB8E0D5288,218704F,5500
2026-09-17,7188,VNDDB8E0D5288,218812F,173163
2026-09-17,7188,VNDDB8E0D5288,218814F,368397
2026-09-17,7189,VND03B70A0F18,00163650,90500
2026-09-17,7190,VND3AAB7BB3E5,401959,219297
2026-09-17,7190,VND3AAB7BB3E5,401990,52000
2026-09-17,7192,VND8FC13EF0F0,72978,123235
2026-09-17,7193,VND63FC3F64CF,491809,1372
2026-09-17,7193,VND63FC3F64CF,495219,479500
2026-09-17,7193,VND63FC3F64CF,495239,375360
2026-09-17,7193,VND63FC3F64CF,495584,9542
2026-09-17,7193,VND63FC3F64CF,495631,3844
2026-09-17,7193,VND63FC3F64CF,495652,9991
2026-09-17,7193,VND63FC3F64CF,495692,53598
2026-09-17,7193,VND63FC3F64CF,495970,1031
2026-09-17,7193,VND63FC3F64CF,496192,7328
2026-09-17,7193,VND63FC3F64CF,496261,6853
2026-09-17,7193,VND63FC3F64CF,496361,10727
2026-09-17,7193,VND63FC3F64CF,496675,9477
2026-09-17,7193,VND63FC3F64CF,825819,1540
2026-09-17,7193,VND63FC3F64CF,825989,32689
2026-09-17,7194,VND51F22A8064,B21288431,65240
2026-09-17,7194,VND51F22A8064,B21636399,1791994
2026-09-17,7195,VND1CDC5A7959,010101600009803 926,4240
2026-09-17,7195,VND1CDC5A7959,010101600021102 926,5540
2026-09-17,7195,VND1CDC5A7959,010101600047501 926,3340
2026-09-17,7195,VND1CDC5A7959,010101600070401 926,4240
2026-09-17,7195,VND1CDC5A7959,010101600075301 926,4240
2026-09-17,7195,VND1CDC5A7959,010101600115301 0926,4240
2026-09-17,7195,VND1CDC5A7959,010101600124601 926,5540
2026-09-17,7195,VND1CDC5A7959,010101600151901 0926,4240
2026-09-17,7195,VND1CDC5A7959,010101600152101 0926,2500
2026-09-17,7195,VND1CDC5A7959,010101600154101 926,5540
2026-09-17,7195,VND1CDC5A7959,010101600188801 926,5540
2026-09-17,7195,VND1CDC5A7959,010101600191101 926,4240
2026-09-17,7195,VND1CDC5A7959,010101600552005 926,4240
2026-09-17,7195,VND1CDC5A7959,010101621007301 0926,22401
2026-09-17,7195,VND1CDC5A7959,010101621007501 0926,28571
2026-09-17,7195,VND1CDC5A7959,010101705116702 0926,1180
2026-09-17,7195,VND1CDC5A7959,010102353004501 0926,215587
2026-09-17,7195,VND1CDC5A7959,010103340002101 926,12455
2026-09-17,7195,VND1CDC5A7959,010103393003802 0926,72021
2026-09-17,7195,VND1CDC5A7959,010103393009101 0926,34254
2026-09-17,7195,VND1CDC5A7959,010103393009201 0926,3017
2026-09-17,7195,VND1CDC5A7959,010103393016901 0926,5956
2026-09-17,7195,VND1CDC5A7959,010104370010102 0926,14331
2026-09-17,7195,VND1CDC5A7959,010104370010202 0926,12768
2026-09-17,7195,VND1CDC5A7959,010106112005301 0926,4301
2026-09-17,7195,VND1CDC5A7959,010120146018602 0826,1180
2026-09-17,7195,VND1CDC5A7959,010120201055701 0826,1180
2026-09-17,7195,VND1CDC5A7959,010120437122802 0826,7494
2026-09-17,7195,VND1CDC5A7959,010120443064202 0826,8339
2026-09-17,7195,VND1CDC5A7959,010121411088301 826*,9013
2026-09-17,7195,VND1CDC5A7959,010121421143801 8/26,1180
2026-09-17,7195,VND1CDC5A7959,010121441002402 0826,1234
2026-09-17,7195,VND1CDC5A7959,010121441063902 0826,1180
2026-09-17,7195,VND1CDC5A7959,010121441083202 0826,1190
2026-09-17,7195,VND1CDC5A7959,010121441091402 0826,1180
2026-09-17,7195,VND1CDC5A7959,010121441106202 0826,1183
2026-09-17,7195,VND1CDC5A7959,010121441151202 0826,1180
2026-09-17,7195,VND1CDC5A7959,010121441183202 0826,1180
2026-09-17,7195,VND1CDC5A7959,010121710054902 0826,1180
2026-09-17,7195,VND1CDC5A7959,010121710056401 0826,1180
2026-09-17,7196,VNDA23FFF84E8,08-05-26 TO 09-03-26,1388
2026-09-17,7197,VNDA23FFF84E8,020201004005602 0926,1655
2026-09-17,7197,VNDA23FFF84E8,020201004007002 0926,1652
2026-09-17,7197,VNDA23FFF84E8,020201004010002 0926,1652
2026-09-17,7197,VNDA23FFF84E8,020201011000402 0926,1652
2026-09-17,7197,VNDA23FFF84E8,020201029006302 0926,1652
2026-09-17,7197,VNDA23FFF84E8,020201060003601 0926,6000
2026-09-17,7197,VNDA23FFF84E8,020201060006701 0926,6000
2026-09-17,7197,VNDA23FFF84E8,020201060015701 0926,2500
2026-09-17,7197,VNDA23FFF84E8,020202005001702 0926,1652
2026-09-17,7197,VNDA23FFF84E8,020202005001802 0926,1652
2026-09-17,7197,VNDA23FFF84E8,020202006014801 0926,1652
2026-09-17,7197,VNDA23FFF84E8,020202006014901 0926,1652
2026-09-17,7197,VNDA23FFF84E8,020202006015201 0926,1652
2026-09-17,7197,VNDA23FFF84E8,020202006015301 0926,1652
2026-09-17,7197,VNDA23FFF84E8,020202032023102 0926,8426
2026-09-17,7197,VNDA23FFF84E8,020202032027302 0926,1683
2026-09-17,7197,VNDA23FFF84E8,020203009002601 0926,7697
2026-09-17,7197,VNDA23FFF84E8,020203009013802 0926,1652
2026-09-17,7197,VNDA23FFF84E8,020203009040402 0926,1652
2026-09-17,7197,VNDA23FFF84E8,020203009049802 0926,1652
2026-09-17,7197,VNDA23FFF84E8,020203009165602 0926,1652
2026-09-17,7197,VNDA23FFF84E8,020203013029702 0926,2807
2026-09-17,7197,VNDA23FFF84E8,020203013031102 0926,1652
2026-09-17,7197,VNDA23FFF84E8,020203013032702 0926,1652
2026-09-17,7197,VNDA23FFF84E8,020203034023602 0926,1652
2026-09-17,7197,VNDA23FFF84E8,020203034030202 0926,1683
2026-09-17,7197,VNDA23FFF84E8,020204019025402 0926,24777
2026-09-17,7197,VNDA23FFF84E8,020204025005401 0926,8533
2026-09-17,7198,VND42EFDCDA16,823166478X09122026,161599
2026-09-17,7199,VND42EFDCDA16,287299765334X090226,6520
2026-09-17,7200,VND42EFDCDA16,287363421626X090226,4493
2026-09-17,7201,VND42EFDCDA16,287304401926X090226,11798
2026-09-17,7202,VND42EFDCDA16,287274890657X090226,14084
2026-09-17,7203,VND42EFDCDA16,287025811129X090226,23092
2026-09-17,7204,VNDB7D4F2F76E,3002725187 09/26,5150
2026-09-17,7205,VNDB1841736DC,907805834,11640
2026-09-17,7206,VNDF71C3D9098,101936,461000
2026-09-17,7207,VNDD38F7DD906,72164,60514
2026-09-17,7208,VNDA84BE80D86,3177,109100
2026-09-17,7209,VND2107EBF7A3,126605,194840
2026-09-17,7210,VNDCEC2E6B4A3,9026927221,196120
2026-09-17,7211,VND846B815258,PD-2C3CDXGJ9PH60870,790000
2026-09-17,7212,VND74BB9BAD1A,122025682,4500
2026-09-17,7213,VND13343B8B3A,888060-0,38990
2026-09-17,7214,VND60AA5B8F17,59182,31723
2026-09-17,7214,VND60AA5B8F17,59209,50791
2026-09-17,7215,VND9E190E80D7,LA173233542,7012
2026-09-17,7216,VND8BF158BBF3,9922,45000
2026-09-17,7217,VND5F7CD0BCD8,1201962,408383
2026-09-17,7218,VND43172ECA09,0269213,3899849
2026-09-17,7219,VNDCBB632DE61,9/14/26,456000
2026-09-17,7220,VND2D472FD508,0570298302,17000
2026-09-17,7220,VND2D472FD508,0570344576,28300
2026-09-17,7220,VND2D472FD508,0572144646,3100
2026-09-17,7221,VND60458584E2,MS68672,21830
2026-09-17,7222,VNDCB6967E625,10571-01,48750
2026-09-17,7223,VND84D45E5075,1000518669,134575
2026-09-17,7224,VND9EFC57E77A,4724,333500
2026-09-17,7225,VND5745D579E9,719,2500000
2026-09-17,7226,VND0D5DB4AE4E,RESO59636.STLM,2500000
2026-09-17,7227,VNDB086E7F13D,Draw 507,326561
2026-09-17,7228,VNDA6A1EB0967,Draw 364,772805
2026-09-17,7229,VND92122B03AD,MEVANS09152026,4100
2026-09-17,7230,VND50BAFAF434,034776876X260903,18948
2026-09-17,7231,VND777AAA6B69,1HPF-CLP4-J7TP,3556
2026-09-17,7232,VNDEBC0FF3CE0,7636,40000
2026-09-17,7233,VNDEFF6F5E508,RESO59637.SLTM,3500000
2026-09-17,7234,VND60556E9295,22122217,351693
2026-09-17,7235,VND038283E7E9,58560981,31727
2026-09-17,7236,VND82442A5FB9,L2605220282,5000
2026-09-17,7236,VND82442A5FB9,L2605260273,16500
2026-09-17,7237,VNDF88F35E791,10815,11000
2026-09-17,7238,VNDECFE069C91,31033,268008
2026-09-17,7239,VND638F0A1593,11-2025,1085625
2026-09-17,7240,VND50F446F8BD,9-11-26,6500
2026-09-17,7241,VND38A6D63C43,3672,1069250
2026-09-17,7242,VNDB0DE02BD22,570452,1500
2026-09-17,7243,VNDB0DE02BD22,2147284092-AUG 2026,3112
2026-09-17,7243,VNDB0DE02BD22,567342,2000
2026-09-17,7243,VNDB0DE02BD22,567344,3752
2026-09-17,7243,VNDB0DE02BD22,569173,1500
2026-09-17,7243,VNDB0DE02BD22,569534,4678
2026-09-17,7243,VNDB0DE02BD22,569535,1500
2026-09-17,7243,VNDB0DE02BD22,569546,6680
2026-09-17,7243,VNDB0DE02BD22,569946,2356
2026-09-17,7243,VNDB0DE02BD22,570493,1250
2026-09-17,7243,VNDB0DE02BD22,570494,3811
2026-09-17,7243,VNDB0DE02BD22,570516,1800
2026-09-17,7243,VNDB0DE02BD22,570541,2281
2026-09-17,7243,VNDB0DE02BD22,570568,3663
2026-09-17,7244,VNDB0DE02BD22,570532,3514
2026-09-17,7245,VND4999DA36F9,BTR 0017,100000
2026-09-17,7246,VND814E300263,LM2-0626,199833
2026-09-17,7247,VND0C4ECF6D90,55193555,35000
2026-09-17,7247,VND0C4ECF6D90,55214926,10500
2026-09-17,7247,VND0C4ECF6D90,55214938,7500
2026-09-17,7248,VND4370C7B075,PAY APP# 1,3500000
2026-09-17,7249,VNDCEF95AC0D5,314956,6000
2026-09-17,7250,VNDDF75BC477B,1502,36800
2026-09-17,7251,VND3CE044D718,SOUS100624,580400
2026-09-17,7252,VNDF0F3053F47,1625,350000
2026-09-17,7253,VNDE94D7C1929,000293,20000
2026-09-17,7254,VND676C4BC977,0002018273,1631800
2026-09-17,7254,VND676C4BC977,0002038813,3621800
2026-09-17,7255,VNDBDC4259461,3067.00,306700
2026-09-17,7256,VNDF8A0B03E69,CO-26-272,10000
2026-09-17,7257,VND9476E046F2,ER2624,10000
2026-09-17,7258,VND5D2F7D94EE,547216,62680
2026-09-17,7259,VNDEF5ECA423D,SC00291783,9018
2026-09-17,7260,VNDB3282381FA,3210,50000
2026-09-17,7261,VNDF6181E9FBC,Draw 5,740000
2026-09-17,7262,VND6F5C0B3B8B,Draw 610,422800
2026-09-17,7263,VNDDA4D785C95,5149-2,12882784
2026-09-17,7264,VND21EEA50901,12507,45000
2026-09-17,7265,VND6B4E2410D8,Joseph A & Driving S,995000
2026-09-17,7266,VND9B9E2DD02C,1000307-28617,11050
2026-09-17,7266,VND9B9E2DD02C,1000307-28619,11050
2026-09-17,7266,VND9B9E2DD02C,1001743-1270,1000
2026-09-17,7267,VND828554038B,5107860000111943002,1037500
2026-09-17,7268,VNDBB8675FBC0,INV20314,444690
2026-09-17,7269,VND87985081DE,jun1 - july 30,500000
2026-09-17,7270,VND960ABB710F,5744,55924
2026-09-17,7271,VNDF8A7E6DFE8,9876,6000
2026-09-17,7272,VND7FFA6D2300,6793,6000
2026-09-17,7273,VNDDBF5E6F6AB,8867,6000
2026-09-17,7274,VND4B73688D7B,4236,6000
2026-09-17,7275,VND73E3A6B86A,5487,6000
2026-09-17,7276,VND17744033CC,7245,16000
2026-09-17,7277,VNDC89A75B4DA,82,20000
2026-09-17,7278,VND702AB42C3B,6788,32000
2026-09-17,7279,VNDF3DED7DC01,4567,16000
2026-09-17,7280,VND01D890BDC5,3173,150000
2026-09-17,7281,VND1F71A40346,3154,151100
2026-09-17,7301,VND6E8879BB31,PEBR4A2609177L8-0001,27158
2026-09-17,7302,VND6E8879BB31,PEBR4A2608X2GXQ-0001,29098
2026-09-17,7303,VND6E8879BB31,PEBR4A2608DK7WV-0001,771400
2026-09-17,7304,VND6E8879BB31,PEBR4A2607FG5RC 0001,538227
2026-09-17,7305,VND6E8879BB31,PEBR4A2607NQKRC-0001,99736
2026-09-17,7306,VND6E8879BB31,PEBR4A260869ZMK-0001,63458
2026-09-17,7307,VND6E8879BB31,PEBR4A2607FG5RC0001,636048
2026-09-17,7308,VND08C636DE10,RESO59638.STLM,2120765
2026-09-17,7824,VNDDF1B535115,119153 09/26,3403
2026-09-17,7824,VNDDF1B535115,125827 09/26,8486
2026-09-17,7824,VNDDF1B535115,129141 09/26,37384
2026-09-17,7824,VNDDF1B535115,3419636 09/26,26763
2026-09-17,7824,VNDDF1B535115,3457037 09/26,10580
2026-09-17,7825,VNDC03DE23B95,92325-1,65960
2026-09-17,7826,VNDC03DE23B95,91025-1,65960
2026-09-17,7827,VNDC03DE23B95,92826,65960
2026-09-17,7828,VND78FD06F489,11257,25128
2026-09-17,7828,VND78FD06F489,11779,24129
2026-09-17,7828,VND78FD06F489,12224,10792
2026-09-17,7829,VNDB6D062A110,983,24375
2026-09-17,7829,VNDB6D062A110,984,16875
2026-09-17,7830,VND440D42F5D7,PAY 9/5-18/2026,1607366
2026-09-17,7831,VNDCEFA085809,PPE 9/2/26-9/15/26,1997516
2026-09-17,7832,VND75DF5218D5,400,1472192
2026-09-17,7833,VND9482CE1F7B,6152426630,444047
2026-09-17,7833,VND9482CE1F7B,6152448827,161999
2026-09-17,7833,VND9482CE1F7B,6152645375,179374
2026-09-17,7834,VND95C413CA63,9659,108253
2026-09-17,7835,VNDC844B67B02,EBRPLM090826,125000
2026-09-17,7836,VND199F2C0A05,9608002,7363704
2026-09-17,7837,VND60CD131565,Pay App 004 July 26,28203598
2026-09-17,7838,VND77BA284042,81977,50000
2026-09-17,7839,VND0D9B5DE079,EBRPSA070126,46050
2026-09-17,7839,VND0D9B5DE079,EBRPSA080126,166150
2026-09-17,7840,VND5AB7B02F1F,1210835,12331551
2026-09-17,7841,VNDAB37FC549B,H00004433,77944
2026-09-17,7842,VNDE2590AFFCF,537070,868
2026-09-17,7843,VNDFF5B3DDCEC,PAYAPP 15A,5484422
2026-09-17,7844,VNDF194EA079E,EBRJV091126,75000
2026-09-17,7845,VND0114ABB233,7.29,2680943
2026-09-17,7845,VND0114ABB233,DPW 7.28,2892716
2026-09-18,7309,VND7C59DB9399,134468,5400
2026-09-18,7310,VNDAD371834F3,406365,20400
2026-09-18,7311,VND608BF9B3D8,172551,58368
2026-09-18,7311,VND608BF9B3D8,174978,2033
2026-09-18,7311,VND608BF9B3D8,176755,69867
2026-09-18,7311,VND608BF9B3D8,177005,63636
2026-09-18,7311,VND608BF9B3D8,180186,16368
2026-09-18,7311,VND608BF9B3D8,192035,49920
2026-09-18,7311,VND608BF9B3D8,192045,2184
2026-09-18,7311,VND608BF9B3D8,193009,12612
2026-09-18,7312,VNDA610CB7675,241347,10396
2026-09-18,7313,VNDFA0267DB49,16026,18499
2026-09-18,7317,VND0E9273449A,4264923289,2050
2026-09-18,7317,VND0E9273449A,4266356345,1543
2026-09-18,7317,VND0E9273449A,4270843893,1543
2026-09-18,7317,VND0E9273449A,4273129153,1543
2026-09-18,7317,VND0E9273449A,4274595222,1543
2026-09-18,7317,VND0E9273449A,4275435541,1543
2026-09-18,7317,VND0E9273449A,4280560863,9175
2026-09-18,7317,VND0E9273449A,4280699946,1543
2026-09-18,7317,VND0E9273449A,4280699987,1544
2026-09-18,7317,VND0E9273449A,4280992692,11938
2026-09-18,7317,VND0E9273449A,4281324229,9175
2026-09-18,7317,VND0E9273449A,4281452972,1805
2026-09-18,7317,VND0E9273449A,4281456101,2303
2026-09-18,7317,VND0E9273449A,4281838286,11938
2026-09-18,7317,VND0E9273449A,4281839642,379
2026-09-18,7317,VND0E9273449A,4281839647,7550
2026-09-18,7317,VND0E9273449A,4282028100,9175
2026-09-18,7317,VND0E9273449A,4282205419,1805
2026-09-18,7317,VND0E9273449A,4282207489,1543
2026-09-18,7317,VND0E9273449A,4282207562,1544
2026-09-18,7317,VND0E9273449A,4282355754,30582
2026-09-18,7317,VND0E9273449A,4282512088,11938
2026-09-18,7317,VND0E9273449A,4282675054,41916
2026-09-18,7318,VND0E9273449A,4275317332,11455
2026-09-18,7318,VND0E9273449A,4275968643,11455
2026-09-18,7318,VND0E9273449A,4276729003,11455
2026-09-18,7318,VND0E9273449A,4277809164,4652
2026-09-18,7318,VND0E9273449A,4277982217,3378
2026-09-18,7318,VND0E9273449A,4278135481,5143
2026-09-18,7318,VND0E9273449A,4278235507,11455
2026-09-18,7318,VND0E9273449A,4278499281,4652
2026-09-18,7318,VND0E9273449A,4278729326,3378
2026-09-18,7318,VND0E9273449A,4278903817,5143
2026-09-18,7318,VND0E9273449A,4279057186,11455
2026-09-18,7318,VND0E9273449A,4279323616,4652
2026-09-18,7318,VND0E9273449A,4279653357,5143
2026-09-18,7318,VND0E9273449A,4279812157,4574
2026-09-18,7318,VND0E9273449A,4279847054,3378
2026-09-18,7318,VND0E9273449A,4280009028,4652
2026-09-18,7318,VND0E9273449A,4280244411,3378
2026-09-18,7318,VND0E9273449A,4280413642,5143
2026-09-18,7318,VND0E9273449A,4280577321,5082
2026-09-18,7318,VND0E9273449A,4280771951,4652
2026-09-18,7319,VNDD82F48C9E0,491782,11761
2026-09-18,7320,VNDD45A5AF0C4,87514,95000
2026-09-18,7320,VNDD45A5AF0C4,87515,62500
2026-09-18,7320,VNDD45A5AF0C4,87522,37500
2026-09-18,7324,VND5FF83F8D94,204537,12095000
2026-09-18,7325,VND314D47574B,100007819114,5411
2026-09-18,7325,VND314D47574B,100007821197,1679015
2026-09-18,7325,VND314D47574B,10021549525,22055
2026-09-18,7325,VND314D47574B,105008846912,23985
2026-09-18,7325,VND314D47574B,110009085044,352257
2026-09-18,7325,VND314D47574B,140007598332,59880
2026-09-18,7325,VND314D47574B,140007598333,44139
2026-09-18,7325,VND314D47574B,145008688102,23466
2026-09-18,7325,VND314D47574B,175008573777,233288
2026-09-18,7325,VND314D47574B,175008578016,31692
2026-09-18,7325,VND314D47574B,190007753403,66144
2026-09-18,7325,VND314D47574B,210006952186,14039
2026-09-18,7325,VND314D47574B,210006952220,103727
2026-09-18,7325,VND314D47574B,235007843757,22291
2026-09-18,7325,VND314D47574B,265007568026,31692
2026-09-18,7325,VND314D47574B,265007568027,19693
2026-09-18,7325,VND314D47574B,295007257322,457661
2026-09-18,7325,VND314D47574B,350004740917,11197
2026-09-18,7325,VND314D47574B,455004806555,7146
2026-09-18,7325,VND314D47574B,60009566959,34305
2026-09-18,7325,VND314D47574B,70009431343,755212
2026-09-18,7325,VND314D47574B,70009448150,35978
2026-09-18,7325,VND314D47574B,75009280138,97463
2026-09-18,7326,VND91034DB47E,681733,14900
2026-09-18,7327,VND65DE8A4375,S19164,7495
2026-09-18,7331,VND0F82AF1081,6071943029,1099
2026-09-18,7331,VND0F82AF1081,6073347206,6499
2026-09-18,7331,VND0F82AF1081,6073622613,72797
2026-09-18,7332,VND0F82AF1081,6072631481,10632
2026-09-18,7333,VNDD5E4E901C4,INV400056304,57331
2026-09-18,7334,VND83E25B6DDA,0414890,72000
2026-09-18,7337,VND09E9FBF696,42207197,140604
2026-09-18,7338,VND09E9FBF696,591974,35000
2026-09-18,7339,VND09E9FBF696,591982,178500
2026-09-18,7340,VND09E9FBF696,277361,35000
2026-09-18,7341,VND09E9FBF696,277358,26900
2026-09-18,7342,VND09E9FBF696,277359,26900
2026-09-18,7343,VND09E9FBF696,277362,37500
2026-09-18,7344,VND09E9FBF696,277360,35000
2026-09-18,7346,VNDB41C7DE31B,015713092778901 0826,41643
2026-09-18,7347,VNDB41C7DE31B,015711093836701 9/26,63000
2026-09-18,7348,VND0448DA64D8,1546452,6839
2026-09-18,7349,VND01508B6F9B,0000706715366,5613
2026-09-18,7350,VNDCCD745E802,246038,208500
2026-09-18,7352,VND14CAEF34EE,17-163,80000
2026-09-18,7352,VND14CAEF34EE,17-164,10000
2026-09-18,7353,VND618F918C06,C-4022,50000
2026-09-18,7354,VND501A15B04C,22-20401,56694
2026-09-18,7358,VNDCF0FD8E995,20262154-417,126040
2026-09-18,7359,VND83EB49AFC7,2026-474,30000
2026-09-18,7359,VND83EB49AFC7,2026-486,30000
2026-09-18,7360,VND6BE370C53A,106322632351,10220
2026-09-18,7361,VND1CDC5A7959,010104372001002 0926,1180
2026-09-18,7362,VNDA23FFF84E8,020204019125101 926,133
2026-09-18,7362,VNDA23FFF84E8,020204019126101 926,224
2026-09-18,7363,VNDF1D7164620,1319536,1339000
2026-09-18,7364,VND59325753EC,1012030,8300
2026-09-18,7365,VND42EFDCDA16,823537115X09122026,18126
2026-09-18,7366,VND42EFDCDA16,875640381X09082026,7139
2026-09-18,7367,VND1117BB7B83,JD969-26,10000
2026-09-18,7372,VND747FF1E792,Pay Application 009,19973500
2026-09-18,7373,VNDA75682B9C6,19-53506,152970
2026-09-18,7375,VND960417E8F8,EBRS-6615,185625
2026-09-18,7377,VND41BEF7AED2,52170124412A,1375061
2026-09-18,7380,VNDE1919A1248,00252-26-0135740,75000
2026-09-18,7381,VNDE1919A1248,00252-25-0058567,75000
2026-09-18,7382,VNDAF0E6FF656,108686,10060
2026-09-18,7382,VNDAF0E6FF656,108704,92850
2026-09-18,7386,VND0B19C534A3,8-2026EBR,20000
2026-09-18,7388,VND7C7152DF01,NO.    1,320000
2026-09-18,7390,VNDE8A506A719,14665,33657
2026-09-18,7391,VND37A077D923,27CE-025,5524991
2026-09-18,7392,VND4EAEDD6122,8201-26,12000
2026-09-18,7393,VND4EAEDD6122,8207-26,4000
2026-09-18,7394,VND9B1D4A6C53,MESS8/26,117845
2026-09-18,7395,VNDD93795DF87,12122,85000
2026-09-18,7396,VND777AAA6B69,1K9W-JH7Y-77WD,5184
2026-09-18,7397,VNDF5E9F244A7,CEC26-160,340000
2026-09-18,7398,VND2399ADEB12,9587,1141800
2026-09-18,7399,VND7318C7CBBA,26-CR-161201S,5784
2026-09-18,7399,VND7318C7CBBA,26-CR-165151S,14284
2026-09-18,7399,VND7318C7CBBA,BR02345821,8971
2026-09-18,7399,VND7318C7CBBA,BR02362660 9-14-26,8972
2026-09-18,7400,VND461B630DBC,68X00002,122474709
2026-09-18,7401,VND627F1548C9,INV256659,394163
2026-09-18,7402,VND9EA5A4CD50,0212709-IN,498800
2026-09-18,7403,VND4AAB170555,00022217,326400
2026-09-18,7404,VND4AAB170555,00022218,222150
2026-09-18,7406,VNDD6728F5D71,SI1058607,4032455
2026-09-18,7407,VNDECDA52DDCD,2073,10000
2026-09-18,7408,VND875C7880E1,1269-2027-02,837121
2026-09-18,7409,VND814E300263,LM1-0626,199833
2026-09-18,7410,VNDBB8100E20B,Pay App. #41,3707193
2026-09-18,7412,VNDA0B5230414,8268,98500
2026-09-18,7413,VND89EE6D1391,PARTIAL 6,3456011
2026-09-18,7414,VND368299863D,422-12,8580397
2026-09-18,7416,VNDC22DAA6E23,000155,9750
2026-09-18,7417,VNDE8120B2984,8-26EBREMS,7614548
2026-09-18,7419,VND4A0C035C75,13477,562500
2026-09-18,7420,VNDAABC37C256,260911,200000
2026-09-18,7421,VNDCC3D00E44A,09-01-09-15-2026,61500
2026-09-18,7422,VNDC55A568AAB,PARCEL 4-1-C3A/01,5320000
2026-09-18,7846,VNDDF1B535115,135244 09/10/26,52532
2026-09-18,7847,VNDCB65AFB842,202200B,69373
2026-09-18,7848,VND47FD7D35CE,COLLECT826,527460
2026-09-18,7849,VNDBC4CEAB09B,PPE 9/18/26,3662210
2026-09-18,7850,VND0A7D5F3033,ACAMPB RETIR 7/29/26,171697
2026-09-18,7851,VND0A7D5F3033,PPE 9-23-2026,4291222
2026-09-18,7852,VNDEDD33AC203,0088633-IN,2195000
2026-09-18,7853,VNDD63893FA83,PPE 9/5/26-9/18/26,1732579
2026-09-18,7854,VND291C15549B,262550000011,101954958
2026-09-18,7855,VNDEDC7A71AB5,0099314,15432
2026-09-18,7856,VND9482CE1F7B,6151750984,2899770
2026-09-18,7856,VND9482CE1F7B,6151750985,36270
2026-09-18,7856,VND9482CE1F7B,6152748247,28338
2026-09-18,7856,VND9482CE1F7B,6152824168,341136
2026-09-18,7857,VNDE585BEA3CF,PARTIAL    3,600000
2026-09-18,7858,VND6BF911E73D,1518,47500
2026-09-18,7859,VND4B83D14830,2026-01492-0,11154595
2026-09-18,7860,VND9175A188BF,EBRDT090526,230769
2026-09-18,7861,VND85F7D6CB6F,WP_August_26,1085000
2026-09-18,7862,VND1C495F13FB,09/30/26-PRIDE,182606
2026-09-18,7863,VND6B4B7ABA11,COLLECT 8-26,346730
2026-09-18,7864,VND9E89084FD6,AUGUST2026,318681
2026-09-18,7865,VND102D6D0EC6,9711,67000
2026-09-18,7865,VND102D6D0EC6,9761,218750
2026-09-18,7866,VNDA5C4C5D634,PARTIAL       5,19101747
2026-09-18,7867,VNDA5C4C5D634,PARTIAL   11,2433620
