date,payment,vendor,invoice,amount_cents
2026-07-01,588918,VND56A0B3DE5E,H105071678401,1511943
2026-07-01,588919,VND0E92F136E6,H105175920802,75578
2026-07-01,588920,VNDA4309CEEB0,04062609,1264724
2026-07-08,202606300032524,VND148C01B083,000247,-13000
2026-07-08,588764,VND3C5D18DA80,2026-18,-217210
2026-07-08,588764,VND3C5D18DA80,2026-19,-156545
2026-07-08,588764,VND3C5D18DA80,2026-21,-99275
2026-07-08,588921,VND3C5D18DA80,2026-20,43450
2026-07-08,588922,VND3C5D18DA80,2026-22,38860
2026-07-08,588923,VND3C5D18DA80,2026-18,217210
2026-07-08,588923,VND3C5D18DA80,2026-19,156545
2026-07-08,588923,VND3C5D18DA80,2026-21,99275
2026-07-10,202607090032526,VNDA8DE7BB48F,26160EP,454107
2026-07-10,202607090032527,VNDA8DE7BB48F,26166EP,852696
2026-07-10,202607090032528,VNDA8DE7BB48F,26168EP,2100
2026-07-10,202607090032529,VND7C7DC1E9B8,26169CH,23280
2026-07-10,202607090032530,VND9720469728,26163SE,6632830
2026-07-10,202607090032531,VND6579404E92,171883,98550
2026-07-10,202607090032532,VNDEE2EF92A18,26-1135,129000
2026-07-10,202607090032533,VNDD22C8AE497,VS9902,919833
2026-07-10,202607090032534,VNDD22C8AE497,VS9961,337439
2026-07-10,202607090032535,VND88431FA06D,9160345766,240000
2026-07-10,202607090032535,VND88431FA06D,9160345768,436500
2026-07-10,202607090032535,VND88431FA06D,9160345772,390000
2026-07-10,202607090032535,VND88431FA06D,9160345773,162000
2026-07-10,202607090032536,VND88431FA06D,9160345829,690371
2026-07-10,202607090032537,VND88431FA06D,9160345759,1003500
2026-07-10,202607090032537,VND88431FA06D,9160345760,31500
2026-07-10,202607090032537,VND88431FA06D,9160345761,247500
2026-07-10,202607090032537,VND88431FA06D,9160345763,537000
2026-07-10,202607090032538,VNDCA74A751E3,1003702,13556400
2026-07-10,202607090032538,VNDCA74A751E3,1003714,19383000
2026-07-10,202607090032538,VNDCA74A751E3,1003717,24851008
2026-07-10,202607090032539,VND8E8EDB7555,20260630000000017843,6240
2026-07-10,202607090032540,VND8E8EDB7555,20260630000000018952,2095
2026-07-10,202607090032541,VND87D3B5F1D1,07-2026,150000
2026-07-10,202607090032542,VND8BA19922E2,FCBOH0726,86250000
2026-07-10,202607090032543,VNDB4A88ECC2B,3680-1,24149133
2026-07-10,202607090032544,VND18824BD22F,06-2026,5000
2026-07-10,202607090032545,VND6EED81BF66,FCS20260616,343000
2026-07-10,202607090032546,VNDBF1DE19EA5,09,55000
2026-07-10,202607090032547,VND5FEBD97ACA,06-2026-FINAL,65000
2026-07-10,202607090032548,VND866424BA7E,062626-FULTN,4288688
2026-07-10,202607090032549,VND866424BA7E,070626-FULTN,10459350
2026-07-10,202607090032550,VND6D77DDF8FD,06-2026-FINAL,110000
2026-07-10,202607090032551,VNDA4D49347E5,06-2026-FINAL,90000
2026-07-10,202607090032552,VND500F4CFC12,1244,8949319
2026-07-10,202607090032553,VNDEA8CEDF5D7,12387,152572
2026-07-10,202607090032554,VNDB03A9E410E,25EV006251,2000000
2026-07-10,202607090032555,VNDA25E2DEF26,RYW-05-2026,13201924
2026-07-10,202607090032556,VND8AF0455E42,RYW-05-2026,175330
2026-07-10,202607090032557,VND65ED435E78,025-557212,45000
2026-07-10,202607090032557,VND65ED435E78,025-558908,1458750
2026-07-10,202607090032557,VND65ED435E78,070-112851,335708
2026-07-10,202607090032558,VND65ED435E78,070-111796,5740000
2026-07-10,202607090032558,VND65ED435E78,070-112245,5740000
2026-07-10,202607090032558,VND65ED435E78,070-112641,5740000
2026-07-10,202607090032559,VND145F4C9FB9,0126,4216666
2026-07-10,202607090032559,VND145F4C9FB9,0226,4216666
2026-07-10,202607090032559,VND145F4C9FB9,0326,4216666
2026-07-10,202607090032559,VND145F4C9FB9,12026,12657986
2026-07-10,202607090032559,VND145F4C9FB9,12026A,715466
2026-07-10,202607090032559,VND145F4C9FB9,22026,13207533
2026-07-10,202607090032559,VND145F4C9FB9,22026A,776371
2026-07-10,202607090032559,VND145F4C9FB9,32026,14341876
2026-07-10,202607090032559,VND145F4C9FB9,32026A,826638
2026-07-10,202607090032559,VND145F4C9FB9,42026,12837608
2026-07-10,202607090032559,VND145F4C9FB9,42026A,767571
2026-07-10,202607090032560,VND8853F057FC,0813012,321000
2026-07-10,202607090032561,VNDCFD8046780,SSNF26 05-A,3894684
2026-07-10,202607090032561,VNDCFD8046780,SSNF26 05-B,11324145
2026-07-10,202607090032562,VNDDB420FB2F5,66-0050751,1067656
2026-07-10,202607090032563,VND02BF8A7829,JUL-2026PMT,381001176
2026-07-10,202607090032564,VND291DDC231C,RM-63026,752150
2026-07-10,202607090032565,VNDC4CFC37192,US002187755-B,33750000
2026-07-10,202607090032566,VNDE3A3891398,1173,62000000
2026-07-10,202607090032567,VNDFC32C7972A,06M03WK26YR,206400
2026-07-10,202607090032568,VNDFDEEFC1364,2026-272,4681684
2026-07-10,202607090032569,VNDE56B5C921A,7050069649,31800
2026-07-10,202607090032569,VNDE56B5C921A,7050069679,182300
2026-07-10,202607090032569,VNDE56B5C921A,7050069997,38000
2026-07-10,202607090032570,VND04AD64B4E7,LH-113,245300
2026-07-10,202607090032570,VND04AD64B4E7,LH-114,167200
2026-07-10,202607090032571,VND0362B72E78,062626-23,164500
2026-07-10,202607090032572,VNDD94F81D74A,AS-10279,2916128
2026-07-10,202607090032572,VNDD94F81D74A,AS-11044,350522
2026-07-10,202607090032573,VNDF404580CE2,062026,97500000
2026-07-10,202607090032574,VND7D87534AC4,EHE-05-2026,1098895
2026-07-10,202607090032575,VND19FAC8E0C9,10014064,42500
2026-07-10,202607090032575,VND19FAC8E0C9,10015404,27000
2026-07-10,202607090032575,VND19FAC8E0C9,10015683,65000
2026-07-10,202607090032576,VND620A11C74E,54642,638808
2026-07-10,202607090032577,VND3DF4718C8A,1311514,951500
2026-07-10,202607090032578,VND5789EBF4A4,853855408,134010
2026-07-10,202607090032579,VND36CCC0AA90,114844,50000
2026-07-10,202607090032579,VND36CCC0AA90,114845,50000
2026-07-10,202607090032580,VND6E00BC8980,QSI101_512.03-4141,472500
2026-07-10,202607090032581,VND9096A85DAA,FC2026-1,20000000
2026-07-10,202607090032582,VNDF54F971D0D,124175,50992476
2026-07-10,202607090032582,VNDF54F971D0D,124176,1637978
2026-07-10,202607090032583,VNDF54F971D0D,126260,39456
2026-07-10,202607090032583,VNDF54F971D0D,126261,73158
2026-07-10,202607090032583,VNDF54F971D0D,126262,39045
2026-07-10,202607090032583,VNDF54F971D0D,127259,47676
2026-07-10,202607090032583,VNDF54F971D0D,127260,63787
2026-07-10,202607090032583,VNDF54F971D0D,12761,47676
2026-07-10,202607090032583,VNDF54F971D0D,128196,41633389
2026-07-10,202607090032583,VNDF54F971D0D,128197,189118
2026-07-10,202607090032583,VNDF54F971D0D,129133,60675
2026-07-10,202607090032584,VND40EAA8595A,202009524,27359515
2026-07-10,202607090032585,VND861B1597AC,2-1290345,210000
2026-07-10,202607090032586,VND861B1597AC,5-1290442,800000
2026-07-10,202607090032587,VNDACDE7E2D4A,KR-062226,276705
2026-07-10,202607090032588,VND3DB1EFCB08,7456,1402500
2026-07-10,202607090032589,VND5BFE462342,1-GS64611,72800
2026-07-10,202607090032589,VND5BFE462342,1-GS67016,71440
2026-07-10,202607090032590,VNDC1133E398F,FCPD.61726,77178
2026-07-10,202607090032591,VNDC310E4BF88,101-50448-01,297920
2026-07-10,202607090032592,VND5DB3570B65,JN062526-72,3608473
2026-07-10,202607090032593,VND21B138348C,062426.01,312500
2026-07-10,202607090032593,VND21B138348C,062526.01,220000
2026-07-10,202607090032593,VND21B138348C,062926.01,459500
2026-07-10,202607090032593,VND21B138348C,062926.02,531500
2026-07-10,202607090032593,VND21B138348C,063026.01,562500
2026-07-10,202607090032593,VND21B138348C,063026.02,457000
2026-07-10,202607090032594,VNDCF0F699185,INV JUNE 2026-JUVENILECOURT,234000
2026-07-10,202607090032595,VNDE1E770CA76,8000-9090-0747-1704 07012026,1516125
2026-07-10,202607090032596,VND0BF9BA4F6E,0235387,5793
2026-07-10,202607090032596,VND0BF9BA4F6E,0235458,28610
2026-07-10,202607090032597,VNDAC435C7399,COVEN2606300002,3000400
2026-07-10,202607090032598,VND538CF793FF,41962,62750
2026-07-10,202607090032598,VND538CF793FF,41969,65000
2026-07-10,202607090032598,VND538CF793FF,42082,168868
2026-07-10,202607090032599,VND0CEF4F025B,23-23RFP042623KBKJ,64605565
2026-07-10,202607090032600,VNDC36541A13A,RYW-05-2026,34570201
2026-07-10,202607090032601,VND4C3B26C1BD,9378393792,5400
2026-07-10,202607090032602,VND4C3B26C1BD,9372373522,1844
2026-07-10,202607090032602,VND4C3B26C1BD,9372738696,7107
2026-07-10,202607090032602,VND4C3B26C1BD,9372738714,32732
2026-07-10,202607090032602,VND4C3B26C1BD,9374000666,6299
2026-07-10,202607090032602,VND4C3B26C1BD,9374476200,24295
2026-07-10,202607090032602,VND4C3B26C1BD,9374664223,4949
2026-07-10,202607090032602,VND4C3B26C1BD,9374664224,6573
2026-07-10,202607090032602,VND4C3B26C1BD,9375268767,24033
2026-07-10,202607090032602,VND4C3B26C1BD,9375470924,15968
2026-07-10,202607090032602,VND4C3B26C1BD,9375470926,4407
2026-07-10,202607090032602,VND4C3B26C1BD,9375498701,33156
2026-07-10,202607090032602,VND4C3B26C1BD,9375498705,1168
2026-07-10,202607090032602,VND4C3B26C1BD,9375866935,23623
2026-07-10,202607090032602,VND4C3B26C1BD,9376266624,12236
2026-07-10,202607090032602,VND4C3B26C1BD,9376266632,24298
2026-07-10,202607090032602,VND4C3B26C1BD,9376467851,30146
2026-07-10,202607090032602,VND4C3B26C1BD,9376826087,20062
2026-07-10,202607090032602,VND4C3B26C1BD,9376826109,24294
2026-07-10,202607090032602,VND4C3B26C1BD,9376826115,1799
2026-07-10,202607090032602,VND4C3B26C1BD,9376828535,1844
2026-07-10,202607090032602,VND4C3B26C1BD,9376828538,1844
2026-07-10,202607090032602,VND4C3B26C1BD,9376828552,5758
2026-07-10,202607090032602,VND4C3B26C1BD,9376828555,2159
2026-07-10,202607090032602,VND4C3B26C1BD,9376985807,6569
2026-07-10,202607090032602,VND4C3B26C1BD,9376985833,26545
2026-07-10,202607090032602,VND4C3B26C1BD,9376985843,8549
2026-07-10,202607090032602,VND4C3B26C1BD,9377016480,12597
2026-07-10,202607090032602,VND4C3B26C1BD,9377226288,5582
2026-07-10,202607090032602,VND4C3B26C1BD,9377226292,5579
2026-07-10,202607090032602,VND4C3B26C1BD,9377226296,5939
2026-07-10,202607090032602,VND4C3B26C1BD,9377226302,5579
2026-07-10,202607090032602,VND4C3B26C1BD,9377226305,5579
2026-07-10,202607090032602,VND4C3B26C1BD,9377226312,23485
2026-07-10,202607090032602,VND4C3B26C1BD,9377226317,19170
2026-07-10,202607090032602,VND4C3B26C1BD,9377394881,19434
2026-07-10,202607090032602,VND4C3B26C1BD,9377426233,7379
2026-07-10,202607090032602,VND4C3B26C1BD,9377426235,6389
2026-07-10,202607090032602,VND4C3B26C1BD,9377426239,23936
2026-07-10,202607090032602,VND4C3B26C1BD,9377426243,4544
2026-07-10,202607090032602,VND4C3B26C1BD,9377600322,9902
2026-07-10,202607090032602,VND4C3B26C1BD,9377600332,22315
2026-07-10,202607090032602,VND4C3B26C1BD,9377600342,12243
2026-07-10,202607090032602,VND4C3B26C1BD,9377600352,10121
2026-07-10,202607090032602,VND4C3B26C1BD,9377600364,989
2026-07-10,202607090032602,VND4C3B26C1BD,9377786201,19347
2026-07-10,202607090032602,VND4C3B26C1BD,9377788005,15202
2026-07-10,202607090032602,VND4C3B26C1BD,9377788010,18809
2026-07-10,202607090032602,VND4C3B26C1BD,9377788013,19434
2026-07-10,202607090032602,VND4C3B26C1BD,9377788016,10481
2026-07-10,202607090032602,VND4C3B26C1BD,9377788022,2114
2026-07-10,202607090032602,VND4C3B26C1BD,9377788026,25592
2026-07-10,202607090032602,VND4C3B26C1BD,9377947547,7376
2026-07-10,202607090032602,VND4C3B26C1BD,9377947551,1709
2026-07-10,202607090032602,VND4C3B26C1BD,9377973308,5759
2026-07-10,202607090032602,VND4C3B26C1BD,9377973311,3239
2026-07-10,202607090032602,VND4C3B26C1BD,9377973320,7960
2026-07-10,202607090032602,VND4C3B26C1BD,9378161732,7828
2026-07-10,202607090032602,VND4C3B26C1BD,9378161742,18987
2026-07-10,202607090032602,VND4C3B26C1BD,9378363994,1664
2026-07-10,202607090032602,VND4C3B26C1BD,9378363999,1709
2026-07-10,202607090032602,VND4C3B26C1BD,9378564763,6571
2026-07-10,202607090032602,VND4C3B26C1BD,9378564768,13142
2026-07-10,202607090032602,VND4C3B26C1BD,9378564774,6569
2026-07-10,202607090032602,VND4C3B26C1BD,9378564778,14759
2026-07-10,202607090032602,VND4C3B26C1BD,9378564780,1484
2026-07-10,202607090032603,VND6E87A561E9,CRF061626,78650
2026-07-10,202607090032603,VND6E87A561E9,CRF062526,96800
2026-07-10,202607090032604,VND57882976CF,933,132300
2026-07-10,202607090032605,VNDC56E7235A0,14577,298900
2026-07-10,202607090032606,VNDFCC464C80C,CN-089-2,50000
2026-07-10,202607090032606,VNDFCC464C80C,CN-096-1,119350
2026-07-10,202607090032607,VND7F9079BCF5,062126EWP,150000
2026-07-10,202607090032608,VND98B699C00B,41GAI9252273,5500
2026-07-10,202607090032609,VNDCFC296FD40,2026-0100,106800
2026-07-10,202607090032610,VND8C5AF75C45,EHE-03-2026,5176881
2026-07-10,202607090032611,VND9F9A459E94,831870,6000
2026-07-10,202607090032611,VND9F9A459E94,831883,92500
2026-07-10,202607090032611,VND9F9A459E94,831884,26950
2026-07-10,202607090032611,VND9F9A459E94,831885,5250
2026-07-10,202607090032611,VND9F9A459E94,831900,47450
2026-07-10,202607090032611,VND9F9A459E94,831906,45350
2026-07-10,202607090032611,VND9F9A459E94,831909,50300
2026-07-10,202607090032611,VND9F9A459E94,831912,77950
2026-07-10,202607090032611,VND9F9A459E94,831914,139600
2026-07-10,202607090032611,VND9F9A459E94,831915,63800
2026-07-10,202607090032611,VND9F9A459E94,831918,18000
2026-07-10,202607090032611,VND9F9A459E94,831920,74000
2026-07-10,202607090032611,VND9F9A459E94,831921,6750
2026-07-10,202607090032612,VND9F9A459E94,00003715,21600
2026-07-10,202607090032612,VND9F9A459E94,00003716,22500
2026-07-10,202607090032612,VND9F9A459E94,00003737,53950
2026-07-10,202607090032612,VND9F9A459E94,00003738,43350
2026-07-10,202607090032612,VND9F9A459E94,00003739,22250
2026-07-10,202607090032612,VND9F9A459E94,00003740,91200
2026-07-10,202607090032612,VND9F9A459E94,00003741,31450
2026-07-10,202607090032612,VND9F9A459E94,00003742,66500
2026-07-10,202607090032612,VND9F9A459E94,00003743,12750
2026-07-10,202607090032612,VND9F9A459E94,00003744,126650
2026-07-10,202607090032612,VND9F9A459E94,00003745,7500
2026-07-10,202607090032612,VND9F9A459E94,00003746,12000
2026-07-10,202607090032612,VND9F9A459E94,00003747,38800
2026-07-10,202607090032612,VND9F9A459E94,00003748,9000
2026-07-10,202607090032612,VND9F9A459E94,00003749,30350
2026-07-10,202607090032613,VND4FB8EC1CFE,CORE-ADAMSVILLE-053126,6955000
2026-07-10,202607090032613,VND4FB8EC1CFE,CORE-NORTH FULTON-053126,6955000
2026-07-10,202607090032613,VND4FB8EC1CFE,SBMH-9710-053126,11182231
2026-07-10,202607090032614,VND53C379D51A,INV0186657,132000
2026-07-10,202607090032614,VND53C379D51A,INV0187817,246800
2026-07-10,202607090032614,VND53C379D51A,INV0188290,62000
2026-07-10,202607090032614,VND53C379D51A,INV0188294,22000
2026-07-10,202607090032614,VND53C379D51A,INV0188381,11000
2026-07-10,202607090032615,VNDD57A1FDD73,6003,1842600
2026-07-10,202607090032615,VNDD57A1FDD73,6004,3468738
2026-07-10,202607090032615,VNDD57A1FDD73,6024,120167
2026-07-10,202607090032616,VND58BDB4078D,KW-26-101,100000
2026-07-10,202607090032617,VNDB36DC64AE7,202605CORE,28039795
2026-07-10,202607090032617,VNDB36DC64AE7,202605CORE-BHCORE,3791783
2026-07-10,202607090032618,VND20716FB915,51980604067,48576
2026-07-10,202607090032618,VND20716FB915,52613303016,15870
2026-07-10,202607090032619,VND25E746E37C,1174,3737000
2026-07-10,202607090032619,VND25E746E37C,1175,1223750
2026-07-10,202607090032620,VNDA3B7BD471B,FS-13427063026,47500
2026-07-10,202607090032620,VNDA3B7BD471B,FS-13433063026,2693479
2026-07-10,202607090032621,VNDE75102D7A2,00003677,36750
2026-07-10,202607090032621,VNDE75102D7A2,00003678,75700
2026-07-10,202607090032621,VNDE75102D7A2,00003695,22200
2026-07-10,202607090032621,VNDE75102D7A2,00003696,25600
2026-07-10,202607090032621,VNDE75102D7A2,00003698,14250
2026-07-10,202607090032621,VNDE75102D7A2,00003712,17200
2026-07-10,202607090032621,VNDE75102D7A2,00003713,18600
2026-07-10,202607090032621,VNDE75102D7A2,00003714,27750
2026-07-10,202607090032621,VNDE75102D7A2,00003750,38000
2026-07-10,202607090032621,VNDE75102D7A2,00003751,54350
2026-07-10,202607090032621,VNDE75102D7A2,00003777,47250
2026-07-10,202607090032621,VNDE75102D7A2,00003779,53850
2026-07-10,202607090032621,VNDE75102D7A2,00003784,54750
2026-07-10,202607090032621,VNDE75102D7A2,00003785,33050
2026-07-10,202607090032621,VNDE75102D7A2,00003786,44300
2026-07-10,202607090032621,VNDE75102D7A2,00003794,28550
2026-07-10,202607090032621,VNDE75102D7A2,00003795,68500
2026-07-10,202607090032621,VNDE75102D7A2,0003778,34550
2026-07-10,202607090032622,VNDA7D2417547,FULCO-29MAY2026,60000
2026-07-10,202607090032623,VND451F08FBAE,15328528,32250
2026-07-10,202607090032624,VND41FEF5D2BC,25284,49200
2026-07-10,202607090032624,VND41FEF5D2BC,25285,24900
2026-07-10,202607090032624,VND41FEF5D2BC,25287,45600
2026-07-10,202607090032625,VNDF49F0537EF,SK20089,910000
2026-07-10,202607090032626,VND633CC001B1,20260531 GE,1703967
2026-07-10,202607090032627,VND50C7716493,CK-260615,174350
2026-07-10,202607090032627,VND50C7716493,CK-260623,190300
2026-07-10,202607090032628,VND13E77B013F,AXC5195,1611000
2026-07-10,202607090032629,VND2AE9AF2383,THH200168,260000
2026-07-10,202607090032629,VND2AE9AF2383,THH200169,341250
2026-07-10,202607090032630,VNDEFB19C6099,2292,75000
2026-07-10,202607090032630,VNDEFB19C6099,2293,175200
2026-07-10,202607090032631,VNDAD49AA6C75,12488933,35000
2026-07-10,202607090032631,VNDAD49AA6C75,12489413,35000
2026-07-10,202607090032631,VNDAD49AA6C75,12489415,33000
2026-07-10,202607090032632,VNDD108DFD692,392165,37818
2026-07-10,202607090032633,VNDE326EA782E,0011-2026,210100
2026-07-10,202607090032634,VND84FA9DEDF7,1458,71500
2026-07-10,202607090032634,VND84FA9DEDF7,1460,208000
2026-07-10,202607090032634,VND84FA9DEDF7,1462,195000
2026-07-10,202607090032635,VND660CF647D9,SH-6-24-26,94050
2026-07-10,202607090032635,VND660CF647D9,SH-6-29-26,327800
2026-07-10,202607090032636,VND165C80D9B3,062626,75000
2026-07-10,202607090032637,VND9B62AE155B,000013,280850
2026-07-10,202607090032638,VNDF1AC4DC84B,487326,9711
2026-07-10,202607090032638,VNDF1AC4DC84B,487722,68803
2026-07-10,202607090032639,VNDE868058318,009031,44121
2026-07-10,202607090032640,VNDAE13FEC653,10000782168,7507400
2026-07-10,202607090032640,VNDAE13FEC653,10000782338,113699
2026-07-10,202607090032641,VND74B79AC976,4-YHSI-LE44,1000000
2026-07-10,202607090032642,VND777600BDE5,MW-70126,375000
2026-07-10,202607090032643,VND9FCC7E95A6,INV11020588,21813
2026-07-10,202607090032643,VND9FCC7E95A6,INV11051080,36100
2026-07-10,202607090032643,VND9FCC7E95A6,INV11075079,36500
2026-07-10,202607090032643,VND9FCC7E95A6,INV11089845,113542
2026-07-10,202607090032643,VND9FCC7E95A6,INV11105379,27600
2026-07-10,202607090032644,VNDAA18CF6F83,062426,425000
2026-07-10,202607090032645,VNDD73131260D,62626,660000
2026-07-10,202607090032646,VNDE6DD4952DE,2697,182600
2026-07-10,202607090032646,VNDE6DD4952DE,2797,6500
2026-07-10,202607090032647,VND95F4154D1A,FCA6302026,1022833
2026-07-10,202607090032647,VND95F4154D1A,WR06262026,701000
2026-07-10,202607090032648,VND209DBD2DBA,00003823,28750
2026-07-10,202607090032648,VND209DBD2DBA,00003824,16350
2026-07-10,202607090032648,VND209DBD2DBA,00003825,24050
2026-07-10,202607090032648,VND209DBD2DBA,00003826,29100
2026-07-10,202607090032648,VND209DBD2DBA,00003827,50750
2026-07-10,202607090032648,VND209DBD2DBA,00003828,48500
2026-07-10,202607090032648,VND209DBD2DBA,00003829,34300
2026-07-10,202607090032648,VND209DBD2DBA,00003830,29000
2026-07-10,202607090032648,VND209DBD2DBA,00003837,28800
2026-07-10,202607090032648,VND209DBD2DBA,00003838,17850
2026-07-10,202607090032648,VND209DBD2DBA,00003839,16250
2026-07-10,202607090032648,VND209DBD2DBA,00003840,40400
2026-07-10,202607090032648,VND209DBD2DBA,00003841,36200
2026-07-10,202607090032648,VND209DBD2DBA,00003842,25500
2026-07-10,202607090032648,VND209DBD2DBA,00003846,60250
2026-07-10,202607090032648,VND209DBD2DBA,00003847,17000
2026-07-10,202607090032648,VND209DBD2DBA,00003848,19500
2026-07-10,202607090032648,VND209DBD2DBA,00003849,86500
2026-07-10,202607090032649,VND4D6E09F514,2600703,50000
2026-07-10,202607090032650,VND1B627F67FA,3PK6S8,87318
2026-07-10,202607090032650,VND1B627F67FA,3PKB9K,92414
2026-07-10,202607090032650,VND1B627F67FA,3PKGV1,81453
2026-07-10,202607090032650,VND1B627F67FA,3PKGVB,81453
2026-07-10,202607090032650,VND1B627F67FA,3PKKZ2,81453
2026-07-10,202607090032650,VND1B627F67FA,3PKM4R,81453
2026-07-10,202607090032650,VND1B627F67FA,3PKQQ8,87318
2026-07-10,202607090032650,VND1B627F67FA,3PNJWM,151584
2026-07-10,202607090032650,VND1B627F67FA,3Q4TTD,81453
2026-07-10,202607090032650,VND1B627F67FA,3Q5GSZ,81453
2026-07-10,202607090032650,VND1B627F67FA,3Q5MSJ,87318
2026-07-10,202607090032650,VND1B627F67FA,3QBPB8,58380
2026-07-10,202607090032650,VND1B627F67FA,3QC45F,58380
2026-07-10,202607090032650,VND1B627F67FA,3TN12M,25196
2026-07-10,202607090032650,VND1B627F67FA,3TNC1F,18897
2026-07-10,202607090032650,VND1B627F67FA,3TNC24,20958
2026-07-10,202607090032650,VND1B627F67FA,3TNDH6,13710
2026-07-10,202607090032650,VND1B627F67FA,3TNHY1,19221
2026-07-10,202607090032650,VND1B627F67FA,3TSTPC,13710
2026-07-10,202607090032650,VND1B627F67FA,3TT3T2,19221
2026-07-10,202607090032650,VND1B627F67FA,3TV65T,19221
2026-07-10,202607090032650,VND1B627F67FA,3TVG4N,14697
2026-07-10,202607090032650,VND1B627F67FA,3TVPG9,18897
2026-07-10,202607090032650,VND1B627F67FA,3TZ0GL,19221
2026-07-10,202607090032650,VND1B627F67FA,3TZL33,14697
2026-07-10,202607090032650,VND1B627F67FA,3V4LMZ,18897
2026-07-10,202607090032650,VND1B627F67FA,3V4TJH,18897
2026-07-10,202607090032651,VNDC258118AC8,24493,2380000
2026-07-10,202607090032651,VNDC258118AC8,26700,1577459
2026-07-10,202607090032651,VNDC258118AC8,26799,616140
2026-07-10,202607090032652,VND8F3701C1C4,0626243235,168700
2026-07-10,202607090032652,VND8F3701C1C4,0626243958,220000
2026-07-10,202607090032653,VND2100346E96,061226,217840
2026-07-10,202607090032654,VND2D4DF1E0D4,2603904,418000
2026-07-10,202607090032655,VNDBC98A7004E,1054,2169000
2026-07-10,202607090032656,VND889E1CCEAF,070126,5908900
2026-07-10,202607090032657,VNDC38B3FA061,SABIR26-0520,500000
2026-07-10,202607090032658,VNDBE246216CE,AM200317,260000
2026-07-10,202607090032658,VNDBE246216CE,AM200318,130000
2026-07-10,202607090032659,VND05D1AF1DC3,06012026A,40700
2026-07-10,202607090032659,VND05D1AF1DC3,06012026B,434163
2026-07-10,202607090032660,VND7B54CADC52,471168027001,57430
2026-07-10,202607090032660,VND7B54CADC52,471185344001,71723
2026-07-10,202607090032660,VND7B54CADC52,471226716001,27509
2026-07-10,202607090032660,VND7B54CADC52,471237741001,57430
2026-07-10,202607090032660,VND7B54CADC52,471244047001,76574
2026-07-10,202607090032661,VNDB4A88ECC2B,3800-1,5321026
2026-07-10,202607090032661,VNDB4A88ECC2B,3802-1,18527784
2026-07-10,202607090032661,VNDB4A88ECC2B,3806,57500
2026-07-10,202607090032661,VNDB4A88ECC2B,3808,98500
2026-07-10,202607090032662,VNDD7C0F929C1,42,8347468
2026-07-10,202607090032662,VNDD7C0F929C1,42A,4256077
2026-07-10,202607090032663,VND3838DE8103,40386038,820250
2026-07-10,202607090032663,VND3838DE8103,40387056,3094750
2026-07-10,202607090032664,VND9214ADBFBD,200ABS100001351,1230183
2026-07-10,202607090032665,VND9070580A71,26280,695525
2026-07-10,202607090032666,VND62E5BD730F,USA08-00032634,6300000
2026-07-10,202607090032667,VNDC25BE877D3,13915,35760
2026-07-10,202607090032668,VNDEE14B6F470,164,215775
2026-07-10,202607090032669,VND68161C285A,11/26-A,158850
2026-07-10,202607090032670,VND7964E8C5F0,INV0108312,288414
2026-07-10,202607090032671,VNDD6341E8B4A,066,55000
2026-07-10,202607090032672,VND8516A7907E,0104,20000
2026-07-10,202607090032673,VNDF8FD66B397,NP2012026,20000
2026-07-10,202607090032674,VND2F13323DA5,MA05182026,20000
2026-07-10,202607090032675,VND3FEE14F178,12-26,219450
2026-07-10,202607090032676,VND60C9EF23D4,SFSS26-05A,8266946
2026-07-10,202607090032676,VND60C9EF23D4,SFSS26-5,4276152
2026-07-10,202607090032677,VNDF11B10E6B4,NRP055192026,20000
2026-07-10,202607090032678,VND93B7C6E6D9,06292026,25000
2026-07-10,202607090032679,VNDB8DF26EF9D,244049,181700
2026-07-10,202607090032680,VND2380E4B3CA,07-2026,150000
2026-07-10,202607090032681,VND098B225002,6-23-2026,9600
2026-07-10,202607090032682,VND95B9611E17,113849,36100
2026-07-10,202607090032682,VND95B9611E17,114244,36100
2026-07-10,202607090032683,VNDE93142A436,19730,55855
2026-07-10,202607090032683,VNDE93142A436,19732,11769
2026-07-10,202607090032683,VNDE93142A436,19733,29424
2026-07-10,202607090032683,VNDE93142A436,19734,54782
2026-07-10,202607090032683,VNDE93142A436,19739,6192
2026-07-10,202607090032684,VND3F41579FEA,CG0126,178750
2026-07-10,202607090032685,VND609E074FEC,6539,72600
2026-07-10,202607090032686,VNDF91C5BE366,CD1030694,552440
2026-07-10,202607090032687,VND7E671EA7D4,INV145757,925530
2026-07-10,202607090032688,VNDE1349995F2,06-2026,5000
2026-07-10,202607090032689,VND27E59B7639,7067,147000
2026-07-10,202607090032689,VND27E59B7639,7497,12000
2026-07-10,202607090032690,VNDEA8CF34391,5011,144500
2026-07-10,202607090032690,VNDEA8CF34391,5012,117000
2026-07-10,202607090032690,VNDEA8CF34391,5108,144500
2026-07-10,202607090032691,VND2E91F3F4EE,CIH05182026,20000
2026-07-10,202607090032692,VND091D8FB44C,00003754,45250
2026-07-10,202607090032692,VND091D8FB44C,00003787,45250
2026-07-10,202607090032692,VND091D8FB44C,00003788,47500
2026-07-10,202607090032692,VND091D8FB44C,00003789,30650
2026-07-10,202607090032692,VND091D8FB44C,00003790,83550
2026-07-10,202607090032692,VND091D8FB44C,00003791,42250
2026-07-10,202607090032692,VND091D8FB44C,00003792,18750
2026-07-10,202607090032692,VND091D8FB44C,00003793,35350
2026-07-10,202607090032692,VND091D8FB44C,00003796,53050
2026-07-10,202607090032692,VND091D8FB44C,00003797,29300
2026-07-10,202607090032692,VND091D8FB44C,00003798,34450
2026-07-10,202607090032692,VND091D8FB44C,00003801,60800
2026-07-10,202607090032692,VND091D8FB44C,00003803,37000
2026-07-10,202607090032692,VND091D8FB44C,00003804,61750
2026-07-10,202607090032692,VND091D8FB44C,00003805,69250
2026-07-10,202607090032692,VND091D8FB44C,00003819,25500
2026-07-10,202607090032692,VND091D8FB44C,00003820,54000
2026-07-10,202607090032692,VND091D8FB44C,00003821,34500
2026-07-10,202607090032692,VND091D8FB44C,00003822,12500
2026-07-10,202607090032692,VND091D8FB44C,00003831,54300
2026-07-10,202607090032692,VND091D8FB44C,00003832,43750
2026-07-10,202607090032692,VND091D8FB44C,00003851,59400
2026-07-10,202607090032693,VND1BEA6A7825,836371,637000
2026-07-10,202607090032693,VND1BEA6A7825,836373,637000
2026-07-10,202607090032693,VND1BEA6A7825,836375,551500
2026-07-10,202607090032693,VND1BEA6A7825,836376,73400
2026-07-10,202607090032693,VND1BEA6A7825,836379,220000
2026-07-10,202607090032693,VND1BEA6A7825,836381,275900
2026-07-10,202607090032693,VND1BEA6A7825,836461,316400
2026-07-10,202607090032693,VND1BEA6A7825,836503,63600
2026-07-10,202607090032693,VND1BEA6A7825,857213,4200
2026-07-10,202607090032693,VND1BEA6A7825,857214,43400
2026-07-10,202607090032693,VND1BEA6A7825,860334,43400
2026-07-10,202607090032693,VND1BEA6A7825,861641,23800
2026-07-10,202607090032693,VND1BEA6A7825,877991,95140
2026-07-10,202607090032694,VND794D57A462,202607-00152847,166500
2026-07-10,202607090032695,VND94D10D67EF,15940,25200
2026-07-10,202607090032695,VND94D10D67EF,15941,71614
2026-07-10,202607090032695,VND94D10D67EF,15942,170003
2026-07-10,202607090032696,VND15086B975C,06-2026-FINAL,90000
2026-07-10,202607090032697,VNDD5F62CD881,06-2026-FINAL,80000
2026-07-10,202607090032698,VND1532443A55,1344,449225
2026-07-10,202607090032699,VND4AA70FC421,HCG-4-A-491B-R,4167
2026-07-10,202607090032699,VND4AA70FC421,HCG-5-491B-R,147917
2026-07-10,202607090032700,VNDD59DE66BF9,14,1507500
2026-07-10,202607090032701,VND069C97C211,06-2026-FINAL,40000
2026-07-10,202607090032702,VNDF3E580A4CD,06-2026-FINAL,30000
2026-07-10,202607090032703,VND0148CCEC0D,INV29900,1800000
2026-07-10,202607090032704,VNDCE06EF9A86,56,30000
2026-07-10,202607090032705,VND6248B7B40F,00003753,7800
2026-07-10,202607090032705,VND6248B7B40F,00003762,26450
2026-07-10,202607090032705,VND6248B7B40F,00003763,12950
2026-07-10,202607090032705,VND6248B7B40F,00003764,12750
2026-07-10,202607090032705,VND6248B7B40F,00003765,8250
2026-07-10,202607090032705,VND6248B7B40F,00003766,1500
2026-07-10,202607090032705,VND6248B7B40F,00003767,6000
2026-07-10,202607090032705,VND6248B7B40F,00003799,14200
2026-07-10,202607090032705,VND6248B7B40F,00003800,29050
2026-07-10,202607090032705,VND6248B7B40F,00003802,4050
2026-07-10,202607090032705,VND6248B7B40F,00003806,5650
2026-07-10,202607090032705,VND6248B7B40F,00003807,3950
2026-07-10,202607090032705,VND6248B7B40F,00003808,3000
2026-07-10,202607090032705,VND6248B7B40F,00003873,7125
2026-07-10,202607090032705,VND6248B7B40F,00003874,4920
2026-07-10,202607090032705,VND6248B7B40F,00003875,23350
2026-07-10,202607090032705,VND6248B7B40F,00003876,3000
2026-07-10,202607090032705,VND6248B7B40F,00003877,750
2026-07-10,202607090032705,VND6248B7B40F,00003878,3000
2026-07-10,202607090032705,VND6248B7B40F,00003879,3750
2026-07-10,202607090032705,VND6248B7B40F,00003880,1500
2026-07-10,202607090032705,VND6248B7B40F,00003881,6750
2026-07-10,202607090032705,VND6248B7B40F,00003882,6000
2026-07-10,202607090032705,VND6248B7B40F,00003885,9000
2026-07-10,202607090032705,VND6248B7B40F,00003886,750
2026-07-10,202607090032706,VND141500B884,1023,185700
2026-07-10,202607090032706,VND141500B884,1025,58875
2026-07-10,202607090032707,VNDF91008D0A2,FBN5651679,34016952
2026-07-10,202607090032708,VND5CE5E321FF,2879,25000
2026-07-10,202607090032708,VND5CE5E321FF,2887,25000
2026-07-10,202607090032708,VND5CE5E321FF,2888,25000
2026-07-10,202607090032708,VND5CE5E321FF,2889,25000
2026-07-10,202607090032708,VND5CE5E321FF,2890,90000
2026-07-10,202607090032709,VNDDBF2F72770,11,67200
2026-07-10,202607090032710,VNDDB5BF5E9F1,391078,50800
2026-07-10,202607090032710,VNDDB5BF5E9F1,391079,51100
2026-07-10,202607090032710,VNDDB5BF5E9F1,391081,51750
2026-07-10,202607090032710,VNDDB5BF5E9F1,391083,39850
2026-07-10,202607090032710,VNDDB5BF5E9F1,391675,63800
2026-07-10,202607090032710,VNDDB5BF5E9F1,391676,40250
2026-07-10,202607090032710,VNDDB5BF5E9F1,391677,77500
2026-07-10,202607090032710,VNDDB5BF5E9F1,391678,56650
2026-07-10,202607090032710,VNDDB5BF5E9F1,391680,30450
2026-07-10,202607090032710,VNDDB5BF5E9F1,391681,54500
2026-07-10,202607090032710,VNDDB5BF5E9F1,391691,46750
2026-07-10,202607090032710,VNDDB5BF5E9F1,391692,35900
2026-07-10,202607090032710,VNDDB5BF5E9F1,391876,128150
2026-07-10,202607090032710,VNDDB5BF5E9F1,392402,45100
2026-07-10,202607090032710,VNDDB5BF5E9F1,392403,51300
2026-07-10,202607090032710,VNDDB5BF5E9F1,392404,27400
2026-07-10,202607090032710,VNDDB5BF5E9F1,392405,29800
2026-07-10,202607090032710,VNDDB5BF5E9F1,392407,31800
2026-07-10,202607090032710,VNDDB5BF5E9F1,392408,13500
2026-07-10,202607090032711,VNDD11A678B0D,JA 319195,5000
2026-07-10,202607090032711,VNDD11A678B0D,JA 319354,21800
2026-07-10,202607090032711,VNDD11A678B0D,JA 319355,5800
2026-07-10,202607090032711,VNDD11A678B0D,JA 319358,20000
2026-07-10,202607090032711,VNDD11A678B0D,JA 319359,8200
2026-07-10,202607090032711,VNDD11A678B0D,JA 319365,19800
2026-07-10,202607090032711,VNDD11A678B0D,JA 319366,15500
2026-07-10,202607090032712,VNDA6AC031C47,28304,2548000
2026-07-10,202607090032713,VND06FC4559A6,FC-COSSUP 2026-01,998100
2026-07-10,202607090032713,VND06FC4559A6,FC-YRP 2026-01,834900
2026-07-10,202607090032714,VNDF775FD2687,260605A,499000
2026-07-10,202607090032715,VND140F72E67F,09.19.364,28000
2026-07-10,202607090032715,VND140F72E67F,9.19.191,64000
2026-07-10,202607090032715,VND140F72E67F,9.19.22,64000
2026-07-10,202607090032715,VND140F72E67F,9.19.338,40000
2026-07-10,202607090032715,VND140F72E67F,9.19.342,40000
2026-07-10,202607090032715,VND140F72E67F,9.19.346,40000
2026-07-10,202607090032715,VND140F72E67F,9.19.352,40000
2026-07-10,202607090032715,VND140F72E67F,9.19.359,28000
2026-07-10,202607090032715,VND140F72E67F,9.19.360,28000
2026-07-10,202607090032715,VND140F72E67F,9.19.361,28000
2026-07-10,202607090032715,VND140F72E67F,9.19.363,28000
2026-07-10,202607090032715,VND140F72E67F,9.19.365,64000
2026-07-10,202607090032715,VND140F72E67F,9.19.366,64000
2026-07-10,202607090032715,VND140F72E67F,9.19.367,64000
2026-07-10,202607090032715,VND140F72E67F,9.19.368,64000
2026-07-10,202607090032715,VND140F72E67F,9.19.370,64000
2026-07-10,202607090032715,VND140F72E67F,9.19.371,64000
2026-07-10,202607090032715,VND140F72E67F,9.19.373,40000
2026-07-10,202607090032715,VND140F72E67F,9.19.374,16400
2026-07-10,202607090032715,VND140F72E67F,9.19.379,68400
2026-07-10,202607090032715,VND140F72E67F,9.19.381,40000
2026-07-10,202607090032715,VND140F72E67F,9.19.386,68400
2026-07-10,202607090032715,VND140F72E67F,9.19.388,40000
2026-07-10,202607090032715,VND140F72E67F,9.19.389,26000
2026-07-10,202607090032715,VND140F72E67F,9.19.393,54400
2026-07-10,202607090032715,VND140F72E67F,9.19.395,40000
2026-07-10,202607090032715,VND140F72E67F,9.19.396,28000
2026-07-10,202607090032715,VND140F72E67F,9.19.399,68400
2026-07-10,202607090032715,VND140F72E67F,9.19.400,180000
2026-07-10,202607090032715,VND140F72E67F,9.19.401,40000
2026-07-10,202607090032715,VND140F72E67F,9.19.402,28000
2026-07-10,202607090032715,VND140F72E67F,JUNE 2026 | CENTRAL,152000
2026-07-10,202607090032715,VND140F72E67F,NFS-FC-2026-05-005,810000
2026-07-10,202607090032716,VNDD193D2BFE3,20260623,123150
2026-07-10,202607090032717,VNDD31330C923,2604002241,3237000
2026-07-10,202607090032717,VNDD31330C923,2606003582,5492500
2026-07-10,202607090032718,VNDD8A1FA8F9B,JUNE22ND-0002,10000
2026-07-10,202607090032718,VNDD8A1FA8F9B,JUNE29TH-0004,10000
2026-07-10,202607090032719,VND0E91960115,9000252180,159274758
2026-07-10,202607090032720,VND9A46C0A564,WZ16039,2056175
2026-07-10,202607090032721,VND4EBEC43BBD,FC51826,20000
2026-07-10,202607090032722,VND2B535A4472,MH51526,20000
2026-07-10,202607090032723,VND0181DB35A7,NBP055192026,20000
2026-07-10,202607090032724,VNDF12F8D8886,AT6122026,20000
2026-07-10,202607090032725,VNDE2DEC2C4F1,2026-01,20000
2026-07-10,588924,VNDB461B8DB1D,25-3552-02 PD2,43000
2026-07-10,588925,VNDB461B8DB1D,26-3828-01,608810
2026-07-10,588926,VNDB461B8DB1D,26-3748PD,79839
2026-07-10,588927,VNDB461B8DB1D,26-3802 01,139326
2026-07-10,588928,VNDB461B8DB1D,26-3802 01BI,50000
2026-07-10,588929,VND3099A5EE5C,RES642,30000
2026-07-10,588930,VND3099A5EE5C,RES641,30000
2026-07-10,588933,VNDCA5E7047CB,000025146268,7412763
2026-07-10,588934,VNDCA5E7047CB,000025290748,79039
2026-07-10,588935,VNDCA5E7047CB,000024852285,79039
2026-07-10,588936,VNDCA5E7047CB,000025290751,3210124
2026-07-10,588937,VNDCA5E7047CB,000025290756,8041781
2026-07-10,588938,VNDCA5E7047CB,000025430344,398172
2026-07-10,588939,VNDCA5E7047CB,000025430346,79039
2026-07-10,588940,VNDCA5E7047CB,000025430349,3210124
2026-07-10,588941,VNDCA5E7047CB,000025430354,9169218
2026-07-10,588942,VNDCA5E7047CB,000025430361,7468036
2026-07-10,588943,VND514C75F48E,26172CF,199699
2026-07-10,588944,VND35ECFE71A8,04V-616-2026,15606
2026-07-10,588945,VNDCE98A2D254,26167CEMC,1966501
2026-07-10,588946,VNDAAE151AD7E,26170CFEMC,596077
2026-07-10,588948,VND3ABEB90E8B,00033-81306 06/28/2026,34319429
2026-07-10,588949,VND3ABEB90E8B,25871-87015 06/25/2026,8263
2026-07-10,588950,VND5A6AFDABD2,NTHD3Q19662500,142750
2026-07-10,588951,VND5A6AFDABD2,NTHE0Q19788449,47750
2026-07-10,588952,VND40F4F5F523,26176GSEMC,5782117
2026-07-10,588953,VND677CED2F09,26173CAW,934974
2026-07-10,588954,VND0E8D89AC7F,03F-616-2026,74000
2026-07-10,588955,VNDCF856FE354,RW08-616-2026,90000
2026-07-10,588956,VND6BF5EF30CC,RW12-616-2026,50000
2026-07-10,588957,VND5EF43EB199,02J-616-2026,100000
2026-07-10,588958,VNDE7DA06269F,01B-616-2026,210000
2026-07-10,588959,VNDE8DD1DF33F,SS02A-616-2026,255200
2026-07-10,588960,VND7C4595F28A,06N-616-2026,130000
2026-07-10,588961,VND6A956C9B9A,10G-616-2026,40000
2026-07-10,588962,VNDA4E5A4AE35,EP03A-616-2026,40000
2026-07-10,588963,VNDFBADD1B770,ML03-616-2026,100000
2026-07-10,588964,VNDDD1296A301,11N-616-2026,100000
2026-07-10,588965,VND60BF23E1E9,06-2026,5000
2026-07-10,588966,VND5A02823D7A,02F1-616-2026,80000
2026-07-10,588967,VND8E548CBE1A,710219,27000
2026-07-10,588967,VND8E548CBE1A,710220,197195
2026-07-10,588968,VND8E548CBE1A,710221,25500
2026-07-10,588968,VND8E548CBE1A,710222,181500
2026-07-10,588968,VND8E548CBE1A,710223,332123
2026-07-10,588968,VND8E548CBE1A,710224,436500
2026-07-10,588969,VNDF581108569,04S-616-2026,60000
2026-07-10,588970,VNDAD9D63C688,SC08J-616-2026,40000
2026-07-10,588971,VND12220F18D3,05-2026,5000
2026-07-10,588972,VND4C7B40D4EB,2059243000 06/29/2026,13366
2026-07-10,588973,VNDAE9340DAB9,SC05B-616-2026,35000
2026-07-10,588974,VNDBB892DE47F,8220 10 619 0003444-0626,919657
2026-07-10,588975,VND6CD40E221D,27483389-01,1379708
2026-07-10,588976,VND6CD40E221D,27483389-03,819791
2026-07-10,588977,VND6CD40E221D,27483389-04,3528774
2026-07-10,588978,VND6CD40E221D,27483389-05,18730
2026-07-10,588978,VND6CD40E221D,27483389-06,890762
2026-07-10,588979,VNDCD1067BA70,SC18A-616-2026,70000
2026-07-10,588980,VNDFC854FD5BF,I265008,86331
2026-07-10,588981,VNDF695E8B4D0,07F-616-2026,30000
2026-07-10,588982,VND311A4C246C,SC05D-616-2026,25000
2026-07-10,588983,VND92214A01ED,223276,1343330
2026-07-10,588984,VND2F460C8B41,02A1-616-2026,64000
2026-07-10,588985,VND485DCF64BF,FA01A-616-2026,310000
2026-07-10,588986,VND4DFB2CADAA,0026,1189555
2026-07-10,588987,VND3842D3F917,92699718,790000
2026-07-10,588988,VND55DB3F80BE,02A-616-2026,359000
2026-07-10,588989,VND01136069A6,06D1-616-2026,50000
2026-07-10,588990,VND24BEAEBBA5,03T-616-2026,75000
2026-07-10,588991,VNDB9C51F5260,04B-616-2026,400000
2026-07-10,588992,VND9D80304F96,09B-616-2026,50000
2026-07-10,588993,VNDE2C45A28BB,26165CSE,4590895
2026-07-10,588994,VND2234FE13CE,06-2026,5000
2026-07-10,588995,VND64313E049A,162190,224000
2026-07-10,588995,VND64313E049A,162191,12500
2026-07-10,588995,VND64313E049A,162192,61000
2026-07-10,588995,VND64313E049A,162193,230800
2026-07-10,588996,VND64313E049A,154213,799000
2026-07-10,588996,VND64313E049A,154214,189400
2026-07-10,588996,VND64313E049A,154215,219739
2026-07-10,588996,VND64313E049A,154216,150000
2026-07-10,588997,VND64313E049A,154217,236600
2026-07-10,588997,VND64313E049A,154218,640000
2026-07-10,588997,VND64313E049A,154219,579400
2026-07-10,588997,VND64313E049A,156135,111100
2026-07-10,588998,VNDBC41B8BC46,26174FCW,1524233
2026-07-10,588999,VND931520B18B,INV2248490,4674868
2026-07-10,588999,VND931520B18B,INV2248797,3544
2026-07-10,588999,VND931520B18B,INV2248902,26384
2026-07-10,589000,VNDDF643754FB,4985073-0073-5,104020
2026-07-10,589000,VNDDF643754FB,4991573-0073-6,104020
2026-07-10,589000,VNDDF643754FB,4998106-0073-8,104020
2026-07-10,589000,VNDDF643754FB,4998313-0073-0,5735
2026-07-10,589000,VNDDF643754FB,5003030-0073-0,5428
2026-07-10,589000,VNDDF643754FB,5004238-0073-8,1916439
2026-07-10,589000,VNDDF643754FB,5004883-0073-1,5735
2026-07-10,589001,VNDA2418467B0,AH1QM7Y,2180600
2026-07-10,589001,VNDA2418467B0,AH1RF3E,298860
2026-07-10,589001,VNDA2418467B0,AJ7TN6F,9000
2026-07-10,589001,VNDA2418467B0,AJ8587X,33690
2026-07-10,589001,VNDA2418467B0,AJ8PW9I,210350
2026-07-10,589001,VNDA2418467B0,AJ8SX2B,3151580
2026-07-10,589001,VNDA2418467B0,AJ8W25V,262400
2026-07-10,589002,VND3E3C11BF6B,202606381,556690
2026-07-10,589002,VND3E3C11BF6B,202606381-P,2801706
2026-07-10,589003,VNDA7D0312354,126583,127500
2026-07-10,589004,VNDAE5865DC86,5410871B,3677900
2026-07-10,589005,VNDDFE1970094,9588899,20597
2026-07-10,589005,VNDDFE1970094,9620421,53366
2026-07-10,589006,VNDF7769AF81A,CI-10001135,38000
2026-07-10,589007,VND3673840A9F,010126,3866700
2026-07-10,589007,VND3673840A9F,020126,3866700
2026-07-10,589007,VND3673840A9F,030126,3866700
2026-07-10,589007,VND3673840A9F,040126,3866700
2026-07-10,589007,VND3673840A9F,050126,3866700
2026-07-10,589008,VNDA699DEC0EF,9931360458,242720
2026-07-10,589009,VND55013646B8,BWRIGHT 7/8/2026-1,158854
2026-07-10,589010,VND4807F254AC,GRTA MAY 2026,97250
2026-07-10,589010,VND4807F254AC,MARTA MAY 2026,358765
2026-07-10,589011,VND4D8E936426,195164,642500
2026-07-10,589012,VND61CAE391B2,0626243959,280000
2026-07-10,589013,VNDA1EC64BD19,SGIWA 7/6/2026-1,39500
2026-07-10,589014,VND67B45B1471,1422331,8150
2026-07-10,589014,VND67B45B1471,1427577,21500
2026-07-10,589014,VND67B45B1471,1427578,21500
2026-07-10,589015,VND8986D4E750,435495,18929
2026-07-10,589015,VND8986D4E750,435616,7785
2026-07-10,589015,VND8986D4E750,772281,18558
2026-07-10,589015,VND8986D4E750,772610,3130
2026-07-10,589016,VND662C37CB2B,DE-33508,13192700
2026-07-10,589017,VNDBD2279CCDC,183057-01,596000
2026-07-10,589018,VND791C0E2E58,RGEORGE 07-02-2026-1,148466
2026-07-10,589018,VND791C0E2E58,RGEORGE 07-02-2026-2,107470
2026-07-10,589019,VNDC99ACAC5D6,BPHILPOT 7/8/2026-4,68800
2026-07-10,589019,VNDC99ACAC5D6,BZACKARY 7/8/2026-3,116100
2026-07-10,589019,VNDC99ACAC5D6,JASBURY 7/8/2026-1,4300
2026-07-10,589019,VNDC99ACAC5D6,PHARRIS 7/8/2026-2,19350
2026-07-10,589020,VND2CCC0D3EA8,5312026,3335250
2026-07-10,589021,VND13F4E4EC94,05-2026,5000
2026-07-10,589022,VNDCE91BB0F60,16NV-V3H6-369H,118030
2026-07-10,589022,VNDCE91BB0F60,1MMJ-61LL-NRPH,10044
2026-07-10,589022,VNDCE91BB0F60,1NFC-GDJ9-DL7V,111781
2026-07-10,589022,VNDCE91BB0F60,1PM7-TRGW-HD9H,5794
2026-07-10,589022,VNDCE91BB0F60,1XDX-9W3T-WYT3,19900
2026-07-10,589023,VNDF8496F0D65,853385171,888385
2026-07-10,589023,VNDF8496F0D65,853787435,523998
2026-07-10,589024,VNDF8496F0D65,853673346,169874
2026-07-10,589024,VNDF8496F0D65,853798216,287477
2026-07-10,589025,VND5FEB39301D,KR2614,220000
2026-07-10,589026,VNDAC1730CAA2,7175616670965,3499
2026-07-10,589026,VNDAC1730CAA2,7175616670969,3499
2026-07-10,589026,VNDAC1730CAA2,7175616971068,38485
2026-07-10,589026,VNDAC1730CAA2,7175617371176,15034
2026-07-10,589026,VNDAC1730CAA2,7175617371183,20434
2026-07-10,589026,VNDAC1730CAA2,7175617384612,3499
2026-07-10,589026,VNDAC1730CAA2,7175617484630,18785
2026-07-10,589026,VNDAC1730CAA2,7175617547616,16883
2026-07-10,589026,VNDAC1730CAA2,7175617571216,16883
2026-07-10,589026,VNDAC1730CAA2,9612617608052,7008
2026-07-10,589026,VNDAC1730CAA2,9612617652234,21960
2026-07-10,589027,VNDC26CBD9428,03-2026WM,62580
2026-07-10,589027,VNDC26CBD9428,05-2026,5000
2026-07-10,589027,VNDC26CBD9428,06-2026,5000
2026-07-10,589028,VND12220F18D3,06-2026,5000
2026-07-10,589029,VNDFDE2D8EF5D,260611121080003,552365
2026-07-10,589030,VNDC842B9877A,20260701,2531463
2026-07-10,589031,VNDA36F7E3527,16 FCNP,4490629
2026-07-10,589031,VNDA36F7E3527,17 FCNP,1463335
2026-07-10,589032,VND90233F5FB4,1250792,13384430
2026-07-10,589032,VND90233F5FB4,1252429,196000
2026-07-10,589032,VND90233F5FB4,1258656,7552170
2026-07-10,589032,VND90233F5FB4,1259171,689500
2026-07-10,589033,VND6EF0D9512C,05-2026,20000
2026-07-10,589034,VND7A175E7D9A,41175,1278000
2026-07-10,589034,VND7A175E7D9A,41177,5578500
2026-07-10,589034,VND7A175E7D9A,41178,60
2026-07-10,589034,VND7A175E7D9A,41180,1538255
2026-07-10,589034,VND7A175E7D9A,41182,124500
2026-07-10,589034,VND7A175E7D9A,41184,115000
2026-07-10,589034,VND7A175E7D9A,41185,32000
2026-07-10,589034,VND7A175E7D9A,41187,118000
2026-07-10,589034,VND7A175E7D9A,41188,1784000
2026-07-10,589034,VND7A175E7D9A,41271,48400
2026-07-10,589035,VND07A411811E,EJ-INV-4856,2610441
2026-07-10,589036,VNDC181C1D9FA,63005475,50500
2026-07-10,589037,VNDA54E5835EA,INV001354,6720
2026-07-10,589038,VNDFD77438BEB,LCCM6102026,20000
2026-07-10,589039,VND8C5F7AEBD6,VNHS26G-05,1490636
2026-07-10,589039,VND8C5F7AEBD6,VNHS26O-05,8099167
2026-07-10,589040,VND88A55B5D96,303,60000
2026-07-10,589041,VNDC693D82E8B,SVC/266-1508515,248000
2026-07-10,589042,VNDCC0D8FF90F,124392007,1215626
2026-07-10,589043,VND40EAC93F35,SE0006478,109800
2026-07-10,589043,VND40EAC93F35,SE0006479,95900
2026-07-10,589043,VND40EAC93F35,SE0006480,151500
2026-07-10,589043,VND40EAC93F35,SE0006518,82000
2026-07-10,589044,VNDC998126218,3204264937,95903
2026-07-10,589045,VND7A4C00973E,FC042326B,168400
2026-07-10,589045,VND7A4C00973E,FC051326,204000
2026-07-10,589045,VND7A4C00973E,FC052226,136000
2026-07-10,589045,VND7A4C00973E,FC052726A,188300
2026-07-10,589046,VND3E92644E58,1901400,16791
2026-07-10,589046,VND3E92644E58,1903291,7414
2026-07-10,589047,VND546951421B,0463,72000
2026-07-10,589047,VND546951421B,0464,389400
2026-07-10,589047,VND546951421B,0465,48000
2026-07-10,589047,VND546951421B,0466,263500
2026-07-10,589048,VND10AFD6E7EE,INUS356799,255000
2026-07-10,589049,VNDEDE449D432,2030805,66000
2026-07-10,589050,VNDCD33F02DF6,060226,20000
2026-07-10,589051,VNDA1C34BB769,3883586114,1786145
2026-07-10,589052,VNDCE6531BB26,8611405,211637
2026-07-10,589053,VNDBE94AC1C90,274168,21000
2026-07-10,589053,VNDBE94AC1C90,274960,21000
2026-07-10,589053,VNDBE94AC1C90,274961,21000
2026-07-10,589053,VNDBE94AC1C90,275060,21000
2026-07-10,589053,VNDBE94AC1C90,275406,21000
2026-07-10,589054,VND24832F22AF,TR114463,7739500
2026-07-10,589055,VND8CFF1DF03C,060126,27500
2026-07-10,589056,VND075DF25E9C,2286047,7551321
2026-07-10,589057,VNDA6E6F1A471,2432279169,46130
2026-07-10,589058,VND84D5E6AE2F,66152324,380000
2026-07-10,589058,VND84D5E6AE2F,66152325,500000
2026-07-10,589058,VND84D5E6AE2F,66152328,240000
2026-07-10,589058,VND84D5E6AE2F,66249613,315875
2026-07-10,589058,VND84D5E6AE2F,66271399,218500
2026-07-10,589058,VND84D5E6AE2F,66318197,380000
2026-07-10,589058,VND84D5E6AE2F,66364044,380000
2026-07-10,589058,VND84D5E6AE2F,66381513,304000
2026-07-10,589059,VND60CC114C5E,114149,264650
2026-07-10,589059,VND60CC114C5E,115082,387275
2026-07-10,589059,VND60CC114C5E,115831,776808
2026-07-10,589059,VND60CC114C5E,115883,146848
2026-07-10,589060,VND04D4343FD8,CD20251015,7000
2026-07-10,589061,VND3C02DA6D85,IN2316404,134668
2026-07-10,589062,VND620CD9FEE6,4236507,13600
2026-07-10,589063,VNDA914FEA113,INVORB-11166,2300000
2026-07-10,589064,VND66B9544700,39862,394649
2026-07-10,589065,VND31255B9500,IN00158535,80350
2026-07-10,589066,VND1E76DE20DD,9022-26,244375
2026-07-10,589067,VNDE73E2D9E9C,97028448,7434
2026-07-10,589067,VNDE73E2D9E9C,97028449,10184
2026-07-10,589067,VNDE73E2D9E9C,97028450,1359
2026-07-10,589067,VNDE73E2D9E9C,97038429,1958
2026-07-10,589067,VNDE73E2D9E9C,97038430,7314
2026-07-10,589067,VNDE73E2D9E9C,97038431,167889
2026-07-10,589067,VNDE73E2D9E9C,97073939,6318
2026-07-10,589067,VNDE73E2D9E9C,97090589,7540
2026-07-10,589067,VNDE73E2D9E9C,97103440,5879
2026-07-10,589067,VNDE73E2D9E9C,97103441,12093
2026-07-10,589067,VNDE73E2D9E9C,97103442,62819
2026-07-10,589067,VNDE73E2D9E9C,97103443,13460
2026-07-10,589067,VNDE73E2D9E9C,97103445,14711
2026-07-10,589067,VNDE73E2D9E9C,97103446,1779
2026-07-10,589067,VNDE73E2D9E9C,97142092,151888
2026-07-10,589067,VNDE73E2D9E9C,97142093,3978
2026-07-10,589067,VNDE73E2D9E9C,97160901,8096
2026-07-10,589067,VNDE73E2D9E9C,97160902,3059
2026-07-10,589067,VNDE73E2D9E9C,97189723,9322
2026-07-10,589067,VNDE73E2D9E9C,97197773,1726
2026-07-10,589067,VNDE73E2D9E9C,97197775,2491
2026-07-10,589067,VNDE73E2D9E9C,97197780,4953
2026-07-10,589067,VNDE73E2D9E9C,97197781,9795
2026-07-10,589067,VNDE73E2D9E9C,97197782,19053
2026-07-10,589067,VNDE73E2D9E9C,97197783,4170
2026-07-10,589068,VND8A5763FDDB,SIDXT0009642,3019250
2026-07-10,589069,VNDCB67F85BB2,110353655,596079
2026-07-10,589069,VNDCB67F85BB2,111596693,933702
2026-07-10,589069,VNDCB67F85BB2,113536269,1010579
2026-07-10,589070,VND4BE0418808,52026,1858500
2026-07-10,589071,VNDF54B117302,1007735,2602430
2026-07-10,589071,VNDF54B117302,1020732,68500
2026-07-10,589071,VNDF54B117302,1020734,100000
2026-07-10,589071,VNDF54B117302,1020770,37800
2026-07-10,589071,VNDF54B117302,1025717,30000
2026-07-10,589071,VNDF54B117302,1030803,92610
2026-07-10,589071,VNDF54B117302,1033019,2602430
2026-07-10,589071,VNDF54B117302,1036023,26460
2026-07-10,589071,VNDF54B117302,1036082,39690
2026-07-10,589071,VNDF54B117302,1036084,132300
2026-07-10,589072,VND42541D8DD7,41066,60400
2026-07-10,589073,VNDFF3DA30B3F,75ST47839575,163400
2026-07-10,589073,VNDFF3DA30B3F,75ST48315866,35500
2026-07-10,589073,VNDFF3DA30B3F,75ST48315974,35500
2026-07-10,589074,VNDFF3DA30B3F,75ST45792277,53000
2026-07-10,589074,VNDFF3DA30B3F,75ST46571431,26500
2026-07-10,589074,VNDFF3DA30B3F,75ST46965089,28500
2026-07-10,589074,VNDFF3DA30B3F,75ST47076323,55000
2026-07-10,589074,VNDFF3DA30B3F,75ST47450306,40000
2026-07-10,589074,VNDFF3DA30B3F,75ST47450809,40000
2026-07-10,589074,VNDFF3DA30B3F,75ST47681721,36000
2026-07-10,589074,VNDFF3DA30B3F,75ST47705578,35500
2026-07-10,589074,VNDFF3DA30B3F,75ST47731051,74928
2026-07-10,589074,VNDFF3DA30B3F,75ST47966864,20500
2026-07-10,589074,VNDFF3DA30B3F,75ST47966926,35500
2026-07-10,589074,VNDFF3DA30B3F,75ST48159948,44000
2026-07-10,589074,VNDFF3DA30B3F,75ST48160206,35500
2026-07-10,589074,VNDFF3DA30B3F,75ST48168535,36000
2026-07-10,589074,VNDFF3DA30B3F,75ST48226135,20500
2026-07-10,589074,VNDFF3DA30B3F,75ST48235673,17500
2026-07-10,589074,VNDFF3DA30B3F,75ST48250016,20500
2026-07-10,589074,VNDFF3DA30B3F,75ST48250073,27500
2026-07-10,589074,VNDFF3DA30B3F,75ST48273622,20500
2026-07-10,589074,VNDFF3DA30B3F,75ST48273660,28000
2026-07-10,589074,VNDFF3DA30B3F,75ST48314309,20500
2026-07-10,589074,VNDFF3DA30B3F,75ST48315894,44500
2026-07-10,589074,VNDFF3DA30B3F,75ST48317690,138500
2026-07-10,589074,VNDFF3DA30B3F,75ST48346516,35500
2026-07-10,589074,VNDFF3DA30B3F,75ST48347639,17500
2026-07-10,589075,VNDDF97B06E38,034910156,5203
2026-07-10,589075,VNDDF97B06E38,035517615,11612
2026-07-10,589075,VNDDF97B06E38,035517634,5644
2026-07-10,589075,VNDDF97B06E38,035517635,2822
2026-07-10,589076,VND6181B5C8DD,17527,29000
2026-07-10,589077,VND0F1CD3F09D,007-25ITB146749K1-DB,23859000
2026-07-10,589078,VND4FB522CFB2,54232,20000
2026-07-10,589079,VNDFCC464C80C,CN-095-1,149600
2026-07-10,589080,VND9BEF4E465E,M30090273,6865171
2026-07-10,589080,VND9BEF4E465E,M30090274,925
2026-07-10,589080,VND9BEF4E465E,M30090275,12600
2026-07-10,589080,VND9BEF4E465E,M30090276,784385
2026-07-10,589081,VND10CAED0FED,SGJUN26,60000
2026-07-10,589082,VND9082EFC5B7,07-2026,150000
2026-07-10,589083,VND196C9E0748,IN-042664,2785587
2026-07-10,589083,VND196C9E0748,IN-043108,2678839
2026-07-10,589084,VND76C62DE0E6,10583270,825000
2026-07-10,589085,VND6FA005D0C7,012527,30000
2026-07-10,589086,VNDBF11CE0D17,64148,81000
2026-07-10,589087,VNDA3B442119E,5020047851,130200
2026-07-10,589088,VND7348AF7B11,07-2026,150000
2026-07-10,589089,VND106F55C248,94000,16250000
2026-07-10,589090,VNDFF1CE5C7DB,36804,87625
2026-07-10,589091,VNDEFEF99EFB7,18555093,21726366
2026-07-10,589091,VNDEFEF99EFB7,18555096,529765
2026-07-10,589091,VNDEFEF99EFB7,18555106,1264977
2026-07-10,589091,VNDEFEF99EFB7,18563888,57335247
2026-07-10,589091,VNDEFEF99EFB7,18563889,15852060
2026-07-10,589092,VNDE9048789A6,GASCJA-KC042926,5000
2026-07-10,589092,VNDE9048789A6,GASCJA-MH062926,5000
2026-07-10,589093,VNDB066D07E64,8DA58CB1-0030,250000
2026-07-10,589094,VNDD56A80F43F,#1204-97*/05,67375
2026-07-10,589095,VND4EBCF84A49,001,37500
2026-07-10,589096,VND8B3A18FD4A,07-2026,150000
2026-07-10,589097,VNDFCBB29A043,2606185,32036
2026-07-10,589098,VNDFF98C86D72,60639351,2293562
2026-07-10,589099,VNDF7B406F04D,RP05192026,20000
2026-07-10,589100,VNDCA02802F49,INV140825,551160
2026-07-10,589101,VNDB643AD9144,000014,40000
2026-07-10,589102,VND5A5D227DF0,0000X16W12015,6097
2026-07-10,589102,VND5A5D227DF0,0000X16W12175,1719
2026-07-10,589102,VND5A5D227DF0,0000X16W12375,7225
2026-07-10,589103,VND148C01B083,000247,13000
2026-07-13,202607090032554,VNDB03A9E410E,25EV006251,-2000000
2026-07-13,589168,VNDB03A9E410E,25EV006251,2000000
2026-07-16,588961,VND6A956C9B9A,10G-616-2026,-40000
2026-07-16,589173,VNDE00DF17C15,0000427298-1,395
2026-07-16,589173,VNDE00DF17C15,0023046,5500
2026-07-16,589173,VNDE00DF17C15,0023061,5500
2026-07-16,589173,VNDE00DF17C15,006 4265405714,4500
2026-07-16,589173,VNDE00DF17C15,0062423122539,31020
2026-07-16,589173,VNDE00DF17C15,0062423815140,65979
2026-07-16,589173,VNDE00DF17C15,0062426162959,85680
2026-07-16,589173,VNDE00DF17C15,0062427198712,101681
2026-07-16,589173,VNDE00DF17C15,0062430023374,105179
2026-07-16,589173,VNDE00DF17C15,0062430290086,72996
2026-07-16,589173,VNDE00DF17C15,0062430359534,30681
2026-07-16,589173,VNDE00DF17C15,0062431378282,100680
2026-07-16,589173,VNDE00DF17C15,0062431748574,86879
2026-07-16,589173,VNDE00DF17C15,0062432312053,21781
2026-07-16,589173,VNDE00DF17C15,0062432696051,59780
2026-07-16,589173,VNDE00DF17C15,0062433103661,43080
2026-07-16,589173,VNDE00DF17C15,0062433347519,93881
2026-07-16,589173,VNDE00DF17C15,0062433500935,29680
2026-07-16,589173,VNDE00DF17C15,0062433571337,93881
2026-07-16,589173,VNDE00DF17C15,0062434558501,93881
2026-07-16,589173,VNDE00DF17C15,0062434871190,93881
2026-07-16,589173,VNDE00DF17C15,0062434950112,93881
2026-07-16,589173,VNDE00DF17C15,0062435365355,47840
2026-07-16,589173,VNDE00DF17C15,0062435365356,47840
2026-07-16,589173,VNDE00DF17C15,0062435576508,95681
2026-07-16,589173,VNDE00DF17C15,0062435617520,15679
2026-07-16,589173,VNDE00DF17C15,0062435677244,89680
2026-07-16,589173,VNDE00DF17C15,0062435722356,95681
2026-07-16,589173,VNDE00DF17C15,0062435899033,90680
2026-07-16,589173,VNDE00DF17C15,0062435946177,15679
2026-07-16,589173,VNDE00DF17C15,0062436371743,40880
2026-07-16,589173,VNDE00DF17C15,0062436465743,45340
2026-07-16,589173,VNDE00DF17C15,0062436778158,63279
2026-07-16,589173,VNDE00DF17C15,0062436778159,63279
2026-07-16,589173,VNDE00DF17C15,0062437179367,33580
2026-07-16,589173,VNDE00DF17C15,0062438054129,65780
2026-07-16,589173,VNDE00DF17C15,0062438688438,24681
2026-07-16,589173,VNDE00DF17C15,0062438812275,47780
2026-07-16,589173,VNDE00DF17C15,0064266135222-1,4500
2026-07-16,589173,VNDE00DF17C15,0067493652904,35840
2026-07-16,589173,VNDE00DF17C15,0067493655336,43840
2026-07-16,589173,VNDE00DF17C15,0067496330241,23679
2026-07-16,589173,VNDE00DF17C15,0079- 7501- 5410,8250
2026-07-16,589173,VNDE00DF17C15,01621067917184,26080
2026-07-16,589173,VNDE00DF17C15,020-159692A,18500
2026-07-16,589173,VNDE00DF17C15,0796,494400
2026-07-16,589173,VNDE00DF17C15,1000188038,105435
2026-07-16,589173,VNDE00DF17C15,1000188039,105435
2026-07-16,589173,VNDE00DF17C15,1000188040,123435
2026-07-16,589173,VNDE00DF17C15,1000347702,145800
2026-07-16,589173,VNDE00DF17C15,1000347752,169800
2026-07-16,589173,VNDE00DF17C15,1000395,114684
2026-07-16,589173,VNDE00DF17C15,1000422,114684
2026-07-16,589173,VNDE00DF17C15,115836,31024
2026-07-16,589173,VNDE00DF17C15,1174296,113544
2026-07-16,589173,VNDE00DF17C15,1174297,113544
2026-07-16,589173,VNDE00DF17C15,1177311,113544
2026-07-16,589173,VNDE00DF17C15,118366,32184
2026-07-16,589173,VNDE00DF17C15,119119,38664
2026-07-16,589173,VNDE00DF17C15,119137,29800
2026-07-16,589173,VNDE00DF17C15,121625484698,15000
2026-07-16,589173,VNDE00DF17C15,121625508706,40000
2026-07-16,589173,VNDE00DF17C15,122006600093,27320
2026-07-16,589173,VNDE00DF17C15,122006916494,19166
2026-07-16,589173,VNDE00DF17C15,122006920581,22850
2026-07-16,589173,VNDE00DF17C15,12236,454300
2026-07-16,589173,VNDE00DF17C15,1322139,212505
2026-07-16,589173,VNDE00DF17C15,1680926,136416
2026-07-16,589173,VNDE00DF17C15,1693800-1,136416
2026-07-16,589173,VNDE00DF17C15,16N10654702,17900
2026-07-16,589173,VNDE00DF17C15,1702728,38080
2026-07-16,589173,VNDE00DF17C15,1712-3705,471750
2026-07-16,589173,VNDE00DF17C15,17279399,169006
2026-07-16,589173,VNDE00DF17C15,183930491,27000
2026-07-16,589173,VNDE00DF17C15,18A7DC2-FFB8-4E24-81F6-BC01B,13000
2026-07-16,589173,VNDE00DF17C15,200004640,52000
2026-07-16,589173,VNDE00DF17C15,200052509,76000
2026-07-16,589173,VNDE00DF17C15,202093,87500
2026-07-16,589173,VNDE00DF17C15,202096,87500
2026-07-16,589173,VNDE00DF17C15,21135,47500
2026-07-16,589173,VNDE00DF17C15,2126957 A,96892
2026-07-16,589173,VNDE00DF17C15,21862136,20255
2026-07-16,589173,VNDE00DF17C15,228440202,144794
2026-07-16,589173,VNDE00DF17C15,24692166114408960095412,36035
2026-07-16,589173,VNDE00DF17C15,26061016491482721143,67500
2026-07-16,589173,VNDE00DF17C15,26061016564374744778,67500
2026-07-16,589173,VNDE00DF17C15,26061017110442853310,67500
2026-07-16,589173,VNDE00DF17C15,26061220355168182120,67500
2026-07-16,589173,VNDE00DF17C15,2932337394,14626
2026-07-16,589173,VNDE00DF17C15,2932349400,14626
2026-07-16,589173,VNDE00DF17C15,2932349402,14626
2026-07-16,589173,VNDE00DF17C15,3014,210000
2026-07-16,589173,VNDE00DF17C15,3017,44290
2026-07-16,589173,VNDE00DF17C15,3018,44290
2026-07-16,589173,VNDE00DF17C15,3427872387,33000
2026-07-16,589173,VNDE00DF17C15,3427872387-1,1500
2026-07-16,589173,VNDE00DF17C15,343265,19163
2026-07-16,589173,VNDE00DF17C15,3439529519,34500
2026-07-16,589173,VNDE00DF17C15,3478227292,56943
2026-07-16,589173,VNDE00DF17C15,358471-1,430000
2026-07-16,589173,VNDE00DF17C15,365074,20800
2026-07-16,589173,VNDE00DF17C15,37326-6683-SAMIR ABDULLAHI,97704
2026-07-16,589173,VNDE00DF17C15,3770981 B,24000
2026-07-16,589173,VNDE00DF17C15,3770981 B-1,22800
2026-07-16,589173,VNDE00DF17C15,3770981 B-2,69588
2026-07-16,589173,VNDE00DF17C15,3845,183600
2026-07-16,589173,VNDE00DF17C15,38618542,7500
2026-07-16,589173,VNDE00DF17C15,3FJGB1,10054
2026-07-16,589173,VNDE00DF17C15,41479664,32062
2026-07-16,589173,VNDE00DF17C15,418208 A,49743
2026-07-16,589173,VNDE00DF17C15,418265 A,49743
2026-07-16,589173,VNDE00DF17C15,42964-66704-SHANTIA JONES,34325
2026-07-16,589173,VNDE00DF17C15,43087-66704-KEISHA BENJAMIN,34325
2026-07-16,589173,VNDE00DF17C15,44803767,36910
2026-07-16,589173,VNDE00DF17C15,45181882,36060
2026-07-16,589173,VNDE00DF17C15,473075,115020
2026-07-16,589173,VNDE00DF17C15,473091,115020
2026-07-16,589173,VNDE00DF17C15,480273,150770
2026-07-16,589173,VNDE00DF17C15,51007 46132,105936
2026-07-16,589173,VNDE00DF17C15,51065-46132-PATRICK LABAT,118736
2026-07-16,589173,VNDE00DF17C15,51070,109125
2026-07-16,589173,VNDE00DF17C15,51134 46132,105936
2026-07-16,589173,VNDE00DF17C15,51256 46132,105936
2026-07-16,589173,VNDE00DF17C15,5126148508820632,22388
2026-07-16,589173,VNDE00DF17C15,5136155671074449,22200
2026-07-16,589173,VNDE00DF17C15,5262163771963,31880
2026-07-16,589173,VNDE00DF17C15,5262165522925,32780
2026-07-16,589173,VNDE00DF17C15,5262166619159,85640
2026-07-16,589173,VNDE00DF17C15,5262166619159 - 1,2900
2026-07-16,589173,VNDE00DF17C15,54772,57500
2026-07-16,589173,VNDE00DF17C15,591797446,44800
2026-07-16,589173,VNDE00DF17C15,592051175,67200
2026-07-16,589173,VNDE00DF17C15,592203807,44800
2026-07-16,589173,VNDE00DF17C15,592331504,67200
2026-07-16,589173,VNDE00DF17C15,6302469701,57760
2026-07-16,589173,VNDE00DF17C15,6302469701-1,116212
2026-07-16,589173,VNDE00DF17C15,6834455,60000
2026-07-16,589173,VNDE00DF17C15,6834455-2,5000
2026-07-16,589173,VNDE00DF17C15,6855987,15750
2026-07-16,589173,VNDE00DF17C15,69177156,37400
2026-07-16,589173,VNDE00DF17C15,69209442,37400
2026-07-16,589173,VNDE00DF17C15,72397,92000
2026-07-16,589173,VNDE00DF17C15,74609056126100004436944,525200
2026-07-16,589173,VNDE00DF17C15,752262405,44964
2026-07-16,589173,VNDE00DF17C15,793453149,55000
2026-07-16,589173,VNDE00DF17C15,83ZDQZKVV,72470
2026-07-16,589173,VNDE00DF17C15,873421.00,65000
2026-07-16,589173,VNDE00DF17C15,8LNC6Y8LPPW,51500
2026-07-16,589173,VNDE00DF17C15,90137,113544
2026-07-16,589173,VNDE00DF17C15,90179003263,118767
2026-07-16,589173,VNDE00DF17C15,90179360953,72511
2026-07-16,589173,VNDE00DF17C15,90180165401,34077
2026-07-16,589173,VNDE00DF17C15,90180360994,58512
2026-07-16,589173,VNDE00DF17C15,90180842215,79203
2026-07-16,589173,VNDE00DF17C15,92QFS8KPB,11500
2026-07-16,589173,VNDE00DF17C15,9402,18900
2026-07-16,589173,VNDE00DF17C15,9403,18900
2026-07-16,589173,VNDE00DF17C15,9406,18900
2026-07-16,589173,VNDE00DF17C15,94892,68000
2026-07-16,589173,VNDE00DF17C15,95270.00,39000
2026-07-16,589173,VNDE00DF17C15,99700,17312
2026-07-16,589173,VNDE00DF17C15,CS3051536,269500
2026-07-16,589173,VNDE00DF17C15,CS3051718,259500
2026-07-16,589173,VNDE00DF17C15,CS3051719,299500
2026-07-16,589173,VNDE00DF17C15,FA1FF1-95B6-4B63-8F39-53AEBB,13000
2026-07-16,589173,VNDE00DF17C15,FSNSWV4M3VD,51500
2026-07-16,589173,VNDE00DF17C15,G6FTMPZ3H,72470
2026-07-16,589173,VNDE00DF17C15,GJYDRX5ZW,72470
2026-07-16,589173,VNDE00DF17C15,GNLV166587884,14125
2026-07-16,589173,VNDE00DF17C15,INV04294496,219500
2026-07-16,589173,VNDE00DF17C15,K5NXY8WC6KF,51500
2026-07-16,589173,VNDE00DF17C15,LF4H5M,69396
2026-07-16,589173,VNDE00DF17C15,M4879894127,20000
2026-07-16,589173,VNDE00DF17C15,M4879894127-1,462
2026-07-16,589173,VNDE00DF17C15,P-666D4F6A5958576A6C716D465A,30398
2026-07-16,589173,VNDE00DF17C15,QWZ-49PL-RTG4-WY2E-7ZSL-33R-,80000
2026-07-16,589173,VNDE00DF17C15,R55154,53000
2026-07-16,589173,VNDE00DF17C15,RR638CB91,63628
2026-07-16,589173,VNDE00DF17C15,TRNZNC2QS22,10000
2026-07-16,589173,VNDE00DF17C15,XGH6RM,69396
2026-07-16,589173,VNDE00DF17C15,XWN2KPXYQR2,51500
2026-07-16,589174,VNDE00DF17C15,000069,87500
2026-07-16,589174,VNDE00DF17C15,000258,9925
2026-07-16,589174,VNDE00DF17C15,000511871,21000
2026-07-16,589174,VNDE00DF17C15,001,24757
2026-07-16,589174,VNDE00DF17C15,001113,112764
2026-07-16,589174,VNDE00DF17C15,002359-1,9303
2026-07-16,589174,VNDE00DF17C15,002516,19698
2026-07-16,589174,VNDE00DF17C15,002876,44975
2026-07-16,589174,VNDE00DF17C15,006044,3699
2026-07-16,589174,VNDE00DF17C15,008695268952,15596
2026-07-16,589174,VNDE00DF17C15,01-003203-01-060758,45000
2026-07-16,589174,VNDE00DF17C15,0109157,11000
2026-07-16,589174,VNDE00DF17C15,0130 00019 61085-1,-13188
2026-07-16,589174,VNDE00DF17C15,0130 00019 61119,9588
2026-07-16,589174,VNDE00DF17C15,0130 00054 54673,13188
2026-07-16,589174,VNDE00DF17C15,0149 00003 33773,1694
2026-07-16,589174,VNDE00DF17C15,0152,33200
2026-07-16,589174,VNDE00DF17C15,0159 00017 72466,29894
2026-07-16,589174,VNDE00DF17C15,0159 00017 74258,32555
2026-07-16,589174,VNDE00DF17C15,0159 017 72458-1,-32555
2026-07-16,589174,VNDE00DF17C15,0178 90 51947,11981
2026-07-16,589174,VNDE00DF17C15,02074,178849
2026-07-16,589174,VNDE00DF17C15,02076,57008
2026-07-16,589174,VNDE00DF17C15,0233988,3275
2026-07-16,589174,VNDE00DF17C15,0256B,33261
2026-07-16,589174,VNDE00DF17C15,026442,40500
2026-07-16,589174,VNDE00DF17C15,031730,2235
2026-07-16,589174,VNDE00DF17C15,0326243478,60000
2026-07-16,589174,VNDE00DF17C15,04871-35464702,11999
2026-07-16,589174,VNDE00DF17C15,04888 -41026765,14990
2026-07-16,589174,VNDE00DF17C15,0503 4TR 048 892,2318
2026-07-16,589174,VNDE00DF17C15,052664,5000
2026-07-16,589174,VNDE00DF17C15,060479/8624225,31766
2026-07-16,589174,VNDE00DF17C15,06628,5000
2026-07-16,589174,VNDE00DF17C15,068296,1290
2026-07-16,589174,VNDE00DF17C15,092832034633-1,6300
2026-07-16,589174,VNDE00DF17C15,096256,2580
2026-07-16,589174,VNDE00DF17C15,0990MSFFC1-2,136595
2026-07-16,589174,VNDE00DF17C15,09914,6000
2026-07-16,589174,VNDE00DF17C15,099163,1195
2026-07-16,589174,VNDE00DF17C15,099228,2420
2026-07-16,589174,VNDE00DF17C15,0E0325409A703343,1868
2026-07-16,589174,VNDE00DF17C15,0KC-QRF,63212
2026-07-16,589174,VNDE00DF17C15,0TR-WKM,27734
2026-07-16,589174,VNDE00DF17C15,0U3-VWC,61285
2026-07-16,589174,VNDE00DF17C15,1000011255,10000
2026-07-16,589174,VNDE00DF17C15,10001483386506,27500
2026-07-16,589174,VNDE00DF17C15,10001484534119,27500
2026-07-16,589174,VNDE00DF17C15,101227040607,53104
2026-07-16,589174,VNDE00DF17C15,101227509010,6880
2026-07-16,589174,VNDE00DF17C15,10298,59800
2026-07-16,589174,VNDE00DF17C15,10414974269,6000
2026-07-16,589174,VNDE00DF17C15,10418810935,7892
2026-07-16,589174,VNDE00DF17C15,10418810935-1,-7892
2026-07-16,589174,VNDE00DF17C15,107214,2000
2026-07-16,589174,VNDE00DF17C15,11-92622228-2186613,36351
2026-07-16,589174,VNDE00DF17C15,111-0132550-1790677-1,-1101
2026-07-16,589174,VNDE00DF17C15,111-0132550-1790677-2,-1101
2026-07-16,589174,VNDE00DF17C15,111-0132550-1790677-3,-1101
2026-07-16,589174,VNDE00DF17C15,111-0132550-1790677-4,-1101
2026-07-16,589174,VNDE00DF17C15,111-0145690-456960,8722
2026-07-16,589174,VNDE00DF17C15,111-0418391-6465053,16002
2026-07-16,589174,VNDE00DF17C15,111-0716144-4141846,4690
2026-07-16,589174,VNDE00DF17C15,111-0723364-0983457,11398
2026-07-16,589174,VNDE00DF17C15,111-1503724-1474613-1,-2485
2026-07-16,589174,VNDE00DF17C15,111-2012334-7594602-1,-6792
2026-07-16,589174,VNDE00DF17C15,111-2318143-9694629,5763
2026-07-16,589174,VNDE00DF17C15,111-2398457-5116267,2916
2026-07-16,589174,VNDE00DF17C15,111-2416421-8595468,5500
2026-07-16,589174,VNDE00DF17C15,111-2638181-6622640,889
2026-07-16,589174,VNDE00DF17C15,111-2702119-3285038,61396
2026-07-16,589174,VNDE00DF17C15,111-2711943-3360260,3288
2026-07-16,589174,VNDE00DF17C15,111-2725737-1810628,41614
2026-07-16,589174,VNDE00DF17C15,111-2866365-9876257,38980
2026-07-16,589174,VNDE00DF17C15,111-3081240-3781065,12957
2026-07-16,589174,VNDE00DF17C15,111-3546133-2240206,11996
2026-07-16,589174,VNDE00DF17C15,111-3639983-2454628,25798
2026-07-16,589174,VNDE00DF17C15,111-3652893-9789020-1,-9080
2026-07-16,589174,VNDE00DF17C15,111-3838528-5318629,706
2026-07-16,589174,VNDE00DF17C15,111-4297780-0763404,17899
2026-07-16,589174,VNDE00DF17C15,111-4478205-434253,4305
2026-07-16,589174,VNDE00DF17C15,111-4553416-8416213,17634
2026-07-16,589174,VNDE00DF17C15,111-4895119-3539413,12146
2026-07-16,589174,VNDE00DF17C15,111-5170571-0678646,5962
2026-07-16,589174,VNDE00DF17C15,111-5229381-3230615,13335
2026-07-16,589174,VNDE00DF17C15,111-5437943-7982634,16830
2026-07-16,589174,VNDE00DF17C15,111-5493928-0715401,3239
2026-07-16,589174,VNDE00DF17C15,111-5741509-9553861-4,-792
2026-07-16,589174,VNDE00DF17C15,111-5741509-9553861-5,-2243
2026-07-16,589174,VNDE00DF17C15,111-5856599-6037015,4899
2026-07-16,589174,VNDE00DF17C15,111-6841240-6699468,10596
2026-07-16,589174,VNDE00DF17C15,111-7063703-0442611-1,-6920
2026-07-16,589174,VNDE00DF17C15,111-7577231-1048225,2499
2026-07-16,589174,VNDE00DF17C15,111-7768526-4152206,3998
2026-07-16,589174,VNDE00DF17C15,111-7823612-3582648,5537
2026-07-16,589174,VNDE00DF17C15,111-8300546-2677835,7708
2026-07-16,589174,VNDE00DF17C15,111-8643109-9669831,5232
2026-07-16,589174,VNDE00DF17C15,111-8661405-4205019,2448
2026-07-16,589174,VNDE00DF17C15,111-8847195-4761800,18900
2026-07-16,589174,VNDE00DF17C15,111-8903598-2747442,5129
2026-07-16,589174,VNDE00DF17C15,111-8978772-9000208,20115
2026-07-16,589174,VNDE00DF17C15,111-9308586-1011412,4486
2026-07-16,589174,VNDE00DF17C15,111-9811364-7872229,5897
2026-07-16,589174,VNDE00DF17C15,111-9878629-0692214,21780
2026-07-16,589174,VNDE00DF17C15,111-9937084-3833067,8675
2026-07-16,589174,VNDE00DF17C15,11113,49872
2026-07-16,589174,VNDE00DF17C15,112-0284305-7177822,35753
2026-07-16,589174,VNDE00DF17C15,112-0338809-8899417,14899
2026-07-16,589174,VNDE00DF17C15,112-0813513-3147457,10595
2026-07-16,589174,VNDE00DF17C15,112-0829909-6754658,5099
2026-07-16,589174,VNDE00DF17C15,112-1316472-3121801,4669
2026-07-16,589174,VNDE00DF17C15,112-1596220-4713021,7982
2026-07-16,589174,VNDE00DF17C15,112-1612924-0068235,2800
2026-07-16,589174,VNDE00DF17C15,112-2164467-6958639,4096
2026-07-16,589174,VNDE00DF17C15,112-2923886-4727466,1781
2026-07-16,589174,VNDE00DF17C15,112-3225909-6882617,4217
2026-07-16,589174,VNDE00DF17C15,112-3286207-0630652,12054
2026-07-16,589174,VNDE00DF17C15,112-3451525-6696214,12686
2026-07-16,589174,VNDE00DF17C15,112-3774504-5496262,46467
2026-07-16,589174,VNDE00DF17C15,112-4023575-9962653,582
2026-07-16,589174,VNDE00DF17C15,112-4538266-6413807,17550
2026-07-16,589174,VNDE00DF17C15,112-4681112-4341849,7293
2026-07-16,589174,VNDE00DF17C15,112-5864872-7983429,18999
2026-07-16,589174,VNDE00DF17C15,112-6033009-6077817,3135
2026-07-16,589174,VNDE00DF17C15,112-6088484-3180254,7517
2026-07-16,589174,VNDE00DF17C15,112-6210835-4717802,21777
2026-07-16,589174,VNDE00DF17C15,112-6240738-7018637,18136
2026-07-16,589174,VNDE00DF17C15,112-6443387-2401843,2599
2026-07-16,589174,VNDE00DF17C15,112-6477282-8192223,40500
2026-07-16,589174,VNDE00DF17C15,112-6957410-2841040,4697
2026-07-16,589174,VNDE00DF17C15,112-7215336-5961837,11443
2026-07-16,589174,VNDE00DF17C15,112-7580249-7383450,3676
2026-07-16,589174,VNDE00DF17C15,112-7607678-7543409,30000
2026-07-16,589174,VNDE00DF17C15,112-7607678-7543409-1,-30000
2026-07-16,589174,VNDE00DF17C15,112-7983993-9229841,4797
2026-07-16,589174,VNDE00DF17C15,112-8245402-5197821,7580
2026-07-16,589174,VNDE00DF17C15,112-8312795-1257821,1499
2026-07-16,589174,VNDE00DF17C15,112-8603122-2851407,4399
2026-07-16,589174,VNDE00DF17C15,112-8755211-5418602,28794
2026-07-16,589174,VNDE00DF17C15,112-8785661-1410663,7900
2026-07-16,589174,VNDE00DF17C15,112-9019561-4082606,5522
2026-07-16,589174,VNDE00DF17C15,112-9737178-3007465,27715
2026-07-16,589174,VNDE00DF17C15,112-9818645-4093806,6840
2026-07-16,589174,VNDE00DF17C15,113-0444302-5091461,4462
2026-07-16,589174,VNDE00DF17C15,113-0534416-7585002,6800
2026-07-16,589174,VNDE00DF17C15,113-0549737-0193822,6342
2026-07-16,589174,VNDE00DF17C15,113-0626475-3134626-1,-24999
2026-07-16,589174,VNDE00DF17C15,113-0739140-8732238,91236
2026-07-16,589174,VNDE00DF17C15,113-0788136-6726604,501
2026-07-16,589174,VNDE00DF17C15,113-1130658-9079466,10397
2026-07-16,589174,VNDE00DF17C15,113-1228144-8537060,42088
2026-07-16,589174,VNDE00DF17C15,113-1390699-2532201,38970
2026-07-16,589174,VNDE00DF17C15,113-1453179-4962660,902
2026-07-16,589174,VNDE00DF17C15,113-1769194-4311409,11394
2026-07-16,589174,VNDE00DF17C15,113-1861017-3521865,23680
2026-07-16,589174,VNDE00DF17C15,113-1861017-3521865-1,-9472
2026-07-16,589174,VNDE00DF17C15,113-1861017-3521865-2,-9472
2026-07-16,589174,VNDE00DF17C15,113-1861017-3521865-3,-4736
2026-07-16,589174,VNDE00DF17C15,113-2090331-1401065,12194
2026-07-16,589174,VNDE00DF17C15,113-2143881-6195436,21145
2026-07-16,589174,VNDE00DF17C15,113-2228333-0124228,5697
2026-07-16,589174,VNDE00DF17C15,113-2312371-4487468,16040
2026-07-16,589174,VNDE00DF17C15,113-2575323-7267429,8034
2026-07-16,589174,VNDE00DF17C15,113-2815895-4200219,6600
2026-07-16,589174,VNDE00DF17C15,113-2828097-6949017,33174
2026-07-16,589174,VNDE00DF17C15,113-3172571-1168214,6557
2026-07-16,589174,VNDE00DF17C15,113-3324610-6549011,7495
2026-07-16,589174,VNDE00DF17C15,113-3468384-6636264,2072
2026-07-16,589174,VNDE00DF17C15,113-3793679-9237015,12786
2026-07-16,589174,VNDE00DF17C15,113-4029953-7725812,6241
2026-07-16,589174,VNDE00DF17C15,113-4088657-4418644,6100
2026-07-16,589174,VNDE00DF17C15,113-4669267-9701827,62238
2026-07-16,589174,VNDE00DF17C15,113-48115381-1362636,106793
2026-07-16,589174,VNDE00DF17C15,113-4841220-3293861,29900
2026-07-16,589174,VNDE00DF17C15,113-5023842-9915410-1,-899
2026-07-16,589174,VNDE00DF17C15,113-5161407-5075408,27999
2026-07-16,589174,VNDE00DF17C15,113-5420569-5774655,6057
2026-07-16,589174,VNDE00DF17C15,113-5420569-5774655-1,-3028
2026-07-16,589174,VNDE00DF17C15,113-5506569-4244225,11378
2026-07-16,589174,VNDE00DF17C15,113-6070670-5190630,6645
2026-07-16,589174,VNDE00DF17C15,113-6238551-5730646,1319
2026-07-16,589174,VNDE00DF17C15,113-6497997-3636252,82598
2026-07-16,589174,VNDE00DF17C15,113-6557434-2742632,5697
2026-07-16,589174,VNDE00DF17C15,113-6638256-9040226,5533
2026-07-16,589174,VNDE00DF17C15,113-6831675-3556255,4192
2026-07-16,589174,VNDE00DF17C15,113-7291085-4386617,4876
2026-07-16,589174,VNDE00DF17C15,113-7413569-2613036,7336
2026-07-16,589174,VNDE00DF17C15,113-7460058-9751455,4938
2026-07-16,589174,VNDE00DF17C15,113-7586941-7101025,12832
2026-07-16,589174,VNDE00DF17C15,113-7642040-6291441,17300
2026-07-16,589174,VNDE00DF17C15,113-7680488-9507442,8338
2026-07-16,589174,VNDE00DF17C15,113-7797486-6916269,2199
2026-07-16,589174,VNDE00DF17C15,113-7803963-1569807,2949
2026-07-16,589174,VNDE00DF17C15,113-7874181-8635413,459
2026-07-16,589174,VNDE00DF17C15,113-7916526-7597028,14499
2026-07-16,589174,VNDE00DF17C15,113-7924450-7717841,143998
2026-07-16,589174,VNDE00DF17C15,113-8025675-0377043,17311
2026-07-16,589174,VNDE00DF17C15,113-8309830-5141024,22693
2026-07-16,589174,VNDE00DF17C15,113-8445772-0449019,26546
2026-07-16,589174,VNDE00DF17C15,113-8574718-0069814,18198
2026-07-16,589174,VNDE00DF17C15,113-8733789-9327446,25477
2026-07-16,589174,VNDE00DF17C15,113-8771409-9777020,5996
2026-07-16,589174,VNDE00DF17C15,113-8850323-6721863,2980
2026-07-16,589174,VNDE00DF17C15,113-8968759-5375430,19698
2026-07-16,589174,VNDE00DF17C15,113-9131037-0889062,9515
2026-07-16,589174,VNDE00DF17C15,113-9131037-0889062-1,37223
2026-07-16,589174,VNDE00DF17C15,113-9235064-9701832,2583
2026-07-16,589174,VNDE00DF17C15,113-9535410-5797013,37045
2026-07-16,589174,VNDE00DF17C15,113-9583229-5157806,11587
2026-07-16,589174,VNDE00DF17C15,113-9683291-6864243-2,-799
2026-07-16,589174,VNDE00DF17C15,113-9685496-9128214,9065
2026-07-16,589174,VNDE00DF17C15,113-9697439-0867452,6758
2026-07-16,589174,VNDE00DF17C15,113-9729128-8307450,12429
2026-07-16,589174,VNDE00DF17C15,113-9916364-2298650,7772
2026-07-16,589174,VNDE00DF17C15,113-9993366-4885867,48736
2026-07-16,589174,VNDE00DF17C15,114-0006477-8681868,7865
2026-07-16,589174,VNDE00DF17C15,114-0009936-1183410,10689
2026-07-16,589174,VNDE00DF17C15,114-0080113-0300226,53980
2026-07-16,589174,VNDE00DF17C15,114-0212388-0979431,2942
2026-07-16,589174,VNDE00DF17C15,114-0237766-6593828,6662
2026-07-16,589174,VNDE00DF17C15,114-0341878-2509825,1000
2026-07-16,589174,VNDE00DF17C15,114-0532023-6707454,4668
2026-07-16,589174,VNDE00DF17C15,114-0565121-5954668,13326
2026-07-16,589174,VNDE00DF17C15,114-0611318-4826652,2307
2026-07-16,589174,VNDE00DF17C15,114-0742915-0133821,5448
2026-07-16,589174,VNDE00DF17C15,114-0842168-0294608,6596
2026-07-16,589174,VNDE00DF17C15,114-0920467-0505007,1714
2026-07-16,589174,VNDE00DF17C15,114-1007988-7900215,8396
2026-07-16,589174,VNDE00DF17C15,114-1228115-3571451,4995
2026-07-16,589174,VNDE00DF17C15,114-1409890-4093831,3217
2026-07-16,589174,VNDE00DF17C15,114-1723023-9826655,62000
2026-07-16,589174,VNDE00DF17C15,114-1817134-9187468,594
2026-07-16,589174,VNDE00DF17C15,114-1894755-6949866,2797
2026-07-16,589174,VNDE00DF17C15,114-1948292-1673828,5799
2026-07-16,589174,VNDE00DF17C15,114-1960121-6548265,2955
2026-07-16,589174,VNDE00DF17C15,114-2008634-7077063,27999
2026-07-16,589174,VNDE00DF17C15,114-2199617-1907434,3134
2026-07-16,589174,VNDE00DF17C15,114-2227622-9274644,74355
2026-07-16,589174,VNDE00DF17C15,114-2264703-0406620,18981
2026-07-16,589174,VNDE00DF17C15,114-2280391-8397058-1,-2806
2026-07-16,589174,VNDE00DF17C15,114-2280391-8397058-2,-689
2026-07-16,589174,VNDE00DF17C15,114-2360237-4103426,31773
2026-07-16,589174,VNDE00DF17C15,114-2387120-3809856,1204
2026-07-16,589174,VNDE00DF17C15,114-2396650-8854619,4666
2026-07-16,589174,VNDE00DF17C15,114-2510760-3291444,5314
2026-07-16,589174,VNDE00DF17C15,114-2615784-7080222,2689
2026-07-16,589174,VNDE00DF17C15,114-2789568-1348234,2295
2026-07-16,589174,VNDE00DF17C15,114-3008631-5549837,1399
2026-07-16,589174,VNDE00DF17C15,114-3251730-7013016,1269
2026-07-16,589174,VNDE00DF17C15,114-3271823-5001819,3157
2026-07-16,589174,VNDE00DF17C15,114-3457215-1770665,1999
2026-07-16,589174,VNDE00DF17C15,114-3571041-3578625,12886
2026-07-16,589174,VNDE00DF17C15,114-3758163-7276250,2699
2026-07-16,589174,VNDE00DF17C15,114-3786191-2220261,41696
2026-07-16,589174,VNDE00DF17C15,114-4429339-7706647,2938
2026-07-16,589174,VNDE00DF17C15,114-4587683-2817022,11968
2026-07-16,589174,VNDE00DF17C15,114-4647139-8735413,70895
2026-07-16,589174,VNDE00DF17C15,114-5065327-7963414,5155
2026-07-16,589174,VNDE00DF17C15,114-5101503-4777064,10193
2026-07-16,589174,VNDE00DF17C15,114-5127016-3129054,18999
2026-07-16,589174,VNDE00DF17C15,114-5258926-3755438,32069
2026-07-16,589174,VNDE00DF17C15,114-5431223-1273008,23596
2026-07-16,589174,VNDE00DF17C15,114-5494149-1756219,52178
2026-07-16,589174,VNDE00DF17C15,114-5749961-1964266,86685
2026-07-16,589174,VNDE00DF17C15,114-5753824-5859448-1,-688
2026-07-16,589174,VNDE00DF17C15,114-5857632-2243463,9490
2026-07-16,589174,VNDE00DF17C15,114-6006674-3219451,4750
2026-07-16,589174,VNDE00DF17C15,114-6179410-4369855,33564
2026-07-16,589174,VNDE00DF17C15,114-6201037-6599429,8340
2026-07-16,589174,VNDE00DF17C15,114-6260424-7206618,4167
2026-07-16,589174,VNDE00DF17C15,114-6271181-655861,24756
2026-07-16,589174,VNDE00DF17C15,114-6271181-658611,14132
2026-07-16,589174,VNDE00DF17C15,114-6281241-1697000,5098
2026-07-16,589174,VNDE00DF17C15,114-6281241-1697000-1,-5098
2026-07-16,589174,VNDE00DF17C15,114-6353228-4265837,17995
2026-07-16,589174,VNDE00DF17C15,114-6688237-9411429-2,4848
2026-07-16,589174,VNDE00DF17C15,114-6775266-8073009,999
2026-07-16,589174,VNDE00DF17C15,114-6907950-1842618,12897
2026-07-16,589174,VNDE00DF17C15,114-6956907-4250616,13167
2026-07-16,589174,VNDE00DF17C15,114-7029504-7534647,8940
2026-07-16,589174,VNDE00DF17C15,114-7067324-7947448,15699
2026-07-16,589174,VNDE00DF17C15,114-7151720-2074658,1709
2026-07-16,589174,VNDE00DF17C15,114-7151720-2074658-1,8545
2026-07-16,589174,VNDE00DF17C15,114-7195015-3137021,919
2026-07-16,589174,VNDE00DF17C15,114-7209990-3235409,5199
2026-07-16,589174,VNDE00DF17C15,114-7246551-4111456,3511
2026-07-16,589174,VNDE00DF17C15,114-7438431-9830629,3812
2026-07-16,589174,VNDE00DF17C15,114-7538018-2373835,20841
2026-07-16,589174,VNDE00DF17C15,114-7747241-4824233,80627
2026-07-16,589174,VNDE00DF17C15,114-7750881-2444261,4274
2026-07-16,589174,VNDE00DF17C15,114-7960015-5173815-1,-14756
2026-07-16,589174,VNDE00DF17C15,114-8283702-8472212,21774
2026-07-16,589174,VNDE00DF17C15,114-8577023-2329841,9754
2026-07-16,589174,VNDE00DF17C15,114-8577023-2329841-1,9943
2026-07-16,589174,VNDE00DF17C15,114-8630106-7281030,2699
2026-07-16,589174,VNDE00DF17C15,114-8634899-7601858,854
2026-07-16,589174,VNDE00DF17C15,114-8641858-7022652,21410
2026-07-16,589174,VNDE00DF17C15,114-8800392-5127467,47180
2026-07-16,589174,VNDE00DF17C15,114-9164537-7468223,42230
2026-07-16,589174,VNDE00DF17C15,114-9253972-1571411,38488
2026-07-16,589174,VNDE00DF17C15,114-9314049-3173018,12349
2026-07-16,589174,VNDE00DF17C15,114-9479121-365000,2549
2026-07-16,589174,VNDE00DF17C15,114-9490689-4850654,5746
2026-07-16,589174,VNDE00DF17C15,114-9764600-1799404,2199
2026-07-16,589174,VNDE00DF17C15,1183 3RR 037 027,39261
2026-07-16,589174,VNDE00DF17C15,1183 48R 041 177,15560
2026-07-16,589174,VNDE00DF17C15,1183 4KR 066 974,1715
2026-07-16,589174,VNDE00DF17C15,1183 4NR 012 444,38353
2026-07-16,589174,VNDE00DF17C15,1183 5JR 513 495,42288
2026-07-16,589174,VNDE00DF17C15,118870,246175
2026-07-16,589174,VNDE00DF17C15,118870-1,-246175
2026-07-16,589174,VNDE00DF17C15,121591174839,-5000
2026-07-16,589174,VNDE00DF17C15,12236,-28000
2026-07-16,589174,VNDE00DF17C15,12579,145684
2026-07-16,589174,VNDE00DF17C15,1296089,10904
2026-07-16,589174,VNDE00DF17C15,13-8788292-7529841,5697
2026-07-16,589174,VNDE00DF17C15,13036,64769
2026-07-16,589174,VNDE00DF17C15,131541206,3719
2026-07-16,589174,VNDE00DF17C15,131949848,14899
2026-07-16,589174,VNDE00DF17C15,13659,9900
2026-07-16,589174,VNDE00DF17C15,13754,245862
2026-07-16,589174,VNDE00DF17C15,13840,128211
2026-07-16,589174,VNDE00DF17C15,13841,120055
2026-07-16,589174,VNDE00DF17C15,13842,245065
2026-07-16,589174,VNDE00DF17C15,13885,37000
2026-07-16,589174,VNDE00DF17C15,143E2D044924759BF9BA734673F6,16000
2026-07-16,589174,VNDE00DF17C15,15027,-5900
2026-07-16,589174,VNDE00DF17C15,15101805,53970
2026-07-16,589174,VNDE00DF17C15,15161,17997
2026-07-16,589174,VNDE00DF17C15,15431405,2794
2026-07-16,589174,VNDE00DF17C15,15573684,15000
2026-07-16,589174,VNDE00DF17C15,15582273,22500
2026-07-16,589174,VNDE00DF17C15,15582323,18500
2026-07-16,589174,VNDE00DF17C15,15582392,15000
2026-07-16,589174,VNDE00DF17C15,1650200137,57546
2026-07-16,589174,VNDE00DF17C15,1650200688,29868
2026-07-16,589174,VNDE00DF17C15,168316,2000
2026-07-16,589174,VNDE00DF17C15,170879,33000
2026-07-16,589174,VNDE00DF17C15,170894,41500
2026-07-16,589174,VNDE00DF17C15,1776583268,21600
2026-07-16,589174,VNDE00DF17C15,1778093617,11310
2026-07-16,589174,VNDE00DF17C15,1779175233,28100
2026-07-16,589174,VNDE00DF17C15,180002,46812
2026-07-16,589174,VNDE00DF17C15,1915992-1,-2
2026-07-16,589174,VNDE00DF17C15,194736,24439
2026-07-16,589174,VNDE00DF17C15,1974654,-3773
2026-07-16,589174,VNDE00DF17C15,1JR-2KY,49606
2026-07-16,589174,VNDE00DF17C15,1M3-M40,175380
2026-07-16,589174,VNDE00DF17C15,2000,113765
2026-07-16,589174,VNDE00DF17C15,201516,15000
2026-07-16,589174,VNDE00DF17C15,201720,2000
2026-07-16,589174,VNDE00DF17C15,201722,2000
2026-07-16,589174,VNDE00DF17C15,201723,2000
2026-07-16,589174,VNDE00DF17C15,201724,2000
2026-07-16,589174,VNDE00DF17C15,201915,15000
2026-07-16,589174,VNDE00DF17C15,202214712,30900
2026-07-16,589174,VNDE00DF17C15,2026-03-SHENELLE ARMSTRONG,9008
2026-07-16,589174,VNDE00DF17C15,2026-04-MARCONE CANGUSSO,9001
2026-07-16,589174,VNDE00DF17C15,2026-701,79872
2026-07-16,589174,VNDE00DF17C15,204-00437,99200
2026-07-16,589174,VNDE00DF17C15,204659,2000
2026-07-16,589174,VNDE00DF17C15,207085498,226917
2026-07-16,589174,VNDE00DF17C15,207408019,243017
2026-07-16,589174,VNDE00DF17C15,207450830,13672
2026-07-16,589174,VNDE00DF17C15,207760960,13624
2026-07-16,589174,VNDE00DF17C15,2109,13000
2026-07-16,589174,VNDE00DF17C15,2109222162,216885
2026-07-16,589174,VNDE00DF17C15,2115,13000
2026-07-16,589174,VNDE00DF17C15,21615803,16658
2026-07-16,589174,VNDE00DF17C15,216279,2000
2026-07-16,589174,VNDE00DF17C15,21960,61300
2026-07-16,589174,VNDE00DF17C15,221813,11662
2026-07-16,589174,VNDE00DF17C15,221905,27830
2026-07-16,589174,VNDE00DF17C15,221906,15085
2026-07-16,589174,VNDE00DF17C15,222146,21967
2026-07-16,589174,VNDE00DF17C15,222354,216498
2026-07-16,589174,VNDE00DF17C15,222574,19719
2026-07-16,589174,VNDE00DF17C15,222761,23133
2026-07-16,589174,VNDE00DF17C15,2245284,3000
2026-07-16,589174,VNDE00DF17C15,241968,12000
2026-07-16,589174,VNDE00DF17C15,242156,29700
2026-07-16,589174,VNDE00DF17C15,24692166074108353751963,-21194
2026-07-16,589174,VNDE00DF17C15,24692166075109089205182,-20695
2026-07-16,589174,VNDE00DF17C15,24692166076109640627592,-2613
2026-07-16,589174,VNDE00DF17C15,24692166079103090616970,-2285
2026-07-16,589174,VNDE00DF17C15,24692166082105973117278,-11433
2026-07-16,589174,VNDE00DF17C15,24692166089102225672526,2984
2026-07-16,589174,VNDE00DF17C15,24692166089102566491197,0
2026-07-16,589174,VNDE00DF17C15,24692166090102745659463,0
2026-07-16,589174,VNDE00DF17C15,251114113070033,8695
2026-07-16,589174,VNDE00DF17C15,2528490SAN,63990
2026-07-16,589174,VNDE00DF17C15,2546225SAN,139504
2026-07-16,589174,VNDE00DF17C15,260005390,30357
2026-07-16,589174,VNDE00DF17C15,260313121050053,89488
2026-07-16,589174,VNDE00DF17C15,2604-00434,150200
2026-07-16,589174,VNDE00DF17C15,2604-00475,36200
2026-07-16,589174,VNDE00DF17C15,260408113070002,17307
2026-07-16,589174,VNDE00DF17C15,260415113010009,20168
2026-07-16,589174,VNDE00DF17C15,260416113080017,12479
2026-07-16,589174,VNDE00DF17C15,260456146,66600
2026-07-16,589174,VNDE00DF17C15,260456723,1600
2026-07-16,589174,VNDE00DF17C15,2605051536264532285,20000
2026-07-16,589174,VNDE00DF17C15,2684495,25778
2026-07-16,589174,VNDE00DF17C15,272405012-2026-04,2500
2026-07-16,589174,VNDE00DF17C15,27338928,67220
2026-07-16,589174,VNDE00DF17C15,2793143,24400
2026-07-16,589174,VNDE00DF17C15,300012996,9500
2026-07-16,589174,VNDE00DF17C15,300012997,9500
2026-07-16,589174,VNDE00DF17C15,300012998,9500
2026-07-16,589174,VNDE00DF17C15,300012999,9500
2026-07-16,589174,VNDE00DF17C15,300013000,9500
2026-07-16,589174,VNDE00DF17C15,300013063,9500
2026-07-16,589174,VNDE00DF17C15,304653067-2026-05,800
2026-07-16,589174,VNDE00DF17C15,306117555002871,33258
2026-07-16,589174,VNDE00DF17C15,306118558434851,11719
2026-07-16,589174,VNDE00DF17C15,31238820,115793
2026-07-16,589174,VNDE00DF17C15,313226,4000
2026-07-16,589174,VNDE00DF17C15,31444462,132997
2026-07-16,589174,VNDE00DF17C15,31492106,-69628
2026-07-16,589174,VNDE00DF17C15,31492106-3-1,69628
2026-07-16,589174,VNDE00DF17C15,3184-1235-1,-35000
2026-07-16,589174,VNDE00DF17C15,3216107,60725
2026-07-16,589174,VNDE00DF17C15,3317282,64350
2026-07-16,589174,VNDE00DF17C15,3318365,64588
2026-07-16,589174,VNDE00DF17C15,3340604,32834
2026-07-16,589174,VNDE00DF17C15,3353510,14500
2026-07-16,589174,VNDE00DF17C15,339887,2000
2026-07-16,589174,VNDE00DF17C15,3478227292-1,-7103
2026-07-16,589174,VNDE00DF17C15,347881,44775
2026-07-16,589174,VNDE00DF17C15,349593,6158
2026-07-16,589174,VNDE00DF17C15,350067,156000
2026-07-16,589174,VNDE00DF17C15,350073,138574
2026-07-16,589174,VNDE00DF17C15,350759,3150
2026-07-16,589174,VNDE00DF17C15,351350,8600
2026-07-16,589174,VNDE00DF17C15,351386,4539
2026-07-16,589174,VNDE00DF17C15,351611,33070
2026-07-16,589174,VNDE00DF17C15,351863,14715
2026-07-16,589174,VNDE00DF17C15,351994,83778
2026-07-16,589174,VNDE00DF17C15,352194,29941
2026-07-16,589174,VNDE00DF17C15,352323,23548
2026-07-16,589174,VNDE00DF17C15,352366,8175
2026-07-16,589174,VNDE00DF17C15,352479,5284
2026-07-16,589174,VNDE00DF17C15,352507,29734
2026-07-16,589174,VNDE00DF17C15,352592,79106
2026-07-16,589174,VNDE00DF17C15,3528321,85272
2026-07-16,589174,VNDE00DF17C15,352842,7128
2026-07-16,589174,VNDE00DF17C15,352924,21000
2026-07-16,589174,VNDE00DF17C15,353065,33750
2026-07-16,589174,VNDE00DF17C15,353304,7560
2026-07-16,589174,VNDE00DF17C15,353420,1512
2026-07-16,589174,VNDE00DF17C15,360926,2000
2026-07-16,589174,VNDE00DF17C15,375317,75000
2026-07-16,589174,VNDE00DF17C15,3776,5796
2026-07-16,589174,VNDE00DF17C15,38618542-1,-7500
2026-07-16,589174,VNDE00DF17C15,3881-9250-1,-35000
2026-07-16,589174,VNDE00DF17C15,3HX-H4J,25827
2026-07-16,589174,VNDE00DF17C15,3W4-JJK,61169
2026-07-16,589174,VNDE00DF17C15,40351-2026,32400
2026-07-16,589174,VNDE00DF17C15,41626,27500
2026-07-16,589174,VNDE00DF17C15,42,8106
2026-07-16,589174,VNDE00DF17C15,435932,15000
2026-07-16,589174,VNDE00DF17C15,455423,2000
2026-07-16,589174,VNDE00DF17C15,455434,2000
2026-07-16,589174,VNDE00DF17C15,46044,240774
2026-07-16,589174,VNDE00DF17C15,4621375,93960
2026-07-16,589174,VNDE00DF17C15,4622249,84519
2026-07-16,589174,VNDE00DF17C15,46459686-001,16090
2026-07-16,589174,VNDE00DF17C15,464730978001,29351
2026-07-16,589174,VNDE00DF17C15,466972828 - 001,24548
2026-07-16,589174,VNDE00DF17C15,466978325 - 001,7716
2026-07-16,589174,VNDE00DF17C15,467121165001,5159
2026-07-16,589174,VNDE00DF17C15,469851685001,27027
2026-07-16,589174,VNDE00DF17C15,47802,9900
2026-07-16,589174,VNDE00DF17C15,48609-2026,32400
2026-07-16,589174,VNDE00DF17C15,4911016-Q12026,31620
2026-07-16,589174,VNDE00DF17C15,4U2-9X4-1,-6472
2026-07-16,589174,VNDE00DF17C15,51980604068,67167
2026-07-16,589174,VNDE00DF17C15,52F-9R5,56891
2026-07-16,589174,VNDE00DF17C15,54808,17400
2026-07-16,589174,VNDE00DF17C15,5580627,9800
2026-07-16,589174,VNDE00DF17C15,5738,17285
2026-07-16,589174,VNDE00DF17C15,59A-5HT,24850
2026-07-16,589174,VNDE00DF17C15,59A-5HT-1,-2850
2026-07-16,589174,VNDE00DF17C15,6011173188,148611
2026-07-16,589174,VNDE00DF17C15,6057983735,130330
2026-07-16,589174,VNDE00DF17C15,6058132180,9598
2026-07-16,589174,VNDE00DF17C15,6058132181,5570
2026-07-16,589174,VNDE00DF17C15,6058351741,127131
2026-07-16,589174,VNDE00DF17C15,6058351742,1230
2026-07-16,589174,VNDE00DF17C15,611884,2000
2026-07-16,589174,VNDE00DF17C15,6362 0009 2361 9139 1929,9163
2026-07-16,589174,VNDE00DF17C15,6407,5596
2026-07-16,589174,VNDE00DF17C15,65K-C3C,16470
2026-07-16,589174,VNDE00DF17C15,67368.13,227660
2026-07-16,589174,VNDE00DF17C15,684531491027,17016
2026-07-16,589174,VNDE00DF17C15,6891279,13445
2026-07-16,589174,VNDE00DF17C15,6941 00017 58820,1997
2026-07-16,589174,VNDE00DF17C15,6952779413,2499
2026-07-16,589174,VNDE00DF17C15,70139,247650
2026-07-16,589174,VNDE00DF17C15,71336894-0003,13800
2026-07-16,589174,VNDE00DF17C15,72069,32400
2026-07-16,589174,VNDE00DF17C15,72J-132,34100
2026-07-16,589174,VNDE00DF17C15,741930968-01,38598
2026-07-16,589174,VNDE00DF17C15,74692166115409967183544,-4084
2026-07-16,589174,VNDE00DF17C15,74692166120404639330659,-15179
2026-07-16,589174,VNDE00DF17C15,74Q-PZW,47960
2026-07-16,589174,VNDE00DF17C15,7621999,23700
2026-07-16,589174,VNDE00DF17C15,7Q8-U1Y,25420
2026-07-16,589174,VNDE00DF17C15,8000-0002-7475-951,4650
2026-07-16,589174,VNDE00DF17C15,800000027106245,3986
2026-07-16,589174,VNDE00DF17C15,800000031771764,13951
2026-07-16,589174,VNDE00DF17C15,800000033860354,4206
2026-07-16,589174,VNDE00DF17C15,800000035736084,23924
2026-07-16,589174,VNDE00DF17C15,81550800921,151925
2026-07-16,589174,VNDE00DF17C15,8347380,5400
2026-07-16,589174,VNDE00DF17C15,8446024,16200
2026-07-16,589174,VNDE00DF17C15,86849,106495
2026-07-16,589174,VNDE00DF17C15,873296,40000
2026-07-16,589174,VNDE00DF17C15,886E13B7-E947-F111-B,120200
2026-07-16,589174,VNDE00DF17C15,9-223-46591,25500
2026-07-16,589174,VNDE00DF17C15,9-233-80392,13155
2026-07-16,589174,VNDE00DF17C15,9-245-59390,3011
2026-07-16,589174,VNDE00DF17C15,9-252-37520,12463
2026-07-16,589174,VNDE00DF17C15,9-274-95512,1931
2026-07-16,589174,VNDE00DF17C15,9-283-80808,1931
2026-07-16,589174,VNDE00DF17C15,90434601-0002,7200
2026-07-16,589174,VNDE00DF17C15,9057-2,22500
2026-07-16,589174,VNDE00DF17C15,91021249,15869
2026-07-16,589174,VNDE00DF17C15,9111122144,77231
2026-07-16,589174,VNDE00DF17C15,969524,82037
2026-07-16,589174,VNDE00DF17C15,9800111467852793,1596
2026-07-16,589174,VNDE00DF17C15,9833 1115 0310 7150 5308,3112
2026-07-16,589174,VNDE00DF17C15,9899842000,62900
2026-07-16,589174,VNDE00DF17C15,9LS28627WE6879436,50000
2026-07-16,589174,VNDE00DF17C15,9PH-986,33690
2026-07-16,589174,VNDE00DF17C15,9Y3-UJR,51690
2026-07-16,589174,VNDE00DF17C15,A04887,2000
2026-07-16,589174,VNDE00DF17C15,A21062,3300
2026-07-16,589174,VNDE00DF17C15,A21066,3300
2026-07-16,589174,VNDE00DF17C15,A21067,3300
2026-07-16,589174,VNDE00DF17C15,A21068,3300
2026-07-16,589174,VNDE00DF17C15,A21069,3300
2026-07-16,589174,VNDE00DF17C15,A21071,3300
2026-07-16,589174,VNDE00DF17C15,A21072,3300
2026-07-16,589174,VNDE00DF17C15,A21073,3300
2026-07-16,589174,VNDE00DF17C15,A21076,3300
2026-07-16,589174,VNDE00DF17C15,A21077,1200
2026-07-16,589174,VNDE00DF17C15,A21431,3300
2026-07-16,589174,VNDE00DF17C15,A21432,3300
2026-07-16,589174,VNDE00DF17C15,A21433,3300
2026-07-16,589174,VNDE00DF17C15,A21434,3300
2026-07-16,589174,VNDE00DF17C15,A21435,3850
2026-07-16,589174,VNDE00DF17C15,A21436,3300
2026-07-16,589174,VNDE00DF17C15,A2526937SAN,228200
2026-07-16,589174,VNDE00DF17C15,A27214,2000
2026-07-16,589174,VNDE00DF17C15,A34399,2000
2026-07-16,589174,VNDE00DF17C15,A35416,2000
2026-07-16,589174,VNDE00DF17C15,A3K-QJH,37950
2026-07-16,589174,VNDE00DF17C15,A43650,2000
2026-07-16,589174,VNDE00DF17C15,AF2026ADC000094,50000
2026-07-16,589174,VNDE00DF17C15,AF2026ADC000095,50000
2026-07-16,589174,VNDE00DF17C15,AF2026ADC000096,50000
2026-07-16,589174,VNDE00DF17C15,AF2026ADC000097,50000
2026-07-16,589174,VNDE00DF17C15,ATL-00111264,3500
2026-07-16,589174,VNDE00DF17C15,ATL-00111711,5000
2026-07-16,589174,VNDE00DF17C15,ATL-00112253,3500
2026-07-16,589174,VNDE00DF17C15,B12392,2000
2026-07-16,589174,VNDE00DF17C15,B12629,2000
2026-07-16,589174,VNDE00DF17C15,BA2598,246180
2026-07-16,589174,VNDE00DF17C15,BKD-73657920088,19499
2026-07-16,589174,VNDE00DF17C15,C17160,2000
2026-07-16,589174,VNDE00DF17C15,C66-KKW,28948
2026-07-16,589174,VNDE00DF17C15,CASH-19027,36400
2026-07-16,589174,VNDE00DF17C15,CASH-29182,33300
2026-07-16,589174,VNDE00DF17C15,CASH-37167,36400
2026-07-16,589174,VNDE00DF17C15,CASH-47521,34400
2026-07-16,589174,VNDE00DF17C15,CASH-52992,37400
2026-07-16,589174,VNDE00DF17C15,CASH-70597,36400
2026-07-16,589174,VNDE00DF17C15,CASH-73681,34400
2026-07-16,589174,VNDE00DF17C15,CF9F595A0CC478BB12897003CD0A,31000
2026-07-16,589174,VNDE00DF17C15,CW129664-TDQ,40686
2026-07-16,589174,VNDE00DF17C15,DT8GZ0FHCYK4R,1078
2026-07-16,589174,VNDE00DF17C15,E1R-VG7,49571
2026-07-16,589174,VNDE00DF17C15,EC1-CMP,40627
2026-07-16,589174,VNDE00DF17C15,EMY-K75,29050
2026-07-16,589174,VNDE00DF17C15,FCME2604023,16782
2026-07-16,589174,VNDE00DF17C15,FEX-0T4,38128
2026-07-16,589174,VNDE00DF17C15,FOCS148020,11925
2026-07-16,589174,VNDE00DF17C15,FOCS150578,92162
2026-07-16,589174,VNDE00DF17C15,FOCS151522,111022
2026-07-16,589174,VNDE00DF17C15,FOCS151652,105873
2026-07-16,589174,VNDE00DF17C15,FOCS152534,49689
2026-07-16,589174,VNDE00DF17C15,FP9-GXG,48595
2026-07-16,589174,VNDE00DF17C15,FYG-X5U,45086
2026-07-16,589174,VNDE00DF17C15,FZW-ZG9,78600
2026-07-16,589174,VNDE00DF17C15,G6P-U2T,33500
2026-07-16,589174,VNDE00DF17C15,INV12152107,119209
2026-07-16,589174,VNDE00DF17C15,INV18636886,1596
2026-07-16,589174,VNDE00DF17C15,INV66929,27142
2026-07-16,589174,VNDE00DF17C15,J7K-3QA,15238
2026-07-16,589174,VNDE00DF17C15,J8K9,23157
2026-07-16,589174,VNDE00DF17C15,K32-0TR,56500
2026-07-16,589174,VNDE00DF17C15,KEK-677,25287
2026-07-16,589174,VNDE00DF17C15,KFJRQ7B7XKHDG,35936
2026-07-16,589174,VNDE00DF17C15,KW4DFZY7HNVWG,-2902
2026-07-16,589174,VNDE00DF17C15,M0H-PEF,43000
2026-07-16,589174,VNDE00DF17C15,MC26242103,63000
2026-07-16,589174,VNDE00DF17C15,MFH-CZ5,227335
2026-07-16,589174,VNDE00DF17C15,MPY-W0W,48516
2026-07-16,589174,VNDE00DF17C15,MR-2026-168,35000
2026-07-16,589174,VNDE00DF17C15,P9RL,24874
2026-07-16,589174,VNDE00DF17C15,PI_3TJDKIIVIWGTICAV1ATRMIDP,15000
2026-07-16,589174,VNDE00DF17C15,PO #1704621694,2120
2026-07-16,589174,VNDE00DF17C15,PZ4-QGF,36322
2026-07-16,589174,VNDE00DF17C15,QEF-7C7,13449
2026-07-16,589174,VNDE00DF17C15,QFZ-H6V-1,-6422
2026-07-16,589174,VNDE00DF17C15,QJM-95A,85800
2026-07-16,589174,VNDE00DF17C15,QM6-RY7,47960
2026-07-16,589174,VNDE00DF17C15,QW4-ARJ,22598
2026-07-16,589174,VNDE00DF17C15,RC4E8RK39V5E-2026-04,833
2026-07-16,589174,VNDE00DF17C15,RCEE43EXNJ9Q-2026-05,1999
2026-07-16,589174,VNDE00DF17C15,RGC-X5H,25329
2026-07-16,589174,VNDE00DF17C15,RZA-R2C,28793
2026-07-16,589174,VNDE00DF17C15,S139422,36782
2026-07-16,589174,VNDE00DF17C15,S51650,248730
2026-07-16,589174,VNDE00DF17C15,TVU-C02,33440
2026-07-16,589174,VNDE00DF17C15,USC26-00042275,-40000
2026-07-16,589174,VNDE00DF17C15,USCAB262609,40999
2026-07-16,589174,VNDE00DF17C15,USI26-02623251,40000
2026-07-16,589174,VNDE00DF17C15,VGY--5UX-1,-5925
2026-07-16,589174,VNDE00DF17C15,VJR-J01,40627
2026-07-16,589174,VNDE00DF17C15,VR6-XV5,53800
2026-07-16,589174,VNDE00DF17C15,WFD-5196,30000
2026-07-16,589174,VNDE00DF17C15,WFH-EK0,28500
2026-07-16,589174,VNDE00DF17C15,WK26024422,11800
2026-07-16,589174,VNDE00DF17C15,WKA-F5W,67735
2026-07-16,589174,VNDE00DF17C15,WN55792051,3082
2026-07-16,589174,VNDE00DF17C15,WY7-WXJ,48582
2026-07-16,589174,VNDE00DF17C15,X4419348908,970
2026-07-16,589174,VNDE00DF17C15,XCG7XHC,195000
2026-07-16,589174,VNDE00DF17C15,XFZ-T34,36495
2026-07-16,589174,VNDE00DF17C15,XHR-MQG,30900
2026-07-16,589174,VNDE00DF17C15,YEZ-TFW,55225
2026-07-16,589174,VNDE00DF17C15,ZY5-GJY,24650
2026-07-16,589175,VNDE00DF17C15,000337,105500
2026-07-16,589175,VNDE00DF17C15,000485694,11300
2026-07-16,589175,VNDE00DF17C15,000485697,11300
2026-07-16,589175,VNDE00DF17C15,0010023928,1601
2026-07-16,589175,VNDE00DF17C15,004549787474,3990
2026-07-16,589175,VNDE00DF17C15,004549987155,47992
2026-07-16,589175,VNDE00DF17C15,0107293,5160
2026-07-16,589175,VNDE00DF17C15,0109299,13800
2026-07-16,589175,VNDE00DF17C15,0149 01 27589,43928
2026-07-16,589175,VNDE00DF17C15,0149 75 14748,28230
2026-07-16,589175,VNDE00DF17C15,0235043,7260
2026-07-16,589175,VNDE00DF17C15,03445-330966-260427-1,1000
2026-07-16,589175,VNDE00DF17C15,0515150067359,3198
2026-07-16,589175,VNDE00DF17C15,0515150067361,3298
2026-07-16,589175,VNDE00DF17C15,0896 071 0839,69993
2026-07-16,589175,VNDE00DF17C15,0KP-C14,115030
2026-07-16,589175,VNDE00DF17C15,10421043014,10374
2026-07-16,589175,VNDE00DF17C15,1047270,10092
2026-07-16,589175,VNDE00DF17C15,111-0006192-0677004,4349
2026-07-16,589175,VNDE00DF17C15,111-0029785-5189850,5199
2026-07-16,589175,VNDE00DF17C15,111-0216689-1491401,899
2026-07-16,589175,VNDE00DF17C15,111-0221348-8840261,41415
2026-07-16,589175,VNDE00DF17C15,111-0352619-9158659,3373
2026-07-16,589175,VNDE00DF17C15,111-0375252-8620213,1429
2026-07-16,589175,VNDE00DF17C15,111-0388609-4093858,8999
2026-07-16,589175,VNDE00DF17C15,111-0453376-7909037,18685
2026-07-16,589175,VNDE00DF17C15,111-0831703-2004242,24026
2026-07-16,589175,VNDE00DF17C15,111-1033882-5860260,3618
2026-07-16,589175,VNDE00DF17C15,111-1207779-2053854,4725
2026-07-16,589175,VNDE00DF17C15,111-1211202-1969818,10995
2026-07-16,589175,VNDE00DF17C15,111-1363383-7698650,1450
2026-07-16,589175,VNDE00DF17C15,111-1472878-3267454,7998
2026-07-16,589175,VNDE00DF17C15,111-1559186-5664259,2530
2026-07-16,589175,VNDE00DF17C15,111-1639840-9116263,3680
2026-07-16,589175,VNDE00DF17C15,111-1724038-1879411,14467
2026-07-16,589175,VNDE00DF17C15,111-1780660-7809065,6817
2026-07-16,589175,VNDE00DF17C15,111-1828741-2481843,2448
2026-07-16,589175,VNDE00DF17C15,111-2045532-9665063,20964
2026-07-16,589175,VNDE00DF17C15,111-2175511-6473038,26397
2026-07-16,589175,VNDE00DF17C15,111-2622528-0137831,64694
2026-07-16,589175,VNDE00DF17C15,111-2855482-0130631,9194
2026-07-16,589175,VNDE00DF17C15,111-3067749-0407460,499
2026-07-16,589175,VNDE00DF17C15,111-3083139-5617851,14755
2026-07-16,589175,VNDE00DF17C15,111-3099452-0511443,6384
2026-07-16,589175,VNDE00DF17C15,111-3107836-4677845,9999
2026-07-16,589175,VNDE00DF17C15,111-3147401-6556227,6797
2026-07-16,589175,VNDE00DF17C15,111-3271016-4294605,2040
2026-07-16,589175,VNDE00DF17C15,111-3395709-3002663,13893
2026-07-16,589175,VNDE00DF17C15,111-3395709-3002663-1,849
2026-07-16,589175,VNDE00DF17C15,111-3433236-9925041,5277
2026-07-16,589175,VNDE00DF17C15,111-3935258-1068213,14899
2026-07-16,589175,VNDE00DF17C15,111-3966736-9665840,7999
2026-07-16,589175,VNDE00DF17C15,111-4127357-1458608,20774
2026-07-16,589175,VNDE00DF17C15,111-4249130-5181025,10304
2026-07-16,589175,VNDE00DF17C15,111-4354563-0079461,8130
2026-07-16,589175,VNDE00DF17C15,111-4354563-0079461-1,17824
2026-07-16,589175,VNDE00DF17C15,111-4369279-9170620,26505
2026-07-16,589175,VNDE00DF17C15,111-4497349-0147416,1887
2026-07-16,589175,VNDE00DF17C15,111-4737600-7891404,18315
2026-07-16,589175,VNDE00DF17C15,111-4742789-0504225,14599
2026-07-16,589175,VNDE00DF17C15,111-4829569-9877000,8748
2026-07-16,589175,VNDE00DF17C15,111-4914699-3619450,2188
2026-07-16,589175,VNDE00DF17C15,111-4998991-4477808,22414
2026-07-16,589175,VNDE00DF17C15,111-5082956-6015445,6435
2026-07-16,589175,VNDE00DF17C15,111-5269452-2074667,4056
2026-07-16,589175,VNDE00DF17C15,111-5370328-5673866,22964
2026-07-16,589175,VNDE00DF17C15,111-5532416-2809805,17472
2026-07-16,589175,VNDE00DF17C15,111-5610046-4906651,8198
2026-07-16,589175,VNDE00DF17C15,111-6113997-3272231,38573
2026-07-16,589175,VNDE00DF17C15,111-6298101-5873839,7143
2026-07-16,589175,VNDE00DF17C15,111-6858294-1308210,20433
2026-07-16,589175,VNDE00DF17C15,111-6992726-6988242,5515
2026-07-16,589175,VNDE00DF17C15,111-7025332-9767419,30400
2026-07-16,589175,VNDE00DF17C15,111-7363926-9377022,12035
2026-07-16,589175,VNDE00DF17C15,111-7380812-2665064,2899
2026-07-16,589175,VNDE00DF17C15,111-7881518-2147400,7631
2026-07-16,589175,VNDE00DF17C15,111-8261851-0577059,7499
2026-07-16,589175,VNDE00DF17C15,111-8281921-6369010,9582
2026-07-16,589175,VNDE00DF17C15,111-8325359-4553800,4699
2026-07-16,589175,VNDE00DF17C15,111-8406494-7251434,2576
2026-07-16,589175,VNDE00DF17C15,111-8625746-0881805,3948
2026-07-16,589175,VNDE00DF17C15,111-8759597-2638603,8951
2026-07-16,589175,VNDE00DF17C15,111-9156682-7277023,3577
2026-07-16,589175,VNDE00DF17C15,111-9179541-3543448,13999
2026-07-16,589175,VNDE00DF17C15,111-9179541-3543448-1,67898
2026-07-16,589175,VNDE00DF17C15,111-9229117-5323466,4196
2026-07-16,589175,VNDE00DF17C15,111-9363502-8101045,4588
2026-07-16,589175,VNDE00DF17C15,111-9499451-4552264,22414
2026-07-16,589175,VNDE00DF17C15,111-9542480-6416245,747
2026-07-16,589175,VNDE00DF17C15,111-9833981-9317805,3348
2026-07-16,589175,VNDE00DF17C15,111-9942976-8332218,48387
2026-07-16,589175,VNDE00DF17C15,111-9950333-5065066,2777
2026-07-16,589175,VNDE00DF17C15,112-0088053-9962628,10243
2026-07-16,589175,VNDE00DF17C15,112-0088053-9962628-2,-7721
2026-07-16,589175,VNDE00DF17C15,112-0588936-9676203,2488
2026-07-16,589175,VNDE00DF17C15,112-0993677-3655443,6388
2026-07-16,589175,VNDE00DF17C15,112-1053855-3380267,10307
2026-07-16,589175,VNDE00DF17C15,112-1123508-9461016,23418
2026-07-16,589175,VNDE00DF17C15,112-1748382-1554630,899
2026-07-16,589175,VNDE00DF17C15,112-2563030-0236218,6975
2026-07-16,589175,VNDE00DF17C15,112-2685811-4598623,6298
2026-07-16,589175,VNDE00DF17C15,112-3077201-7716261,998
2026-07-16,589175,VNDE00DF17C15,112-3189210-0227421,19079
2026-07-16,589175,VNDE00DF17C15,112-3259145-0719460,3507
2026-07-16,589175,VNDE00DF17C15,112-5278260-5861009,2396
2026-07-16,589175,VNDE00DF17C15,112-5278260-5861009-1,2374
2026-07-16,589175,VNDE00DF17C15,112-5330496-8422618,2257
2026-07-16,589175,VNDE00DF17C15,112-5982821-6957042,6012
2026-07-16,589175,VNDE00DF17C15,112-6012253-7386619,2498
2026-07-16,589175,VNDE00DF17C15,112-6357130-2677818,5598
2026-07-16,589175,VNDE00DF17C15,112-6837359-2649819,2295
2026-07-16,589175,VNDE00DF17C15,112-7212730-8128234,18900
2026-07-16,589175,VNDE00DF17C15,112-7574327-8843439,2148
2026-07-16,589175,VNDE00DF17C15,112-7733057-5162655,2511
2026-07-16,589175,VNDE00DF17C15,112-7788024-7289047,2596
2026-07-16,589175,VNDE00DF17C15,112-7966412-3069063,15251
2026-07-16,589175,VNDE00DF17C15,112-8264343-3784261,1329
2026-07-16,589175,VNDE00DF17C15,112-8419785-2187417,2672
2026-07-16,589175,VNDE00DF17C15,112-9454394-2901810,5244
2026-07-16,589175,VNDE00DF17C15,112-9471614-3581019,7998
2026-07-16,589175,VNDE00DF17C15,112-9527069-6921014,3123
2026-07-16,589175,VNDE00DF17C15,112-9654553-6379423,1175
2026-07-16,589175,VNDE00DF17C15,112-9800337-5749020,8073
2026-07-16,589175,VNDE00DF17C15,112-9887695-2796224,1000
2026-07-16,589175,VNDE00DF17C15,112-9946496-4512216,4782
2026-07-16,589175,VNDE00DF17C15,1125330496-8422618,2257
2026-07-16,589175,VNDE00DF17C15,113-1436100-3952265,1465
2026-07-16,589175,VNDE00DF17C15,113-8806470-6258631,109995
2026-07-16,589175,VNDE00DF17C15,114-0051370-1165843,9499
2026-07-16,589175,VNDE00DF17C15,114-0690093-3224204,11689
2026-07-16,589175,VNDE00DF17C15,114-085758-9161825,6699
2026-07-16,589175,VNDE00DF17C15,114-1112873-5917805,13152
2026-07-16,589175,VNDE00DF17C15,114-1199881-9866637,2279
2026-07-16,589175,VNDE00DF17C15,114-1436173-4689010,1489
2026-07-16,589175,VNDE00DF17C15,114-2112226-7756225,2457
2026-07-16,589175,VNDE00DF17C15,114-2399389-1004218,8394
2026-07-16,589175,VNDE00DF17C15,114-3109126-2164207,1619
2026-07-16,589175,VNDE00DF17C15,114-3221577-5701053,10405
2026-07-16,589175,VNDE00DF17C15,114-3334788-5652219,3467
2026-07-16,589175,VNDE00DF17C15,114-3416971-2313836,1317
2026-07-16,589175,VNDE00DF17C15,114-4180503-5337054,5183
2026-07-16,589175,VNDE00DF17C15,114-4383718-6346649,2499
2026-07-16,589175,VNDE00DF17C15,114-4538593-3269046,5900
2026-07-16,589175,VNDE00DF17C15,114-4566821-4843462,5979
2026-07-16,589175,VNDE00DF17C15,114-4968019-5482636,8247
2026-07-16,589175,VNDE00DF17C15,114-5928077-9669835,5596
2026-07-16,589175,VNDE00DF17C15,114-6873307-5409032,5865
2026-07-16,589175,VNDE00DF17C15,114-7007139-4622616,2719
2026-07-16,589175,VNDE00DF17C15,114-7240023-6921049,4744
2026-07-16,589175,VNDE00DF17C15,114-7653248-7051449,40695
2026-07-16,589175,VNDE00DF17C15,114-7797575-8065805,3410
2026-07-16,589175,VNDE00DF17C15,114-8923172-9096256,1999
2026-07-16,589175,VNDE00DF17C15,114-9027996-0610649,6036
2026-07-16,589175,VNDE00DF17C15,114-9175130-7901807,1316
2026-07-16,589175,VNDE00DF17C15,114-9568499-3128241,25240
2026-07-16,589175,VNDE00DF17C15,114-9723221-0101830,101016
2026-07-16,589175,VNDE00DF17C15,114-9810506-1504209,61840
2026-07-16,589175,VNDE00DF17C15,1255366760,3158
2026-07-16,589175,VNDE00DF17C15,1306846380,9898
2026-07-16,589175,VNDE00DF17C15,1371749,26700
2026-07-16,589175,VNDE00DF17C15,13753,190000
2026-07-16,589175,VNDE00DF17C15,1503-6416,73273
2026-07-16,589175,VNDE00DF17C15,15054494586324,1596
2026-07-16,589175,VNDE00DF17C15,15110780,51070
2026-07-16,589175,VNDE00DF17C15,1651-9681,209502
2026-07-16,589175,VNDE00DF17C15,18881,12420
2026-07-16,589175,VNDE00DF17C15,18995,16249
2026-07-16,589175,VNDE00DF17C15,2-31411060,7500
2026-07-16,589175,VNDE00DF17C15,23820-4796-001001,-3407
2026-07-16,589175,VNDE00DF17C15,23969-8854-000001,91510
2026-07-16,589175,VNDE00DF17C15,23969-8854-000002,7140
2026-07-16,589175,VNDE00DF17C15,23969-8854-000003,9490
2026-07-16,589175,VNDE00DF17C15,24000776112100035334380,206000
2026-07-16,589175,VNDE00DF17C15,251024113120003,195386
2026-07-16,589175,VNDE00DF17C15,2748271,8464
2026-07-16,589175,VNDE00DF17C15,2812589,32390
2026-07-16,589175,VNDE00DF17C15,2884 2860 006,23199
2026-07-16,589175,VNDE00DF17C15,31492106-3,69628
2026-07-16,589175,VNDE00DF17C15,386135531628878,7320
2026-07-16,589175,VNDE00DF17C15,3AH839629P544593D,-52500
2026-07-16,589175,VNDE00DF17C15,44973,156400
2026-07-16,589175,VNDE00DF17C15,466135531109896,898
2026-07-16,589175,VNDE00DF17C15,48542423,6056
2026-07-16,589175,VNDE00DF17C15,5136152550302557,-22388
2026-07-16,589175,VNDE00DF17C15,66308-1,173790
2026-07-16,589175,VNDE00DF17C15,742157618,2577
2026-07-16,589175,VNDE00DF17C15,742225675,19419
2026-07-16,589175,VNDE00DF17C15,75158,4562
2026-07-16,589175,VNDE00DF17C15,800000032995021,5275
2026-07-16,589175,VNDE00DF17C15,800000037965326,11576
2026-07-16,589175,VNDE00DF17C15,815780,25500
2026-07-16,589175,VNDE00DF17C15,817631,3600
2026-07-16,589175,VNDE00DF17C15,827505,76500
2026-07-16,589175,VNDE00DF17C15,829671,9664
2026-07-16,589175,VNDE00DF17C15,83305,12528
2026-07-16,589175,VNDE00DF17C15,8718208,151556
2026-07-16,589175,VNDE00DF17C15,952869,4696
2026-07-16,589175,VNDE00DF17C15,957006-1,-7380
2026-07-16,589175,VNDE00DF17C15,CZ179938,26600
2026-07-16,589175,VNDE00DF17C15,D01-8208466-0189027,4900
2026-07-16,589175,VNDE00DF17C15,FCLS-0003,159500
2026-07-16,589175,VNDE00DF17C15,FCLS.10925,104850
2026-07-16,589175,VNDE00DF17C15,G5717059768,12380
2026-07-16,589175,VNDE00DF17C15,H0149-533522,122589
2026-07-16,589175,VNDE00DF17C15,H6941-489629,32679
2026-07-16,589175,VNDE00DF17C15,INV20249265,33494
2026-07-16,589175,VNDE00DF17C15,M300608272,101000
2026-07-16,589175,VNDE00DF17C15,T-227264,246342
2026-07-16,589175,VNDE00DF17C15,T78-WYG,65541
2026-07-16,589175,VNDE00DF17C15,X-SINV-024834,23732
2026-07-16,589175,VNDE00DF17C15,Y8220208925,16574
2026-07-17,202607160032731,VNDB997380A46,ATLFUEM0726,5046667
2026-07-17,202607160032732,VND9720469728,26155SE,147993
2026-07-17,202607160032733,VND9720469728,26181SE,129736
2026-07-17,202607160032734,VND7CE806B1C3,02L1-616-2026,180000
2026-07-17,202607160032735,VND6579404E92,170964,32000
2026-07-17,202607160032736,VND6E00BC8980,2394-02-512.04,372000
2026-07-17,202607160032736,VND6E00BC8980,2395-03-512.04,687500
2026-07-17,202607160032736,VND6E00BC8980,2396-04-512.04,124000
2026-07-17,202607160032737,VND88431FA06D,9160299527,40500
2026-07-17,202607160032737,VND88431FA06D,9160315156,6000
2026-07-17,202607160032738,VNDDC3FAE8C73,BP26109,1714000
2026-07-17,202607160032739,VNDD9C77787B1,GA33706466,1820000
2026-07-17,202607160032740,VNDCA74A751E3,1015752,16742300
2026-07-17,202607160032741,VND64FECDA64C,6145735239,9011
2026-07-17,202607160032742,VND6924F18662,07062616,1743398
2026-07-17,202607160032743,VND9C283F936B,M133009880193,341733
2026-07-17,202607160032743,VND9C283F936B,M133009889874,94743
2026-07-17,202607160032744,VND27E59B7639,7692,12000
2026-07-17,202607160032744,VND27E59B7639,7693,88000
2026-07-17,202607160032744,VND27E59B7639,7694,180000
2026-07-17,202607160032745,VND16BAC6F153,09C-616-2026,100000
2026-07-17,202607160032746,VNDFAE7F3B6D7,1003,840000
2026-07-17,202607160032747,VND0E91960115,9000250053,57121897
2026-07-17,202607160032747,VND0E91960115,9000252173,57121897
2026-07-17,202607160032748,VNDA25E2DEF26,EHE-05-2026,3418634
2026-07-17,202607160032749,VND8AF0455E42,FLIC063026,1333500
2026-07-17,202607160032749,VND8AF0455E42,SLSP06302026,992250
2026-07-17,202607160032750,VND65ED435E78,025-559988,75000
2026-07-17,202607160032750,VND65ED435E78,070-112853,1573123
2026-07-17,202607160032751,VND23829C85FF,EHE-04-2026,1307845
2026-07-17,202607160032751,VND23829C85FF,RYW-05-2026,10134787
2026-07-17,202607160032752,VND5786D79E3A,1350677,8807015
2026-07-17,202607160032753,VND145F4C9FB9,EHE-04-2026,4264749
2026-07-17,202607160032753,VND145F4C9FB9,EHE-05-2026,7231812
2026-07-17,202607160032754,VNDD2869EF4D8,101000024,490875
2026-07-17,202607160032755,VNDDEB248671C,20260630-CONG2,6277657
2026-07-17,202607160032755,VNDDEB248671C,20260630-CONGFAD,177561
2026-07-17,202607160032755,VNDDEB248671C,20260630-HCBS-RHDM2,5181892
2026-07-17,202607160032755,VNDDEB248671C,20260630-RHDM,2077920
2026-07-17,202607160032756,VNDDEB248671C,RYW-05-2026,10913984
2026-07-17,202607160032756,VNDDEB248671C,RYW-05-2026-MAI,446033
2026-07-17,202607160032757,VND7B42A0F004,20260602,3897800
2026-07-17,202607160032757,VND7B42A0F004,20260602-T,743000
2026-07-17,202607160032758,VNDDB420FB2F5,66-0050798,153914
2026-07-17,202607160032758,VNDDB420FB2F5,66-0050799,153914
2026-07-17,202607160032758,VNDDB420FB2F5,66-0050871,121873
2026-07-17,202607160032758,VNDDB420FB2F5,66-0050872,275456
2026-07-17,202607160032759,VND1AEC39C1B9,23363,45180
2026-07-17,202607160032760,VNDE8052B4E6E,AR07/26,24146
2026-07-17,202607160032761,VNDD0F6ED802B,AG07/26,19393
2026-07-17,202607160032762,VND9F2F7EA15C,1258,2851406
2026-07-17,202607160032763,VNDCE24FB6E81,BB07/26,20413
2026-07-17,202607160032764,VND5EBCE2D33E,YB07/26,21684
2026-07-17,202607160032765,VND502A427BFA,GJG07/26,23703
2026-07-17,202607160032766,VND8BB1677144,CT07/26,24570
2026-07-17,202607160032767,VND8EA80F8F07,BG07/26,23581
2026-07-17,202607160032768,VNDA096CC5A15,GM07/26,24271
2026-07-17,202607160032769,VND808385F65D,INV-TPR0000109,3398958
2026-07-17,202607160032770,VNDE56B5C921A,7050069810,182300
2026-07-17,202607160032771,VNDB215C6EA2C,6833,300000
2026-07-17,202607160032771,VNDB215C6EA2C,6834,300000
2026-07-17,202607160032771,VNDB215C6EA2C,6837,50000
2026-07-17,202607160032772,VNDF529B99244,12972,120450
2026-07-17,202607160032773,VND043CE835C3,1-CDBG25560,17500
2026-07-17,202607160032773,VND043CE835C3,1-GF-25556,914995
2026-07-17,202607160032773,VND043CE835C3,2-GF-25557,998369
2026-07-17,202607160032773,VND043CE835C3,3-GF-25559,3266720
2026-07-17,202607160032774,VND7D87534AC4,EHE-06-2026,1475873
2026-07-17,202607160032775,VND3DF4718C8A,1313995,1107000
2026-07-17,202607160032776,VNDDDE4CCF30B,FC 88843,1525000
2026-07-17,202607160032777,VNDEA96D665CE,MLS1859E,52000
2026-07-17,202607160032778,VND36CCC0AA90,112828,110000
2026-07-17,202607160032778,VND36CCC0AA90,112829,35000
2026-07-17,202607160032778,VND36CCC0AA90,112830,50000
2026-07-17,202607160032778,VND36CCC0AA90,112832,50000
2026-07-17,202607160032778,VND36CCC0AA90,114831,24500
2026-07-17,202607160032778,VND36CCC0AA90,114832,24500
2026-07-17,202607160032778,VND36CCC0AA90,114833,8500
2026-07-17,202607160032779,VNDAC844B4C4F,10158854-00,136380
2026-07-17,202607160032779,VNDAC844B4C4F,10159019-00,113000
2026-07-17,202607160032779,VNDAC844B4C4F,10159329-00,47000
2026-07-17,202607160032779,VNDAC844B4C4F,10159953-00,71250
2026-07-17,202607160032780,VND7E78BC1F6B,2026/0006162026,60000
2026-07-17,202607160032781,VNDF54F971D0D,122361,90420
2026-07-17,202607160032782,VND234A8F0919,53225-1-02,2371572
2026-07-17,202607160032782,VND234A8F0919,53225-2-02,1928973
2026-07-17,202607160032782,VND234A8F0919,53225-3-02,1988347
2026-07-17,202607160032783,VND76824422BA,PRI10-00007505,1008500
2026-07-17,202607160032784,VNDBFFEA729CC,121SR,125450
2026-07-17,202607160032785,VNDEE2EF92A18,26-1241,43100
2026-07-17,202607160032786,VND40EAA8595A,202009532,17828502
2026-07-17,202607160032786,VND40EAA8595A,202009542,28394530
2026-07-17,202607160032786,VND40EAA8595A,202009550,35815594
2026-07-17,202607160032787,VND7E399EEA39,31751-002-01,1109250
2026-07-17,202607160032788,VNDFADE29CD1B,24RFP140569K-17,861800
2026-07-17,202607160032789,VND448A102A34,INV2941080,266987
2026-07-17,202607160032790,VNDD099B046B6,22841,790107
2026-07-17,202607160032790,VNDD099B046B6,22981,10298268
2026-07-17,202607160032790,VNDD099B046B6,22995,250096
2026-07-17,202607160032791,VND355FDF127D,1014498,437200
2026-07-17,202607160032791,VND355FDF127D,1014499,437200
2026-07-17,202607160032791,VND355FDF127D,1014500,437200
2026-07-17,202607160032791,VND355FDF127D,1014983,437200
2026-07-17,202607160032791,VND355FDF127D,1015173,437200
2026-07-17,202607160032791,VND355FDF127D,1017299,437200
2026-07-17,202607160032792,VND21B138348C,070326.01,300000
2026-07-17,202607160032792,VND21B138348C,070826.01,593000
2026-07-17,202607160032792,VND21B138348C,070826.02,521500
2026-07-17,202607160032792,VND21B138348C,070826.03,418500
2026-07-17,202607160032792,VND21B138348C,070826.04,389200
2026-07-17,202607160032792,VND21B138348C,070926.01,445000
2026-07-17,202607160032793,VND0BF9BA4F6E,FCM0707,3115698
2026-07-17,202607160032794,VND538CF793FF,41977,45875
2026-07-17,202607160032794,VND538CF793FF,42148,37500
2026-07-17,202607160032794,VND538CF793FF,42314,216000
2026-07-17,202607160032794,VND538CF793FF,42315,54000
2026-07-17,202607160032794,VND538CF793FF,42388,67500
2026-07-17,202607160032794,VND538CF793FF,42389,67500
2026-07-17,202607160032795,VNDB9C071974B,26S-SC02A,75580265
2026-07-17,202607160032796,VNDC43B0733EB,007162,45696
2026-07-17,202607160032796,VNDC43B0733EB,007253,278170
2026-07-17,202607160032796,VNDC43B0733EB,007291,35019
2026-07-17,202607160032796,VNDC43B0733EB,007292,64574
2026-07-17,202607160032796,VNDC43B0733EB,007315,107758
2026-07-17,202607160032796,VNDC43B0733EB,007429,66218
2026-07-17,202607160032796,VNDC43B0733EB,007455,43848
2026-07-17,202607160032796,VNDC43B0733EB,007459,312294
2026-07-17,202607160032796,VNDC43B0733EB,007482,234672
2026-07-17,202607160032797,VND9043A035A6,0113203,166800
2026-07-17,202607160032798,VND25E421AB70,ASF-23-2026,195000
2026-07-17,202607160032799,VND118AAC98EA,GR07/26,24357
2026-07-17,202607160032800,VND4C3B26C1BD,8408447034,5400
2026-07-17,202607160032801,VND4C3B26C1BD,9372917884,1664
2026-07-17,202607160032801,VND4C3B26C1BD,9374476199,7019
2026-07-17,202607160032801,VND4C3B26C1BD,9376443921,1034
2026-07-17,202607160032801,VND4C3B26C1BD,9377761205,8004
2026-07-17,202607160032801,VND4C3B26C1BD,9379402709,12598
2026-07-17,202607160032801,VND4C3B26C1BD,9379402715,1889
2026-07-17,202607160032801,VND4C3B26C1BD,9379402719,12242
2026-07-17,202607160032801,VND4C3B26C1BD,9379426590,8007
2026-07-17,202607160032801,VND4C3B26C1BD,9379426593,1799
2026-07-17,202607160032801,VND4C3B26C1BD,9379838573,1709
2026-07-17,202607160032801,VND4C3B26C1BD,9379864154,17459
2026-07-17,202607160032801,VND4C3B26C1BD,9380067661,8007
2026-07-17,202607160032801,VND4C3B26C1BD,9380067662,21871
2026-07-17,202607160032801,VND4C3B26C1BD,9380067664,16108
2026-07-17,202607160032802,VND6E87A561E9,CRF070926,147950
2026-07-17,202607160032803,VNDFCFB44BCA4,CP07/26,24233
2026-07-17,202607160032804,VNDBF5AD25A46,BW07/26,24602
2026-07-17,202607160032805,VND83DF970D08,SM07/26,20333
2026-07-17,202607160032806,VND69A81F7A4A,12400,59772
2026-07-17,202607160032807,VNDF516CA6F09,0894504-IN,1882535
2026-07-17,202607160032808,VND57830E7D17,EHE-05-2026,5082416
2026-07-17,202607160032809,VNDA9C52F3473,JSH07/26,24125
2026-07-17,202607160032810,VND8C5AF75C45,EHE-04-2026,5846194
2026-07-17,202607160032811,VND9F9A459E94,00003809,14250
2026-07-17,202607160032811,VND9F9A459E94,00003810,31500
2026-07-17,202607160032811,VND9F9A459E94,00003812,52950
2026-07-17,202607160032811,VND9F9A459E94,00003813,35200
2026-07-17,202607160032811,VND9F9A459E94,00003814,3750
2026-07-17,202607160032811,VND9F9A459E94,00003815,11250
2026-07-17,202607160032811,VND9F9A459E94,00003816,7500
2026-07-17,202607160032811,VND9F9A459E94,00003817,15750
2026-07-17,202607160032811,VND9F9A459E94,00003818,39350
2026-07-17,202607160032812,VND9C0BD56340,26-115,130225
2026-07-17,202607160032813,VND9575F73C14,2649,277000
2026-07-17,202607160032814,VND119A0D66ED,188873,1965000
2026-07-17,202607160032815,VNDF270A5EE89,00002858,5025
2026-07-17,202607160032815,VNDF270A5EE89,00003852,1275
2026-07-17,202607160032815,VNDF270A5EE89,00003853,1275
2026-07-17,202607160032815,VNDF270A5EE89,00003854,1275
2026-07-17,202607160032815,VNDF270A5EE89,00003855,1275
2026-07-17,202607160032815,VNDF270A5EE89,00003856,2475
2026-07-17,202607160032815,VNDF270A5EE89,00003857,3750
2026-07-17,202607160032815,VNDF270A5EE89,00003859,5625
2026-07-17,202607160032815,VNDF270A5EE89,00003860,6300
2026-07-17,202607160032815,VNDF270A5EE89,00003861,6300
2026-07-17,202607160032815,VNDF270A5EE89,00003862,6630
2026-07-17,202607160032815,VNDF270A5EE89,00003863,6900
2026-07-17,202607160032815,VNDF270A5EE89,00003864,9375
2026-07-17,202607160032815,VNDF270A5EE89,00003865,21900
2026-07-17,202607160032815,VNDF270A5EE89,00003866,18625
2026-07-17,202607160032815,VNDF270A5EE89,00003867,9450
2026-07-17,202607160032815,VNDF270A5EE89,00003868,18225
2026-07-17,202607160032815,VNDF270A5EE89,00003869,31875
2026-07-17,202607160032815,VNDF270A5EE89,00003870,32880
2026-07-17,202607160032815,VNDF270A5EE89,00003871,46750
2026-07-17,202607160032815,VNDF270A5EE89,00003872,78225
2026-07-17,202607160032816,VNDCBEF635B4E,LM07/26,23842
2026-07-17,202607160032817,VND73E67FF889,AJ07/26,21697
2026-07-17,202607160032818,VND4851FECB74,10470,752377
2026-07-17,202607160032818,VND4851FECB74,10471,120000
2026-07-17,202607160032818,VND4851FECB74,10472,120000
2026-07-17,202607160032818,VND4851FECB74,10473,198000
2026-07-17,202607160032819,VND4FB8EC1CFE,FULTON CLUBHOUSE-2210-43026,3743225
2026-07-17,202607160032819,VND4FB8EC1CFE,FULTON CLUBHOUSE-2210-53126,3695825
2026-07-17,202607160032820,VND8E8EDB7555,20260630000000018740,5040
2026-07-17,202607160032821,VND53C379D51A,INV0181030,38500
2026-07-17,202607160032821,VND53C379D51A,INV0181135,248500
2026-07-17,202607160032821,VND53C379D51A,INV0181528,50000
2026-07-17,202607160032821,VND53C379D51A,INV0182509,88000
2026-07-17,202607160032821,VND53C379D51A,INV0183108,60000
2026-07-17,202607160032821,VND53C379D51A,INV0183112,60000
2026-07-17,202607160032821,VND53C379D51A,INV0186186,33000
2026-07-17,202607160032821,VND53C379D51A,INV0186291,339715
2026-07-17,202607160032821,VND53C379D51A,INV0186293,35750
2026-07-17,202607160032821,VND53C379D51A,INV0186649,22000
2026-07-17,202607160032821,VND53C379D51A,INV0186650,22000
2026-07-17,202607160032822,VND9B89F81E20,3948,57600
2026-07-17,202607160032822,VND9B89F81E20,3950,45300
2026-07-17,202607160032822,VND9B89F81E20,3955,58800
2026-07-17,202607160032822,VND9B89F81E20,3958,64300
2026-07-17,202607160032822,VND9B89F81E20,3959,51600
2026-07-17,202607160032822,VND9B89F81E20,3961,128500
2026-07-17,202607160032822,VND9B89F81E20,3962,57200
2026-07-17,202607160032822,VND9B89F81E20,3965,47500
2026-07-17,202607160032822,VND9B89F81E20,3966,49000
2026-07-17,202607160032822,VND9B89F81E20,3971,45000
2026-07-17,202607160032822,VND9B89F81E20,3972,57500
2026-07-17,202607160032822,VND9B89F81E20,3979,72500
2026-07-17,202607160032822,VND9B89F81E20,3982,72700
2026-07-17,202607160032822,VND9B89F81E20,3983,98200
2026-07-17,202607160032822,VND9B89F81E20,3991,72500
2026-07-17,202607160032822,VND9B89F81E20,4000,136000
2026-07-17,202607160032823,VNDEE441A807C,JC102175,2327120
2026-07-17,202607160032824,VND03AB6C747D,GRC01012026,292483
2026-07-17,202607160032825,VNDA66C72F470,20260629,3000000
2026-07-17,202607160032826,VND6C8DDAA416,06-2026,5000
2026-07-17,202607160032827,VNDE6B4C65367,26-063026-FCSS,28385010
2026-07-17,202607160032828,VNDE75102D7A2,00003834,48000
2026-07-17,202607160032828,VNDE75102D7A2,00003835,55700
2026-07-17,202607160032828,VNDE75102D7A2,00003836,68500
2026-07-17,202607160032828,VNDE75102D7A2,00003843,37850
2026-07-17,202607160032828,VNDE75102D7A2,00003845,25750
2026-07-17,202607160032829,VND48FE38743D,401505238A,16057000
2026-07-17,202607160032830,VNDCC39F7FF38,105 FC CIP,2740203
2026-07-17,202607160032831,VND5B4294BCBC,EDW04/26,30900
2026-07-17,202607160032832,VNDCB5F023745,JH07/26,24019
2026-07-17,202607160032833,VND317CC28DB3,LP07/26,18500
2026-07-17,202607160032834,VNDED79FA7FA3,WB07/26,24482
2026-07-17,202607160032835,VND7937123C76,GD07/26,24568
2026-07-17,202607160032836,VNDF8961378C8,GH07/26,22138
2026-07-17,202607160032837,VND1B14961A55,070826-EAST POINT-LB_FCLS-JGW,20000
2026-07-17,202607160032838,VND451F08FBAE,15245405,10500
2026-07-17,202607160032838,VND451F08FBAE,15377929,32250
2026-07-17,202607160032839,VND41FEF5D2BC,25288,49200
2026-07-17,202607160032839,VND41FEF5D2BC,25290,29100
2026-07-17,202607160032839,VND41FEF5D2BC,25291,49200
2026-07-17,202607160032839,VND41FEF5D2BC,25292,24900
2026-07-17,202607160032839,VND41FEF5D2BC,25293,45600
2026-07-17,202607160032840,VNDE66DBB9972,831764,97320
2026-07-17,202607160032841,VND1AC9A25C43,00003897,109500
2026-07-17,202607160032841,VND1AC9A25C43,00003898,108800
2026-07-17,202607160032841,VND1AC9A25C43,00003902,125500
2026-07-17,202607160032842,VND50C7716493,CK-260713,282350
2026-07-17,202607160032843,VND2AE9AF2383,THH200171,325000
2026-07-17,202607160032844,VNDC4E79D1483,FULTON CO 090,1200000
2026-07-17,202607160032845,VNDEFB19C6099,2294,75000
2026-07-17,202607160032845,VNDEFB19C6099,2298,57600
2026-07-17,202607160032845,VNDEFB19C6099,2299,100000
2026-07-17,202607160032846,VNDD108DFD692,390353,53048
2026-07-17,202607160032846,VNDD108DFD692,390863,27690
2026-07-17,202607160032846,VNDD108DFD692,392771,94663
2026-07-17,202607160032847,VND00BC563C10,DL07/26,24645
2026-07-17,202607160032848,VNDCDF81192A1,OJ07/26,23933
2026-07-17,202607160032849,VND328C13ED6E,AM07/26,19851
2026-07-17,202607160032850,VND5353F39F14,CM07/26,18500
2026-07-17,202607160032851,VND3AA136C39C,SH07/26,24941
2026-07-17,202607160032852,VND56A70B5F0A,DQ07/26,19941
2026-07-17,202607160032853,VND7B130D8C70,CT07/26,24027
2026-07-17,202607160032854,VND84FA9DEDF7,1459,175500
2026-07-17,202607160032855,VND165C80D9B3,070226,75000
2026-07-17,202607160032855,VND165C80D9B3,070826,50000
2026-07-17,202607160032856,VNDE868058318,005082,96464
2026-07-17,202607160032856,VNDE868058318,005510,90144
2026-07-17,202607160032856,VNDE868058318,005513,391706
2026-07-17,202607160032856,VNDE868058318,006326,89314
2026-07-17,202607160032856,VNDE868058318,006704,28000
2026-07-17,202607160032856,VNDE868058318,006827,203212
2026-07-17,202607160032856,VNDE868058318,008277,48579
2026-07-17,202607160032856,VNDE868058318,009323,512666
2026-07-17,202607160032856,VNDE868058318,009328,16000
2026-07-17,202607160032857,VND9B89D938B2,1KH2026_,20000
2026-07-17,202607160032858,VND845BD422F7,MH07/26,22836
2026-07-17,202607160032859,VND3818C429F5,GB07/26,20381
2026-07-17,202607160032860,VND010E440BFB,SSC-IN294962,2952816
2026-07-17,202607160032861,VND9FCC7E95A6,INV11090910,19200
2026-07-17,202607160032862,VNDAA18CF6F83,070726,425000
2026-07-17,202607160032863,VNDD73131260D,70326,475000
2026-07-17,202607160032864,VNDE6DD4952DE,2814,74500
2026-07-17,202607160032865,VNDD0E57F7CE8,DI07/26,20197
2026-07-17,202607160032866,VNDC258118AC8,24696,1850392
2026-07-17,202607160032866,VNDC258118AC8,24948,1058042
2026-07-17,202607160032866,VNDC258118AC8,25382,13672541
2026-07-17,202607160032867,VND8F3701C1C4,0626243236,13500
2026-07-17,202607160032868,VND08FF294B8E,43272,24000
2026-07-17,202607160032869,VND6FB79AADCF,EHE-05-2026,889843
2026-07-17,202607160032870,VNDBE246216CE,AM200319,195000
2026-07-17,202607160032871,VNDE49B4C51C7,ABO200152,195000
2026-07-17,202607160032871,VNDE49B4C51C7,ABO200153,325000
2026-07-17,202607160032871,VNDE49B4C51C7,ABO200154,325000
2026-07-17,202607160032872,VND9B4138C0D1,ATL07012026,775922
2026-07-17,202607160032873,VNDA098F87C39,54,180000
2026-07-17,202607160032874,VNDF3ED58ACED,VE07/26,21812
2026-07-17,202607160032875,VND2A52743E98,CT07/26,24951
2026-07-17,202607160032876,VND1035211F68,CM07/26,20821
2026-07-17,202607160032877,VNDC96780B37B,OW07/26,20723
2026-07-17,202607160032878,VND205091A4BF,BB07/26,24346
2026-07-17,202607160032879,VND2AC92FD5FB,1183,725000
2026-07-17,202607160032879,VND2AC92FD5FB,1184,1862172
2026-07-17,202607160032879,VND2AC92FD5FB,1194,8028693
2026-07-17,202607160032880,VND47A07012FE,BA07/26,23054
2026-07-17,202607160032881,VND97E51EAFFB,001,20000
2026-07-17,202607160032882,VND8BA19922E2,RYW-05-2026,18556475
2026-07-17,202607160032883,VND05D1AF1DC3,028037,548922
2026-07-17,202607160032884,VND7B54CADC52,473364705001,38737
2026-07-17,202607160032884,VND7B54CADC52,473588989001,55225
2026-07-17,202607160032884,VND7B54CADC52,474083132001,116609
2026-07-17,202607160032884,VND7B54CADC52,474086817001,76574
2026-07-17,202607160032884,VND7B54CADC52,474089448001,8819
2026-07-17,202607160032884,VND7B54CADC52,474601833001,1943481
2026-07-17,202607160032884,VND7B54CADC52,474602325001,15393
2026-07-17,202607160032884,VND7B54CADC52,474741057001,14598
2026-07-17,202607160032885,VNDB47C3D8BC1,12251793,25400
2026-07-17,202607160032886,VNDB4A88ECC2B,3804-1,6164592
2026-07-17,202607160032886,VNDB4A88ECC2B,3805-1,3672400
2026-07-17,202607160032886,VNDB4A88ECC2B,3807,7616775
2026-07-17,202607160032887,VNDF1A7FF391B,GT07/26,24944
2026-07-17,202607160032888,VND2FA15D2B36,FP07/26,20192
2026-07-17,202607160032889,VNDB88D818F1F,DJ07/26,24616
2026-07-17,202607160032890,VND1CFF75DBBF,AJ07/26,23681
2026-07-17,202607160032891,VND1AE03504C9,INV-001152,175000
2026-07-17,202607160032892,VND8CAF762531,2026-007-PROBATE,700000
2026-07-17,202607160032893,VND3838DE8103,40398170,670000
2026-07-17,202607160032894,VNDED998246A3,06-26,4404000
2026-07-17,202607160032895,VND9214ADBFBD,200-C2476-28755-I,35775
2026-07-17,202607160032895,VND9214ADBFBD,200ABS100001329,12396968
2026-07-17,202607160032895,VND9214ADBFBD,200ABS100001843,13113897
2026-07-17,202607160032895,VND9214ADBFBD,200ABS100002868,19389654
2026-07-17,202607160032896,VND5978FA5BD1,114238,298319500
2026-07-17,202607160032896,VND5978FA5BD1,114239,32999179
2026-07-17,202607160032896,VND5978FA5BD1,114312,83583
2026-07-17,202607160032896,VND5978FA5BD1,114313,40218280
2026-07-17,202607160032896,VND5978FA5BD1,114314,2316267
2026-07-17,202607160032897,VNDC25BE877D3,13918,546750
2026-07-17,202607160032898,VND3DE7437FAA,CG07/26,24432
2026-07-17,202607160032899,VNDEE14B6F470,165,213825
2026-07-17,202607160032900,VND68161C285A,12/26,179910
2026-07-17,202607160032901,VND7964E8C5F0,INV0110001,287532
2026-07-17,202607160032901,VND7964E8C5F0,INV0110007,253428
2026-07-17,202607160032902,VND7BB05E1072,AW07/26,23703
2026-07-17,202607160032903,VNDEF6DF4AB1A,06/26,600000
2026-07-17,202607160032904,VNDFB3867E542,10622,500000
2026-07-17,202607160032905,VND6C7B3BA892,214280,1051455
2026-07-17,202607160032906,VND3FEE14F178,13-26,216750
2026-07-17,202607160032907,VNDC68243F4EA,2026-24,75215
2026-07-17,202607160032907,VNDC68243F4EA,2026-25,76745
2026-07-17,202607160032908,VNDC20604776B,GDD07/26,23958
2026-07-17,202607160032909,VND35116390B3,07107026,30000
2026-07-17,202607160032910,VNDDB15FD5D39,RD07/26,18500
2026-07-17,202607160032911,VND1B597A408F,RLG055172026,20000
2026-07-17,202607160032912,VND493B716FDF,SH07/26,21889
2026-07-17,202607160032913,VND68CAC0FBE4,GN07/26,20059
2026-07-17,202607160032914,VND93B7C6E6D9,060220261,16800
2026-07-17,202607160032915,VND33A5C04D7C,MEDMOMDS-0626-M,2604
2026-07-17,202607160032915,VND33A5C04D7C,MEDMOMDS-0626-S,7000
2026-07-17,202607160032916,VNDB8DF26EF9D,242895-1,79200
2026-07-17,202607160032916,VNDB8DF26EF9D,244050,113200
2026-07-17,202607160032916,VNDB8DF26EF9D,244487,390600
2026-07-17,202607160032916,VNDB8DF26EF9D,246638,10000
2026-07-17,202607160032916,VNDB8DF26EF9D,246639,9200
2026-07-17,202607160032916,VNDB8DF26EF9D,246640,16800
2026-07-17,202607160032916,VNDB8DF26EF9D,246641,7100
2026-07-17,202607160032916,VNDB8DF26EF9D,246642,17400
2026-07-17,202607160032916,VNDB8DF26EF9D,246643,12900
2026-07-17,202607160032916,VNDB8DF26EF9D,246646,480000
2026-07-17,202607160032916,VNDB8DF26EF9D,246668,11200
2026-07-17,202607160032916,VNDB8DF26EF9D,246673,15400
2026-07-17,202607160032916,VNDB8DF26EF9D,246674,28080
2026-07-17,202607160032916,VNDB8DF26EF9D,246676,182000
2026-07-17,202607160032916,VNDB8DF26EF9D,246677,17500
2026-07-17,202607160032916,VNDB8DF26EF9D,246678,22400
2026-07-17,202607160032916,VNDB8DF26EF9D,246679,24000
2026-07-17,202607160032916,VNDB8DF26EF9D,246680,43400
2026-07-17,202607160032916,VNDB8DF26EF9D,246681,25900
2026-07-17,202607160032916,VNDB8DF26EF9D,246684,75600
2026-07-17,202607160032916,VNDB8DF26EF9D,246686,64400
2026-07-17,202607160032916,VNDB8DF26EF9D,246687,29400
2026-07-17,202607160032916,VNDB8DF26EF9D,246701,11600
2026-07-17,202607160032916,VNDB8DF26EF9D,246703,37200
2026-07-17,202607160032916,VNDB8DF26EF9D,246704,62000
2026-07-17,202607160032916,VNDB8DF26EF9D,246705,119500
2026-07-17,202607160032916,VNDB8DF26EF9D,246706,12900
2026-07-17,202607160032916,VNDB8DF26EF9D,246707,20000
2026-07-17,202607160032916,VNDB8DF26EF9D,246708,2500
2026-07-17,202607160032916,VNDB8DF26EF9D,246709,9000
2026-07-17,202607160032916,VNDB8DF26EF9D,247009,4900
2026-07-17,202607160032916,VNDB8DF26EF9D,247194,2500
2026-07-17,202607160032917,VND098B225002,06-30-2026,9600
2026-07-17,202607160032917,VND098B225002,7-7-2026,9600
2026-07-17,202607160032918,VND57B24D411B,GRM20024,1235000
2026-07-17,202607160032919,VNDE93142A436,19745,34701
2026-07-17,202607160032919,VNDE93142A436,19752,2951
2026-07-17,202607160032920,VND3F41579FEA,CG0000-0123RT,64000
2026-07-17,202607160032920,VND3F41579FEA,CG0128,215600
2026-07-17,202607160032921,VNDF5250C1682,JJL20055,520000
2026-07-17,202607160032921,VNDF5250C1682,JJL20056,650000
2026-07-17,202607160032921,VNDF5250C1682,JJL20057,455000
2026-07-17,202607160032922,VNDC8977FA886,CMA-1564-2,1600000
2026-07-17,202607160032923,VNDAE690FD322,1035,120000
2026-07-17,202607160032924,VNDE93E661AB3,00003891,68500
2026-07-17,202607160032924,VNDE93E661AB3,00003899,38500
2026-07-17,202607160032924,VNDE93E661AB3,00003900,27000
2026-07-17,202607160032924,VNDE93E661AB3,00003901,21750
2026-07-17,202607160032925,VND9491F0461C,1025,128348
2026-07-17,202607160032925,VND9491F0461C,1027,84593
2026-07-17,202607160032926,VND912CFBA8A5,07012026,1745250
2026-07-17,202607160032927,VND00170EE7B3,TG07/26,23981
2026-07-17,202607160032928,VNDE16A807E52,HR07/26,21876
2026-07-17,202607160032929,VNDF91C5BE366,CD1031351,472327
2026-07-17,202607160032929,VNDF91C5BE366,CD1031374,1017722
2026-07-17,202607160032930,VNDB0C90A077F,WHL07/26,24560
2026-07-17,202607160032931,VND575F6CA91D,JS07/26,24494
2026-07-17,202607160032932,VND249DFC6B4C,WF07/26,24290
2026-07-17,202607160032933,VND61396AFDFB,BR07/26,24170
2026-07-17,202607160032934,VNDFF43006A02,26-006,220000
2026-07-17,202607160032935,VND5017E59D5F,0226029-IN,1598307
2026-07-17,202607160032935,VND5017E59D5F,0226090-IN,1139877
2026-07-17,202607160032936,VNDED4CF9E347,MB07/26,24375
2026-07-17,202607160032937,VNDBBC97BEFE1,2493638,10346
2026-07-17,202607160032938,VNDDA4A18614C,ALP07/26,19693
2026-07-17,202607160032939,VND38A4DF7488,122338,383355
2026-07-17,202607160032940,VNDF39A690600,000052626,20000
2026-07-17,202607160032941,VNDC0A6758C72,18,980022
2026-07-17,202607160032942,VNDEA8CF34391,5267,172000
2026-07-17,202607160032942,VNDEA8CF34391,5289,215375
2026-07-17,202607160032942,VNDEA8CF34391,5301,172000
2026-07-17,202607160032943,VNDF86635C38C,12-24ITB100324K-JA,29198440
2026-07-17,202607160032944,VND091D8FB44C,00003883,46750
2026-07-17,202607160032944,VND091D8FB44C,00003884,49050
2026-07-17,202607160032944,VND091D8FB44C,00003887,34550
2026-07-17,202607160032944,VND091D8FB44C,00003888,69650
2026-07-17,202607160032944,VND091D8FB44C,00003889,16150
2026-07-17,202607160032944,VND091D8FB44C,00003890,28550
2026-07-17,202607160032944,VND091D8FB44C,00003892,37300
2026-07-17,202607160032945,VNDEA4857187A,012,370459
2026-07-17,202607160032946,VND1BEA6A7825,917532,25200
2026-07-17,202607160032946,VND1BEA6A7825,917533,42000
2026-07-17,202607160032946,VND1BEA6A7825,917535,30800
2026-07-17,202607160032946,VND1BEA6A7825,917611,32200
2026-07-17,202607160032946,VND1BEA6A7825,920278,42000
2026-07-17,202607160032946,VND1BEA6A7825,920953,4200
2026-07-17,202607160032946,VND1BEA6A7825,921521,19600
2026-07-17,202607160032946,VND1BEA6A7825,930935,637000
2026-07-17,202607160032946,VND1BEA6A7825,930936,725000
2026-07-17,202607160032946,VND1BEA6A7825,930937,637000
2026-07-17,202607160032946,VND1BEA6A7825,930938,515000
2026-07-17,202607160032946,VND1BEA6A7825,930939,176000
2026-07-17,202607160032946,VND1BEA6A7825,930940,88000
2026-07-17,202607160032946,VND1BEA6A7825,930941,308000
2026-07-17,202607160032946,VND1BEA6A7825,930942,44000
2026-07-17,202607160032946,VND1BEA6A7825,930999,396000
2026-07-17,202607160032946,VND1BEA6A7825,931021,44000
2026-07-17,202607160032946,VND1BEA6A7825,931081,88000
2026-07-17,202607160032947,VND7EB74C794D,2318,5850000
2026-07-17,202607160032949,VND800C0F3BA2,62,20000
2026-07-17,202607160032950,VNDEC69D23856,288267-000124-A,84580
2026-07-17,202607160032950,VNDEC69D23856,288267-42124,83300
2026-07-17,202607160032951,VND8C97A46FB1,20004/DSI,3086400
2026-07-17,202607160032952,VNDA1E53E03C0,000017,40000
2026-07-17,202607160032952,VNDA1E53E03C0,000018,30000
2026-07-17,202607160032953,VNDC604F1339D,10,291700
2026-07-17,202607160032954,VNDBDE1F7A86E,0005,8048
2026-07-17,202607160032955,VND6248B7B40F,00003894,13150
2026-07-17,202607160032955,VND6248B7B40F,00003895,13875
2026-07-17,202607160032955,VND6248B7B40F,00003896,8250
2026-07-17,202607160032956,VNDBC457DB945,062526,23400
2026-07-17,202607160032956,VNDBC457DB945,071026,23400
2026-07-17,202607160032957,VND141500B884,1027,51075
2026-07-17,202607160032958,VND3AF8F43B75,8,35004
2026-07-17,202607160032959,VNDF91008D0A2,FBN5651714,478078
2026-07-17,202607160032959,VNDF91008D0A2,FBN5660496,4218865
2026-07-17,202607160032960,VND5CE5E321FF,2859,340014
2026-07-17,202607160032960,VND5CE5E321FF,2860,184386
2026-07-17,202607160032960,VND5CE5E321FF,2861,153268
2026-07-17,202607160032960,VND5CE5E321FF,2862,186148
2026-07-17,202607160032960,VND5CE5E321FF,2864,153760
2026-07-17,202607160032960,VND5CE5E321FF,2868,147443
2026-07-17,202607160032960,VND5CE5E321FF,2880,25000
2026-07-17,202607160032960,VND5CE5E321FF,2881,25000
2026-07-17,202607160032960,VND5CE5E321FF,2882,25000
2026-07-17,202607160032960,VND5CE5E321FF,2883,25000
2026-07-17,202607160032960,VND5CE5E321FF,2884,25000
2026-07-17,202607160032960,VND5CE5E321FF,2885,25000
2026-07-17,202607160032960,VND5CE5E321FF,2886,25000
2026-07-17,202607160032960,VND5CE5E321FF,2909,393900
2026-07-17,202607160032961,VNDDBF2F72770,12,37200
2026-07-17,202607160032962,VNDDB5BF5E9F1,2299081,108000
2026-07-17,202607160032962,VNDDB5BF5E9F1,2306022,120000
2026-07-17,202607160032962,VNDDB5BF5E9F1,2306023,399836
2026-07-17,202607160032962,VNDDB5BF5E9F1,2306024,908807
2026-07-17,202607160032962,VNDDB5BF5E9F1,392409,39750
2026-07-17,202607160032962,VNDDB5BF5E9F1,392410,55750
2026-07-17,202607160032962,VNDDB5BF5E9F1,393285,23300
2026-07-17,202607160032962,VNDDB5BF5E9F1,393286,35400
2026-07-17,202607160032962,VNDDB5BF5E9F1,393287,52750
2026-07-17,202607160032962,VNDDB5BF5E9F1,393288,45600
2026-07-17,202607160032962,VNDDB5BF5E9F1,393289,38050
2026-07-17,202607160032962,VNDDB5BF5E9F1,393290,48800
2026-07-17,202607160032962,VNDDB5BF5E9F1,393291,57750
2026-07-17,202607160032962,VNDDB5BF5E9F1,393293,117500
2026-07-17,202607160032962,VNDDB5BF5E9F1,393308,48800
2026-07-17,202607160032962,VNDDB5BF5E9F1,393467,15000
2026-07-17,202607160032963,VNDD11A678B0D,JA 319360,109210
2026-07-17,202607160032964,VNDA6AC031C47,28310,2372000
2026-07-17,202607160032965,VND06FC4559A6,BJA-2026-01,312500
2026-07-17,202607160032965,VND06FC4559A6,FC-COSSUP 2026-02,998100
2026-07-17,202607160032965,VND06FC4559A6,FC-YRP 2026-02,834900
2026-07-17,202607160032966,VNDB4DB1B813B,06-2026-001,50000
2026-07-17,202607160032967,VND140F72E67F,001,1434007
2026-07-17,202607160032967,VND140F72E67F,002,2053239
2026-07-17,202607160032967,VND140F72E67F,003,1794294
2026-07-17,202607160032967,VND140F72E67F,004,2148314
2026-07-17,202607160032968,VND3330B3E697,1593,87510
2026-07-17,202607160032969,VNDF1AEEA88F5,FD07/26,24374
2026-07-17,202607160032970,VND72C62AC743,001,43000
2026-07-17,202607160032971,VND0AC7F014CF,FCCD-2026-0605,37000
2026-07-17,202607160032972,VND0E91960115,9000252175,64004958
2026-07-17,202607160032973,VNDB702E67675,FC-PROBATE-2026-07-07,100000
2026-07-17,202607160032974,VND972180788C,349,15758522
2026-07-17,202607160032975,VND935045E600,1,30000
2026-07-17,202607160032976,VNDEA417B7B58,622026,9000
2026-07-17,202607160032976,VNDEA417B7B58,6229026,9000
2026-07-17,202607160032976,VNDEA417B7B58,762026,9000
2026-07-17,202607160032977,VND9CD7B1F2C0,MT52126,20000
2026-07-17,202607160032978,VNDD8C72F8543,51834,254930
2026-07-17,202607160032979,VNDE499E97E37,001,249428
2026-07-17,202607160032980,VND0A8EF3C676,24171,50000
2026-07-17,589178,VNDBD47CE2E30,26178COP,295085
2026-07-17,589179,VND35ECFE71A8,12F-616-2026,15606
2026-07-17,589180,VND7CB0342709,265438,5570111
2026-07-17,589180,VND7CB0342709,265441,5095000
2026-07-17,589180,VND7CB0342709,265704,4067848
2026-07-17,589182,VND32D099DED6,DW-2027-006307,1936000
2026-07-17,589183,VND677CED2F09,26180CAW,26950704
2026-07-17,589184,VND677CED2F09,26-OM501,6423876
2026-07-17,589184,VND677CED2F09,26-OM502,9100836
2026-07-17,589184,VND677CED2F09,26-OM507,5257872
2026-07-17,589184,VND677CED2F09,26-OM508,10126944
2026-07-17,589184,VND677CED2F09,26-OM513,6934068
2026-07-17,589184,VND677CED2F09,26-OM514,10025604
2026-07-17,589184,VND677CED2F09,26-OM519,5236200
2026-07-17,589184,VND677CED2F09,26-OM520,8281656
2026-07-17,589185,VND6A956C9B9A,10G-616-2026,50000
2026-07-17,589186,VND2997113BA6,2026-060,1115900
2026-07-17,589187,VNDF8496F0D65,853860242,200188
2026-07-17,589188,VNDE768C56D70,26177GCWR,6180
2026-07-17,589189,VND21A031D8D8,02E-616-2026,100000
2026-07-17,589190,VND228EC4FF34,01H-616-2026,100000
2026-07-17,589191,VND6EF0D9512C,06-2026,20000
2026-07-17,589194,VND176D785453,32710564-06012026,1008769
2026-07-17,589194,VND176D785453,32710564-07012026,1072399
2026-07-17,589195,VND6CD40E221D,27483389-02,3212484
2026-07-17,589196,VNDD08067A32A,100166683-05312026,47619058
2026-07-17,589197,VNDA1C34BB769,404M04-2356-0010358-0526,3120287
2026-07-17,589198,VNDA1C34BB769,6851502112,411921
2026-07-17,589199,VNDA1C34BB769,9846952110,411289
2026-07-17,589200,VNDA1C34BB769,N160144144-24260,384800
2026-07-17,589201,VNDA1C34BB769,N160144144-24290,384800
2026-07-17,589202,VNDF0AF7F29B7,907608737,2455400
2026-07-17,589203,VNDACE83A8EA0,IN-0083022,1763400
2026-07-17,589204,VND3D37DCFBBB,114964,295000
2026-07-17,589205,VNDBD234C9B09,03E-616-2026,160000
2026-07-17,589206,VNDE2C45A28BB,26179CSE,4552598
2026-07-17,589207,VND3A7132A901,11J-616-2026,180000
2026-07-17,589208,VNDD7B3068381,02L2-616-2026,50000
2026-07-17,589209,VND27A1369809,253471,507325
2026-07-17,589209,VND27A1369809,254380,1030736
2026-07-17,589210,VND64313E049A,162194,87800
2026-07-17,589210,VND64313E049A,162195,16900
2026-07-17,589211,VND8BDE9F3290,3379,9900
2026-07-17,589211,VND8BDE9F3290,3380,14850
2026-07-17,589211,VND8BDE9F3290,3382,14850
2026-07-17,589212,VND8BDE9F3290,3383,910800
2026-07-17,589212,VND8BDE9F3290,3384,14850
2026-07-17,589213,VND1FCF0D604A,110798,3982085
2026-07-17,589213,VND1FCF0D604A,110799,2221720
2026-07-17,589213,VND1FCF0D604A,110800,5281104
2026-07-17,589214,VND54975012A8,23545,15000
2026-07-17,589214,VND54975012A8,23554,15000
2026-07-17,589214,VND54975012A8,23561,15000
2026-07-17,589214,VND54975012A8,23574,15000
2026-07-17,589214,VND54975012A8,23582,15000
2026-07-17,589214,VND54975012A8,23587,15000
2026-07-17,589215,VND2403BD2C59,8220 18 893 2612716-070626,45785
2026-07-17,589215,VND2403BD2C59,8220 18 895 2748291-07032026,26525
2026-07-17,589216,VNDA0AEA136B5,51098,539700
2026-07-17,589217,VND793B840D9E,70950037,2646280
2026-07-17,589218,VND793B840D9E,70947940,1679814
2026-07-17,589219,VND93E0638197,5211740,4490
2026-07-17,589220,VND931520B18B,INV2248657,39576
2026-07-17,589220,VND931520B18B,INV2249940,247506
2026-07-17,589220,VND931520B18B,INV2250068,5085000
2026-07-17,589220,VND931520B18B,INV2250147,228588
2026-07-17,589220,VND931520B18B,INV2250622,223470
2026-07-17,589220,VND931520B18B,INV2250638,1827800
2026-07-17,589221,VNDA2418467B0,AJ7KX7T,61972
2026-07-17,589221,VNDA2418467B0,AJ7RI2W,700260
2026-07-17,589221,VNDA2418467B0,AJ84E1K,368000
2026-07-17,589221,VNDA2418467B0,AJ8KI2T,175065
2026-07-17,589221,VNDA2418467B0,AJ8Q44W,15919
2026-07-17,589221,VNDA2418467B0,AJ98I6F,496746
2026-07-17,589221,VNDA2418467B0,AJ98I6M,255779
2026-07-17,589221,VNDA2418467B0,AJ9F73K,368000
2026-07-17,589221,VNDA2418467B0,AJ9LK4C,33200
2026-07-17,589221,VNDA2418467B0,AJ9Y39M,99600
2026-07-17,589221,VNDA2418467B0,AK1JU4V,384000
2026-07-17,589222,VNDDFE1970094,9768884,16821
2026-07-17,589222,VNDDFE1970094,9768886,23966
2026-07-17,589223,VND8ADD7CDEF4,42275775,127590
2026-07-17,589224,VND5310641460,181-328191,79800
2026-07-17,589225,VND21D43A0884,55349,28524
2026-07-17,589226,VND1ACD030DB6,124579201,3066882
2026-07-17,589227,VNDA699DEC0EF,9948367454,538244
2026-07-17,589228,VND3B2A5AC36F,58548680,798479
2026-07-17,589229,VND8B355A1636,33980401,305500
2026-07-17,589230,VNDD8D61E98A2,13254882,366960
2026-07-17,589230,VNDD8D61E98A2,13254883,1628900
2026-07-17,589230,VNDD8D61E98A2,13324345,291900
2026-07-17,589231,VND61CD454AAB,1027252,170656
2026-07-17,589231,VND61CD454AAB,1027253,44000
2026-07-17,589231,VND61CD454AAB,1027254,481433
2026-07-17,589231,VND61CD454AAB,1027255,93500
2026-07-17,589231,VND61CD454AAB,1027256,3483625
2026-07-17,589231,VND61CD454AAB,1027257,111720
2026-07-17,589231,VND61CD454AAB,1027258,597622
2026-07-17,589231,VND61CD454AAB,1027259,833439
2026-07-17,589231,VND61CD454AAB,1027260,220928
2026-07-17,589231,VND61CD454AAB,1027261,33000
2026-07-17,589232,VNDA1EC64BD19,SGIWA 7/10/2026-1,23350
2026-07-17,589233,VND67B45B1471,20260701A,3500
2026-07-17,589233,VND67B45B1471,20260709A,46900
2026-07-17,589234,VND67B45B1471,P-1360923,9000
2026-07-17,589234,VND67B45B1471,P-1363513,7425
2026-07-17,589234,VND67B45B1471,P-1374848,12800
2026-07-17,589235,VND8986D4E750,435329,24949
2026-07-17,589235,VND8986D4E750,435369,23421
2026-07-17,589235,VND8986D4E750,771733,24182
2026-07-17,589235,VND8986D4E750,771738,3588
2026-07-17,589235,VND8986D4E750,772712,20634
2026-07-17,589236,VND38118FE3F4,BWRIGHT 7/13/2026-1,50000
2026-07-17,589237,VND040A8B53BB,MSCOTT 7/10/2026-1,60050
2026-07-17,589238,VND0BB39B7D3F,22359,39400
2026-07-17,589238,VND0BB39B7D3F,22367,39900
2026-07-17,589238,VND0BB39B7D3F,22368,37950
2026-07-17,589238,VND0BB39B7D3F,22371,13000
2026-07-17,589238,VND0BB39B7D3F,22407,70800
2026-07-17,589238,VND0BB39B7D3F,23781,76100
2026-07-17,589238,VND0BB39B7D3F,24403,76600
2026-07-17,589238,VND0BB39B7D3F,24505,1900
2026-07-17,589238,VND0BB39B7D3F,24692,2000
2026-07-17,589238,VND0BB39B7D3F,25030,38900
2026-07-17,589238,VND0BB39B7D3F,25415,19200
2026-07-17,589238,VND0BB39B7D3F,25416,800
2026-07-17,589239,VND08F8FCC5D3,INV3504052,20000
2026-07-17,589239,VND08F8FCC5D3,INV3504585,20000
2026-07-17,589239,VND08F8FCC5D3,INV3562769,20000
2026-07-17,589240,VNDBBFA3617E2,EPD-NFULTONPBCU-0001,660000
2026-07-17,589241,VNDF02648C9C0,34977-1,491795
2026-07-17,589242,VNDA6A4597155,26S-WC06A,6708979
2026-07-17,589243,VNDD31F0AC186,630-001,7000000
2026-07-17,589244,VNDCE91BB0F60,16YD-N9QR-J73R,20989
2026-07-17,589244,VNDCE91BB0F60,16YN-HXWH-FMX9,14280
2026-07-17,589244,VNDCE91BB0F60,1FTR-QRR9-R4KP,18800
2026-07-17,589244,VNDCE91BB0F60,1MHC-NG94-3DMM,8724
2026-07-17,589245,VNDF8496F0D65,853770916,888385
2026-07-17,589245,VNDF8496F0D65,853787434,105500
2026-07-17,589245,VNDF8496F0D65,853787436,280137
2026-07-17,589245,VNDF8496F0D65,853787629,723373
2026-07-17,589245,VNDF8496F0D65,853855409,66100
2026-07-17,589246,VNDF8496F0D65,853776960,73661
2026-07-17,589247,VNDB893AC77FB,93053378,1100000
2026-07-17,589248,VNDAC1730CAA2,7175617671270,30956
2026-07-17,589248,VNDAC1730CAA2,7175617671275,23575
2026-07-17,589248,VNDAC1730CAA2,7175618084748,16883
2026-07-17,589248,VNDAC1730CAA2,7175618084749,16883
2026-07-17,589248,VNDAC1730CAA2,7175618171388,15034
2026-07-17,589248,VNDAC1730CAA2,7175618171393,160771
2026-07-17,589248,VNDAC1730CAA2,7175618171396,19432
2026-07-17,589248,VNDAC1730CAA2,7175618171397,5219
2026-07-17,589248,VNDAC1730CAA2,7175618748197,8998
2026-07-17,589248,VNDAC1730CAA2,7175618758961,45889
2026-07-17,589248,VNDAC1730CAA2,7175618758964,18999
2026-07-17,589248,VNDAC1730CAA2,9612617608050,1928
2026-07-17,589248,VNDAC1730CAA2,9612617608051,5784
2026-07-17,589248,VNDAC1730CAA2,9612617608055,4499
2026-07-17,589248,VNDAC1730CAA2,9612618325289,14011
2026-07-17,589249,VND38D0ED4D25,26-0804-DCC-40,1446000
2026-07-17,589250,VNDD61E77B798,DS07/26,23846
2026-07-17,589251,VNDFAF6560C44,CM07/26,23672
2026-07-17,589252,VND050CB1977A,9972014378,48000
2026-07-17,589252,VND050CB1977A,9975021354,9642
2026-07-17,589252,VND050CB1977A,9976250739,31256
2026-07-17,589253,VND9534708407,415326438,484487
2026-07-17,589253,VND9534708407,415326636,495998
2026-07-17,589253,VND9534708407,415326637,25000
2026-07-17,589254,VND379C11D509,450007461828,919380
2026-07-17,589255,VND977C23C424,26-99609,20900
2026-07-17,589255,VND977C23C424,26-99618,20100
2026-07-17,589255,VND977C23C424,26-99621,23300
2026-07-17,589255,VND977C23C424,26-99622,24900
2026-07-17,589255,VND977C23C424,26-99628,13700
2026-07-17,589256,VND64DD30DC55,615,120000
2026-07-17,589257,VNDA71B6CCF06,35964-0526-AD,13937760
2026-07-17,589258,VNDA71B6CCF06,35964-0226-AD,6878757
2026-07-17,589258,VNDA71B6CCF06,35964-0526-DW,4290926
2026-07-17,589259,VND359ADF420B,DH07/26,24764
2026-07-17,589260,VND1A3B80E81A,13905,313600
2026-07-17,589261,VND618C3D6155,503208,24000
2026-07-17,589261,VND618C3D6155,503209,12000
2026-07-17,589261,VND618C3D6155,503211,60000
2026-07-17,589262,VND2D1BD5C0CE,5500184892,11578
2026-07-17,589263,VNDC693D82E8B,CD2600070393,114586
2026-07-17,589263,VNDC693D82E8B,SVC/266-1501155,65055
2026-07-17,589263,VNDC693D82E8B,SVC/266-1503117,8000
2026-07-17,589264,VND4AD924E1B0,6900,2000
2026-07-17,589265,VNDCC0D8FF90F,124219366,97094
2026-07-17,589266,VND59A98B7413,185169288-0001,553092
2026-07-17,589267,VND58EAF8B969,002610779,375200
2026-07-17,589268,VNDC998126218,3204443196,592864
2026-07-17,589269,VND7A4C00973E,FC052726C,32399
2026-07-17,589270,VNDF1ADF950D3,92783417,529300
2026-07-17,589271,VND3EB51410C8,INV-1SELECTFULTONATL,300000
2026-07-17,589272,VND3E92644E58,3904014,16988
2026-07-17,589272,VND3E92644E58,4903555,2298
2026-07-17,589272,VND3E92644E58,4903595,46400
2026-07-17,589272,VND3E92644E58,4903797,15097
2026-07-17,589272,VND3E92644E58,5232230,13110
2026-07-17,589272,VND3E92644E58,5903180,14520
2026-07-17,589272,VND3E92644E58,5903258,10452
2026-07-17,589272,VND3E92644E58,6902866,4240
2026-07-17,589272,VND3E92644E58,9900270,3466
2026-07-17,589272,VND3E92644E58,9907298,858
2026-07-17,589273,VND17EC221C19,35084,260400
2026-07-17,589273,VND17EC221C19,35613,450250
2026-07-17,589274,VND9389BCEC52,PINV-000113585,85886
2026-07-17,589275,VNDAA57CB827A,150590,32700
2026-07-17,589276,VNDCD33F02DF6,070826STRA,20000
2026-07-17,589277,VND3BBE85415B,INV-160729,1480150
2026-07-17,589278,VND875243FDF2,0453233,752600
2026-07-17,589279,VND88642A5913,91011046293,558552
2026-07-17,589279,VND88642A5913,91011047666,1794300
2026-07-17,589280,VNDA1C34BB769,404 M87-7332 001 0357-0726,1706900
2026-07-17,589281,VND80302B9769,3417976,156150
2026-07-17,589282,VNDCE6531BB26,8685109,508958
2026-07-17,589282,VNDCE6531BB26,8687227,25283
2026-07-17,589283,VNDCE6531BB26,8687268,380064
2026-07-17,589284,VNDFBAA30B136,237622,497250
2026-07-17,589285,VNDFE4960A195,6067311809,184495
2026-07-17,589286,VNDBE94AC1C90,274514,28875
2026-07-17,589286,VNDBE94AC1C90,275610,21000
2026-07-17,589286,VNDBE94AC1C90,275995,21000
2026-07-17,589286,VNDBE94AC1C90,275996,21000
2026-07-17,589287,VNDA69555C5D2,3096556535,91400
2026-07-17,589287,VNDA69555C5D2,3096588205,100600
2026-07-17,589288,VNDA69555C5D2,1100329360,44496
2026-07-17,589289,VND0E203B1122,IN-C3325,150000
2026-07-17,589290,VNDA498CC7B96,072026,186688
2026-07-17,589291,VND84D5E6AE2F,66294504,380000
2026-07-17,589291,VND84D5E6AE2F,66335714,304000
2026-07-17,589291,VND84D5E6AE2F,66364049,117500
2026-07-17,589292,VND60CC114C5E,115936,183560
2026-07-17,589292,VND60CC114C5E,115958,893321
2026-07-17,589293,VND4AD8725E50,15843,4406100
2026-07-17,589294,VND621BC7088B,256805,81250
2026-07-17,589294,VND621BC7088B,330263,10875
2026-07-17,589294,VND621BC7088B,332668,75250
2026-07-17,589295,VNDA486916DE6,07092026,27500
2026-07-17,589296,VNDE643E6FEA3,9012966543,1350350
2026-07-17,589297,VNDEFBA394832,106831,17816
2026-07-17,589297,VNDEFBA394832,106855,8100
2026-07-17,589298,VND7401E8B241,6021126002075,168000
2026-07-17,589298,VND7401E8B241,6021126002332,324000
2026-07-17,589298,VND7401E8B241,6051726003830,25849638
2026-07-17,589299,VND4393863882,12604-03,14884719
2026-07-17,589300,VND2A63503D5E,61579,21000
2026-07-17,589300,VND2A63503D5E,61720,89485
2026-07-17,589300,VND2A63503D5E,61721,89485
2026-07-17,589301,VND2110D69069,025913988,95786
2026-07-17,589301,VND2110D69069,025913990,14287
2026-07-17,589302,VNDE73E2D9E9C,97103444,8493
2026-07-17,589302,VNDE73E2D9E9C,97142091,2420
2026-07-17,589302,VNDE73E2D9E9C,97197776,2187
2026-07-17,589302,VNDE73E2D9E9C,97197777,11045
2026-07-17,589302,VNDE73E2D9E9C,97197779,181435
2026-07-17,589302,VNDE73E2D9E9C,97231149,4093
2026-07-17,589302,VNDE73E2D9E9C,97231150,2716
2026-07-17,589302,VNDE73E2D9E9C,97260601,1782
2026-07-17,589302,VNDE73E2D9E9C,97260602,1786
2026-07-17,589302,VNDE73E2D9E9C,97260603,1212
2026-07-17,589302,VNDE73E2D9E9C,97260604,12906
2026-07-17,589302,VNDE73E2D9E9C,97260605,100437
2026-07-17,589302,VNDE73E2D9E9C,97260606,4340
2026-07-17,589302,VNDE73E2D9E9C,97260607,12976
2026-07-17,589302,VNDE73E2D9E9C,97260608,2830
2026-07-17,589302,VNDE73E2D9E9C,97272310,3457
2026-07-17,589302,VNDE73E2D9E9C,97272311,2421
2026-07-17,589302,VNDE73E2D9E9C,97272312,3682
2026-07-17,589302,VNDE73E2D9E9C,97272314,8065
2026-07-17,589302,VNDE73E2D9E9C,97272315,157745
2026-07-17,589302,VNDE73E2D9E9C,97272316,2589
2026-07-17,589302,VNDE73E2D9E9C,97272317,2593
2026-07-17,589302,VNDE73E2D9E9C,97272318,7164
2026-07-17,589302,VNDE73E2D9E9C,97272319,29846
2026-07-17,589302,VNDE73E2D9E9C,97279356,1443
2026-07-17,589302,VNDE73E2D9E9C,97294820,2830
2026-07-17,589302,VNDE73E2D9E9C,97311359,3897
2026-07-17,589302,VNDE73E2D9E9C,97324944,11315
2026-07-17,589302,VNDE73E2D9E9C,97324945,1846
2026-07-17,589302,VNDE73E2D9E9C,97324947,21758
2026-07-17,589302,VNDE73E2D9E9C,97324948,10237
2026-07-17,589302,VNDE73E2D9E9C,97324949,4370
2026-07-17,589302,VNDE73E2D9E9C,97324950,6788
2026-07-17,589302,VNDE73E2D9E9C,97338650,13067
2026-07-17,589302,VNDE73E2D9E9C,97338651,3864
2026-07-17,589302,VNDE73E2D9E9C,97338652,4728
2026-07-17,589302,VNDE73E2D9E9C,97351197,14717
2026-07-17,589302,VNDE73E2D9E9C,97351198,5640
2026-07-17,589302,VNDE73E2D9E9C,97351199,386156
2026-07-17,589302,VNDE73E2D9E9C,97351200,411991
2026-07-17,589302,VNDE73E2D9E9C,97351201,5362
2026-07-17,589302,VNDE73E2D9E9C,97351202,8537
2026-07-17,589302,VNDE73E2D9E9C,97351203,1662
2026-07-17,589302,VNDE73E2D9E9C,97351204,33316
2026-07-17,589302,VNDE73E2D9E9C,97365906,2716
2026-07-17,589302,VNDE73E2D9E9C,97383343,1143
2026-07-17,589302,VNDE73E2D9E9C,97383344,1853
2026-07-17,589302,VNDE73E2D9E9C,97383345,3473
2026-07-17,589302,VNDE73E2D9E9C,97383346,11226
2026-07-17,589302,VNDE73E2D9E9C,97383347,1739
2026-07-17,589302,VNDE73E2D9E9C,97383348,18367
2026-07-17,589302,VNDE73E2D9E9C,97383349,17818
2026-07-17,589302,VNDE73E2D9E9C,97401313,21943
2026-07-17,589302,VNDE73E2D9E9C,97419686,5397
2026-07-17,589302,VNDE73E2D9E9C,97419687,4230
2026-07-17,589302,VNDE73E2D9E9C,97419688,2670
2026-07-17,589302,VNDE73E2D9E9C,97419689,9874
2026-07-17,589302,VNDE73E2D9E9C,97419690,8751
2026-07-17,589302,VNDE73E2D9E9C,97419691,1295
2026-07-17,589302,VNDE73E2D9E9C,97419692,1353
2026-07-17,589302,VNDE73E2D9E9C,97419693,34125
2026-07-17,589302,VNDE73E2D9E9C,97452486,12889
2026-07-17,589302,VNDE73E2D9E9C,97452487,3567
2026-07-17,589302,VNDE73E2D9E9C,97452488,194819
2026-07-17,589302,VNDE73E2D9E9C,97452489,6391
2026-07-17,589302,VNDE73E2D9E9C,97452490,1351
2026-07-17,589302,VNDE73E2D9E9C,97452491,4077
2026-07-17,589302,VNDE73E2D9E9C,97452492,30642
2026-07-17,589302,VNDE73E2D9E9C,97470863,21399
2026-07-17,589302,VNDE73E2D9E9C,97470864,7362
2026-07-17,589302,VNDE73E2D9E9C,97470865,7707
2026-07-17,589302,VNDE73E2D9E9C,97470866,361601
2026-07-17,589302,VNDE73E2D9E9C,97470867,2191
2026-07-17,589302,VNDE73E2D9E9C,97470868,9215
2026-07-17,589302,VNDE73E2D9E9C,97470870,97008
2026-07-17,589302,VNDE73E2D9E9C,97470871,22764
2026-07-17,589302,VNDE73E2D9E9C,97470872,11143
2026-07-17,589302,VNDE73E2D9E9C,97470873,4098
2026-07-17,589302,VNDE73E2D9E9C,97470874,2878
2026-07-17,589302,VNDE73E2D9E9C,97495580,214230
2026-07-17,589302,VNDE73E2D9E9C,97495581,2306
2026-07-17,589302,VNDE73E2D9E9C,97495582,7371
2026-07-17,589302,VNDE73E2D9E9C,97495583,1611
2026-07-17,589302,VNDE73E2D9E9C,97495584,5067
2026-07-17,589302,VNDE73E2D9E9C,97495585,10223
2026-07-17,589302,VNDE73E2D9E9C,97495586,1719
2026-07-17,589302,VNDE73E2D9E9C,97495587,27832
2026-07-17,589302,VNDE73E2D9E9C,97525648,662648
2026-07-17,589302,VNDE73E2D9E9C,97525649,44501
2026-07-17,589302,VNDE73E2D9E9C,97537473,63360
2026-07-17,589302,VNDE73E2D9E9C,97537474,11956
2026-07-17,589302,VNDE73E2D9E9C,97542101,29616
2026-07-17,589302,VNDE73E2D9E9C,97542102,9197
2026-07-17,589302,VNDE73E2D9E9C,97596052,31101
2026-07-17,589302,VNDE73E2D9E9C,97627825,597663
2026-07-17,589302,VNDE73E2D9E9C,97627826,36192
2026-07-17,589303,VND96F4F96EFD,070826,22500
2026-07-17,589303,VND96F4F96EFD,070826-1,22500
2026-07-17,589303,VND96F4F96EFD,070826-2,22500
2026-07-17,589304,VNDC38E7A4A12,#124435,77408
2026-07-17,589304,VNDC38E7A4A12,2684,6789449
2026-07-17,589305,VND57BA7D9EA9,FCL-JUNE-2606,6799050
2026-07-17,589306,VND6B564386A5,FCDSS2024-086,94177
2026-07-17,589307,VND9109A088BB,B21378148,2515118
2026-07-17,589308,VND065ED3F5B3,72705,150574
2026-07-17,589309,VNDF54B117302,1012819,2602430
2026-07-17,589309,VNDF54B117302,1025734,15000
2026-07-17,589309,VNDF54B117302,1038264,2602430
2026-07-17,589310,VND72A79D24AF,S2026-5008,527584
2026-07-17,589311,VND42541D8DD7,40739,193105
2026-07-17,589312,VNDFF3DA30B3F,75ST46939327,21000
2026-07-17,589312,VNDFF3DA30B3F,75ST46943356,23500
2026-07-17,589312,VNDFF3DA30B3F,75ST47077113,33500
2026-07-17,589312,VNDFF3DA30B3F,75ST47202751,35000
2026-07-17,589312,VNDFF3DA30B3F,75ST47216397,566473
2026-07-17,589312,VNDFF3DA30B3F,75ST47638267,23000
2026-07-17,589312,VNDFF3DA30B3F,75ST47737046,114422
2026-07-17,589313,VNDDF97B06E38,035561209,1411
2026-07-17,589313,VNDDF97B06E38,035561210,1411
2026-07-17,589313,VNDDF97B06E38,035561211,4233
2026-07-17,589313,VNDDF97B06E38,035561212,4233
2026-07-17,589313,VNDDF97B06E38,035613910,1120
2026-07-17,589313,VNDDF97B06E38,OR32261577,2720
2026-07-17,589313,VNDDF97B06E38,OR32266428,4605
2026-07-17,589314,VNDA58B4DAAAD,4791805,42000
2026-07-17,589315,VND7F77809DAD,829600-202606-1,10000
2026-07-17,589316,VND1522D49A93,22040,426300
2026-07-17,589317,VNDE5874880DA,2026-2027-DIANE BESSEN,10000
2026-07-17,589317,VNDE5874880DA,2026-2027-ERIC RICHARDSON,10000
2026-07-17,589317,VNDE5874880DA,2026-2027-FRED EADY,10000
2026-07-17,589317,VNDE5874880DA,2026-2027-JANE MORRISON,10000
2026-07-17,589317,VNDE5874880DA,2026-2027-JAY ROTH,10000
2026-07-17,589317,VNDE5874880DA,2026-2027-JOHN MATHER,10000
2026-07-17,589317,VNDE5874880DA,2026-2027-MYRA DIXON,10000
2026-07-17,589317,VNDE5874880DA,2026-2027-PATSY PORTER,10000
2026-07-17,589317,VNDE5874880DA,2026-2027-ROBERT WOLF,10000
2026-07-17,589317,VNDE5874880DA,2026-2027-SUSAN EDLEIN,10000
2026-07-17,589317,VNDE5874880DA,2026-2027-TORREY SMITH,10000
2026-07-17,589317,VNDE5874880DA,2026-2027-WESLEY TAILOR,10000
2026-07-17,589318,VND0A5839E2C4,081-315465,4700
2026-07-17,589319,VND58E2586FDC,06-2026,5000
2026-07-17,589320,VND9BEF4E465E,M30090272,2268349
2026-07-17,589321,VND3722767A21,ONH202608,1054463
2026-07-17,589322,VND92214A01ED,223704,2709030
2026-07-17,589323,VNDA01C0F2581,55192,85400
2026-07-17,589324,VND24A955CF83,JUNE_2026,64307998
2026-07-17,589325,VND25F023671E,28120,29945
2026-07-17,589326,VNDA71BDC210A,6063184,9500
2026-07-17,589327,VNDAE6FD6C554,SINV6949,5011
2026-07-17,589328,VNDF02C4C1E01,PD2026-08,13798535
2026-07-17,589329,VND196C9E0748,IN-045329,2637506
2026-07-17,589330,VNDF845ABBCBF,454301,140700
2026-07-17,589330,VNDF845ABBCBF,454396,1400000
2026-07-17,589330,VNDF845ABBCBF,454636,96250
2026-07-17,589331,VND2BD512E663,06F8720016770,6175
2026-07-17,589332,VND85197AF627,INV-5049,13695
2026-07-17,589332,VND85197AF627,INV-5050,91050
2026-07-17,589333,VND4C6DB4EC22,06-2026,5000
2026-07-17,589334,VND7126396B16,INV12560,4480
2026-07-17,589335,VND2AE9AF2383,THH200170,357500
2026-07-17,589336,VNDFA590DB0A3,1985550,111838
2026-07-17,589337,VNDEFEF99EFB7,18663848,493842
2026-07-17,589337,VNDEFEF99EFB7,18663849,419364
2026-07-17,589337,VNDEFEF99EFB7,18663850,386883
2026-07-17,589337,VNDEFEF99EFB7,18663852,1062283
2026-07-17,589337,VNDEFEF99EFB7,18663853,13190210
2026-07-17,589337,VNDEFEF99EFB7,18663855,2188186
2026-07-17,589337,VNDEFEF99EFB7,18663856,531353
2026-07-17,589337,VNDEFEF99EFB7,18663857,815373
2026-07-17,589337,VNDEFEF99EFB7,18663858,1150092
2026-07-17,589337,VNDEFEF99EFB7,18663859,2265408
2026-07-17,589337,VNDEFEF99EFB7,18663860,1684773
2026-07-17,589337,VNDEFEF99EFB7,18663861,792662
2026-07-17,589337,VNDEFEF99EFB7,18663862,5484051
2026-07-17,589337,VNDEFEF99EFB7,18663863,1733211
2026-07-17,589337,VNDEFEF99EFB7,18663864,1372410
2026-07-17,589337,VNDEFEF99EFB7,18663865,526608
2026-07-17,589337,VNDEFEF99EFB7,18663866,1191699
2026-07-17,589337,VNDEFEF99EFB7,18663868,523800
2026-07-17,589337,VNDEFEF99EFB7,18672705,59103445
2026-07-17,589337,VNDEFEF99EFB7,18672706,16806420
2026-07-17,589337,VNDEFEF99EFB7,18672707,2304624
2026-07-17,589337,VNDEFEF99EFB7,18699169,591469
2026-07-17,589337,VNDEFEF99EFB7,18699171,2877874
2026-07-17,589337,VNDEFEF99EFB7,18699195,16941742
2026-07-17,589338,VND95CB99F6E9,260352658,345000
2026-07-17,589338,VND95CB99F6E9,260455384,313000
2026-07-17,589338,VND95CB99F6E9,260557664,244000
2026-07-17,589339,VNDFC6429D883,I260629407,24600
2026-07-17,589340,VND334E1226CB,1501009-202608-83803-1,94750
2026-07-17,589341,VNDBA6E43506B,BP07/26,24245
2026-07-17,589342,VNDFF98C86D72,60685063,1903871
2026-07-17,589342,VNDFF98C86D72,60689300,1860231
2026-07-17,589343,VNDCA57338137,086,40000
2026-07-17,589343,VNDCA57338137,087,260000
2026-07-17,589344,VND44F9F54344,LHUNTER-0626-S,35200
2026-07-17,589345,VND5A5D227DF0,0000W30E12236,22942
2026-07-17,589345,VND5A5D227DF0,0000W30E12246,15220
2026-07-17,589345,VND5A5D227DF0,0000W30E12256,15282
2026-07-17,589345,VND5A5D227DF0,0000W30E12266,5053
2026-07-17,589345,VND5A5D227DF0,0000W30E12276,15021
2026-07-24,202607230032982,VNDA8DE7BB48F,26185EP,1651545
2026-07-24,202607230032983,VND9720469728,26183SE,5380084
2026-07-24,202607230032984,VNDD22C8AE497,VS9990,687490
2026-07-24,202607230032985,VNDCA74A751E3,1008539,1605000
2026-07-24,202607230032985,VNDCA74A751E3,1008616,2343200
2026-07-24,202607230032986,VND8E8EDB7555,20260630000000027840,4090
2026-07-24,202607230032988,VND04C225DD8F,06-2026,11455
2026-07-24,202607230032989,VNDB4A88ECC2B,3809,42357206
2026-07-24,202607230032990,VND6A9E88C333,06-2026,5000
2026-07-24,202607230032991,VND8CA9354B1A,07-2026,60000
2026-07-24,202607230032993,VNDEC70A1ACAB,07-2026,5000
2026-07-24,202607230032994,VND5FEBD97ACA,07-2026,100000
2026-07-24,202607230032995,VNDD9C167F924,07-2026,5000
2026-07-24,202607230032996,VND866424BA7E,071026-FULTN,1035986
2026-07-24,202607230032997,VND866424BA7E,071726-FULTN,3156870
2026-07-24,202607230032998,VNDF871618BFA,07-2026,70000
2026-07-24,202607230032999,VND6D77DDF8FD,07-2026,110000
2026-07-24,202607230033000,VNDA4D49347E5,07-2026,100000
2026-07-24,202607230033001,VND26427A6187,07-2026,50000
2026-07-24,202607230033003,VND6859C6A562,06-2026,105000
2026-07-24,202607230033003,VND6859C6A562,07-2026,45000
2026-07-24,202607230033004,VNDE8EBF7F562,06-2026,72500
2026-07-24,202607230033004,VNDE8EBF7F562,07-2026,55000
2026-07-24,202607230033005,VNDA7EDB20E90,5265805,1200742
2026-07-24,202607230033006,VNDA25E2DEF26,EHE-06-2026,3231696
2026-07-24,202607230033006,VNDA25E2DEF26,RYW-06-2026,14995605
2026-07-24,202607230033007,VND8AF0455E42,RYW-06-2026,114653
2026-07-24,202607230033008,VND65ED435E78,025-560392,7500
2026-07-24,202607230033009,VNDC360EB7B1E,2604179,159600
2026-07-24,202607230033009,VNDC360EB7B1E,91011048634,114543
2026-07-24,202607230033009,VNDC360EB7B1E,91011048637,267558
2026-07-24,202607230033009,VNDC360EB7B1E,91011052394,890
2026-07-24,202607230033009,VNDC360EB7B1E,91011053146,288381
2026-07-24,202607230033009,VNDC360EB7B1E,91011053156,68804
2026-07-24,202607230033009,VNDC360EB7B1E,91011053169,74963
2026-07-24,202607230033009,VNDC360EB7B1E,91011053175,74539
2026-07-24,202607230033009,VNDC360EB7B1E,91011053187,73232
2026-07-24,202607230033009,VNDC360EB7B1E,91011053198,69533
2026-07-24,202607230033010,VND145F4C9FB9,RYW-03-2026-MAI,14864913
2026-07-24,202607230033010,VND145F4C9FB9,RYW-04-2026-MAI,17590353
2026-07-24,202607230033011,VND8853F057FC,0815322,480500
2026-07-24,202607230033011,VND8853F057FC,0815325,119500
2026-07-24,202607230033011,VND8853F057FC,0815326,422250
2026-07-24,202607230033011,VND8853F057FC,0815327,1094410
2026-07-24,202607230033011,VND8853F057FC,0815351,798075
2026-07-24,202607230033012,VNDCFD8046780,SSNF26 06-B,11026650
2026-07-24,202607230033013,VND3DAB53E89A,31678194FULJUNE2026,3109997
2026-07-24,202607230033014,VNDDEB248671C,RYW-06-2026,9861678
2026-07-24,202607230033014,VNDDEB248671C,RYW-06-2026-MAI,404784
2026-07-24,202607230033015,VNDD91BA8AE1C,26S-SE03C,41241822
2026-07-24,202607230033015,VNDD91BA8AE1C,26S-SE06A,16801810
2026-07-24,202607230033015,VNDD91BA8AE1C,26S-SE07A,17873856
2026-07-24,202607230033016,VNDDB420FB2F5,66-0051033,818616
2026-07-24,202607230033017,VNDD6EC30F5AB,20260512,30390
2026-07-24,202607230033018,VNDC96CF508C7,54,681482
2026-07-24,202607230033019,VNDC4CFC37192,US002214591,3000000
2026-07-24,202607230033019,VNDC4CFC37192,US002219835,144000
2026-07-24,202607230033020,VNDF05ECB4C31,MT07/26,18500
2026-07-24,202607230033021,VND188DC1B425,EHE-06-2026,2704867
2026-07-24,202607230033022,VND15112616F4,0176,200000
2026-07-24,202607230033023,VNDE56B5C921A,7050071524,182300
2026-07-24,202607230033023,VNDE56B5C921A,7050071979,182300
2026-07-24,202607230033023,VNDE56B5C921A,7050072803,33000
2026-07-24,202607230033023,VNDE56B5C921A,7050072805,25500
2026-07-24,202607230033024,VND04AD64B4E7,LH-115,224950
2026-07-24,202607230033024,VND04AD64B4E7,LH-116,129250
2026-07-24,202607230033025,VND0362B72E78,072026-23,173500
2026-07-24,202607230033026,VND4EF2E49649,RYW-05-2026,2511227
2026-07-24,202607230033026,VND4EF2E49649,RYW-06-2026,2678519
2026-07-24,202607230033027,VND3F4383915B,2742475,257242
2026-07-24,202607230033028,VND043CE835C3,2-CDBG25581,140000
2026-07-24,202607230033028,VND043CE835C3,4-GF-25582,639165
2026-07-24,202607230033028,VND043CE835C3,5-GF-25583,3681000
2026-07-24,202607230033029,VNDAFF8D675C4,20260709FCCS,4391347
2026-07-24,202607230033030,VNDFF3AD71521,CSP2026-1,2500000
2026-07-24,202607230033031,VND89A7553EB8,FUL072026,1950000
2026-07-24,202607230033032,VND6AA06AC0FB,5353,2785382
2026-07-24,202607230033033,VNDEA96D665CE,MLS1859K,52000
2026-07-24,202607230033034,VNDAC844B4C4F,10159751-00,25348
2026-07-24,202607230033034,VNDAC844B4C4F,10159797-00,44768
2026-07-24,202607230033034,VNDAC844B4C4F,10160155-00,133950
2026-07-24,202607230033034,VNDAC844B4C4F,10160652-00,61124
2026-07-24,202607230033035,VNDF54F971D0D,129117,892251
2026-07-24,202607230033035,VNDF54F971D0D,129118,492421
2026-07-24,202607230033035,VNDF54F971D0D,130268,122000
2026-07-24,202607230033035,VNDF54F971D0D,130269,515652
2026-07-24,202607230033035,VNDF54F971D0D,130270,353863
2026-07-24,202607230033035,VNDF54F971D0D,130281,60675
2026-07-24,202607230033035,VNDF54F971D0D,131256,309521
2026-07-24,202607230033036,VNDC5FD4DF592,AFF724202601,159600
2026-07-24,202607230033037,VNDEE2EF92A18,26-1023,3076310
2026-07-24,202607230033037,VNDEE2EF92A18,26-1144,3859575
2026-07-24,202607230033038,VND40EAA8595A,202009559,24031679
2026-07-24,202607230033038,VND40EAA8595A,202009566,16098027
2026-07-24,202607230033039,VNDF66B5D2468,FC-103,3000000
2026-07-24,202607230033040,VND478EB59482,328731,2160
2026-07-24,202607230033041,VNDC6C9E1DCA1,RYW-06-2026,18771385
2026-07-24,202607230033042,VNDC1133E398F,FCDRE.40926,912411
2026-07-24,202607230033043,VNDE9A674A0D4,FCSP071026,4000000
2026-07-24,202607230033044,VNDAF84282980,4172,1500000
2026-07-24,202607230033045,VNDDCEF113B54,F07082026,1750000
2026-07-24,202607230033046,VND21B138348C,071626.01,150000
2026-07-24,202607230033047,VND04C9B849F1,CSP2026-1,4000000
2026-07-24,202607230033048,VND4A81F7C778,AAC0526,60000
2026-07-24,202607230033048,VND4A81F7C778,AAC0626,40000
2026-07-24,202607230033049,VNDAC435C7399,COVEN2606300007,1838290
2026-07-24,202607230033049,VNDAC435C7399,COVEN2606300106,3734760
2026-07-24,202607230033049,VNDAC435C7399,COVEN2606300273,190000
2026-07-24,202607230033049,VNDAC435C7399,COVEN2607310001,342000
2026-07-24,202607230033050,VNDD8D1408C61,FC2026-05,4955544
2026-07-24,202607230033051,VND538CF793FF,42423,40500
2026-07-24,202607230033051,VND538CF793FF,42456,40500
2026-07-24,202607230033051,VND538CF793FF,42457,40500
2026-07-24,202607230033052,VNDB9C071974B,12-23RFP139070K-JAJ,20432325
2026-07-24,202607230033052,VNDB9C071974B,13-23RFP139070K-JAJ,67069203
2026-07-24,202607230033052,VNDB9C071974B,25S-SC06B,3382247
2026-07-24,202607230033052,VNDB9C071974B,25S-SC15A,28653974
2026-07-24,202607230033053,VND6BF7BB9F70,171,83241
2026-07-24,202607230033054,VND0CEF4F025B,24-23RFP04262023K-BKJ,15217274
2026-07-24,202607230033055,VND1AA12473B1,542,2451471
2026-07-24,202607230033056,VND25E421AB70,ASF-24-2026,156000
2026-07-24,202607230033057,VND4C3B26C1BD,9373159770,7739
2026-07-24,202607230033057,VND4C3B26C1BD,9373518551,11520
2026-07-24,202607230033057,VND4C3B26C1BD,9373518788,6572
2026-07-24,202607230033057,VND4C3B26C1BD,9375293246,5759
2026-07-24,202607230033057,VND4C3B26C1BD,9375703814,7828
2026-07-24,202607230033057,VND4C3B26C1BD,9376804338,33601
2026-07-24,202607230033057,VND4C3B26C1BD,9376826112,20288
2026-07-24,202607230033057,VND4C3B26C1BD,9376826118,11696
2026-07-24,202607230033057,VND4C3B26C1BD,9376828549,2068
2026-07-24,202607230033057,VND4C3B26C1BD,9377198586,22269
2026-07-24,202607230033057,VND4C3B26C1BD,9377198605,10301
2026-07-24,202607230033057,VND4C3B26C1BD,9377426241,8277
2026-07-24,202607230033057,VND4C3B26C1BD,9377788030,9038
2026-07-24,202607230033057,VND4C3B26C1BD,9377973313,5759
2026-07-24,202607230033057,VND4C3B26C1BD,9378755477,7742
2026-07-24,202607230033057,VND4C3B26C1BD,9379644087,4858
2026-07-24,202607230033057,VND4C3B26C1BD,9379838562,3418
2026-07-24,202607230033057,VND4C3B26C1BD,9379864143,7196
2026-07-24,202607230033057,VND4C3B26C1BD,9379864149,25559
2026-07-24,202607230033057,VND4C3B26C1BD,9380282208,4139
2026-07-24,202607230033057,VND4C3B26C1BD,9380456287,8230
2026-07-24,202607230033057,VND4C3B26C1BD,9380456301,7199
2026-07-24,202607230033057,VND4C3B26C1BD,9380818553,8862
2026-07-24,202607230033058,VND6E87A561E9,CRF071726,111100
2026-07-24,202607230033059,VND4E21B5B85D,23-GA-14-05,354750
2026-07-24,202607230033059,VND4E21B5B85D,26-GA-14-01,364750
2026-07-24,202607230033059,VND4E21B5B85D,26-GA-14-02,406500
2026-07-24,202607230033059,VND4E21B5B85D,26-GA-14-03,185000
2026-07-24,202607230033059,VND4E21B5B85D,26-GA-14-04,363000
2026-07-24,202607230033059,VND4E21B5B85D,26-GA-14-06,334000
2026-07-24,202607230033059,VND4E21B5B85D,26-GA-14-07,368500
2026-07-24,202607230033059,VND4E21B5B85D,26-GA-14-08,347500
2026-07-24,202607230033060,VNDD68EE769F5,JD07/26,30900
2026-07-24,202607230033061,VNDC56E7235A0,10720,109600
2026-07-24,202607230033061,VNDC56E7235A0,10778,332200
2026-07-24,202607230033062,VNDE6FED59C0D,2026-0611AFC,1026900
2026-07-24,202607230033062,VNDE6FED59C0D,2026-0611FC,569000
2026-07-24,202607230033063,VNDF516CA6F09,0895171-IN,1849613
2026-07-24,202607230033064,VND57830E7D17,EHE-06-2026,12180687
2026-07-24,202607230033065,VNDFCC464C80C,CN-097-1,138600
2026-07-24,202607230033065,VNDFCC464C80C,CN-098-1,161700
2026-07-24,202607230033066,VND98B699C00B,41GAI9253134,2660
2026-07-24,202607230033067,VNDCFC296FD40,2026-0090,52200
2026-07-24,202607230033067,VNDCFC296FD40,2026-0110,96600
2026-07-24,202607230033068,VNDCA74A751E3,927391,787185
2026-07-24,202607230033069,VND8C5AF75C45,EHE-05-2026,6456367
2026-07-24,202607230033069,VND8C5AF75C45,RYW-05-2026,54673975
2026-07-24,202607230033070,VND9A39F5BD17,GA0344-022-01,2538000
2026-07-24,202607230033070,VND9A39F5BD17,GA0344-024-01,1806447
2026-07-24,202607230033070,VND9A39F5BD17,GA0344-030-01,1566763
2026-07-24,202607230033071,VND119A0D66ED,189026,173078
2026-07-24,202607230033072,VNDF270A5EE89,00003905,27850
2026-07-24,202607230033072,VNDF270A5EE89,00003906,38425
2026-07-24,202607230033072,VNDF270A5EE89,00003907,3150
2026-07-24,202607230033072,VNDF270A5EE89,00003908,22300
2026-07-24,202607230033072,VNDF270A5EE89,00003909,7575
2026-07-24,202607230033072,VNDF270A5EE89,00003910,29700
2026-07-24,202607230033072,VNDF270A5EE89,00003911,37300
2026-07-24,202607230033072,VNDF270A5EE89,00003912,20590
2026-07-24,202607230033072,VNDF270A5EE89,00003913,43405
2026-07-24,202607230033072,VNDF270A5EE89,00003914,5175
2026-07-24,202607230033072,VNDF270A5EE89,00003915,13200
2026-07-24,202607230033072,VNDF270A5EE89,00003916,8775
2026-07-24,202607230033072,VNDF270A5EE89,00003917,9950
2026-07-24,202607230033072,VNDF270A5EE89,00003918,52000
2026-07-24,202607230033072,VNDF270A5EE89,00003919,6800
2026-07-24,202607230033072,VNDF270A5EE89,00003920,9075
2026-07-24,202607230033072,VNDF270A5EE89,00003921,36500
2026-07-24,202607230033073,VND432F286E23,17132,4169794
2026-07-24,202607230033074,VND4851FECB74,10475,120000
2026-07-24,202607230033075,VND9DE5836A84,3581685,502690
2026-07-24,202607230033075,VND9DE5836A84,3583214,84000
2026-07-24,202607230033075,VND9DE5836A84,3583380,351750
2026-07-24,202607230033075,VND9DE5836A84,3585297,63000
2026-07-24,202607230033075,VND9DE5836A84,3588377,835050
2026-07-24,202607230033076,VNDCD9CF03C37,VM07/26,20690
2026-07-24,202607230033077,VND4FB8EC1CFE,DIVERSION-04.26R,2211550
2026-07-24,202607230033077,VND4FB8EC1CFE,DIVERSION-05.26R,2211550
2026-07-24,202607230033077,VND4FB8EC1CFE,DIVERSION-06.26R,2211550
2026-07-24,202607230033078,VND4FB8EC1CFE,FULTON CLUBHOUSE-2210-63026,3763033
2026-07-24,202607230033079,VND8E8EDB7555,20260630000000021885,1200
2026-07-24,202607230033080,VND9B89F81E20,3878,129700
2026-07-24,202607230033080,VND9B89F81E20,3881,77900
2026-07-24,202607230033080,VND9B89F81E20,3882,74300
2026-07-24,202607230033080,VND9B89F81E20,3893,134100
2026-07-24,202607230033080,VND9B89F81E20,3909,76800
2026-07-24,202607230033080,VND9B89F81E20,3947,37500
2026-07-24,202607230033080,VND9B89F81E20,3951,70000
2026-07-24,202607230033080,VND9B89F81E20,3953,49000
2026-07-24,202607230033080,VND9B89F81E20,3954,87900
2026-07-24,202607230033080,VND9B89F81E20,4027,49900
2026-07-24,202607230033081,VND20716FB915,610206,1307700
2026-07-24,202607230033082,VND25E746E37C,1179,1300600
2026-07-24,202607230033083,VND05126C9F29,06707959,85150
2026-07-24,202607230033083,VND05126C9F29,06724479,370260
2026-07-24,202607230033083,VND05126C9F29,06725392,2625480
2026-07-24,202607230033083,VND05126C9F29,06727794,84150
2026-07-24,202607230033083,VND05126C9F29,06735628,433800
2026-07-24,202607230033084,VNDE6B4C65367,26-063026-FCDO,5172400
2026-07-24,202607230033085,VNDBD758F781D,25007125,3802084
2026-07-24,202607230033086,VND684BB019E3,375,250000
2026-07-24,202607230033087,VND39E03E91BF,RH07/26,30900
2026-07-24,202607230033088,VND1B14961A55,063026-WOLFCREEK-LB_FCLS-JGW,20000
2026-07-24,202607230033088,VND1B14961A55,07826-BUCKHEAD-LB_FCLS-JGW,20000
2026-07-24,202607230033089,VNDA7D2417547,FULCO-KB-18JUL2026,35000
2026-07-24,202607230033090,VND41FEF5D2BC,25294,51000
2026-07-24,202607230033090,VND41FEF5D2BC,25295,39300
2026-07-24,202607230033091,VND633CC001B1,202510-12 COSSUP,5715434
2026-07-24,202607230033091,VND633CC001B1,202601-03 COSSUP,5715434
2026-07-24,202607230033091,VND633CC001B1,202604-06 COSSUP,5715434
2026-07-24,202607230033092,VND133E08BC2B,11217,242800
2026-07-24,202607230033093,VND1AC9A25C43,00003936,116500
2026-07-24,202607230033093,VND1AC9A25C43,00003937,72800
2026-07-24,202607230033094,VND50C7716493,CK-260706,149050
2026-07-24,202607230033095,VNDAD49AA6C75,12488895,30000
2026-07-24,202607230033095,VNDAD49AA6C75,12488967,35000
2026-07-24,202607230033095,VNDAD49AA6C75,12489628,35000
2026-07-24,202607230033095,VNDAD49AA6C75,12489953,38900
2026-07-24,202607230033095,VNDAD49AA6C75,12490020,35000
2026-07-24,202607230033096,VND4B119106FF,10018,11855553
2026-07-24,202607230033097,VND601515B559,FM07/26,20352
2026-07-24,202607230033098,VNDE326EA782E,0012-2026,182945
2026-07-24,202607230033099,VND84FA9DEDF7,1433,19500
2026-07-24,202607230033099,VND84FA9DEDF7,1463,227500
2026-07-24,202607230033099,VND84FA9DEDF7,1464,279500
2026-07-24,202607230033100,VND660CF647D9,SH-7-10-26,80300
2026-07-24,202607230033100,VND660CF647D9,SH-7-13-26,326700
2026-07-24,202607230033101,VNDF1AC4DC84B,488267,30548
2026-07-24,202607230033102,VNDE868058318,009322,42000
2026-07-24,202607230033103,VNDAA18CF6F83,062526,150000
2026-07-24,202607230033104,VNDD73131260D,71326,1840000
2026-07-24,202607230033105,VNDE6DD4952DE,2848,226100
2026-07-24,202607230033105,VNDE6DD4952DE,2849-2,148500
2026-07-24,202607230033106,VND95F4154D1A,FC07102026,22683117
2026-07-24,202607230033107,VND6847499927,1018,6150000
2026-07-24,202607230033108,VND5915A0BC29,9850AF84-0029,118980
2026-07-24,202607230033109,VND6FB79AADCF,EHE-06-2026,810344
2026-07-24,202607230033110,VND9FA7A0E3F0,EHE-05-2026,7649350
2026-07-24,202607230033110,VND9FA7A0E3F0,EHE-06-2026,5805297
2026-07-24,202607230033111,VNDBE246216CE,AM200321,325000
2026-07-24,202607230033112,VNDE49B4C51C7,ABO200155,260000
2026-07-24,202607230033113,VND4B02907E30,503294,72000
2026-07-24,202607230033114,VNDC9C23CB6D5,MB07/26,20263
2026-07-24,202607230033115,VND8BA19922E2,RYW-06-2026,10098446
2026-07-24,202607230033116,VND0037FA909E,CCSP-2026-01,1250000
2026-07-24,202607230033117,VNDDEB34408BF,746644,164024
2026-07-24,202607230033117,VNDDEB34408BF,746756,35580
2026-07-24,202607230033118,VND3B4C4F3C3C,080126OPERATION,4911900
2026-07-24,202607230033119,VNDDC72A03ADF,CSP-2026-GH1,1550000
2026-07-24,202607230033120,VNDF81B8C11C8,56781122,1250000
2026-07-24,202607230033121,VND77A0939B20,GEC20018,585000
2026-07-24,202607230033122,VND1AE03504C9,INV-001150,140000
2026-07-24,202607230033123,VND3838DE8103,40402386,8084706
2026-07-24,202607230033124,VND96B2389565,0137,150000
2026-07-24,202607230033125,VND9214ADBFBD,200ABS100002443,13219268
2026-07-24,202607230033125,VND9214ADBFBD,200ABS100002468,1268820
2026-07-24,202607230033125,VND9214ADBFBD,200ABS100002856,1634186
2026-07-24,202607230033125,VND9214ADBFBD,200ABS100003020,13228226
2026-07-24,202607230033125,VND9214ADBFBD,200ABS100003042,1580516
2026-07-24,202607230033126,VND378601AE48,2795276,253050
2026-07-24,202607230033127,VNDC25BE877D3,13910,456097
2026-07-24,202607230033128,VND68161C285A,13/26,168075
2026-07-24,202607230033129,VND7964E8C5F0,INV0108310,154200
2026-07-24,202607230033130,VNDD6341E8B4A,067,37500
2026-07-24,202607230033131,VND3FEE14F178,14-26,215625
2026-07-24,202607230033132,VND60C9EF23D4,SFSS26-06A,7869001
2026-07-24,202607230033133,VND35116390B3,07152026,30000
2026-07-24,202607230033134,VND877970ABB6,4.30.26.N.5.30.26,490000
2026-07-24,202607230033135,VNDF1A90CDBBC,02091964,1265750
2026-07-24,202607230033136,VND93B7C6E6D9,07102026,75000
2026-07-24,202607230033137,VNDB8DF26EF9D,246697,3400
2026-07-24,202607230033138,VNDE93142A436,19754,7160
2026-07-24,202607230033138,VNDE93142A436,19755,55924
2026-07-24,202607230033138,VNDE93142A436,19761,48595
2026-07-24,202607230033138,VNDE93142A436,19762,22462
2026-07-24,202607230033138,VNDE93142A436,19767,39868
2026-07-24,202607230033139,VND3F41579FEA,CG0129,222750
2026-07-24,202607230033140,VNDF64DBD99CE,INV-ATL1D1205,4056469
2026-07-24,202607230033141,VND302AB7EC22,2867,31008
2026-07-24,202607230033141,VND302AB7EC22,2868,33487
2026-07-24,202607230033141,VND302AB7EC22,2869,33424
2026-07-24,202607230033141,VND302AB7EC22,2870,31008
2026-07-24,202607230033141,VND302AB7EC22,2871,15480
2026-07-24,202607230033142,VND0B313BD451,HW07/26,21280
2026-07-24,202607230033143,VNDF91C5BE366,CD1031636,2645459
2026-07-24,202607230033143,VNDF91C5BE366,CD1031638,322383
2026-07-24,202607230033144,VNDFA6A42C6E2,CSP2026-1,811427
2026-07-24,202607230033145,VND5017E59D5F,0222853A-IN,116439
2026-07-24,202607230033145,VND5017E59D5F,0226174-IN,481122
2026-07-24,202607230033145,VND5017E59D5F,0226187-IN,530441
2026-07-24,202607230033145,VND5017E59D5F,0226277-IN,2163379
2026-07-24,202607230033146,VND5B26F405AA,5-23ITB140041K-DB,1566497
2026-07-24,202607230033147,VND77E1D8AC2A,DBH07/26,20990
2026-07-24,202607230033148,VNDE1349995F2,07-2026,5000
2026-07-24,202607230033149,VND167964974D,CI-32-00000534,180000
2026-07-24,202607230033150,VNDD5403F38D6,FULCO-OCC-014,644000
2026-07-24,202607230033151,VND38A4DF7488,122711,420000
2026-07-24,202607230033152,VNDC2BF89CB90,BS07/26,19675
2026-07-24,202607230033153,VND091D8FB44C,00003932,49600
2026-07-24,202607230033153,VND091D8FB44C,00003933,17750
2026-07-24,202607230033154,VND1BEA6A7825,939613,113105
2026-07-24,202607230033155,VNDA2319A896B,WSF26Q3097,587500
2026-07-24,202607230033156,VND2D6C64444C,15,2389500
2026-07-24,202607230033157,VND9AF643B433,15,2320000
2026-07-24,202607230033158,VND15086B975C,07-2026,90000
2026-07-24,202607230033159,VNDD5F62CD881,07-2026,65000
2026-07-24,202607230033160,VNDA67B2C5234,11,41850
2026-07-24,202607230033161,VNDF8312F9532,8,135000
2026-07-24,202607230033162,VNDC0FFCC9AF6,15,2634375
2026-07-24,202607230033163,VND4AA70FC421,HCG-1-PO-R,67500
2026-07-24,202607230033163,VND4AA70FC421,HCG-2-PO-R,82500
2026-07-24,202607230033163,VND4AA70FC421,HCG-6-491B,137500
2026-07-24,202607230033164,VNDD59DE66BF9,15,1653750
2026-07-24,202607230033165,VND069C97C211,07-2026,25000
2026-07-24,202607230033166,VND3D1B7F56FB,14,951000
2026-07-24,202607230033167,VNDC457D4C5A6,15,3904000
2026-07-24,202607230033168,VNDF3E580A4CD,07-2026,30000
2026-07-24,202607230033170,VNDB9A3EA6706,FC003,2185500
2026-07-24,202607230033171,VNDEF5DEBF12D,2020669,71500
2026-07-24,202607230033171,VNDEF5DEBF12D,2020670,104000
2026-07-24,202607230033171,VNDEF5DEBF12D,2020673,104000
2026-07-24,202607230033171,VNDEF5DEBF12D,2020675,52000
2026-07-24,202607230033172,VND9C3451A84B,3,149170
2026-07-24,202607230033173,VND8C97A46FB1,20174/DSI,2630400
2026-07-24,202607230033174,VNDA1E53E03C0,000019,30000
2026-07-24,202607230033175,VNDA894194769,11,108750
2026-07-24,202607230033176,VND51D27EE0E1,89155039,335923
2026-07-24,202607230033176,VND51D27EE0E1,89169607,57690
2026-07-24,202607230033176,VND51D27EE0E1,89171337,935250
2026-07-24,202607230033177,VND6248B7B40F,00003904,8250
2026-07-24,202607230033177,VND6248B7B40F,00003922,11450
2026-07-24,202607230033177,VND6248B7B40F,00003923,2250
2026-07-24,202607230033177,VND6248B7B40F,00003927,9950
2026-07-24,202607230033177,VND6248B7B40F,00003929,22500
2026-07-24,202607230033177,VND6248B7B40F,00003930,6750
2026-07-24,202607230033177,VND6248B7B40F,00003931,13500
2026-07-24,202607230033177,VND6248B7B40F,00003934,4500
2026-07-24,202607230033177,VND6248B7B40F,00003935,5250
2026-07-24,202607230033178,VND141500B884,1026,51075
2026-07-24,202607230033178,VND141500B884,1028,66675
2026-07-24,202607230033178,VND141500B884,1029,54975
2026-07-24,202607230033179,VNDF91008D0A2,FBN5686584,3024931
2026-07-24,202607230033179,VNDF91008D0A2,FBN5691584,416521
2026-07-24,202607230033180,VNDDB5BF5E9F1,2298787,509986
2026-07-24,202607230033180,VNDDB5BF5E9F1,2298817,519156
2026-07-24,202607230033180,VNDDB5BF5E9F1,2298952,151420
2026-07-24,202607230033180,VNDDB5BF5E9F1,2299025,54000
2026-07-24,202607230033180,VNDDB5BF5E9F1,2299691,214248
2026-07-24,202607230033180,VNDDB5BF5E9F1,391080,34050
2026-07-24,202607230033180,VNDDB5BF5E9F1,393284,110200
2026-07-24,202607230033180,VNDDB5BF5E9F1,393396,112460
2026-07-24,202607230033181,VNDD11A678B0D,JA 319356,24600
2026-07-24,202607230033181,VNDD11A678B0D,JA 320829,71500
2026-07-24,202607230033181,VNDD11A678B0D,JA 320832,9300
2026-07-24,202607230033182,VND06FC4559A6,FULTON COUNTY BJA-2026-02,312500
2026-07-24,202607230033182,VND06FC4559A6,FULTON COUNTY BJA-2026-03,312500
2026-07-24,202607230033182,VND06FC4559A6,FULTON COUNTY BJA-2026-04,312500
2026-07-24,202607230033182,VND06FC4559A6,FULTON COUNTY BJA-2026-05,312500
2026-07-24,202607230033182,VND06FC4559A6,FULTON COUNTY BJA-2026-06,312500
2026-07-24,202607230033183,VND7C56515617,01-2026,16675
2026-07-24,202607230033183,VND7C56515617,02-2026,19213
2026-07-24,202607230033183,VND7C56515617,03-2026,13195
2026-07-24,202607230033183,VND7C56515617,04-2026,18415
2026-07-24,202607230033183,VND7C56515617,05-2026,22548
2026-07-24,202607230033183,VND7C56515617,06-2026,14718
2026-07-24,202607230033184,VNDA63019F5F1,414,250000
2026-07-24,202607230033185,VND6AB8A7F763,B3P-071626-0665,617148
2026-07-24,202607230033186,VNDD8F0DB1306,2601,350000
2026-07-24,202607230033187,VNDCAA4D66E3C,2HL06645XM518698F,100750
2026-07-24,202607230033187,VNDCAA4D66E3C,2HL06645XM518715F,71500
2026-07-24,202607230033187,VNDCAA4D66E3C,2HL06645XM518770F,91000
2026-07-24,202607230033187,VNDCAA4D66E3C,2HL06645XM518771F,45500
2026-07-24,202607230033188,VND0E91960115,9000253196,29025044
2026-07-24,202607230033188,VND0E91960115,9000253334,30950740
2026-07-24,202607230033189,VNDEA417B7B58,7132026,9000
2026-07-24,202607230033190,VND9B5197D455,1,25000
2026-07-24,202607230033191,VNDE636B84829,11659,385000
2026-07-24,589346,VNDB461B8DB1D,26-3873,110600
2026-07-24,589347,VNDB461B8DB1D,T1192096-FINAL,297130
2026-07-24,589348,VNDB461B8DB1D,26-3705-01,1009948
2026-07-24,589356,VNDA41290A2A9,924-660000526,131624
2026-07-24,589358,VND4C7B40D4EB,26184SEMC,1787869
2026-07-24,589359,VND3EA0D632AC,07-2026,50000
2026-07-24,589360,VNDBB892DE47F,274911040,10987534
2026-07-24,589362,VNDD33AF9A5EB,1693,417239
2026-07-24,589363,VNDB652064F9E,25-3552-02BI,3000000
2026-07-24,589364,VND4DFB2CADAA,0028,244787
2026-07-24,589365,VND06DF3D2BBB,INV113336,106667
2026-07-24,589366,VND97A91E0304,7-2026,5000
2026-07-24,589367,VNDBC41B8BC46,26186FCW,1959328
2026-07-24,589368,VND0FA3D37E5F,12368,1200000
2026-07-24,589368,VND0FA3D37E5F,12371,2000000
2026-07-24,589369,VND2403BD2C59,8220 18 894 2097619-07182026,16087
2026-07-24,589369,VND2403BD2C59,8220 19 913 0396556-07102026,6065
2026-07-24,589370,VND931520B18B,INV2254044,22737
2026-07-24,589371,VNDDF643754FB,5009650-0073-9,32716
2026-07-24,589371,VNDDF643754FB,5010866-0073-8,1956502
2026-07-24,589372,VND1B776EFAF3,FUL26H7Q,1395800
2026-07-24,589372,VND1B776EFAF3,FUL26I6W,1377300
2026-07-24,589372,VND1B776EFAF3,FUL26U6G,748450
2026-07-24,589373,VNDA2418467B0,AI1383X,44400
2026-07-24,589373,VNDA2418467B0,AI1E38C,8400
2026-07-24,589373,VNDA2418467B0,AI2GF4M,327000
2026-07-24,589373,VNDA2418467B0,AI9KJ6H,13434
2026-07-24,589373,VNDA2418467B0,AI9S43T,11195
2026-07-24,589373,VNDA2418467B0,AJ3HM4K,884484
2026-07-24,589373,VNDA2418467B0,AJ5RU3E,51216
2026-07-24,589373,VNDA2418467B0,AJ8774N,598800
2026-07-24,589373,VNDA2418467B0,AJ8SX2B-2,368420
2026-07-24,589373,VNDA2418467B0,AJ92Y9E,545380
2026-07-24,589373,VNDA2418467B0,AJ96Y5J,381980
2026-07-24,589373,VNDA2418467B0,AJ99C9X,4500
2026-07-24,589373,VNDA2418467B0,AK1FR9B,155674
2026-07-24,589373,VNDA2418467B0,AK1GP4Q,78246
2026-07-24,589373,VNDA2418467B0,AK1H27U,172484
2026-07-24,589373,VNDA2418467B0,AK1I89V,87396
2026-07-24,589373,VNDA2418467B0,AK1J16A,127500
2026-07-24,589373,VNDA2418467B0,AK1P11E,147950
2026-07-24,589373,VNDA2418467B0,AK1S97G,23999
2026-07-24,589373,VNDA2418467B0,AK1TM7S,1099800
2026-07-24,589373,VNDA2418467B0,AK1W18P,262400
2026-07-24,589374,VND35ECFE71A8,2204089,65990000
2026-07-24,589374,VND35ECFE71A8,2284108,65990000
2026-07-24,589375,VND48C75A0B88,FUL26Q7Y,8100
2026-07-24,589376,VNDDFE1970094,9739516,45888
2026-07-24,589377,VNDFFFB194463,CGRANT 7/16/2026-1,40000
2026-07-24,589378,VND8986D4E750,435671,7470
2026-07-24,589379,VNDBD2279CCDC,183013-01,2128820
2026-07-24,589380,VND0BB39B7D3F,21718,3400
2026-07-24,589380,VND0BB39B7D3F,21781,14000
2026-07-24,589381,VNDBBFA3617E2,EPD-NFULTONPBCU-0002,75000
2026-07-24,589382,VNDF7FCCA80EA,000839 GWTUEQ,47595
2026-07-24,589382,VNDF7FCCA80EA,000843 GWWTYH,35538
2026-07-24,589382,VNDF7FCCA80EA,007028 GWTAGE,103244
2026-07-24,589382,VNDF7FCCA80EA,202604 GWSSOD,11229
2026-07-24,589382,VNDF7FCCA80EA,202604 GWSUBY,8564
2026-07-24,589383,VND69D310E31A,3322905802,292839
2026-07-24,589384,VNDAC1730CAA2,7175618271428,6727
2026-07-24,589384,VNDAC1730CAA2,7175618758969,4499
2026-07-24,589384,VNDAC1730CAA2,7175618884883,6998
2026-07-24,589384,VNDAC1730CAA2,7175619058992,2546
2026-07-24,589384,VNDAC1730CAA2,7175619084936,7998
2026-07-24,589384,VNDAC1730CAA2,7175619134625,17389
2026-07-24,589384,VNDAC1730CAA2,7175619184952,5979
2026-07-24,589384,VNDAC1730CAA2,7175619459015,15034
2026-07-24,589384,VNDAC1730CAA2,7175619471671,9006
2026-07-24,589384,VNDAC1730CAA2,7175619521919,17899
2026-07-24,589384,VNDAC1730CAA2,7175619571709,15034
2026-07-24,589384,VNDAC1730CAA2,7175619648632,13984
2026-07-24,589384,VNDAC1730CAA2,9612619008266,11944
2026-07-24,589384,VNDAC1730CAA2,9612619008271,28236
2026-07-24,589384,VNDAC1730CAA2,9612619008276,2656
2026-07-24,589384,VNDAC1730CAA2,9612619108303,23687
2026-07-24,589384,VNDAC1730CAA2,9612619108312,1572
2026-07-24,589384,VNDAC1730CAA2,9612619508416,15034
2026-07-24,589384,VNDAC1730CAA2,9612619508417,17389
2026-07-24,589384,VNDAC1730CAA2,9612619652493,17123
2026-07-24,589385,VND050CB1977A,9000368770,56909
2026-07-24,589385,VND050CB1977A,9001775957,36896
2026-07-24,589385,VND050CB1977A,9003658615,47316
2026-07-24,589385,VND050CB1977A,9007514939,5775
2026-07-24,589385,VND050CB1977A,9007949523,136175
2026-07-24,589385,VND050CB1977A,9009224255,47849
2026-07-24,589385,VND050CB1977A,9980647003,48922
2026-07-24,589386,VND78EB3E8DAA,11936128-30,900000
2026-07-24,589387,VNDBF2D7EF526,FCAC001,30000
2026-07-24,589388,VND07A411811E,EJ-INV-5073,385988
2026-07-24,589389,VND9A15919492,90195303,312500
2026-07-24,589390,VNDFF899EBB1E,3322832316,200370
2026-07-24,589391,VND977C23C424,26-99580,23700
2026-07-24,589392,VND64DD30DC55,599,195000
2026-07-24,589392,VND64DD30DC55,628,375000
2026-07-24,589392,VND64DD30DC55,629,55000
2026-07-24,589393,VNDA71B6CCF06,35964-0626-DW,4419922
2026-07-24,589393,VNDA71B6CCF06,35964-0626-ISY,560381
2026-07-24,589393,VNDA71B6CCF06,35964-0626-OSY,3713674
2026-07-24,589394,VNDB53B5566E0,CSP2026-1,2512430
2026-07-24,589395,VND618C3D6155,503062,144000
2026-07-24,589395,VND618C3D6155,503214,102000
2026-07-24,589396,VNDD4ABD206E5,CSP 2026-1,2000000
2026-07-24,589397,VNDC693D82E8B,CD2600070395,176864
2026-07-24,589397,VNDC693D82E8B,SVC/266-1506801,118575
2026-07-24,589398,VND66F6BF59AE,49700588,11210
2026-07-24,589399,VND7A4C00973E,FC060926,34634
2026-07-24,589400,VND8424843BDC,JEFFREY DISANTIS-222667,32000
2026-07-24,589400,VND8424843BDC,MARSHAL MOORE-358620,32000
2026-07-24,589401,VND4859ED9FE5,5729,145000
2026-07-24,589401,VND4859ED9FE5,7530,300000
2026-07-24,589402,VND3E92644E58,2385332,24539
2026-07-24,589402,VND3E92644E58,5900173,2997
2026-07-24,589402,VND3E92644E58,5907115,5603
2026-07-24,589402,VND3E92644E58,6022132,4145
2026-07-24,589402,VND3E92644E58,6674741,6908
2026-07-24,589402,VND3E92644E58,8632845,5874
2026-07-24,589402,VND3E92644E58,8798558,23824
2026-07-24,589402,VND3E92644E58,8905199,3594
2026-07-24,589402,VND3E92644E58,8905284,20045
2026-07-24,589402,VND3E92644E58,8905315,7745
2026-07-24,589402,VND3E92644E58,9186036,104370
2026-07-24,589402,VND3E92644E58,9246469,9790
2026-07-24,589402,VND3E92644E58,9659519,13650
2026-07-24,589402,VND3E92644E58,9886777,12210
2026-07-24,589402,VND3E92644E58,9901780,4998
2026-07-24,589402,VND3E92644E58,9901841,3385
2026-07-24,589403,VND10AFD6E7EE,INUS376869,74862000
2026-07-24,589404,VND9389BCEC52,SI-024755,573608
2026-07-24,589404,VND9389BCEC52,SI-024913,54000
2026-07-24,589405,VNDA44D7C0860,GNG-AR-57312,200250
2026-07-24,589406,VNDAA57CB827A,152115,75300
2026-07-24,589407,VND7B09261A4B,0312613,1530000
2026-07-24,589408,VND16526E9D21,111084,5388500
2026-07-24,589408,VND16526E9D21,111085,5388500
2026-07-24,589409,VNDBE94AC1C90,273590,90400
2026-07-24,589409,VNDBE94AC1C90,274847,132250
2026-07-24,589409,VNDBE94AC1C90,276351,25025
2026-07-24,589409,VNDBE94AC1C90,276630,21000
2026-07-24,589409,VNDBE94AC1C90,276631,21000
2026-07-24,589409,VNDBE94AC1C90,276775,18000
2026-07-24,589410,VND0E203B1122,IN-C3470,2339500
2026-07-24,589411,VND84D5E6AE2F,66409882,380000
2026-07-24,589412,VND60CC114C5E,116130-R,686944
2026-07-24,589412,VND60CC114C5E,116230,800633
2026-07-24,589413,VND621BC7088B,334724,4625
2026-07-24,589414,VND3C02DA6D85,IN2333810,85750
2026-07-24,589415,VNDEFBA394832,106051,6075
2026-07-24,589415,VNDEFBA394832,106103,70826
2026-07-24,589415,VNDEFBA394832,106254,306326
2026-07-24,589415,VNDEFBA394832,106688,26130
2026-07-24,589415,VNDEFBA394832,106691,60534
2026-07-24,589415,VNDEFBA394832,106871,104772
2026-07-24,589415,VNDEFBA394832,106874,6750
2026-07-24,589415,VNDEFBA394832,106905,42048
2026-07-24,589415,VNDEFBA394832,107047,550017
2026-07-24,589415,VNDEFBA394832,107102,2782
2026-07-24,589415,VNDEFBA394832,107277,22350
2026-07-24,589415,VNDEFBA394832,107290,160665
2026-07-24,589415,VNDEFBA394832,107365,7800
2026-07-24,589415,VNDEFBA394832,107400,8100
2026-07-24,589415,VNDEFBA394832,107402,6750
2026-07-24,589415,VNDEFBA394832,107409,8735
2026-07-24,589415,VNDEFBA394832,107415,38500
2026-07-24,589415,VNDEFBA394832,107420,15600
2026-07-24,589415,VNDEFBA394832,107430,15600
2026-07-24,589415,VNDEFBA394832,107438,61971
2026-07-24,589415,VNDEFBA394832,107440,22350
2026-07-24,589415,VNDEFBA394832,107449,6750
2026-07-24,589415,VNDEFBA394832,107466,6750
2026-07-24,589415,VNDEFBA394832,107469,57400
2026-07-24,589415,VNDEFBA394832,107474,6677
2026-07-24,589415,VNDEFBA394832,107478,119861
2026-07-24,589415,VNDEFBA394832,107484,46054
2026-07-24,589415,VNDEFBA394832,107486,118518
2026-07-24,589415,VNDEFBA394832,107488,50211
2026-07-24,589415,VNDEFBA394832,107499,2362
2026-07-24,589415,VNDEFBA394832,107505,6750
2026-07-24,589415,VNDEFBA394832,107522,109292
2026-07-24,589415,VNDEFBA394832,107757,17801
2026-07-24,589415,VNDEFBA394832,107772,98875
2026-07-24,589415,VNDEFBA394832,107802,6750
2026-07-24,589416,VND2A63503D5E,61786,89950
2026-07-24,589417,VNDE73E2D9E9C,20260713,15608300
2026-07-24,589417,VNDE73E2D9E9C,97643657,5868
2026-07-24,589417,VNDE73E2D9E9C,97643658,10610
2026-07-24,589417,VNDE73E2D9E9C,97643659,2878
2026-07-24,589417,VNDE73E2D9E9C,97660942,44661
2026-07-24,589417,VNDE73E2D9E9C,97660943,144799
2026-07-24,589417,VNDE73E2D9E9C,97679089,2514
2026-07-24,589417,VNDE73E2D9E9C,97682742,111578
2026-07-24,589417,VNDE73E2D9E9C,97692866,345778
2026-07-24,589417,VNDE73E2D9E9C,976979088,17748
2026-07-24,589417,VNDE73E2D9E9C,97714987,29068
2026-07-24,589417,VNDE73E2D9E9C,97714988,7272
2026-07-24,589417,VNDE73E2D9E9C,97728655,214797
2026-07-24,589417,VNDE73E2D9E9C,97728656,30055
2026-07-24,589417,VNDE73E2D9E9C,97728657,125161
2026-07-24,589417,VNDE73E2D9E9C,97754870,595314
2026-07-24,589417,VNDE73E2D9E9C,97754871,40713
2026-07-24,589417,VNDE73E2D9E9C,97754872,25165
2026-07-24,589417,VNDE73E2D9E9C,97769781,12155
2026-07-24,589417,VNDE73E2D9E9C,97781118,449154
2026-07-24,589417,VNDE73E2D9E9C,97781119,107592
2026-07-24,589417,VNDE73E2D9E9C,97808215,287593
2026-07-24,589417,VNDE73E2D9E9C,97808216,108864
2026-07-24,589417,VNDE73E2D9E9C,97808217,25812
2026-07-24,589417,VNDE73E2D9E9C,97808218,18306
2026-07-24,589417,VNDE73E2D9E9C,97841021,3098
2026-07-24,589417,VNDE73E2D9E9C,97858018,101615
2026-07-24,589417,VNDE73E2D9E9C,97858019,49295
2026-07-24,589417,VNDE73E2D9E9C,97904845,5360
2026-07-24,589417,VNDE73E2D9E9C,97904846,6295
2026-07-24,589417,VNDE73E2D9E9C,97917936,202974
2026-07-24,589417,VNDE73E2D9E9C,97917937,58610
2026-07-24,589417,VNDE73E2D9E9C,97917938,42592
2026-07-24,589417,VNDE73E2D9E9C,97943747,132746
2026-07-24,589417,VNDE73E2D9E9C,97943748,17628
2026-07-24,589417,VNDE73E2D9E9C,97968933,83449
2026-07-24,589418,VND9E83C1B6DE,INV8100,8212332
2026-07-24,589419,VNDC38E7A4A12,124046,631536
2026-07-24,589419,VNDC38E7A4A12,124215,206500
2026-07-24,589420,VND747932580A,51558,6661300
2026-07-24,589421,VND039B0BBA30,1000606-2002195,413500
2026-07-24,589422,VNDF54B117302,1022905,2602430
2026-07-24,589422,VNDF54B117302,1036046,105000
2026-07-24,589423,VND42541D8DD7,40704,102500
2026-07-24,589423,VND42541D8DD7,41744,46900
2026-07-24,589423,VND42541D8DD7,41745,13000
2026-07-24,589423,VND42541D8DD7,41781,58100
2026-07-24,589424,VNDFF3DA30B3F,75ST47126412,100500
2026-07-24,589424,VNDFF3DA30B3F,75ST47681604,28000
2026-07-24,589424,VNDFF3DA30B3F,75ST47698081,35500
2026-07-24,589424,VNDFF3DA30B3F,75ST47777374,35500
2026-07-24,589425,VNDDF97B06E38,OR32261577-A,1790
2026-07-24,589426,VNDB0DA00550F,07082026.1,2000000
2026-07-24,589427,VND1522D49A93,22051,76200
2026-07-24,589428,VND7D245857E1,CSCJGA-0027,400000
2026-07-24,589428,VND7D245857E1,CSCJGA-0028,130000
2026-07-24,589429,VND5A93F29E9C,GSU-194387 01,8555000
2026-07-24,589430,VND338172F742,12240,16500
2026-07-24,589431,VNDC4483FF2E0,GINV00148,50000000
2026-07-24,589432,VNDDB171D11A3,503293,55800
2026-07-24,589433,VND769B451E32,475298,1549425
2026-07-24,589434,VNDCD6E3BB1B4,2606260,185000
2026-07-24,589435,VNDF7FEEC1101,080126W,57000
2026-07-24,589435,VNDF7FEEC1101,AUGUST26RENT,8565134
2026-07-24,589436,VNDA71BDC210A,6059222,177500
2026-07-24,589437,VND196C9E0748,IN-043805,2308102
2026-07-24,589438,VND76C62DE0E6,10589791,825000
2026-07-24,589439,VNDF845ABBCBF,454708,202796
2026-07-24,589440,VND1B2169260C,184098,577500
2026-07-24,589441,VNDB10FDA1952,IN-S151-597650,2050000
2026-07-24,589442,VNDC9B65F02F1,34515,4500
2026-07-24,589443,VND023307A93C,VQ123210,168600
2026-07-24,589444,VND96C4C22DA7,2026-276,808400
2026-07-24,589445,VNDEB21602A78,25CV003315-1,1000000
2026-07-24,589446,VNDD56A80F43F,#1204-97*/06,122500
2026-07-24,589447,VND0313FB6528,INV-000036,40000
2026-07-24,589448,VND334E1226CB,1501009-202607-83803-1,94750
2026-07-24,589448,VND334E1226CB,1501023-202607-63430-1,34750
2026-07-24,589448,VND334E1226CB,1501023-202608-166076-1,135250
2026-07-24,589448,VND334E1226CB,1501023-202608-209702-1,135000
2026-07-24,589448,VND334E1226CB,1501023-202608-63280-1,425500
2026-07-24,589448,VND334E1226CB,1501023-202608-63417-1,862750
2026-07-24,589448,VND334E1226CB,1501023-202608-63430-1,34750
2026-07-24,589449,VNDBE246216CE,AM200320,260000
2026-07-24,589450,VNDAA4935F8E7,SIN092460,1433000
2026-07-24,589451,VNDD443A7EE7B,TS-1757,199500
2026-07-24,589451,VNDD443A7EE7B,TS-1783,245700
2026-07-24,589452,VNDA33F226893,FULTON.COC.7.8.26,1079250
2026-07-24,589452,VNDA33F226893,FULTON.HUD TA.7.8.26,447150
2026-07-24,589453,VNDFF98C86D72,60718572,2200632
2026-07-24,589453,VNDFF98C86D72,60731042,2473499
2026-07-24,589454,VNDDF047691C4,0002,128000
2026-07-24,589455,VND86DEBD042F,BD07/26,24615
2026-07-24,589456,VND3EF03D9301,00B3384ED-0029,2691000
2026-07-29,202607230033004,VNDE8EBF7F562,06-2026,-72500
2026-07-29,202607230033004,VNDE8EBF7F562,07-2026,-55000
2026-07-31,202607300033197,VNDFADE29CD1B,G0630008-1R1,1089200
2026-07-31,202607300033198,VNDDC3FAE8C73,BP26110,1577300
2026-07-31,202607300033199,VNDCA74A751E3,1022656,24700
2026-07-31,202607300033200,VND5FEBD97ACA,07-2026-FINAL,105000
2026-07-31,202607300033201,VNDF871618BFA,07-2026-FINAL,95000
2026-07-31,202607300033202,VND6D77DDF8FD,07-2026-FINAL,105000
2026-07-31,202607300033203,VNDA4D49347E5,07-2026-FINAL,100000
2026-07-31,202607300033204,VND0E91960115,9000250007,76823335
2026-07-31,202607300033205,VND6859C6A562,07-2026-FINAL,95000
2026-07-31,202607300033206,VNDA8DE7BB48F,INVOICE NO. 001,1883200
2026-07-31,202607300033207,VND65ED435E78,025-557212A,45000
2026-07-31,202607300033207,VND65ED435E78,025-558908A,1458750
2026-07-31,202607300033207,VND65ED435E78,025-559988A,75000
2026-07-31,202607300033207,VND65ED435E78,025-560392A,7500
2026-07-31,202607300033207,VND65ED435E78,025-561071,168750
2026-07-31,202607300033208,VND23829C85FF,EHE-05-2026,825840
2026-07-31,202607300033209,VND145F4C9FB9,1001,249600
2026-07-31,202607300033210,VND145F4C9FB9,FRCC - 2602,68560657
2026-07-31,202607300033210,VND145F4C9FB9,FRCC - 2603,65278883
2026-07-31,202607300033210,VND145F4C9FB9,FRCC - 2604,61868547
2026-07-31,202607300033210,VND145F4C9FB9,FRCC - 2605,88242232
2026-07-31,202607300033210,VND145F4C9FB9,FRCC - 2606,66170682
2026-07-31,202607300033211,VNDD91BA8AE1C,5-25ITB0911K-NKH-A,5421200
2026-07-31,202607300033211,VNDD91BA8AE1C,6-25ITB0911K-NKH-A,6007000
2026-07-31,202607300033212,VNDDB420FB2F5,66-0050810,938033
2026-07-31,202607300033213,VNDC4CFC37192,US002176428,28687500
2026-07-31,202607300033214,VND21D01DFE68,JP07/26,22924
2026-07-31,202607300033215,VNDFC32C7972A,06M02WK26YR,120660
2026-07-31,202607300033216,VNDE56B5C921A,7050073317,26800
2026-07-31,202607300033216,VNDE56B5C921A,7050073440,13400
2026-07-31,202607300033216,VNDE56B5C921A,7050073441,33600
2026-07-31,202607300033217,VND72AF9C19BB,86,10010
2026-07-31,202607300033217,VND72AF9C19BB,87,10010
2026-07-31,202607300033218,VNDB215C6EA2C,6836,300000
2026-07-31,202607300033219,VNDF529B99244,12973,108350
2026-07-31,202607300033220,VND8DCF05FB63,CSP-2026-CK1,4000000
2026-07-31,202607300033221,VND19FAC8E0C9,068050,4580035
2026-07-31,202607300033222,VND620A11C74E,54660,3263818
2026-07-31,202607300033223,VND14F0401F91,2026CSP-1,2250000
2026-07-31,202607300033224,VNDEA96D665CE,MLS072626,20000
2026-07-31,202607300033224,VNDEA96D665CE,MLS1860G,52000
2026-07-31,202607300033225,VND14885A83A4,11042326,350000
2026-07-31,202607300033226,VNDA346BA40D3,000937014,421500
2026-07-31,202607300033227,VND36CCC0AA90,112093,20700
2026-07-31,202607300033227,VND36CCC0AA90,112150,20700
2026-07-31,202607300033227,VND36CCC0AA90,112484,38000
2026-07-31,202607300033227,VND36CCC0AA90,112491,28200
2026-07-31,202607300033227,VND36CCC0AA90,112493,55300
2026-07-31,202607300033227,VND36CCC0AA90,112494,20500
2026-07-31,202607300033227,VND36CCC0AA90,112495,30000
2026-07-31,202607300033227,VND36CCC0AA90,112496,57900
2026-07-31,202607300033227,VND36CCC0AA90,112548,22100
2026-07-31,202607300033227,VND36CCC0AA90,112724,97000
2026-07-31,202607300033227,VND36CCC0AA90,112851,484060
2026-07-31,202607300033227,VND36CCC0AA90,113167,194000
2026-07-31,202607300033228,VNDAC844B4C4F,10158299-00,56400
2026-07-31,202607300033229,VNDBFFEA729CC,122SR,172150
2026-07-31,202607300033230,VND40EAA8595A,202009590,19510
2026-07-31,202607300033230,VND40EAA8595A,202009591,19152
2026-07-31,202607300033230,VND40EAA8595A,202009592,42021
2026-07-31,202607300033230,VND40EAA8595A,202009593,76608
2026-07-31,202607300033230,VND40EAA8595A,202009594,472741
2026-07-31,202607300033230,VND40EAA8595A,202009595,67683
2026-07-31,202607300033230,VND40EAA8595A,202009596,295865
2026-07-31,202607300033231,VND478EB59482,356268,4465120
2026-07-31,202607300033232,VNDACDE7E2D4A,KR0009194-1,16282
2026-07-31,202607300033233,VND3DB1EFCB08,7469,1595000
2026-07-31,202607300033234,VND62B2506F58,ET20260713,120000
2026-07-31,202607300033235,VNDEC568C9888,2026-F007,4773900
2026-07-31,202607300033236,VND381E9D56FE,S102492987.001,623216
2026-07-31,202607300033236,VND381E9D56FE,S102504397.001,326038
2026-07-31,202607300033237,VND21B138348C,070326.02,1311500
2026-07-31,202607300033237,VND21B138348C,072126.02,423000
2026-07-31,202607300033237,VND21B138348C,072126.03,566000
2026-07-31,202607300033238,VNDECAEEB59FF,260720-01-FLTN,292500
2026-07-31,202607300033238,VNDECAEEB59FF,260720-02-FLTN,84500
2026-07-31,202607300033239,VNDAC435C7399,COVEN2606300463,851500
2026-07-31,202607300033239,VNDAC435C7399,COVEN2607310002,2907885
2026-07-31,202607300033240,VNDB9C071974B,26S-SC03A,21919743
2026-07-31,202607300033241,VND9043A035A6,0109156,21450
2026-07-31,202607300033241,VND9043A035A6,0112270,18360
2026-07-31,202607300033242,VND6E87A561E9,CRF072326,88550
2026-07-31,202607300033243,VND81C601E6BA,350075-1A,352781
2026-07-31,202607300033243,VND81C601E6BA,351160-1,242688
2026-07-31,202607300033244,VND57882976CF,932,56800
2026-07-31,202607300033245,VND05F270DDF6,BC07/26,22083
2026-07-31,202607300033246,VNDC56E7235A0,10777,547400
2026-07-31,202607300033247,VNDF516CA6F09,0897437-IN,2192349
2026-07-31,202607300033248,VNDE6ECBE2DF1,10002026,20000
2026-07-31,202607300033249,VNDD1CB8AEBFB,3421,1120500
2026-07-31,202607300033249,VNDD1CB8AEBFB,3458,847625
2026-07-31,202607300033250,VND9A39F5BD17,GA0344-033-01,590983
2026-07-31,202607300033251,VND9C0BD56340,26-116,80850
2026-07-31,202607300033251,VND9C0BD56340,26-117,76450
2026-07-31,202607300033252,VND119A0D66ED,189030,68000
2026-07-31,202607300033252,VND119A0D66ED,189049,62000
2026-07-31,202607300033252,VND119A0D66ED,189051,109500
2026-07-31,202607300033252,VND119A0D66ED,189058,60250
2026-07-31,202607300033253,VND4851FECB74,10474,4548800
2026-07-31,202607300033254,VND4FB8EC1CFE,CORE-ADAMSVILLE-063026,6955000
2026-07-31,202607300033254,VND4FB8EC1CFE,CORE-NORTH FULTON-063026,6955000
2026-07-31,202607300033254,VND4FB8EC1CFE,SBMH-9710-063026,11182231
2026-07-31,202607300033255,VNDDD87145CB6,46181-07,20000
2026-07-31,202607300033256,VND53C379D51A,INV0187048,126800
2026-07-31,202607300033256,VND53C379D51A,INV0189649,113200
2026-07-31,202607300033256,VND53C379D51A,INV0190342,44000
2026-07-31,202607300033257,VNDD57A1FDD73,6035,32001464
2026-07-31,202607300033259,VNDA3B7BD471B,FS-13427013126,62500
2026-07-31,202607300033260,VNDE75102D7A2,00003924,19500
2026-07-31,202607300033260,VNDE75102D7A2,00003925,37000
2026-07-31,202607300033260,VNDE75102D7A2,00003926,36000
2026-07-31,202607300033261,VND1B14961A55,072326-ADAMS PARK LB_FCLS-JGW,20000
2026-07-31,202607300033262,VND47C4221A94,00003959,79500
2026-07-31,202607300033262,VND47C4221A94,00003961,70125
2026-07-31,202607300033262,VND47C4221A94,00003962,73125
2026-07-31,202607300033262,VND47C4221A94,00003963,56250
2026-07-31,202607300033262,VND47C4221A94,00003965,54250
2026-07-31,202607300033262,VND47C4221A94,00003966,29375
2026-07-31,202607300033262,VND47C4221A94,00003967,40125
2026-07-31,202607300033262,VND47C4221A94,00003968,62000
2026-07-31,202607300033262,VND47C4221A94,00003969,31500
2026-07-31,202607300033262,VND47C4221A94,00003970,29875
2026-07-31,202607300033262,VND47C4221A94,00003975,36625
2026-07-31,202607300033262,VND47C4221A94,00003976,136500
2026-07-31,202607300033263,VND451F08FBAE,15305193,95250
2026-07-31,202607300033263,VND451F08FBAE,15401983,21000
2026-07-31,202607300033264,VND91A59269FE,CSP.BCM2026-1,312500
2026-07-31,202607300033265,VND41FEF5D2BC,25297,42900
2026-07-31,202607300033265,VND41FEF5D2BC,72926,46500
2026-07-31,202607300033266,VNDF49F0537EF,360909,40950
2026-07-31,202607300033267,VND1AC9A25C43,00003956,157500
2026-07-31,202607300033268,VND13E77B013F,AXC5286,1635000
2026-07-31,202607300033269,VND6CE4E8321E,16-21EQUIP1032018K-DJ,12016603
2026-07-31,202607300033269,VND6CE4E8321E,17-21EQUIP1032018K-DJ,5000000
2026-07-31,202607300033270,VND54C6A24E7A,JR07/26,24757
2026-07-31,202607300033271,VND78B14E1703,JL07/26,17484
2026-07-31,202607300033272,VNDE326EA782E,0013-2026,154970
2026-07-31,202607300033273,VND165C80D9B3,071726,100000
2026-07-31,202607300033273,VND165C80D9B3,072326,100000
2026-07-31,202607300033274,VND1514C3E74C,2026-05 (MAY&JUNE 2026),742500
2026-07-31,202607300033275,VNDF1AC4DC84B,488663,11788
2026-07-31,202607300033276,VNDE868058318,001868,14700
2026-07-31,202607300033276,VNDE868058318,006574,72000
2026-07-31,202607300033276,VNDE868058318,008551,76003
2026-07-31,202607300033276,VNDE868058318,008555,18000
2026-07-31,202607300033276,VNDE868058318,008976,358750
2026-07-31,202607300033276,VNDE868058318,009044,354827
2026-07-31,202607300033276,VNDE868058318,009446,258640
2026-07-31,202607300033276,VNDE868058318,009617,71318
2026-07-31,202607300033276,VNDE868058318,009713,16000
2026-07-31,202607300033276,VNDE868058318,W63383,31852
2026-07-31,202607300033277,VNDF9D47B6EFA,202608FULTON,600000
2026-07-31,202607300033278,VND36AC05ED89,INVESI7982,8042500
2026-07-31,202607300033279,VND9FCC7E95A6,INV11165462,7250
2026-07-31,202607300033279,VND9FCC7E95A6,INV11165546,9450
2026-07-31,202607300033279,VND9FCC7E95A6,INV11172091,21813
2026-07-31,202607300033280,VNDD73131260D,72026,1187500
2026-07-31,202607300033281,VNDF2FED8E9DB,07-2026,25000
2026-07-31,202607300033282,VNDE6DD4952DE,2811,6500
2026-07-31,202607300033282,VNDE6DD4952DE,2849-1,41500
2026-07-31,202607300033283,VND209DBD2DBA,00003938,26300
2026-07-31,202607300033283,VND209DBD2DBA,00003939,19000
2026-07-31,202607300033283,VND209DBD2DBA,00003940,46550
2026-07-31,202607300033283,VND209DBD2DBA,00003941,31750
2026-07-31,202607300033283,VND209DBD2DBA,00003942,18800
2026-07-31,202607300033283,VND209DBD2DBA,00003943,15500
2026-07-31,202607300033283,VND209DBD2DBA,00003944,44750
2026-07-31,202607300033283,VND209DBD2DBA,00003945,20100
2026-07-31,202607300033283,VND209DBD2DBA,00003946,30650
2026-07-31,202607300033283,VND209DBD2DBA,00003947,21250
2026-07-31,202607300033283,VND209DBD2DBA,00003948,25950
2026-07-31,202607300033283,VND209DBD2DBA,00003949,33650
2026-07-31,202607300033283,VND209DBD2DBA,00003950,53000
2026-07-31,202607300033283,VND209DBD2DBA,00003951,19750
2026-07-31,202607300033283,VND209DBD2DBA,00003952,34700
2026-07-31,202607300033283,VND209DBD2DBA,00003953,28550
2026-07-31,202607300033283,VND209DBD2DBA,00003954,33500
2026-07-31,202607300033283,VND209DBD2DBA,00003955,45250
2026-07-31,202607300033284,VND1B627F67FA,3TN2XV,13710
2026-07-31,202607300033285,VNDC258118AC8,27272,1348654
2026-07-31,202607300033286,VND8F3701C1C4,560596,4500
2026-07-31,202607300033286,VND8F3701C1C4,566740,4500
2026-07-31,202607300033287,VNDF1206AF1DF,31196,2548110
2026-07-31,202607300033288,VNDBC98A7004E,1055,2284500
2026-07-31,202607300033289,VND889E1CCEAF,080126,5908900
2026-07-31,202607300033290,VNDBE246216CE,AM200322,260000
2026-07-31,202607300033291,VND4B02907E30,503295,138000
2026-07-31,202607300033292,VND2AC92FD5FB,1197,90000
2026-07-31,202607300033293,VND05D1AF1DC3,07012026A,37396
2026-07-31,202607300033293,VND05D1AF1DC3,07012026B,419748
2026-07-31,202607300033294,VND7B54CADC52,474480459001,38287
2026-07-31,202607300033294,VND7B54CADC52,475566462001,21153
2026-07-31,202607300033294,VND7B54CADC52,475579223001,84611
2026-07-31,202607300033294,VND7B54CADC52,475582248001,214748
2026-07-31,202607300033294,VND7B54CADC52,476718806001,214748
2026-07-31,202607300033294,VND7B54CADC52,476722293001,84611
2026-07-31,202607300033294,VND7B54CADC52,477131825001,17008
2026-07-31,202607300033294,VND7B54CADC52,477135256001,171798
2026-07-31,202607300033295,VNDB4A88ECC2B,3807-1,356800
2026-07-31,202607300033296,VND4EEFA060E1,07-2026,25000
2026-07-31,202607300033297,VND7CC1B1A0A9,FC026,10000
2026-07-31,202607300033298,VNDA931DEFD6A,9205,720000
2026-07-31,202607300033299,VNDC8312C6C1C,156,109450
2026-07-31,202607300033300,VNDD284BB3433,7329,2134203
2026-07-31,202607300033300,VNDD284BB3433,7330,1611023
2026-07-31,202607300033301,VNDEE14B6F470,166,205275
2026-07-31,202607300033302,VNDD6341E8B4A,068,50000
2026-07-31,202607300033303,VND60C9EF23D4,SFSS26-6,4724097
2026-07-31,202607300033304,VND27D0E4B2EF,KC2026-1,1500000
2026-07-31,202607300033305,VNDAD6314B26D,OFCC07082026,2750000
2026-07-31,202607300033306,VND93B7C6E6D9,07172026,75000
2026-07-31,202607300033307,VNDB8DF26EF9D,245947,9180000
2026-07-31,202607300033307,VNDB8DF26EF9D,246675,28080
2026-07-31,202607300033307,VNDB8DF26EF9D,246713,1125000
2026-07-31,202607300033307,VNDB8DF26EF9D,247010,70400
2026-07-31,202607300033307,VNDB8DF26EF9D,247805,54700
2026-07-31,202607300033307,VNDB8DF26EF9D,247866,10400
2026-07-31,202607300033308,VND098B225002,7-14-2026,9600
2026-07-31,202607300033309,VND0B1EF532DE,07212026,2000000
2026-07-31,202607300033310,VNDF2D690DBBC,CSP2026-1,1250000
2026-07-31,202607300033311,VNDE93142A436,19768,316351
2026-07-31,202607300033311,VNDE93142A436,19769,2346
2026-07-31,202607300033311,VNDE93142A436,19771,3540
2026-07-31,202607300033312,VND3F41579FEA,CG0130,259050
2026-07-31,202607300033313,VNDF5250C1682,JL-70626,675000
2026-07-31,202607300033314,VNDC598EC6A6E,314299,116400
2026-07-31,202607300033315,VND609E074FEC,6540,196350
2026-07-31,202607300033316,VNDA52137F3F2,AR-04209,77625
2026-07-31,202607300033316,VNDA52137F3F2,I-12663,19600
2026-07-31,202607300033317,VND664E02E65A,07-2026,15000
2026-07-31,202607300033318,VND3B02DDD156,4286*,964000
2026-07-31,202607300033319,VND55285B2979,INV-37215,52000
2026-07-31,202607300033319,VND55285B2979,INV-37218,344410
2026-07-31,202607300033319,VND55285B2979,INV-37222,726000
2026-07-31,202607300033319,VND55285B2979,INV-37243,893500
2026-07-31,202607300033319,VND55285B2979,INV-37245,778750
2026-07-31,202607300033319,VND55285B2979,INV-37246,667410
2026-07-31,202607300033319,VND55285B2979,INV-37437,223500
2026-07-31,202607300033319,VND55285B2979,INV-37438,26000
2026-07-31,202607300033319,VND55285B2979,INV-37439,26000
2026-07-31,202607300033319,VND55285B2979,INV-37440,80500
2026-07-31,202607300033319,VND55285B2979,INV-37441,19000
2026-07-31,202607300033319,VND55285B2979,INV-37681,156000
2026-07-31,202607300033319,VND55285B2979,INV-38422,89500
2026-07-31,202607300033320,VNDEA8CF34391,5452,199500
2026-07-31,202607300033321,VNDB5000E0570,MMCF070126,450000
2026-07-31,202607300033322,VNDEA4857187A,0013,519226
2026-07-31,202607300033323,VND15086B975C,07-2026-FINAL,110000
2026-07-31,202607300033324,VNDD5F62CD881,07-2026-FINAL,100000
2026-07-31,202607300033325,VNDA6E36F5229,CSP2026-1,1250000
2026-07-31,202607300033326,VND069C97C211,07-2026-FINAL,85000
2026-07-31,202607300033327,VNDF3E580A4CD,07-2026-FINAL,85000
2026-07-31,202607300033329,VND5EE3448DCB,0054,40000
2026-07-31,202607300033330,VNDC719BC6DDF,11-24RFP0808K-DB,13635151
2026-07-31,202607300033331,VNDEF5DEBF12D,2020674,71500
2026-07-31,202607300033332,VND6AD86D8F28,P-8245,262600
2026-07-31,202607300033332,VND6AD86D8F28,P-8293,307362
2026-07-31,202607300033333,VND141500B884,1030,76425
2026-07-31,202607300033334,VNDF91008D0A2,FBN5677439,1893759
2026-07-31,202607300033334,VNDF91008D0A2,FBN5685771,26966064
2026-07-31,202607300033334,VNDF91008D0A2,FBN5686580,5001682
2026-07-31,202607300033335,VND5CE5E321FF,2939,233365
2026-07-31,202607300033336,VNDD11A678B0D,JA 320830,11400
2026-07-31,202607300033336,VNDD11A678B0D,JA 320834,9800
2026-07-31,202607300033336,VNDD11A678B0D,JA 321004,128873
2026-07-31,202607300033337,VND140F72E67F,006,1992192
2026-07-31,202607300033337,VND140F72E67F,007,2077549
2026-07-31,202607300033337,VND140F72E67F,009,810000
2026-07-31,202607300033337,VND140F72E67F,4270871737,15160
2026-07-31,202607300033338,VND0AAB66030D,FCGOVCATER1,53787
2026-07-31,202607300033339,VND6BBBAC1578,FC_06192026,3653813
2026-07-31,202607300033340,VNDE75E884188,1001,360000
2026-07-31,202607300033341,VND72C62AC743,002,20000
2026-07-31,202607300033342,VND0E91960115,9000253895,18939341
2026-07-31,202607300033343,VND82788A5493,INV-734651,239580
2026-07-31,202607300033344,VND235B8C6607,SB052026,20000
2026-07-31,202607300033345,VND9EFE2C9073,1,20000
2026-07-31,202607300033346,VNDFD035E50DC,06252026,20000
2026-07-31,202607300033347,VNDDDF51A3872,ZH052026,20000
2026-07-31,202607300033348,VNDA92E11CE23,4,500000
2026-07-31,202607300033349,VNDA04DD2B023,2026-06-26,20000
2026-07-31,202607300033350,VND14D3179C3A,06-2026,35000
2026-07-31,202607300033350,VND14D3179C3A,07-2026,65000
2026-07-31,202607300033350,VND14D3179C3A,07-2026-FINAL,65000
2026-07-31,202607300033351,VND90D6A598BD,INV-2026-001,25000
2026-07-31,589456,VND3EF03D9301,00B3384ED-0029,-2691000
2026-07-31,589514,VND3099A5EE5C,RES643,21750
2026-07-31,589520,VNDA459B04452,30637,3713900
2026-07-31,589521,VND677CED2F09,26188CAW,1953290
2026-07-31,589522,VND677CED2F09,26189CAW,877418
2026-07-31,589523,VND1D81127E31,02B-616-2025,25000
2026-07-31,589524,VNDE28EDD5534,30781,7832000
2026-07-31,589525,VNDE8EBF7F562,06-2026,72500
2026-07-31,589525,VNDE8EBF7F562,07-2026,55000
2026-07-31,589526,VNDE8EBF7F562,07-2026-FINAL,85000
2026-07-31,589527,VND2403BD2C59,8220 18 892 0213097-052326,2088
2026-07-31,589527,VND2403BD2C59,8220 18 892 0213097-062326,2088
2026-07-31,589527,VND2403BD2C59,8220 18 892 0213097-072326,2088
2026-07-31,589527,VND2403BD2C59,8220 18 892 0299963-06282026,11907
2026-07-31,589527,VND2403BD2C59,8220 19 912 0734634-07012026,20961
2026-07-31,589528,VND1B776EFAF3,FUL26N6X,197800
2026-07-31,589528,VND1B776EFAF3,FUL26Q2U,1311000
2026-07-31,589529,VNDA2418467B0,AI7S47S,65583
2026-07-31,589529,VNDA2418467B0,AJ2A17R,16913
2026-07-31,589529,VNDA2418467B0,AJ2MR3R,647071
2026-07-31,589529,VNDA2418467B0,AJ3XF8M,38499796
2026-07-31,589529,VNDA2418467B0,AJ8YU8A,94413820
2026-07-31,589529,VNDA2418467B0,AK2TA3W,455400
2026-07-31,589530,VNDDFE1970094,0115352,72166
2026-07-31,589530,VNDDFE1970094,0144307,71483
2026-07-31,589531,VNDA41290A2A9,924-660110726,151719
2026-07-31,589532,VNDA699DEC0EF,9004668050,470540
2026-07-31,589532,VNDA699DEC0EF,9005566048,696360
2026-07-31,589533,VND61CD454AAB,1026826,2219860
2026-07-31,589533,VND61CD454AAB,1026991,200000
2026-07-31,589533,VND61CD454AAB,1026992,197047
2026-07-31,589533,VND61CD454AAB,1026994,792000
2026-07-31,589533,VND61CD454AAB,1026995,2127500
2026-07-31,589533,VND61CD454AAB,1027085,1556500
2026-07-31,589533,VND61CD454AAB,1027088,1060215
2026-07-31,589533,VND61CD454AAB,1027093,589159
2026-07-31,589533,VND61CD454AAB,1027106,4320000
2026-07-31,589533,VND61CD454AAB,1027298,702160
2026-07-31,589533,VND61CD454AAB,1027302,891743
2026-07-31,589533,VND61CD454AAB,1027350,1556500
2026-07-31,589534,VND791C0E2E58,RGEORGE 07-27-26-1,109966
2026-07-31,589535,VND040A8B53BB,HANDREWS 07-27-26-01,124900
2026-07-31,589535,VND040A8B53BB,RGEORGE 07-27-26-1,42650
2026-07-31,589536,VND0BB39B7D3F,21870,17550
2026-07-31,589536,VND0BB39B7D3F,22353,39590
2026-07-31,589536,VND0BB39B7D3F,22364,39260
2026-07-31,589536,VND0BB39B7D3F,22366,31240
2026-07-31,589536,VND0BB39B7D3F,22369,39750
2026-07-31,589536,VND0BB39B7D3F,22409,7000
2026-07-31,589536,VND0BB39B7D3F,22411,80000
2026-07-31,589536,VND0BB39B7D3F,22581,8450
2026-07-31,589536,VND0BB39B7D3F,22602,39700
2026-07-31,589536,VND0BB39B7D3F,22677,57900
2026-07-31,589536,VND0BB39B7D3F,22719,80000
2026-07-31,589536,VND0BB39B7D3F,22721,80000
2026-07-31,589536,VND0BB39B7D3F,22723,79100
2026-07-31,589536,VND0BB39B7D3F,22730,64750
2026-07-31,589536,VND0BB39B7D3F,22807,78925
2026-07-31,589536,VND0BB39B7D3F,22997,80000
2026-07-31,589536,VND0BB39B7D3F,24062,30300
2026-07-31,589536,VND0BB39B7D3F,24149,37500
2026-07-31,589536,VND0BB39B7D3F,24151,5000
2026-07-31,589536,VND0BB39B7D3F,24208,7000
2026-07-31,589536,VND0BB39B7D3F,24443,57900
2026-07-31,589536,VND0BB39B7D3F,24858,8600
2026-07-31,589536,VND0BB39B7D3F,25399,79475
2026-07-31,589536,VND0BB39B7D3F,25419,11875
2026-07-31,589537,VND2CCC0D3EA8,6302026,3954750
2026-07-31,589538,VND08F8FCC5D3,INV3574425,20000
2026-07-31,589538,VND08F8FCC5D3,INV3581025,20000
2026-07-31,589539,VNDBBFA3617E2,EPD-NFULTONPBCU-0003,15000
2026-07-31,589540,VNDA6A4597155,26S-WC03C,4533780
2026-07-31,589541,VND291DDC231C,2026-356253,40950
2026-07-31,589542,VND9583506D04,07-2026,15000
2026-07-31,589543,VND57EC7F5C41,26072329023,77500
2026-07-31,589544,VND73C66F7A8D,I17636815,1766856
2026-07-31,589545,VNDF8496F0D65,852954735,200200
2026-07-31,589545,VNDF8496F0D65,852956190,627300
2026-07-31,589545,VNDF8496F0D65,853089684,329200
2026-07-31,589545,VNDF8496F0D65,853344846,201200
2026-07-31,589546,VNDAC1730CAA2,7175619771756,2161
2026-07-31,589546,VNDAC1730CAA2,7175619848774,8998
2026-07-31,589546,VNDAC1730CAA2,7175619885063,4499
2026-07-31,589546,VNDAC1730CAA2,9612619508402,4904
2026-07-31,589546,VNDAC1730CAA2,9612619708500,1499
2026-07-31,589546,VNDAC1730CAA2,9612619808533,21499
2026-07-31,589546,VNDAC1730CAA2,9612620108565,3593
2026-07-31,589546,VNDAC1730CAA2,9612620152561,24398
2026-07-31,589547,VNDC842B9877A,20260801,2531463
2026-07-31,589548,VND050CB1977A,9013390704,18630
2026-07-31,589548,VND050CB1977A,9014868823,73650
2026-07-31,589548,VND050CB1977A,9017739286,46860
2026-07-31,589548,VND050CB1977A,9019741496,7181
2026-07-31,589548,VND050CB1977A,9020531662,7464
2026-07-31,589549,VNDA36F7E3527,19 FCRI,3193587
2026-07-31,589550,VND9F7272CEB0,ALH07/26,22800
2026-07-31,589551,VND90233F5FB4,1263195,6695285
2026-07-31,589552,VND5024E4AF0A,202684,116000
2026-07-31,589553,VND379C11D509,470008157186,932610
2026-07-31,589554,VNDA71B6CCF06,35964-0426-AD,7202408
2026-07-31,589554,VNDA71B6CCF06,35964-0626CO-DW,2730988
2026-07-31,589554,VNDA71B6CCF06,35964-0626CO-OSY,165344
2026-07-31,589555,VND177951186D,WBROWN 07-27-26-1,27900
2026-07-31,589556,VND8C5F7AEBD6,VNHS26G-06,61280
2026-07-31,589557,VND27F2C32F00,15092249,243176
2026-07-31,589558,VND618C3D6155,503289,69000
2026-07-31,589558,VND618C3D6155,503290,105000
2026-07-31,589559,VNDC39A28F092,FF-0313,384000
2026-07-31,589559,VNDC39A28F092,FF-0392,696000
2026-07-31,589560,VND73E40967DF,2026-1,1500000
2026-07-31,589561,VNDF6A2328107,PADV-JULY26-CSP1,2285641
2026-07-31,589562,VNDC693D82E8B,SVC/266-1499085-C,6375
2026-07-31,589562,VNDC693D82E8B,SVC/266-1508122-C,99670
2026-07-31,589563,VND0AC361BF08,4999,2500000
2026-07-31,589564,VND0836143666,26070035,2500000
2026-07-31,589565,VND40EAC93F35,SE0006561,68100
2026-07-31,589565,VND40EAC93F35,SE0006562,82000
2026-07-31,589565,VND40EAC93F35,SE0006563,111200
2026-07-31,589566,VND27456120DF,2356106,240029
2026-07-31,589566,VND27456120DF,2356107,240029
2026-07-31,589566,VND27456120DF,2357102,240029
2026-07-31,589566,VND27456120DF,2357103,240029
2026-07-31,589567,VND7A4C00973E,FC070726A,168992
2026-07-31,589567,VND7A4C00973E,FC070726B,94252
2026-07-31,589567,VND7A4C00973E,FC070726C,381987
2026-07-31,589568,VND316DAF4214,07-2026,15000
2026-07-31,589569,VND3E92644E58,2376180,450
2026-07-31,589569,VND3E92644E58,2901966,5429
2026-07-31,589569,VND3E92644E58,2903994,1198
2026-07-31,589569,VND3E92644E58,2904043,5828
2026-07-31,589569,VND3E92644E58,3901492,8400
2026-07-31,589569,VND3E92644E58,5902069,4121
2026-07-31,589569,VND3E92644E58,9901796-A,82401
2026-07-31,589570,VND14FF0812A1,GPP20260718,150000
2026-07-31,589571,VNDAA57CB827A,153100,39600
2026-07-31,589572,VNDA1C34BB769,6739338118,1786145
2026-07-31,589573,VNDCE6531BB26,8687165,235977
2026-07-31,589573,VNDCE6531BB26,8687193,25283
2026-07-31,589574,VNDDB96A60D5F,1265427,43631
2026-07-31,589575,VND7B09261A4B,0312613-1,66000
2026-07-31,589576,VND075DF25E9C,2296344,7839895
2026-07-31,589576,VND075DF25E9C,2296344A,834398
2026-07-31,589577,VND5E4D5D7DC9,2209064019,1765424
2026-07-31,589578,VND0E203B1122,IN-C3469,100250
2026-07-31,589579,VND1F08CC79A5,CSP2026-1,1250000
2026-07-31,589580,VND60CC114C5E,116317,785884
2026-07-31,589580,VND60CC114C5E,116410,748300
2026-07-31,589580,VND60CC114C5E,116411,797480
2026-07-31,589581,VND3C02DA6D85,IN2316435,4292595
2026-07-31,589582,VND480808ACF0,114-14216582,59045
2026-07-31,589583,VNDE643E6FEA3,9013007054,649550
2026-07-31,589584,VNDEFBA394832,107574,29262
2026-07-31,589584,VNDEFBA394832,107579,6750
2026-07-31,589584,VNDEFBA394832,107588,8100
2026-07-31,589584,VNDEFBA394832,107589,76424
2026-07-31,589584,VNDEFBA394832,107601,13912
2026-07-31,589584,VNDEFBA394832,107608,95482
2026-07-31,589584,VNDEFBA394832,107609,45000
2026-07-31,589584,VNDEFBA394832,107616,32054
2026-07-31,589584,VNDEFBA394832,107626,22050
2026-07-31,589584,VNDEFBA394832,107630,3185
2026-07-31,589584,VNDEFBA394832,107631,20000
2026-07-31,589584,VNDEFBA394832,107633,20000
2026-07-31,589584,VNDEFBA394832,107635,48070
2026-07-31,589584,VNDEFBA394832,107638,113663
2026-07-31,589584,VNDEFBA394832,107645,20500
2026-07-31,589584,VNDEFBA394832,107647,6750
2026-07-31,589584,VNDEFBA394832,107650,15600
2026-07-31,589584,VNDEFBA394832,107657,23056
2026-07-31,589584,VNDEFBA394832,107665,137420
2026-07-31,589584,VNDEFBA394832,107666,55688
2026-07-31,589584,VNDEFBA394832,107667,52448
2026-07-31,589584,VNDEFBA394832,107681,6750
2026-07-31,589584,VNDEFBA394832,107706,33224
2026-07-31,589584,VNDEFBA394832,107722,35511
2026-07-31,589584,VNDEFBA394832,107727,55840
2026-07-31,589584,VNDEFBA394832,107728,10100
2026-07-31,589584,VNDEFBA394832,5318,91492
2026-07-31,589585,VND2A63503D5E,58194,41080
2026-07-31,589585,VND2A63503D5E,59230,100000
2026-07-31,589585,VND2A63503D5E,59823,23000
2026-07-31,589585,VND2A63503D5E,59824,100150
2026-07-31,589585,VND2A63503D5E,59997,103500
2026-07-31,589585,VND2A63503D5E,59999,39870
2026-07-31,589585,VND2A63503D5E,60000,47370
2026-07-31,589585,VND2A63503D5E,60313,89485
2026-07-31,589585,VND2A63503D5E,60314,89485
2026-07-31,589586,VND4BE0418808,62026,1897500
2026-07-31,589587,VNDA8958D78A6,38267,8543983
2026-07-31,589588,VND9109A088BB,B21389633,45441759
2026-07-31,589588,VND9109A088BB,B21394624,267864774
2026-07-31,589589,VNDE49016BC52,2599,5905290
2026-07-31,589589,VNDE49016BC52,2600,5533955
2026-07-31,589590,VND42541D8DD7,42293,50500
2026-07-31,589591,VND4221332547,26-1691,809000
2026-07-31,589592,VNDE467FEB79D,S52045,324064
2026-07-31,589593,VND5D7CC45C19,0235036,370322
2026-07-31,589593,VND5D7CC45C19,0235624,96000
2026-07-31,589593,VND5D7CC45C19,0235645,112000
2026-07-31,589593,VND5D7CC45C19,0235646,146200
2026-07-31,589593,VND5D7CC45C19,0235650,69500
2026-07-31,589594,VND328881DBF6,07-2026,200000
2026-07-31,589595,VNDF7FEEC1101,080126S,53600
2026-07-31,589596,VND840C7744DC,590181*,132300
2026-07-31,589597,VND196C9E0748,IN-045591,1305000
2026-07-31,589598,VNDF845ABBCBF,454190,177617
2026-07-31,589598,VNDF845ABBCBF,454192,122500
2026-07-31,589598,VNDF845ABBCBF,454611,596765
2026-07-31,589598,VNDF845ABBCBF,454615,140000
2026-07-31,589598,VNDF845ABBCBF,454940,70000
2026-07-31,589599,VND023307A93C,VQ123213,3571500
2026-07-31,589600,VNDEB605D3E23,07-2026,25000
2026-07-31,589601,VND239A808E85,28-22ITB134130K-JAJ,2743600
2026-07-31,589602,VND3DA014377B,IN-4809893,12000
2026-07-31,589603,VNDCBB9D919F3,20240604012-12,141738
2026-07-31,589603,VNDCBB9D919F3,20240646461-12,158155
2026-07-31,589603,VNDCBB9D919F3,20240658871-12,91575
2026-07-31,589603,VNDCBB9D919F3,20240678895-12,73800
2026-07-31,589603,VNDCBB9D919F3,20240679275-12,41630
2026-07-31,589603,VNDCBB9D919F3,20240682691-12,127008
2026-07-31,589603,VNDCBB9D919F3,20240683721-12,159321
2026-07-31,589603,VNDCBB9D919F3,20240686610-12,203700
2026-07-31,589603,VNDCBB9D919F3,20240688519-12,272521
2026-07-31,589603,VNDCBB9D919F3,20240692232-12,91540
2026-07-31,589603,VNDCBB9D919F3,20240695660-12,70875
2026-07-31,589603,VNDCBB9D919F3,20240695666-12,79925
2026-07-31,589603,VNDCBB9D919F3,20240695680-12,139047
2026-07-31,589603,VNDCBB9D919F3,20251079140-12,86940
2026-07-31,589604,VND95CB99F6E9,251143763,220000
2026-07-31,589604,VND95CB99F6E9,251246624,211000
2026-07-31,589605,VND7F21F4D978,CCSP2026-01,1000000
2026-07-31,589606,VND7D2800D14E,I250724450,50000
2026-07-31,589607,VND16042617DC,82472,473730
2026-07-31,589608,VND0D0D577893,SG612206,20000
2026-07-31,589609,VND637C314A2C,2700-MAY26-A,95859
2026-07-31,589610,VND231BE82DB6,2030,10000
2026-07-31,589610,VND231BE82DB6,2031,10000
2026-08-05,202607300033278,VND36AC05ED89,INVESI7982,-8042500
2026-08-05,587976,VND326BA0EDF3,0029,-40000
2026-08-05,587976,VND326BA0EDF3,2-0028,-42500
2026-08-07,202608060033352,VNDA8DE7BB48F,26191EP,896624
2026-08-07,202608060033353,VND7C7DC1E9B8,26193CH,25006
2026-08-07,202608060033354,VNDB997380A46,ATLFUEM0826,5046667
2026-08-07,202608060033355,VND6579404E92,172939,93000
2026-08-07,202608060033356,VND88431FA06D,9160350709,31500
2026-08-07,202608060033356,VND88431FA06D,9160350727,22500
2026-08-07,202608060033356,VND88431FA06D,9160350731,483000
2026-08-07,202608060033356,VND88431FA06D,9160350733,40500
2026-08-07,202608060033357,VND88431FA06D,9160350734,42000
2026-08-07,202608060033357,VND88431FA06D,9160350735,1543104
2026-08-07,202608060033357,VND88431FA06D,9160350736,4500
2026-08-07,202608060033357,VND88431FA06D,9160350737,9000
2026-08-07,202608060033358,VNDCA74A751E3,1022801,958600
2026-08-07,202608060033359,VNDCA74A751E3,1024875,33100
2026-08-07,202608060033360,VND8BA19922E2,FCBOH-0826,86250000
2026-08-07,202608060033361,VND6A9E88C333,07-2026,5000
2026-08-07,202608060033362,VND64FECDA64C,6148239954,9023
2026-08-07,202608060033363,VND866424BA7E,072426-FULTN,2111578
2026-08-07,202608060033364,VND866424BA7E,073126-FULTN,6990450
2026-08-07,202608060033365,VNDE66E0578AB,3544590,150000
2026-08-07,202608060033365,VNDE66E0578AB,3545626,600000
2026-08-07,202608060033365,VNDE66E0578AB,3567240,21500
2026-08-07,202608060033366,VND500F4CFC12,1272,2398500
2026-08-07,202608060033367,VNDEA8CEDF5D7,12389,152572
2026-08-07,202608060033368,VND0E91960115,9000254409,57121897
2026-08-07,202608060033369,VNDEB1B43EC9E,132261663,860100
2026-08-07,202608060033370,VNDA25E2DEF26,EHE-05-2026-1,30
2026-08-07,202608060033371,VND65ED435E78,020-173569,81400
2026-08-07,202608060033371,VND65ED435E78,020-174185,13828000
2026-08-07,202608060033372,VND5786D79E3A,1364506,1284726
2026-08-07,202608060033373,VNDCFD8046780,SSNF26 06-A,4344775
2026-08-07,202608060033374,VND3DAB53E89A,31678194FULJULY2026,2994997
2026-08-07,202608060033375,VND291DDC231C,RM-73126,504300
2026-08-07,202608060033376,VND2F526200D6,Q2-2026,2216500
2026-08-07,202608060033376,VND2F526200D6,Q3-2026,2216500
2026-08-07,202608060033377,VNDC96CF508C7,55,833333
2026-08-07,202608060033378,VNDC4CFC37192,US002219449,7700000
2026-08-07,202608060033379,VNDE3A3891398,1174,62000000
2026-08-07,202608060033380,VNDE56B5C921A,7050073796,30500
2026-08-07,202608060033380,VNDE56B5C921A,7050074295,18400
2026-08-07,202608060033381,VND72AF9C19BB,88,10010
2026-08-07,202608060033382,VND3F4383915B,2698335,77000
2026-08-07,202608060033383,VNDA551598BD0,2026-7-20CNC,2151700
2026-08-07,202608060033384,VNDF437D7B97D,4247158,63252
2026-08-07,202608060033385,VND36C21E29AC,CSP2026-1,5000000
2026-08-07,202608060033386,VND1CF814FF1F,5332351271,13496200
2026-08-07,202608060033387,VNDAC844B4C4F,10160597-00,80000
2026-08-07,202608060033387,VNDAC844B4C4F,10161515-00,260400
2026-08-07,202608060033388,VNDF54F971D0D,128199,47676
2026-08-07,202608060033388,VNDF54F971D0D,128200,92034
2026-08-07,202608060033388,VNDF54F971D0D,128201,47676
2026-08-07,202608060033388,VNDF54F971D0D,129125,11508
2026-08-07,202608060033388,VNDF54F971D0D,129126,46854
2026-08-07,202608060033388,VNDF54F971D0D,129127,44799
2026-08-07,202608060033388,VNDF54F971D0D,130274,47676
2026-08-07,202608060033388,VNDF54F971D0D,130275,91242
2026-08-07,202608060033389,VND234A8F0919,53250-1-02,2445072
2026-08-07,202608060033389,VND234A8F0919,53250-2-02,1980273
2026-08-07,202608060033389,VND234A8F0919,53250-3-02,1988347
2026-08-07,202608060033390,VND33E8F76D0D,1510773-IN,285000
2026-08-07,202608060033391,VNDBFFEA729CC,123SR,107800
2026-08-07,202608060033392,VND40EAA8595A,202009598,49212
2026-08-07,202608060033392,VND40EAA8595A,202009603,148247
2026-08-07,202608060033392,VND40EAA8595A,202009606,304604
2026-08-07,202608060033393,VNDB21DAA6C25,862,589703
2026-08-07,202608060033394,VND861B1597AC,16-1295918,274875
2026-08-07,202608060033394,VND861B1597AC,6-1294849,983884
2026-08-07,202608060033395,VNDACDE7E2D4A,KR-022426-1,13420
2026-08-07,202608060033395,VNDACDE7E2D4A,KR-072126,248490
2026-08-07,202608060033396,VND3DB1EFCB08,7481,1237500
2026-08-07,202608060033397,VNDD099B046B6,22981.1,23586409
2026-08-07,202608060033398,VND5DB3570B65,JY072726-91,3608473
2026-08-07,202608060033399,VND355FDF127D,1024267,1088000
2026-08-07,202608060033400,VND355FDF127D,7626632-A,171171
2026-08-07,202608060033401,VNDEC568C9888,2026-F008,4773900
2026-08-07,202608060033402,VND381E9D56FE,S102499303.001,20891
2026-08-07,202608060033403,VND21B138348C,071326.01,475000
2026-08-07,202608060033404,VND9620CF3A4E,ES027074,9000000
2026-08-07,202608060033405,VNDEC78DB6298,LV164494,8638636
2026-08-07,202608060033406,VNDB9C071974B,25S-SC12B,10417449
2026-08-07,202608060033407,VNDB17DD5F4BD,CSP2026 - MAC 1,1300900
2026-08-07,202608060033408,VND4C3B26C1BD,9383776833,5400
2026-08-07,202608060033409,VND4C3B26C1BD,9380480025,6569
2026-08-07,202608060033409,VND4C3B26C1BD,9380818564,5803
2026-08-07,202608060033409,VND4C3B26C1BD,9380986236,5308
2026-08-07,202608060033409,VND4C3B26C1BD,9380986239,13495
2026-08-07,202608060033409,VND4C3B26C1BD,9381419774,14347
2026-08-07,202608060033409,VND4C3B26C1BD,9381605620,12242
2026-08-07,202608060033409,VND4C3B26C1BD,9381605628,12053
2026-08-07,202608060033409,VND4C3B26C1BD,9382796015,5803
2026-08-07,202608060033409,VND4C3B26C1BD,9382796018,2879
2026-08-07,202608060033409,VND4C3B26C1BD,9382984316,3914
2026-08-07,202608060033409,VND4C3B26C1BD,9382984320,7830
2026-08-07,202608060033409,VND4C3B26C1BD,9383199337,9176
2026-08-07,202608060033409,VND4C3B26C1BD,9383199339,7468
2026-08-07,202608060033409,VND4C3B26C1BD,9383199342,2069
2026-08-07,202608060033409,VND4C3B26C1BD,9383580442,10262
2026-08-07,202608060033410,VNDB5227632D9,CSP2026-1,1300900
2026-08-07,202608060033411,VND17A8C0A984,CSP2026-1,2500000
2026-08-07,202608060033412,VNDC56E7235A0,15048,117800
2026-08-07,202608060033412,VNDC56E7235A0,15049,428900
2026-08-07,202608060033413,VNDF516CA6F09,0897947-IN,2082403
2026-08-07,202608060033413,VNDF516CA6F09,0898385-IN,2175270
2026-08-07,202608060033414,VNDFCC464C80C,CN-099-1,132000
2026-08-07,202608060033414,VNDFCC464C80C,CN-100-1,134750
2026-08-07,202608060033414,VNDFCC464C80C,CN-100-2,50000
2026-08-07,202608060033415,VNDCFC296FD40,2026-0130,84000
2026-08-07,202608060033416,VND9F9A459E94,00003980,14250
2026-08-07,202608060033416,VND9F9A459E94,00003982,48500
2026-08-07,202608060033416,VND9F9A459E94,00003984,14250
2026-08-07,202608060033416,VND9F9A459E94,00003988,28500
2026-08-07,202608060033416,VND9F9A459E94,00003989,50200
2026-08-07,202608060033416,VND9F9A459E94,00003990,19500
2026-08-07,202608060033416,VND9F9A459E94,00003991,40500
2026-08-07,202608060033416,VND9F9A459E94,00003992,132100
2026-08-07,202608060033416,VND9F9A459E94,00003993,8250
2026-08-07,202608060033416,VND9F9A459E94,00004000,4500
2026-08-07,202608060033416,VND9F9A459E94,00004003,35150
2026-08-07,202608060033417,VNDC358CD1549,254839,258300
2026-08-07,202608060033417,VNDC358CD1549,254840,80000
2026-08-07,202608060033417,VNDC358CD1549,254841,141250
2026-08-07,202608060033417,VNDC358CD1549,254858,429200
2026-08-07,202608060033417,VNDC358CD1549,254900,103000
2026-08-07,202608060033417,VNDC358CD1549,254901,127000
2026-08-07,202608060033417,VNDC358CD1549,254995,256700
2026-08-07,202608060033417,VNDC358CD1549,254996,133250
2026-08-07,202608060033417,VNDC358CD1549,254997,178000
2026-08-07,202608060033417,VNDC358CD1549,254998,80000
2026-08-07,202608060033417,VNDC358CD1549,255051,795000
2026-08-07,202608060033417,VNDC358CD1549,255079,168000
2026-08-07,202608060033417,VNDC358CD1549,255080,253300
2026-08-07,202608060033417,VNDC358CD1549,255081,130750
2026-08-07,202608060033417,VNDC358CD1549,255178,420000
2026-08-07,202608060033417,VNDC358CD1549,255179,423300
2026-08-07,202608060033417,VNDC358CD1549,255180,240000
2026-08-07,202608060033417,VNDC358CD1549,255233,101750
2026-08-07,202608060033417,VNDC358CD1549,255234,126000
2026-08-07,202608060033417,VNDC358CD1549,255235,80000
2026-08-07,202608060033417,VNDC358CD1549,255236,172500
2026-08-07,202608060033417,VNDC358CD1549,255258,421700
2026-08-07,202608060033417,VNDC358CD1549,255290,253300
2026-08-07,202608060033417,VNDC358CD1549,255321,403300
2026-08-07,202608060033417,VNDC358CD1549,255334,460800
2026-08-07,202608060033417,VNDC358CD1549,255335,700000
2026-08-07,202608060033417,VNDC358CD1549,255377,144000
2026-08-07,202608060033417,VNDC358CD1549,255428,460000
2026-08-07,202608060033417,VNDC358CD1549,255541,406700
2026-08-07,202608060033417,VNDC358CD1549,255591,256700
2026-08-07,202608060033417,VNDC358CD1549,255613,178000
2026-08-07,202608060033417,VNDC358CD1549,255614,121750
2026-08-07,202608060033417,VNDC358CD1549,255672,183000
2026-08-07,202608060033417,VNDC358CD1549,255790,240000
2026-08-07,202608060033417,VNDC358CD1549,255832,379200
2026-08-07,202608060033417,VNDC358CD1549,255905,80000
2026-08-07,202608060033417,VNDC358CD1549,255906,80000
2026-08-07,202608060033417,VNDC358CD1549,255925,142000
2026-08-07,202608060033418,VNDCFC3B04D9F,01332,608100
2026-08-07,202608060033418,VNDCFC3B04D9F,071511,1188800
2026-08-07,202608060033418,VNDCFC3B04D9F,071512,409300
2026-08-07,202608060033418,VNDCFC3B04D9F,071513,467800
2026-08-07,202608060033418,VNDCFC3B04D9F,071722,522700
2026-08-07,202608060033418,VNDCFC3B04D9F,072310,413800
2026-08-07,202608060033418,VNDCFC3B04D9F,07261,228900
2026-08-07,202608060033418,VNDCFC3B04D9F,07262,453400
2026-08-07,202608060033419,VND40952A712A,050126-GRANTS,20000
2026-08-07,202608060033420,VND9DE5836A84,07302026,175000
2026-08-07,202608060033420,VND9DE5836A84,3586430,1685552
2026-08-07,202608060033420,VND9DE5836A84,3587462,2597475
2026-08-07,202608060033420,VND9DE5836A84,3597039,2620227
2026-08-07,202608060033420,VND9DE5836A84,3603022,2597475
2026-08-07,202608060033421,VND53C379D51A,INV0184493,22000
2026-08-07,202608060033422,VND6C8DDAA416,07-2026,5000
2026-08-07,202608060033423,VND25E746E37C,1183,856000
2026-08-07,202608060033424,VND05126C9F29,06750745,201960
2026-08-07,202608060033424,VND05126C9F29,06767484,51730
2026-08-07,202608060033425,VNDE75102D7A2,00003960,26750
2026-08-07,202608060033425,VNDE75102D7A2,00003964,27000
2026-08-07,202608060033425,VNDE75102D7A2,00003974,29550
2026-08-07,202608060033425,VNDE75102D7A2,00003979,9750
2026-08-07,202608060033425,VNDE75102D7A2,00003996,5250
2026-08-07,202608060033425,VNDE75102D7A2,00003997,19650
2026-08-07,202608060033425,VNDE75102D7A2,00003998,58500
2026-08-07,202608060033425,VNDE75102D7A2,00004004,41800
2026-08-07,202608060033425,VNDE75102D7A2,00004005,85300
2026-08-07,202608060033425,VNDE75102D7A2,00004006,24000
2026-08-07,202608060033425,VNDE75102D7A2,00004007,35100
2026-08-07,202608060033425,VNDE75102D7A2,00004008,33950
2026-08-07,202608060033425,VNDE75102D7A2,00004009,20900
2026-08-07,202608060033425,VNDE75102D7A2,00004010,2250
2026-08-07,202608060033425,VNDE75102D7A2,00004011,17050
2026-08-07,202608060033425,VNDE75102D7A2,00004013,17150
2026-08-07,202608060033425,VNDE75102D7A2,00004014,17600
2026-08-07,202608060033425,VNDE75102D7A2,00004015,19650
2026-08-07,202608060033425,VNDE75102D7A2,00004016,18400
2026-08-07,202608060033425,VNDE75102D7A2,00004018,61600
2026-08-07,202608060033425,VNDE75102D7A2,00004019,10750
2026-08-07,202608060033426,VND1B14961A55,062226-PEACHTREEFCPL-JGW,30000
2026-08-07,202608060033426,VND1B14961A55,071526-PALMETTO-LB_FCLS-JGW,20000
2026-08-07,202608060033426,VND1B14961A55,072926-CENTRAL-LB_FCLS-JGW,25000
2026-08-07,202608060033427,VNDBD88731F47,CSP-072026-1,1500000
2026-08-07,202608060033428,VND41FEF5D2BC,FSNTC01312026,135467
2026-08-07,202608060033428,VND41FEF5D2BC,FSNTC01312026V,76636
2026-08-07,202608060033428,VND41FEF5D2BC,FSNTC02282026,135467
2026-08-07,202608060033428,VND41FEF5D2BC,FSNTC02282026V,120428
2026-08-07,202608060033429,VND41FEF5D2BC,73026,27600
2026-08-07,202608060033430,VND633CC001B1,20260630 GE,1640765
2026-08-07,202608060033431,VND2AE9AF2383,THH200172,325000
2026-08-07,202608060033431,VND2AE9AF2383,THH200173,390000
2026-08-07,202608060033432,VNDEFB19C6099,2301,106800
2026-08-07,202608060033432,VNDEFB19C6099,2307,171800
2026-08-07,202608060033432,VNDEFB19C6099,2308,75000
2026-08-07,202608060033433,VNDAD49AA6C75,12489496,35000
2026-08-07,202608060033434,VNDD478517EC3,CSP2026.7.20-1,2250000
2026-08-07,202608060033435,VNDF1AC4DC84B,487956,68714
2026-08-07,202608060033436,VND8112B67D11,JMS07/26,30900
2026-08-07,202608060033437,VND9FCC7E95A6,INV11233858,36500
2026-08-07,202608060033437,VND9FCC7E95A6,INV11247029,19200
2026-08-07,202608060033438,VNDD73131260D,73126,592500
2026-08-07,202608060033439,VND95F4154D1A,FC08032026,49458436
2026-08-07,202608060033439,VND95F4154D1A,FCA7312026,1359833
2026-08-07,202608060033440,VND209DBD2DBA,00004036,16350
2026-08-07,202608060033440,VND209DBD2DBA,00004037,20000
2026-08-07,202608060033440,VND209DBD2DBA,00004038,19350
2026-08-07,202608060033440,VND209DBD2DBA,00004039,37950
2026-08-07,202608060033440,VND209DBD2DBA,00004040,30800
2026-08-07,202608060033440,VND209DBD2DBA,00004041,39750
2026-08-07,202608060033440,VND209DBD2DBA,00004042,60550
2026-08-07,202608060033440,VND209DBD2DBA,00004043,37500
2026-08-07,202608060033440,VND209DBD2DBA,00004044,18800
2026-08-07,202608060033440,VND209DBD2DBA,00004045,35800
2026-08-07,202608060033440,VND209DBD2DBA,00004046,31000
2026-08-07,202608060033440,VND209DBD2DBA,00004047,34600
2026-08-07,202608060033440,VND209DBD2DBA,00004048,15800
2026-08-07,202608060033440,VND209DBD2DBA,00004049,31000
2026-08-07,202608060033441,VND4E5D4F7639,31072026,4000000
2026-08-07,202608060033442,VND1B627F67FA,3PKRTJ,87318
2026-08-07,202608060033442,VND1B627F67FA,3Q4HCV,84738
2026-08-07,202608060033442,VND1B627F67FA,3QC0WX,80014
2026-08-07,202608060033442,VND1B627F67FA,3TN7JC,18897
2026-08-07,202608060033442,VND1B627F67FA,3TNC2G,11880
2026-08-07,202608060033442,VND1B627F67FA,3TNHXH,17020
2026-08-07,202608060033442,VND1B627F67FA,3TSCCK,14697
2026-08-07,202608060033442,VND1B627F67FA,3TSMGN,18897
2026-08-07,202608060033442,VND1B627F67FA,3TSPGW,14697
2026-08-07,202608060033442,VND1B627F67FA,3TSTSR,18750
2026-08-07,202608060033442,VND1B627F67FA,3TSV0X,14697
2026-08-07,202608060033442,VND1B627F67FA,3TSX01,14697
2026-08-07,202608060033442,VND1B627F67FA,3TTPJL,19221
2026-08-07,202608060033442,VND1B627F67FA,3TTXXQ,18897
2026-08-07,202608060033442,VND1B627F67FA,3TV855,22906
2026-08-07,202608060033442,VND1B627F67FA,3TVBK1,18507
2026-08-07,202608060033442,VND1B627F67FA,3TVBMJ,16057
2026-08-07,202608060033442,VND1B627F67FA,3TVGFD,13710
2026-08-07,202608060033442,VND1B627F67FA,3TVLJY,14697
2026-08-07,202608060033442,VND1B627F67FA,3TZ7BQ,16021
2026-08-07,202608060033442,VND1B627F67FA,3TZDXV,18242
2026-08-07,202608060033443,VNDF1206AF1DF,31369,1466500
2026-08-07,202608060033444,VND2D4DF1E0D4,2604686,323702
2026-08-07,202608060033445,VNDBE246216CE,AM200323,325000
2026-08-07,202608060033446,VNDE49B4C51C7,ABO200156,325000
2026-08-07,202608060033446,VNDE49B4C51C7,ABO200157,325000
2026-08-07,202608060033447,VND9B4138C0D1,ATL08012026,612570
2026-08-07,202608060033448,VND4B02907E30,503095,141000
2026-08-07,202608060033448,VND4B02907E30,503096,93000
2026-08-07,202608060033448,VND4B02907E30,503296,117000
2026-08-07,202608060033448,VND4B02907E30,503297,99000
2026-08-07,202608060033448,VND4B02907E30,503298,123000
2026-08-07,202608060033448,VND4B02907E30,503299,96000
2026-08-07,202608060033449,VND47365E8023,2026 CSP-1,2500000
2026-08-07,202608060033450,VND8BA19922E2,187,4432646
2026-08-07,202608060033451,VNDF68746154E,9230447,6666667
2026-08-07,202608060033452,VNDE2F33DC51A,CSP2026-001,1250000
2026-08-07,202608060033453,VND9214ADBFBD,200ABS100004057,13215641
2026-08-07,202608060033453,VND9214ADBFBD,200ABS100004079,1550529
2026-08-07,202608060033454,VNDB060FE5830,0223,150000
2026-08-07,202608060033455,VNDD9F516FD59,C-07232026,8286359
2026-08-07,202608060033456,VNDD0B29718C7,MD071026,550000
2026-08-07,202608060033457,VNDB2DB354A6A,2026157,10000
2026-08-07,202608060033457,VNDB2DB354A6A,2026166,10000
2026-08-07,202608060033457,VNDB2DB354A6A,2026178,10000
2026-08-07,202608060033457,VNDB2DB354A6A,2026179,10000
2026-08-07,202608060033458,VNDEE14B6F470,167,216750
2026-08-07,202608060033459,VND68161C285A,14/26,92925
2026-08-07,202608060033460,VNDEF6DF4AB1A,07/26,600000
2026-08-07,202608060033461,VND73B0850F3A,2026-BIG-6176,132994
2026-08-07,202608060033461,VND73B0850F3A,2026-BIG-6219,209500
2026-08-07,202608060033462,VND3FEE14F178,15-16,210825
2026-08-07,202608060033463,VNDC68243F4EA,2026-28,34430
2026-08-07,202608060033464,VND35116390B3,07272026-2,23400
2026-08-07,202608060033464,VND35116390B3,07312026,30000
2026-08-07,202608060033465,VND098B225002,7-20-2026,9600
2026-08-07,202608060033466,VND57B24D411B,GRM20025,1300000
2026-08-07,202608060033467,VNDE93142A436,19775,6618
2026-08-07,202608060033467,VNDE93142A436,19777,11891
2026-08-07,202608060033467,VNDE93142A436,19778,22923
2026-08-07,202608060033467,VNDE93142A436,19779,36519
2026-08-07,202608060033468,VND3F41579FEA,CG0127,202370
2026-08-07,202608060033469,VNDF5250C1682,JJL20058,845000
2026-08-07,202608060033469,VNDF5250C1682,JJL20059,325000
2026-08-07,202608060033470,VND302AB7EC22,2947,24684
2026-08-07,202608060033470,VND302AB7EC22,2948,15504
2026-08-07,202608060033470,VND302AB7EC22,2955,31008
2026-08-07,202608060033471,VNDDAFBD21429,299743,33600
2026-08-07,202608060033472,VND06714726D5,100458,312500
2026-08-07,202608060033472,VND06714726D5,101006,312500
2026-08-07,202608060033472,VND06714726D5,101049,312500
2026-08-07,202608060033472,VND06714726D5,101050,312500
2026-08-07,202608060033472,VND06714726D5,101052,312500
2026-08-07,202608060033473,VNDDCBBB62093,102017,79860
2026-08-07,202608060033473,VNDDCBBB62093,102462,103169
2026-08-07,202608060033473,VNDDCBBB62093,102789,270360
2026-08-07,202608060033473,VNDDCBBB62093,103284,309924
2026-08-07,202608060033473,VNDDCBBB62093,106296,107322
2026-08-07,202608060033474,VND912CFBA8A5,08012026,1745250
2026-08-07,202608060033475,VNDA52137F3F2,I-12773,6400
2026-08-07,202608060033475,VNDA52137F3F2,I-12790,4900
2026-08-07,202608060033476,VNDF0590B4779,267,2420200
2026-08-07,202608060033477,VND5017E59D5F,0226372-IN,1660654
2026-08-07,202608060033477,VND5017E59D5F,0226504-IN,1760326
2026-08-07,202608060033478,VND3441A8A8B3,INV2936988,13200
2026-08-07,202608060033478,VND3441A8A8B3,INV2956573,36000
2026-08-07,202608060033479,VND5229683A57,337674,56957
2026-08-07,202608060033480,VNDC0A6758C72,19,904270
2026-08-07,202608060033481,VND1BEA6A7825,834402,44000
2026-08-07,202608060033481,VND1BEA6A7825,974078,56000
2026-08-07,202608060033481,VND1BEA6A7825,974081,23800
2026-08-07,202608060033481,VND1BEA6A7825,974456,25200
2026-08-07,202608060033481,VND1BEA6A7825,976541,43400
2026-08-07,202608060033481,VND1BEA6A7825,977786,25200
2026-08-07,202608060033481,VND1BEA6A7825,980024,11200
2026-08-07,202608060033481,VND1BEA6A7825,990286,2800
2026-08-07,202608060033481,VND1BEA6A7825,993167,686000
2026-08-07,202608060033481,VND1BEA6A7825,993168,730000
2026-08-07,202608060033481,VND1BEA6A7825,993169,686000
2026-08-07,202608060033481,VND1BEA6A7825,993170,527500
2026-08-07,202608060033481,VND1BEA6A7825,993171,44000
2026-08-07,202608060033481,VND1BEA6A7825,993172,220000
2026-08-07,202608060033481,VND1BEA6A7825,993173,188500
2026-08-07,202608060033481,VND1BEA6A7825,993174,236835
2026-08-07,202608060033481,VND1BEA6A7825,993202,308000
2026-08-07,202608060033481,VND1BEA6A7825,993232,66725
2026-08-07,202608060033482,VNDEC20323F15,1001,250000
2026-08-07,202608060033482,VNDEC20323F15,1002,250000
2026-08-07,202608060033483,VND1B1231323A,21171,3600
2026-08-07,202608060033483,VND1B1231323A,21172,168450
2026-08-07,202608060033484,VND962D6D32FE,CSP2026-1,1500000
2026-08-07,202608060033485,VNDF76F3DC430,2029,40000
2026-08-07,202608060033486,VNDC604F1339D,11,280032
2026-08-07,202608060033487,VND6248B7B40F,00003957,6000
2026-08-07,202608060033487,VND6248B7B40F,00003958,9200
2026-08-07,202608060033487,VND6248B7B40F,00003971,3000
2026-08-07,202608060033487,VND6248B7B40F,00003972,3750
2026-08-07,202608060033487,VND6248B7B40F,00003973,5750
2026-08-07,202608060033487,VND6248B7B40F,00003977,2250
2026-08-07,202608060033487,VND6248B7B40F,00003978,38400
2026-08-07,202608060033487,VND6248B7B40F,00003994,6000
2026-08-07,202608060033487,VND6248B7B40F,00003995,6000
2026-08-07,202608060033487,VND6248B7B40F,00004012,7500
2026-08-07,202608060033487,VND6248B7B40F,00004017,25650
2026-08-07,202608060033487,VND6248B7B40F,00004024,9375
2026-08-07,202608060033488,VNDD5ED2E3EE4,109,990555
2026-08-07,202608060033489,VND812C1FEC80,18669-2274,73983
2026-08-07,202608060033489,VND812C1FEC80,18669-2384,77506
2026-08-07,202608060033490,VNDDB5BF5E9F1,2312433,609305
2026-08-07,202608060033490,VNDDB5BF5E9F1,2312437,528222
2026-08-07,202608060033490,VNDDB5BF5E9F1,393296,34240
2026-08-07,202608060033490,VNDDB5BF5E9F1,394490,64700
2026-08-07,202608060033490,VNDDB5BF5E9F1,394492,40100
2026-08-07,202608060033490,VNDDB5BF5E9F1,394497,28300
2026-08-07,202608060033490,VNDDB5BF5E9F1,394499,74750
2026-08-07,202608060033490,VNDDB5BF5E9F1,394501,85750
2026-08-07,202608060033490,VNDDB5BF5E9F1,394502,140550
2026-08-07,202608060033490,VNDDB5BF5E9F1,394504,15000
2026-08-07,202608060033490,VNDDB5BF5E9F1,394694,51000
2026-08-07,202608060033490,VNDDB5BF5E9F1,394697,15000
2026-08-07,202608060033491,VNDD11A678B0D,JA 321405,21400
2026-08-07,202608060033491,VNDD11A678B0D,JA 321420,12829
2026-08-07,202608060033491,VNDD11A678B0D,JA 321421,15500
2026-08-07,202608060033491,VNDD11A678B0D,JA 321422,7400
2026-08-07,202608060033491,VNDD11A678B0D,JA 321423,20034
2026-08-07,202608060033491,VNDD11A678B0D,JA 321424,36229
2026-08-07,202608060033491,VNDD11A678B0D,JA 321454,6200
2026-08-07,202608060033491,VNDD11A678B0D,JA 321456,114789
2026-08-07,202608060033491,VNDD11A678B0D,JA 321459,5800
2026-08-07,202608060033491,VNDD11A678B0D,JA 321530,15429
2026-08-07,202608060033492,VND140F72E67F,005,1096165
2026-08-07,202608060033492,VND140F72E67F,008,1975942
2026-08-07,202608060033492,VND140F72E67F,JUNE 2026 | NORTH,95200
2026-08-07,202608060033492,VND140F72E67F,JUNE 2026 | SOUTH,280000
2026-08-07,202608060033493,VND3330B3E697,1594,90424
2026-08-07,202608060033494,VND72C62AC743,3,20000
2026-08-07,202608060033495,VND95B2F2F877,1,20000
2026-08-07,202608060033496,VND6E6C7F21F8,GGIFULTON0126,500000
2026-08-07,589611,VNDB461B8DB1D,26-3797-01,20000
2026-08-07,589612,VNDB461B8DB1D,26-3881 03PD,928280
2026-08-07,589613,VNDB461B8DB1D,26-3643 01PD,947957
2026-08-07,589614,VNDB461B8DB1D,26-3722,740243
2026-08-07,589618,VND514C75F48E,26194CF,208692
2026-08-07,589620,VND3ABEB90E8B,00033-81306 07/28/2026,42019443
2026-08-07,589621,VND3ABEB90E8B,25871-87015 07/27/2026,8207
2026-08-07,589622,VND5A6AFDABD2,NTHDZ119781237,127750
2026-08-07,589623,VND40F4F5F523,26192GSEMC,5719058
2026-08-07,589624,VND32D099DED6,51391,273000
2026-08-07,589625,VND8E548CBE1A,685649,243822
2026-08-07,589625,VND8E548CBE1A,691915,150200
2026-08-07,589625,VND8E548CBE1A,695612,56800
2026-08-07,589625,VND8E548CBE1A,699591,218500
2026-08-07,589626,VND8E548CBE1A,702849,3500
2026-08-07,589626,VND8E548CBE1A,705877,22300
2026-08-07,589626,VND8E548CBE1A,709138,38000
2026-08-07,589627,VND8E548CBE1A,712174,137800
2026-08-07,589627,VND8E548CBE1A,712271,50400
2026-08-07,589628,VND8E548CBE1A,712302,168000
2026-08-07,589628,VND8E548CBE1A,712622,1557000
2026-08-07,589628,VND8E548CBE1A,712623,34500
2026-08-07,589628,VND8E548CBE1A,712624,522000
2026-08-07,589629,VNDB4AB84C704,20795,45455
2026-08-07,589630,VND8254C43809,07-2026,5000
2026-08-07,589631,VND4C7B40D4EB,2059243000 07/30/2026,13467
2026-08-07,589632,VND6C17D8FF0E,26-23101,100000
2026-08-07,589633,VND6CD40E221D,27483389-06-1,724947
2026-08-07,589634,VNDD08067A32A,100166683-06302026,47949748
2026-08-07,589635,VND48671A131A,20260704-001,125000
2026-08-07,589636,VNDA1C34BB769,4045849175-0010356-0226,6443
2026-08-07,589637,VNDFC854FD5BF,I265211,90681
2026-08-07,589638,VND6DA419119C,12624,904000
2026-08-07,589638,VND6DA419119C,12625,59800
2026-08-07,589638,VND6DA419119C,12626,844350
2026-08-07,589638,VND6DA419119C,12627,1404250
2026-08-07,589639,VND6DA419119C,12628,100000
2026-08-07,589639,VND6DA419119C,12629,1446250
2026-08-07,589639,VND6DA419119C,12630,216000
2026-08-07,589639,VND6DA419119C,12631,32850
2026-08-07,589640,VND27A1369809,255491,449400
2026-08-07,589640,VND27A1369809,259933,2830000
2026-08-07,589641,VND64313E049A,164390,150000
2026-08-07,589641,VND64313E049A,164391,212650
2026-08-07,589641,VND64313E049A,164392,45000
2026-08-07,589641,VND64313E049A,164393,372689
2026-08-07,589642,VND64313E049A,164389,825350
2026-08-07,589642,VND64313E049A,164394,27500
2026-08-07,589643,VND8BDE9F3290,3317,532250
2026-08-07,589644,VNDA2418467B0,AK27G4Y,720302
2026-08-07,589644,VNDA2418467B0,AK2CS8K,448000
2026-08-07,589644,VNDA2418467B0,AK2VE9E,147950
2026-08-07,589644,VNDA2418467B0,AK2XD8S,33690
2026-08-07,589644,VNDA2418467B0,AK3492T,1479500
2026-08-07,589644,VNDA2418467B0,AK4B92C,295900
2026-08-07,589645,VND35ECFE71A8,2337101,65100000
2026-08-07,589646,VNDA7D0312354,126662,64437528
2026-08-07,589646,VNDA7D0312354,126663,22302390
2026-08-07,589647,VNDDFE1970094,0298676,255190
2026-08-07,589647,VNDDFE1970094,0364325,48130
2026-08-07,589647,VNDDFE1970094,0428115,7360
2026-08-07,589648,VNDC3C307561F,26S-KC03A,18784500
2026-08-07,589649,VND61CAE391B2,0726243959,280000
2026-08-07,589650,VND61CD454AAB,1027084,126672
2026-08-07,589650,VND61CD454AAB,1027086,462000
2026-08-07,589650,VND61CD454AAB,1027087,373031
2026-08-07,589650,VND61CD454AAB,1027122,637000
2026-08-07,589650,VND61CD454AAB,1027296,2992780
2026-08-07,589651,VNDA1EC64BD19,SGIWA 8/4/2026-1,61550
2026-08-07,589652,VND040A8B53BB,MSCOTT 8/4/2026-1,65900
2026-08-07,589653,VND0BB39B7D3F,22357,37800
2026-08-07,589653,VND0BB39B7D3F,22358,39900
2026-08-07,589653,VND0BB39B7D3F,22360,39450
2026-08-07,589653,VND0BB39B7D3F,22363,40000
2026-08-07,589653,VND0BB39B7D3F,22573,39300
2026-08-07,589653,VND0BB39B7D3F,22678,66710
2026-08-07,589653,VND0BB39B7D3F,22679,60680
2026-08-07,589653,VND0BB39B7D3F,22680,58100
2026-08-07,589653,VND0BB39B7D3F,22681,57900
2026-08-07,589653,VND0BB39B7D3F,22682,58100
2026-08-07,589653,VND0BB39B7D3F,22683,57900
2026-08-07,589653,VND0BB39B7D3F,22684,57900
2026-08-07,589653,VND0BB39B7D3F,22685,57900
2026-08-07,589653,VND0BB39B7D3F,22686,63700
2026-08-07,589653,VND0BB39B7D3F,22687,58500
2026-08-07,589653,VND0BB39B7D3F,22689,65190
2026-08-07,589653,VND0BB39B7D3F,22718,79300
2026-08-07,589653,VND0BB39B7D3F,22937,57900
2026-08-07,589653,VND0BB39B7D3F,23279,14500
2026-08-07,589653,VND0BB39B7D3F,23800,40000
2026-08-07,589653,VND0BB39B7D3F,23996,43500
2026-08-07,589653,VND0BB39B7D3F,23997,2700
2026-08-07,589653,VND0BB39B7D3F,24185,1725
2026-08-07,589653,VND0BB39B7D3F,24270,6380
2026-08-07,589653,VND0BB39B7D3F,24504,8000
2026-08-07,589654,VND08F8FCC5D3,INV3258585,20000
2026-08-07,589654,VND08F8FCC5D3,INV3304449,33600
2026-08-07,589654,VND08F8FCC5D3,INV3315542,24000
2026-08-07,589654,VND08F8FCC5D3,INV3315545,37200
2026-08-07,589654,VND08F8FCC5D3,INV3336850,20000
2026-08-07,589654,VND08F8FCC5D3,INV3336857,16200
2026-08-07,589654,VND08F8FCC5D3,INV3336876,20000
2026-08-07,589654,VND08F8FCC5D3,INV3336946,12600
2026-08-07,589654,VND08F8FCC5D3,INV3338406,28800
2026-08-07,589654,VND08F8FCC5D3,INV3338407,28800
2026-08-07,589654,VND08F8FCC5D3,INV3344331,7500
2026-08-07,589654,VND08F8FCC5D3,INV3351711,30600
2026-08-07,589654,VND08F8FCC5D3,INV3361200,20000
2026-08-07,589654,VND08F8FCC5D3,INV3361208,30000
2026-08-07,589654,VND08F8FCC5D3,INV3375963,46200
2026-08-07,589654,VND08F8FCC5D3,INV3427343,22800
2026-08-07,589654,VND08F8FCC5D3,INV3435007,19800
2026-08-07,589654,VND08F8FCC5D3,INV3435034,37800
2026-08-07,589654,VND08F8FCC5D3,INV3585452,20000
2026-08-07,589654,VND08F8FCC5D3,INV3585461,20000
2026-08-07,589654,VND08F8FCC5D3,INV3585847,20000
2026-08-07,589655,VNDBBFA3617E2,EPD-NFULTONPBCU-0004,30000
2026-08-07,589656,VNDBC5B151144,JG20022,169000
2026-08-07,589656,VNDBC5B151144,JG20023,42250
2026-08-07,589657,VND521B8AC6A6,07759227,257474
2026-08-07,589658,VNDF8496F0D65,853911955,523998
2026-08-07,589659,VNDAC1730CAA2,7175619785051,30218
2026-08-07,589659,VNDAC1730CAA2,7175620285114,30068
2026-08-07,589659,VNDAC1730CAA2,7175620371892,13400
2026-08-07,589659,VNDAC1730CAA2,7175620371895,9683
2026-08-07,589659,VNDAC1730CAA2,7175620371905,11999
2026-08-07,589659,VNDAC1730CAA2,7175620385130,4362
2026-08-07,589659,VNDAC1730CAA2,7175620459065,17522
2026-08-07,589659,VNDAC1730CAA2,7175620471931,15109
2026-08-07,589659,VNDAC1730CAA2,7175620471962,4091
2026-08-07,589659,VNDAC1730CAA2,7175620485136,9744
2026-08-07,589659,VNDAC1730CAA2,7175620935597,1839
2026-08-07,589659,VNDAC1730CAA2,7175621149401,15034
2026-08-07,589659,VNDAC1730CAA2,7175621259111,3499
2026-08-07,589659,VNDAC1730CAA2,7175621535868,14712
2026-08-07,589659,VNDAC1730CAA2,7175621572230,17389
2026-08-07,589659,VNDAC1730CAA2,7175621572239,15800
2026-08-07,589659,VNDAC1730CAA2,7175621585335,3268
2026-08-07,589659,VNDAC1730CAA2,9612620308645,15109
2026-08-07,589659,VNDAC1730CAA2,9612620452594,9641
2026-08-07,589659,VNDAC1730CAA2,9612620808724,22598
2026-08-07,589659,VNDAC1730CAA2,9612621008805,11280
2026-08-07,589659,VNDAC1730CAA2,9612621008812,11802
2026-08-07,589660,VNDA36F7E3527,18 FCNP,1375798
2026-08-07,589661,VNDFC32C7972A,07M01WK26YR,184250
2026-08-07,589661,VNDFC32C7972A,07M05WK26YR,72050
2026-08-07,589662,VNDFF899EBB1E,3322522835,196278
2026-08-07,589663,VND977C23C424,26-99816,20900
2026-08-07,589664,VND64DD30DC55,645,65000
2026-08-07,589664,VND64DD30DC55,646,165000
2026-08-07,589664,VND64DD30DC55,647,150000
2026-08-07,589665,VNDA71B6CCF06,36476*0526-0SO,148654
2026-08-07,589665,VNDA71B6CCF06,36476-0426-OSO,855455
2026-08-07,589665,VNDA71B6CCF06,36476-0526-OSO,656888
2026-08-07,589666,VND8C5F7AEBD6,VNHS26O-06,9578523
2026-08-07,589667,VND27F2C32F00,15100156,12325
2026-08-07,589668,VNDF72F3EAC73,256245,135000
2026-08-07,589669,VND618C3D6155,503061,78000
2026-08-07,589669,VND618C3D6155,503210,60000
2026-08-07,589669,VND618C3D6155,503213,9000
2026-08-07,589669,VND618C3D6155,503281,12000
2026-08-07,589669,VND618C3D6155,503287,39000
2026-08-07,589669,VND618C3D6155,503291,6000
2026-08-07,589669,VND618C3D6155,503292,28500
2026-08-07,589670,VNDC693D82E8B,SVC/266-1470889,22000
2026-08-07,589670,VNDC693D82E8B,SVC/266-1477038,14900
2026-08-07,589670,VNDC693D82E8B,SVC/266-1483354,16000
2026-08-07,589670,VNDC693D82E8B,SVC/266-1509055,41620
2026-08-07,589670,VNDC693D82E8B,SVC/266-1511574,8500
2026-08-07,589670,VNDC693D82E8B,SVC/266-1512261,27625
2026-08-07,589670,VNDC693D82E8B,SVC/266-1513494,19400
2026-08-07,589670,VNDC693D82E8B,SVC/266-1514632,28400
2026-08-07,589671,VND778C49C599,OACS26-01,1464722
2026-08-07,589672,VND3D2294BF1A,1260,1500000
2026-08-07,589673,VND58EAF8B969,002612838,112000
2026-08-07,589674,VNDC998126218,3206757190,716662
2026-08-07,589675,VND3E92644E58,5900791,7188
2026-08-07,589675,VND3E92644E58,5901336,21494
2026-08-07,589676,VND3C93A0E6F6,260729,37500
2026-08-07,589677,VND9389BCEC52,SI-025189,5118085
2026-08-07,589678,VND4C35A1F986,0720-01,1728669
2026-08-07,589679,VNDEDE449D432,2035753,66000
2026-08-07,589680,VND875243FDF2,0455345,752419
2026-08-07,589681,VND591FB16B43,90776292,355509
2026-08-07,589682,VND7AFFCBAA15,9-388-40815,3725
2026-08-07,589683,VNDBE94AC1C90,275432,27000
2026-08-07,589683,VNDBE94AC1C90,276836,23000
2026-08-07,589684,VNDA69555C5D2,3096601473,91400
2026-08-07,589685,VND8CFF1DF03C,072926,27500
2026-08-07,589686,VNDA6E6F1A471,2436880791,415170
2026-08-07,589687,VND97E8FCE476,17-00015997,4853332
2026-08-07,589687,VND97E8FCE476,17-00016612,2900666
2026-08-07,589688,VND84D5E6AE2F,66454758,380000
2026-08-07,589689,VND4AD8725E50,15911,4525100
2026-08-07,589690,VNDEFBA394832,107763,66952
2026-08-07,589690,VNDEFBA394832,107788,48505
2026-08-07,589690,VNDEFBA394832,107982,75252
2026-08-07,589691,VNDB7BAAE6673,FCCSP2026-01,1500000
2026-08-07,589692,VND7401E8B241,6011726001670,76307431
2026-08-07,589692,VND7401E8B241,6011726001961,66449652
2026-08-07,589692,VND7401E8B241,6051726003864,797568
2026-08-07,589692,VND7401E8B241,6051726003865,797568
2026-08-07,589693,VNDE73E2D9E9C,97197774,1152
2026-08-07,589693,VNDE73E2D9E9C,97272313,3683
2026-08-07,589693,VNDE73E2D9E9C,97324946,3635
2026-08-07,589693,VNDE73E2D9E9C,97470869,7779
2026-08-07,589693,VNDE73E2D9E9C,98002342,30565
2026-08-07,589693,VNDE73E2D9E9C,98017628,2254
2026-08-07,589693,VNDE73E2D9E9C,98017629,4167
2026-08-07,589693,VNDE73E2D9E9C,98033001,202915
2026-08-07,589693,VNDE73E2D9E9C,98033002,72927
2026-08-07,589693,VNDE73E2D9E9C,98068957,3864
2026-08-07,589693,VNDE73E2D9E9C,98068958,8067
2026-08-07,589693,VNDE73E2D9E9C,98086133,36173
2026-08-07,589693,VNDE73E2D9E9C,98136125,123353
2026-08-07,589693,VNDE73E2D9E9C,98136126,87432
2026-08-07,589693,VNDE73E2D9E9C,98160066,69683
2026-08-07,589693,VNDE73E2D9E9C,98184467,49789
2026-08-07,589693,VNDE73E2D9E9C,98204189,7540
2026-08-07,589693,VNDE73E2D9E9C,98204190,37775
2026-08-07,589693,VNDE73E2D9E9C,98222205,306405
2026-08-07,589693,VNDE73E2D9E9C,98222206,25163
2026-08-07,589693,VNDE73E2D9E9C,98252042,168157
2026-08-07,589693,VNDE73E2D9E9C,98281868,108666
2026-08-07,589694,VND96F4F96EFD,072226,22500
2026-08-07,589695,VND7C284F6370,11191266,2061800
2026-08-07,589696,VND8A5763FDDB,SIDXT0009702,3097250
2026-08-07,589697,VND938A99D610,473679501,30226
2026-08-07,589698,VND57BA7D9EA9,FCL-JULY-2607,6406750
2026-08-07,589699,VNDA56D8476A5,EASMN0004842,1033829
2026-08-07,589700,VND933D5A9D07,2026-00615,55000
2026-08-07,589700,VND933D5A9D07,2026-00743,55000
2026-08-07,589700,VND933D5A9D07,2026-01344,55000
2026-08-07,589701,VNDDF97B06E38,OR33021998,68388
2026-08-07,589702,VND5D7CC45C19,0234764,237600
2026-08-07,589703,VNDDB1DF71FB8,FULTON CSP 2026-01,1798981
2026-08-07,589704,VND58E2586FDC,07-2026,5000
2026-08-07,589705,VND9BEF4E465E,M18095984,266330
2026-08-07,589705,VND9BEF4E465E,M18095985,6187045
2026-08-07,589705,VND9BEF4E465E,M18095986,925
2026-08-07,589705,VND9BEF4E465E,M18095987,214685
2026-08-07,589705,VND9BEF4E465E,M18095988,78993
2026-08-07,589706,VND326BA0EDF3,0029,40000
2026-08-07,589706,VND326BA0EDF3,2-0028,42500
2026-08-07,589707,VNDCD6E3BB1B4,2607127,180000
2026-08-07,589707,VNDCD6E3BB1B4,2607130,180000
2026-08-07,589708,VNDA1E75C015C,316025369,67772430
2026-08-07,589709,VNDA1E75C015C,990496066,1223518
2026-08-07,589709,VNDA1E75C015C,990505065,189000
2026-08-07,589709,VNDA1E75C015C,990533770,252000
2026-08-07,589709,VNDA1E75C015C,990589305,157500
2026-08-07,589709,VNDA1E75C015C,990606506,242248
2026-08-07,589709,VNDA1E75C015C,990618754,183500
2026-08-07,589709,VNDA1E75C015C,990627648,492625
2026-08-07,589709,VNDA1E75C015C,990628951,571200
2026-08-07,589710,VND10CAED0FED,SGJULY26,40000
2026-08-07,589711,VND658CE13C34,266720,1672800
2026-08-07,589712,VND2BD512E663,06G8720016770,5196
2026-08-07,589713,VND1B2169260C,185207,120000
2026-08-07,589714,VND85197AF627,INV-5067,48600
2026-08-07,589715,VND4C6DB4EC22,07-2026,5000
2026-08-07,589716,VNDC9B65F02F1,34794,4500
2026-08-07,589717,VNDEFEF99EFB7,18663867,648902
2026-08-07,589718,VNDE9048789A6,KATHY2026,12500
2026-08-07,589718,VNDE9048789A6,LISHA2026,12500
2026-08-07,589718,VNDE9048789A6,MAYA2026,12500
2026-08-07,589718,VNDE9048789A6,MICHELETTE2026,12500
2026-08-07,589718,VNDE9048789A6,MICHELLE2026,12500
2026-08-07,589718,VNDE9048789A6,VIOLETA2026,12500
2026-08-07,589719,VNDDA1F1C8DB0,0004806,677700
2026-08-07,589719,VNDDA1F1C8DB0,005012,1378300
2026-08-07,589719,VNDDA1F1C8DB0,2030086,48600
2026-08-07,589719,VNDDA1F1C8DB0,2030087,90700
2026-08-07,589719,VNDDA1F1C8DB0,2030099,38000
2026-08-07,589720,VND36AC05ED89,INVESI7982,8042500
2026-08-07,589721,VNDCBB9D919F3,20240682714-12,90029
2026-08-07,589722,VND334E1226CB,1501023-202603-63362-3,11500
2026-08-07,589722,VND334E1226CB,1501023-202606-63362-2,5750
2026-08-07,589722,VND334E1226CB,1501023-202608-209702-1,250
2026-08-07,589722,VND334E1226CB,1501023-202608-63362-1,391250
2026-08-07,589723,VNDED6492AE8C,SIUN15538552,60000
2026-08-07,589723,VNDED6492AE8C,SIUN15538566,450000
2026-08-07,589724,VNDFCBB29A043,2607190,32036
2026-08-07,589725,VNDFF98C86D72,60785422,2214831
2026-08-07,589726,VND44F9F54344,LHUTER--0626-M,56518
2026-08-07,589727,VND3E219B5368,MSI107012,175000
2026-08-07,589727,VND3E219B5368,RSI108631,144000
2026-08-12,588767,VND2B4A0465F8,PQPQQWFB 0003,-255000
2026-08-14,202608130033502,VND2EF13F8A88,38019,247800
2026-08-14,202608130033502,VND2EF13F8A88,38020,306500
2026-08-14,202608130033502,VND2EF13F8A88,38021,2110991
2026-08-14,202608130033502,VND2EF13F8A88,38022,4400
2026-08-14,202608130033503,VND2EF13F8A88,38114,540995
2026-08-14,202608130033503,VND2EF13F8A88,38115,85150
2026-08-14,202608130033503,VND2EF13F8A88,38116,650750
2026-08-14,202608130033504,VND9D385BE4E8,193582,161000
2026-08-14,202608130033505,VNDCA74A751E3,1031428,7034456
2026-08-14,202608130033506,VND8E8EDB7555,20260731000000027840,3795
2026-08-14,202608130033507,VNDB4A88ECC2B,3814,12171540
2026-08-14,202608130033508,VND5771883727,17155,6094427
2026-08-14,202608130033509,VND38D0C34CB7,110-0626,192000
2026-08-14,202608130033509,VND38D0C34CB7,110-0726,309000
2026-08-14,202608130033510,VND9C283F936B,M133009917940,584015
2026-08-14,202608130033511,VND866424BA7E,080726-FULTN,1351840
2026-08-14,202608130033512,VND26427A6187,08-2026,50000
2026-08-14,202608130033513,VNDEA8CEDF5D7,12393,152572
2026-08-14,202608130033514,VNDEA8CEDF5D7,12382,152572
2026-08-14,202608130033515,VND8AF0455E42,FLIC07312026,1380755
2026-08-14,202608130033515,VND8AF0455E42,SLSP07312026,945000
2026-08-14,202608130033516,VND1160932B06,1-CDBG-011B,12000000
2026-08-14,202608130033517,VND65ED435E78,025-562146A,97500
2026-08-14,202608130033518,VND23829C85FF,EHE-06-2026,825840
2026-08-14,202608130033519,VND145F4C9FB9,EHE-06-2026,5177102
2026-08-14,202608130033520,VND8853F057FC,0816629,546000
2026-08-14,202608130033520,VND8853F057FC,0816630,442000
2026-08-14,202608130033521,VNDCFD8046780,2026SSNF-1,2500000
2026-08-14,202608130033522,VNDDB420FB2F5,66-0051209,4262244
2026-08-14,202608130033523,VND02BF8A7829,AUG-2026PMT,381001176
2026-08-14,202608130033524,VND808385F65D,INV-TPR0000134,3398958
2026-08-14,202608130033525,VND72AF9C19BB,89,10010
2026-08-14,202608130033525,VND72AF9C19BB,90,10010
2026-08-14,202608130033526,VND04AD64B4E7,LH-117,187550
2026-08-14,202608130033527,VNDCEC9340C18,508952887,8000000
2026-08-14,202608130033528,VND785AB4253B,2026-1-GCCA,1859832
2026-08-14,202608130033529,VND27863563AB,RYW-07-2026,4610763
2026-08-14,202608130033530,VND7D87534AC4,EHE-07-2026,1490535
2026-08-14,202608130033531,VND6F32D003DD,10,784716
2026-08-14,202608130033532,VNDDDE4CCF30B,FC 88844,4270000
2026-08-14,202608130033533,VNDC61E52E5CF,CSP2026-1,2050000
2026-08-14,202608130033534,VND316221861C,CSP2026-1,2000000
2026-08-14,202608130033535,VNDEA96D665CE,MLS1861D,52000
2026-08-14,202608130033535,VNDEA96D665CE,MLS1861E,52000
2026-08-14,202608130033536,VND85586E6FB5,LNP2026CSP1,5000000
2026-08-14,202608130033537,VND5789EBF4A4,853984338,134010
2026-08-14,202608130033538,VND8C28D737E7,26-CT329,157300
2026-08-14,202608130033539,VNDF54F971D0D,131259,19728
2026-08-14,202608130033539,VNDF54F971D0D,131260,27126
2026-08-14,202608130033539,VNDF54F971D0D,131261,19728
2026-08-14,202608130033540,VND7B75F0B511,GSU-17392M 04,710623
2026-08-14,202608130033541,VNDBFFEA729CC,124SR,117700
2026-08-14,202608130033542,VND40EAA8595A,202009605,42543
2026-08-14,202608130033543,VND478EB59482,356857,350000
2026-08-14,202608130033544,VND7E399EEA39,31751-002-02,5281195
2026-08-14,202608130033545,VND381E9D56FE,S102518190.001,23790
2026-08-14,202608130033546,VNDECAEEB59FF,260724-01-FLTN,446875
2026-08-14,202608130033546,VNDECAEEB59FF,260803-01-FLTN,513500
2026-08-14,202608130033547,VND0BF9BA4F6E,0235256,183100
2026-08-14,202608130033548,VND8C29C7690A,2026-1,2500000
2026-08-14,202608130033549,VNDEAB0B07440,4783,5158439
2026-08-14,202608130033550,VND9043A035A6,0119570,240000
2026-08-14,202608130033551,VND25E421AB70,ASF-25-2026,208000
2026-08-14,202608130033552,VND896E282627,1060,3140000
2026-08-14,202608130033553,VND4C3B26C1BD,9381791615,6842
2026-08-14,202608130033553,VND4C3B26C1BD,9382793388,2159
2026-08-14,202608130033553,VND4C3B26C1BD,9384121148,6569
2026-08-14,202608130033554,VND6E87A561E9,CRF080326,113850
2026-08-14,202608130033555,VNDE01D66763C,FULTCSP012026-062026,3031433
2026-08-14,202608130033556,VND81C601E6BA,83670-1,727872
2026-08-14,202608130033557,VND57882976CF,939,56800
2026-08-14,202608130033558,VNDC56E7235A0,15052,505700
2026-08-14,202608130033559,VNDE6FED59C0D,HPI-05082026,3076900
2026-08-14,202608130033560,VNDF516CA6F09,0899091-IN,1974965
2026-08-14,202608130033561,VND57830E7D17,EHE-07-2026,10110824
2026-08-14,202608130033562,VNDFCC464C80C,CN-101-1,194650
2026-08-14,202608130033563,VNDCFC296FD40,2026-0120,130000
2026-08-14,202608130033564,VND0E4DE511F1,20260630GEN,2224386
2026-08-14,202608130033564,VND0E4DE511F1,20260630RNC,90200
2026-08-14,202608130033565,VND9575F73C14,2660,177012
2026-08-14,202608130033566,VND2238BC8919,178828,3600
2026-08-14,202608130033566,VND2238BC8919,181509,10800
2026-08-14,202608130033567,VND432F286E23,17148,9519796
2026-08-14,202608130033568,VNDF939943E7E,2001,177600
2026-08-14,202608130033569,VNDABF7C3AFA2,CSP 2026 001,2000000
2026-08-14,202608130033570,VND129588535A,0726,837699
2026-08-14,202608130033571,VND4851FECB74,10477,120000
2026-08-14,202608130033571,VND4851FECB74,10478,74000
2026-08-14,202608130033572,VND4FB8EC1CFE,DIVERSION-07.26,2211550
2026-08-14,202608130033573,VND4FB8EC1CFE,FULTON CLUBHOUSE-2210-73126,3793960
2026-08-14,202608130033574,VND8E8EDB7555,20260731000000017843,3295
2026-08-14,202608130033574,VND8E8EDB7555,20260731000000018740,2095
2026-08-14,202608130033574,VND8E8EDB7555,20260731000000018952,1245
2026-08-14,202608130033574,VND8E8EDB7555,20260731000000021885,3295
2026-08-14,202608130033575,VND1EDBAD914A,2026-01,1850000
2026-08-14,202608130033576,VND9B89F81E20,4102,48900
2026-08-14,202608130033576,VND9B89F81E20,4112,75000
2026-08-14,202608130033576,VND9B89F81E20,4122,59000
2026-08-14,202608130033576,VND9B89F81E20,4132,37600
2026-08-14,202608130033576,VND9B89F81E20,4135,39500
2026-08-14,202608130033577,VNDE6B4C65367,26-073126-FCDO,5854000
2026-08-14,202608130033577,VNDE6B4C65367,26-073126-FCSS,29498398
2026-08-14,202608130033578,VNDE75102D7A2,00004020,11500
2026-08-14,202608130033578,VNDE75102D7A2,00004021,11000
2026-08-14,202608130033578,VNDE75102D7A2,00004022,23650
2026-08-14,202608130033578,VNDE75102D7A2,00004023,12500
2026-08-14,202608130033578,VNDE75102D7A2,00004053,30200
2026-08-14,202608130033578,VNDE75102D7A2,00004055,38000
2026-08-14,202608130033579,VND48FE38743D,401510636A,7442100
2026-08-14,202608130033580,VND41FEF5D2BC,FSCT01312026,135467
2026-08-14,202608130033580,VND41FEF5D2BC,FSCT02282026,135467
2026-08-14,202608130033580,VND41FEF5D2BC,FSCTC01312026VREV,163295
2026-08-14,202608130033580,VND41FEF5D2BC,FSCTC02282026VREV,107134
2026-08-14,202608130033580,VND41FEF5D2BC,FSSTC01312026,135467
2026-08-14,202608130033580,VND41FEF5D2BC,FSSTC01312026VREV,222088
2026-08-14,202608130033580,VND41FEF5D2BC,FSSTC02282026,135467
2026-08-14,202608130033580,VND41FEF5D2BC,FSSTC02282026VREV,212704
2026-08-14,202608130033581,VNDF49F0537EF,SK20090,975000
2026-08-14,202608130033582,VND633CC001B1,202607 COSSUP,1905145
2026-08-14,202608130033583,VND1AC9A25C43,00004070,50300
2026-08-14,202608130033583,VND1AC9A25C43,00004071,72000
2026-08-14,202608130033583,VND1AC9A25C43,00004072,120000
2026-08-14,202608130033584,VND50C7716493,CK-260804,23000
2026-08-14,202608130033584,VND50C7716493,CK-260805,326150
2026-08-14,202608130033585,VND13E77B013F,AXC5416,1839000
2026-08-14,202608130033586,VNDC4E79D1483,FULTON CO 091,1200000
2026-08-14,202608130033587,VNDBF11CE0D17,64374,146900
2026-08-14,202608130033588,VNDEFB19C6099,2311,50000
2026-08-14,202608130033589,VND1D6761C894,0029,42500
2026-08-14,202608130033590,VND4B119106FF,10024,11855553
2026-08-14,202608130033591,VND116B3A2C49,2026.01.FCCSP,3000000
2026-08-14,202608130033592,VNDE326EA782E,0014-2026,209000
2026-08-14,202608130033593,VND84FA9DEDF7,1468,279500
2026-08-14,202608130033594,VND660CF647D9,SH-7-14-26,87450
2026-08-14,202608130033594,VND660CF647D9,SH-8-4-26,174350
2026-08-14,202608130033595,VND165C80D9B3,073126,75000
2026-08-14,202608130033596,VNDE868058318,007553,24000
2026-08-14,202608130033596,VNDE868058318,009715,232263
2026-08-14,202608130033596,VNDE868058318,009716,25638
2026-08-14,202608130033597,VND777600BDE5,ML-80326,550000
2026-08-14,202608130033598,VND9FCC7E95A6,INV11259617,27600
2026-08-14,202608130033599,VNDAA18CF6F83,080226,150000
2026-08-14,202608130033600,VND95F4154D1A,WR07312026,701000
2026-08-14,202608130033601,VNDC258118AC8,24494,2380000
2026-08-14,202608130033601,VNDC258118AC8,27357,2250000
2026-08-14,202608130033602,VNDCDA7C892F8,SF2026-1,2145000
2026-08-14,202608130033603,VND5915A0BC29,9850AF84-0030,61606
2026-08-14,202608130033604,VND08FF294B8E,43280,30000
2026-08-14,202608130033604,VND08FF294B8E,43281,6000
2026-08-14,202608130033605,VNDBC98A7004E,1056,2446500
2026-08-14,202608130033606,VNDA098F87C39,55,160000
2026-08-14,202608130033607,VNDEF07F91DD9,627,50000
2026-08-14,202608130033608,VND75982B7D43,CSP2026-1,1821666
2026-08-14,202608130033609,VND8BC7E4CC38,CSP2026-CCF-1,1250000
2026-08-14,202608130033610,VND7B54CADC52,477571999001,42306
2026-08-14,202608130033611,VND9F75C016C0,CSP2026-1,2051500
2026-08-14,202608130033612,VND1A7AE3BAE2,0005,1434500
2026-08-14,202608130033613,VNDB47C3D8BC1,12311731,42450
2026-08-14,202608130033614,VND7355B8FAD7,89905,774555
2026-08-14,202608130033615,VNDB10CD7C995,CSP2026-1,5875000
2026-08-14,202608130033616,VNDF68746154E,9339068,6666667
2026-08-14,202608130033617,VND8CAF762531,2026-008-PROBATE,550000
2026-08-14,202608130033618,VND9214ADBFBD,200ABS100003544,13373697
2026-08-14,202608130033618,VND9214ADBFBD,200ABS100003566,1292670
2026-08-14,202608130033619,VND9070580A71,B 5284,6202755
2026-08-14,202608130033619,VND9070580A71,B5636,269749
2026-08-14,202608130033620,VNDA931DEFD6A,8993,360000
2026-08-14,202608130033621,VND5978FA5BD1,114444,298165839
2026-08-14,202608130033621,VND5978FA5BD1,114445,39303754
2026-08-14,202608130033621,VND5978FA5BD1,114515,470439
2026-08-14,202608130033621,VND5978FA5BD1,114516,30974739
2026-08-14,202608130033621,VND5978FA5BD1,114517,3495096
2026-08-14,202608130033621,VND5978FA5BD1,114518,420000
2026-08-14,202608130033622,VND2FBEFD0D66,2026HSAPOA-01,1500000
2026-08-14,202608130033623,VND0E1CFC9C42,0005,2950000
2026-08-14,202608130033624,VND8F669F334A,008062026,300000
2026-08-14,202608130033624,VND8F669F334A,08062026,140000
2026-08-14,202608130033625,VNDA58BEEB0DC,213,100000
2026-08-14,202608130033626,VND90A4AFCDA8,20260927,499000
2026-08-14,202608130033627,VNDFB3867E542,10656,500000
2026-08-14,202608130033628,VNDD8097F6A8C,CCCSP2026-01,2500000
2026-08-14,202608130033629,VND6D3AE25182,26-1005,320000
2026-08-14,202608130033630,VND877970ABB6,8.10.26-4-6.30.26,627500
2026-08-14,202608130033631,VND9329C99F3F,302712,247500
2026-08-14,202608130033631,VND9329C99F3F,5302695,135000
2026-08-14,202608130033632,VNDB8DF26EF9D,249059,1526394
2026-08-14,202608130033633,VNDE93142A436,19774,16810
2026-08-14,202608130033633,VNDE93142A436,19787,44994
2026-08-14,202608130033633,VNDE93142A436,19788,15576
2026-08-14,202608130033634,VNDF5250C1682,JL-80426,625000
2026-08-14,202608130033635,VNDC598EC6A6E,314471,60625
2026-08-14,202608130033636,VNDAE690FD322,1036,220000
2026-08-14,202608130033637,VND609E074FEC,6541,134770
2026-08-14,202608130033638,VND302AB7EC22,2976,15480
2026-08-14,202608130033638,VND302AB7EC22,2977,202125
2026-08-14,202608130033638,VND302AB7EC22,2978,139536
2026-08-14,202608130033638,VND302AB7EC22,2979,139536
2026-08-14,202608130033638,VND302AB7EC22,3033,131632
2026-08-14,202608130033639,VND06714726D5,101051,312500
2026-08-14,202608130033640,VNDA52137F3F2,AR-04832,49590
2026-08-14,202608130033641,VND8FF1EB6E8C,CSP2026-1,2017267
2026-08-14,202608130033642,VND7E671EA7D4,INV146519,925530
2026-08-14,202608130033643,VNDFF43006A02,26-007,160000
2026-08-14,202608130033644,VND5FBFF8A919,910028800,21490693
2026-08-14,202608130033644,VND5FBFF8A919,910029103,30393647
2026-08-14,202608130033645,VND7358B9B44C,CSP2026-1,1112429
2026-08-14,202608130033646,VND79C8845CD5,3225,285346
2026-08-14,202608130033647,VNDD5403F38D6,FULCO-OCC-015,834500
2026-08-14,202608130033648,VNDEA8CF34391,5559,364500
2026-08-14,202608130033648,VNDEA8CF34391,5560,213250
2026-08-14,202608130033648,VNDEA8CF34391,5566,137625
2026-08-14,202608130033648,VNDEA8CF34391,5567,352342
2026-08-14,202608130033648,VNDEA8CF34391,5679,261375
2026-08-14,202608130033648,VNDEA8CF34391,5680,254500
2026-08-14,202608130033649,VND091D8FB44C,00004050,43750
2026-08-14,202608130033649,VND091D8FB44C,00004051,63400
2026-08-14,202608130033649,VND091D8FB44C,00004052,35250
2026-08-14,202608130033649,VND091D8FB44C,00004054,73500
2026-08-14,202608130033649,VND091D8FB44C,00004056,51950
2026-08-14,202608130033649,VND091D8FB44C,00004057,21900
2026-08-14,202608130033649,VND091D8FB44C,00004058,50150
2026-08-14,202608130033649,VND091D8FB44C,00004059,42800
2026-08-14,202608130033649,VND091D8FB44C,00004060,26700
2026-08-14,202608130033649,VND091D8FB44C,00004061,72000
2026-08-14,202608130033649,VND091D8FB44C,00004062,28250
2026-08-14,202608130033649,VND091D8FB44C,00004063,21000
2026-08-14,202608130033649,VND091D8FB44C,00004064,56750
2026-08-14,202608130033649,VND091D8FB44C,00004065,36000
2026-08-14,202608130033649,VND091D8FB44C,00004066,35000
2026-08-14,202608130033649,VND091D8FB44C,00004067,62600
2026-08-14,202608130033649,VND091D8FB44C,00004068,28000
2026-08-14,202608130033650,VND1BEA6A7825,974077,11200
2026-08-14,202608130033650,VND1BEA6A7825,993209,99305
2026-08-14,202608130033651,VND21FC7CB34B,CSP2026-1,1750000
2026-08-14,202608130033652,VND5EE3448DCB,0055,40000
2026-08-14,202608130033653,VNDBF9A2EEF66,CSP2026-1,900000
2026-08-14,202608130033654,VND4FDC430DD3,CSP2026-1,4000000
2026-08-14,202608130033655,VND549F25802A,0000041,50000
2026-08-14,202608130033656,VNDEF5DEBF12D,2020677,156000
2026-08-14,202608130033657,VNDCE06EF9A86,139,30000
2026-08-14,202608130033658,VND6248B7B40F,00004025,4500
2026-08-14,202608130033658,VND6248B7B40F,00004026,6000
2026-08-14,202608130033658,VND6248B7B40F,00004027,4500
2026-08-14,202608130033658,VND6248B7B40F,00004028,13125
2026-08-14,202608130033658,VND6248B7B40F,00004029,2250
2026-08-14,202608130033658,VND6248B7B40F,00004030,6000
2026-08-14,202608130033658,VND6248B7B40F,00004031,3000
2026-08-14,202608130033658,VND6248B7B40F,00004032,1500
2026-08-14,202608130033658,VND6248B7B40F,00004033,5250
2026-08-14,202608130033658,VND6248B7B40F,00004034,5650
2026-08-14,202608130033658,VND6248B7B40F,00004035,9000
2026-08-14,202608130033659,VNDE645ED48DD,17018600031708,500000
2026-08-14,202608130033660,VND97A91B72B4,7194,79600
2026-08-14,202608130033661,VND140F72E67F,JULY 2026 | CENTRAL,176000
2026-08-14,202608130033661,VND140F72E67F,JULY 2026 | NORTH,123200
2026-08-14,202608130033661,VND140F72E67F,JULY 2026 |SOUTH,308000
2026-08-14,202608130033662,VND8D0C39801C,CSP2026-1,1277327
2026-08-14,202608130033663,VND4CCD7F216C,2026.0230,240000
2026-08-14,202608130033664,VNDCAA4D66E3C,2HL06645XM518773F,97500
2026-08-14,202608130033664,VNDCAA4D66E3C,2HL06645XM518812F,104000
2026-08-14,202608130033664,VNDCAA4D66E3C,2HL06645XM518813F,52000
2026-08-14,202608130033665,VND0AC7F014CF,FCCD-2026-0702,37000
2026-08-14,202608130033666,VND0E91960115,9000254412,64004958
2026-08-14,202608130033666,VND0E91960115,9000254581,159274758
2026-08-14,202608130033667,VNDF95045ACB7,1,20000
2026-08-14,202608130033668,VND1230A73A5E,2818336 RI,219000
2026-08-14,202608130033668,VND1230A73A5E,2820913 RI,412500
2026-08-14,202608130033669,VND506FC1E2B7,0122,80000
2026-08-14,202608130033670,VNDDA99EE031E,06192026,20000
2026-08-14,202608130033671,VND95F78E74E8,INV-001212,62500
2026-08-14,202608130033672,VNDD247351951,252501,750000
2026-08-14,202608140033673,VNDF178C4D177,1-137846707774,99977078
2026-08-14,202608140033673,VNDF178C4D177,1-138012468618,104853239
2026-08-14,589792,VNDB461B8DB1D,26 3797-01,113456
2026-08-14,589795,VNDBD47CE2E30,26201COP,350622
2026-08-14,589796,VNDCE98A2D254,26195CEMC,1509629
2026-08-14,589797,VNDAAE151AD7E,26198CFEMC,534177
2026-08-14,589799,VND5A6AFDABD2,NTHDTM19792557,47750
2026-08-14,589800,VND6579404E92,173623,104750
2026-08-14,589801,VND3EA0D632AC,08-2026,50000
2026-08-14,589802,VND176D785453,32710564-08032026,1139564
2026-08-14,589803,VND6CD40E221D,27871721,1822079
2026-08-14,589804,VND5F971BC8CD,1501,1180000
2026-08-14,589805,VNDBC41B8BC46,26196FCW,110321
2026-08-14,589806,VNDBC41B8BC46,26202FCW,3375
2026-08-14,589807,VND1FCF0D604A,111132,4084485
2026-08-14,589807,VND1FCF0D604A,111134,2221720
2026-08-14,589807,VND1FCF0D604A,111135,5399904
2026-08-14,589808,VND2403BD2C59,8220 18 892 0299963-07282026,11772
2026-08-14,589809,VNDA2418467B0,AJ6P72X,63826
2026-08-14,589809,VNDA2418467B0,AK4JQ8E,121752
2026-08-14,589809,VNDA2418467B0,AK4UT5Y,2367200
2026-08-14,589809,VNDA2418467B0,AK4UT9U,1183600
2026-08-14,589810,VND514C75F48E,1-CDBG966B,16267624
2026-08-14,589811,VND3E3C11BF6B,202607381,418944
2026-08-14,589811,VND3E3C11BF6B,202607381-P,2156019
2026-08-14,589812,VNDDFE1970094,0176797,3522
2026-08-14,589812,VNDDFE1970094,0456197,12311
2026-08-14,589812,VNDDFE1970094,0487825,50631
2026-08-14,589813,VNDFFFB194463,CGRANT 8/6/2026-1,40000
2026-08-14,589814,VND5310641460,212-328802,96600
2026-08-14,589815,VND1ACD030DB6,124729733,84281
2026-08-14,589816,VND662C37CB2B,DE-34891,13192700
2026-08-14,589816,VND662C37CB2B,DE-34894,17475000
2026-08-14,589817,VNDBD2279CCDC,183435-01,335100
2026-08-14,589818,VND0BB39B7D3F,22413,79800
2026-08-14,589819,VND2CCC0D3EA8,7312026,3970500
2026-08-14,589820,VND08F8FCC5D3,INV3425303,30000
2026-08-14,589820,VND08F8FCC5D3,INV3588809,19008
2026-08-14,589821,VNDBBFA3617E2,EPD-NFULTONPBCU-0005,39000
2026-08-14,589822,VNDA6A4597155,26S-WC10A,8701992
2026-08-14,589823,VNDF8496F0D65,853798383,168774
2026-08-14,589823,VNDF8496F0D65,853911956,280137
2026-08-14,589823,VNDF8496F0D65,853912043,723373
2026-08-14,589823,VNDF8496F0D65,853924133,169874
2026-08-14,589824,VNDB893AC77FB,93063628,1100000
2026-08-14,589825,VND050CB1977A,9029264901,19750
2026-08-14,589825,VND050CB1977A,9031753420,225512
2026-08-14,589825,VND050CB1977A,9032376262,40422
2026-08-14,589825,VND050CB1977A,9032837800,11670
2026-08-14,589826,VNDC181C1D9FA,63108227,50500
2026-08-14,589827,VND9A15919492,90199052,312500
2026-08-14,589828,VNDFF899EBB1E,3322053863,196278
2026-08-14,589829,VNDA71B6CCF06,35964-0626-AD,10034989
2026-08-14,589830,VNDA71B6CCF06,36476-0626-OSO,792131
2026-08-14,589831,VND755D32B14B,113408,2189525
2026-08-14,589832,VNDE4D0F4CB42,PT525 002,20000
2026-08-14,589833,VND1A3B80E81A,13756,342420
2026-08-14,589834,VND8C5F7AEBD6,VNHS26G-07,1576428
2026-08-14,589835,VND27F2C32F00,15102562,196599
2026-08-14,589835,VND27F2C32F00,15108312,55960
2026-08-14,589835,VND27F2C32F00,15109711,12325
2026-08-14,589835,VND27F2C32F00,15111825,7076
2026-08-14,589836,VNDB8163A0211,12773,14830
2026-08-14,589837,VND618C3D6155,503097,135000
2026-08-14,589837,VND618C3D6155,503098,24000
2026-08-14,589837,VND618C3D6155,503282,66000
2026-08-14,589837,VND618C3D6155,503283,24000
2026-08-14,589837,VND618C3D6155,503284,36000
2026-08-14,589837,VND618C3D6155,503285,108000
2026-08-14,589837,VND618C3D6155,503286,96000
2026-08-14,589838,VND89A1311F14,2026CSPSH1,2500000
2026-08-14,589839,VNDE944F758FA,CSP2026-1,4500000
2026-08-14,589840,VND6C17D8FF0E,26-23104,1300000
2026-08-14,589841,VND59A98B7413,185169288-0002,34414
2026-08-14,589841,VND59A98B7413,185169288-0004,32897
2026-08-14,589841,VND59A98B7413,185169288-0005,49772
2026-08-14,589842,VND66F6BF59AE,49970704,59194
2026-08-14,589842,VND66F6BF59AE,49987976,64498
2026-08-14,589843,VND3E92644E58,192324,2388
2026-08-14,589843,VND3E92644E58,9461013,28188
2026-08-14,589844,VND5A7BB6D2F5,FC26-1,4500000
2026-08-14,589845,VNDCD33F02DF6,061126STRA,23437
2026-08-14,589846,VNDFC0393C239,2727743,4471968
2026-08-14,589846,VNDFC0393C239,2732979,135926
2026-08-14,589847,VND74C93B4D5D,756038,60590
2026-08-14,589847,VND74C93B4D5D,759652,19290
2026-08-14,589847,VND74C93B4D5D,766260,2595
2026-08-14,589847,VND74C93B4D5D,767766,643
2026-08-14,589847,VND74C93B4D5D,776311,283750
2026-08-14,589847,VND74C93B4D5D,776677,21862
2026-08-14,589847,VND74C93B4D5D,787256,362298
2026-08-14,589847,VND74C93B4D5D,789428,43081
2026-08-14,589848,VNDDDEF8D7173,CSP2026-1,2500000
2026-08-14,589849,VNDA1C34BB769,2395580119,0
2026-08-14,589849,VNDA1C34BB769,6665355111,0
2026-08-14,589850,VNDCE6531BB26,8762825,529369
2026-08-14,589850,VNDCE6531BB26,8762829,25283
2026-08-14,589851,VNDCE6531BB26,8762818,393166
2026-08-14,589852,VNDA664966B3A,157038-1,225000
2026-08-14,589853,VNDBE94AC1C90,278348,23625
2026-08-14,589853,VNDBE94AC1C90,278349,21000
2026-08-14,589853,VNDBE94AC1C90,279038,21000
2026-08-14,589853,VNDBE94AC1C90,279039,33750
2026-08-14,589854,VNDA69555C5D2,1100345443,44496
2026-08-14,589855,VND5BFE462342,1-GS67163,82328
2026-08-14,589856,VND094C43725A,00728,2736440
2026-08-14,589857,VNDA498CC7B96,CSP2026-1,2100590
2026-08-14,589858,VND84D5E6AE2F,66318200,144000
2026-08-14,589858,VND84D5E6AE2F,66318204,310000
2026-08-14,589858,VND84D5E6AE2F,66340569,112500
2026-08-14,589858,VND84D5E6AE2F,66477777,380000
2026-08-14,589859,VND60CC114C5E,115400A,60
2026-08-14,589859,VND60CC114C5E,115884,33500
2026-08-14,589859,VND60CC114C5E,115974,274700
2026-08-14,589859,VND60CC114C5E,116145,73424
2026-08-14,589859,VND60CC114C5E,116252,91780
2026-08-14,589859,VND60CC114C5E,116260,33500
2026-08-14,589859,VND60CC114C5E,116310,183560
2026-08-14,589859,VND60CC114C5E,116371,60800
2026-08-14,589859,VND60CC114C5E,116449,183560
2026-08-14,589859,VND60CC114C5E,116580,183560
2026-08-14,589859,VND60CC114C5E,116626,68792
2026-08-14,589860,VND3C02DA6D85,IN2343708,4635212
2026-08-14,589861,VND08B03FD05D,CSP2026-1,3000000
2026-08-14,589862,VND2A63503D5E,59998,103500
2026-08-14,589863,VND2110D69069,026024064,114106
2026-08-14,589863,VND2110D69069,026024065,1077
2026-08-14,589864,VNDE73E2D9E9C,97279355,19133
2026-08-14,589865,VND9E3C1956AC,FCCD-14 JUL226,3000000
2026-08-14,589866,VNDCB67F85BB2,114225716,979253
2026-08-14,589867,VNDC38E7A4A12,124612,1702803
2026-08-14,589867,VNDC38E7A4A12,124740,70200
2026-08-14,589868,VND21773669E7,CSP-2026-01,2607261
2026-08-14,589869,VND9AF7653416,425611,17936
2026-08-14,589870,VNDBFFBBC7CF2,RAKSHAFULTON2026-1,1084059
2026-08-14,589871,VND747932580A,51619,5101900
2026-08-14,589872,VND2ABBA0E2DF,1940857,12350
2026-08-14,589873,VND4C4E43EC62,YS2026-01,2000000
2026-08-14,589874,VNDDF97B06E38,035517633,2822
2026-08-14,589875,VND6181B5C8DD,17575,29000
2026-08-14,589876,VND7F77809DAD,829600-202607-1,10000
2026-08-14,589877,VND5D8F208636,COUNCIL2026,240000
2026-08-14,589878,VND80852E27FD,CSP2026-1523,1500000
2026-08-14,589879,VNDC4483FF2E0,CSP2026-1,2253969
2026-08-14,589880,VND24A955CF83,JULY_2026,63395572
2026-08-14,589881,VNDA71BDC210A,6057713,31000
2026-08-14,589881,VNDA71BDC210A,6057714,31000
2026-08-14,589881,VNDA71BDC210A,6057715,42250
2026-08-14,589881,VNDA71BDC210A,6057716,32500
2026-08-14,589881,VNDA71BDC210A,6057717,54250
2026-08-14,589881,VNDA71BDC210A,6057718,46500
2026-08-14,589881,VNDA71BDC210A,6057719,46500
2026-08-14,589881,VNDA71BDC210A,6057720,23250
2026-08-14,589881,VNDA71BDC210A,6057721,15500
2026-08-14,589881,VNDA71BDC210A,6057722,16500
2026-08-14,589881,VNDA71BDC210A,6057723,31000
2026-08-14,589881,VNDA71BDC210A,6057725,23250
2026-08-14,589881,VNDA71BDC210A,6057726,17000
2026-08-14,589881,VNDA71BDC210A,6057729,56250
2026-08-14,589882,VND239A808E85,26-22ITB134130K-JAJ,16238350
2026-08-14,589882,VND239A808E85,27-22ITB134130K-JAJ,100819230
2026-08-14,589883,VNDEFEF99EFB7,18791285,15244768
2026-08-14,589883,VNDEFEF99EFB7,18791289,2644583
2026-08-14,589883,VNDEFEF99EFB7,18791293,613949
2026-08-14,589883,VNDEFEF99EFB7,18793334,590159
2026-08-14,589883,VNDEFEF99EFB7,18794184,493842
2026-08-14,589883,VNDEFEF99EFB7,18794187,1832675
2026-08-14,589883,VNDEFEF99EFB7,18794192,749547
2026-08-14,589883,VNDEFEF99EFB7,18794193,1224612
2026-08-14,589883,VNDEFEF99EFB7,18794194,2398302
2026-08-14,589883,VNDEFEF99EFB7,18794195,1682910
2026-08-14,589883,VNDEFEF99EFB7,18794196,829197
2026-08-14,589883,VNDEFEF99EFB7,18794197,5638059
2026-08-14,589883,VNDEFEF99EFB7,18794199,1412154
2026-08-14,589883,VNDEFEF99EFB7,18794200,611064
2026-08-14,589883,VNDEFEF99EFB7,18794203,521546
2026-08-14,589883,VNDEFEF99EFB7,18794205,593298
2026-08-14,589883,VNDEFEF99EFB7,18794208,229770
2026-08-14,589883,VNDEFEF99EFB7,18794209,438008
2026-08-14,589884,VND95CB99F6E9,260763205,264000
2026-08-14,589885,VND9D1ADA9971,11787,6002838
2026-08-14,589886,VNDFC6429D883,I260702479,16000
2026-08-14,589886,VNDFC6429D883,I260727587,16000
2026-08-14,589887,VNDBE246216CE,AM200324,84500
2026-08-14,589888,VNDFBAFFED950,IN1074447,176300
2026-08-14,589888,VNDFBAFFED950,IN1097542,175800
2026-08-14,589888,VNDFBAFFED950,IN1116244,176450
2026-08-14,589888,VNDFBAFFED950,IN1132413,176900
2026-08-14,589888,VNDFBAFFED950,IN1151026,176550
2026-08-14,589889,VNDD9D7D5BB2E,FCAC 2026-01,20000
2026-08-14,589890,VND2B4A0465F8,PQPQQWFB 0003,255000
2026-08-14,589891,VND2E752331A2,115,1609378
2026-08-14,589892,VND8F1BF9991A,CSP2026-01,1250000
2026-08-14,589893,VNDA25E4F01BB,1074,185000
2026-08-14,589894,VNDFF98C86D72,60823264,2034835
2026-08-14,589895,VNDCA57338137,088,200000
2026-08-14,589896,VNDE49016BC52,2527015-4,1337700
2026-08-14,589897,VND338274AB08,CSP2026-1,1250000
2026-08-18,202608130033607,VNDEF07F91DD9,627,-50000
2026-08-21,202608200033674,VND7B42A0F004,8112026,1400000
2026-08-21,202608200033675,VND9720469728,26204SE,123948
2026-08-21,202608200033676,VND9720469728,26207SE,5692531
2026-08-21,202608200033677,VND88431FA06D,9160333946,1305000
2026-08-21,202608200033678,VNDDC3FAE8C73,BP26110A,2965600
2026-08-21,202608200033679,VND9D385BE4E8,193683,427000
2026-08-21,202608200033680,VND1157666CD7,20260630-137-3237-A,6500000
2026-08-21,202608200033681,VNDC3F3DB5D55,W45259,3336600
2026-08-21,202608200033682,VND87D3B5F1D1,08-2026,150000
2026-08-21,202608200033683,VND04C225DD8F,07-2026,30305
2026-08-21,202608200033684,VND91A3B22F25,46603942147,1190000
2026-08-21,202608200033685,VND8CA9354B1A,08-2026,60000
2026-08-21,202608200033686,VNDBF1DE19EA5,11,120000
2026-08-21,202608200033687,VND27E59B7639,7774,8000
2026-08-21,202608200033687,VND27E59B7639,7775,496000
2026-08-21,202608200033688,VND866424BA7E,081426-FULTN,5443871
2026-08-21,202608200033690,VND6DFA24BC55,8492418,4723104
2026-08-21,202608200033691,VND09F6A5F1EF,1617,8650000
2026-08-21,202608200033692,VND8AF0455E42,RYW-07-2026,236791
2026-08-21,202608200033693,VND65ED435E78,020-174185-1,27655500
2026-08-21,202608200033693,VND65ED435E78,025-562763,150000
2026-08-21,202608200033693,VND65ED435E78,070-112857,600000
2026-08-21,202608200033693,VND65ED435E78,070-112858,660000
2026-08-21,202608200033694,VNDC360EB7B1E,91011054585,127406
2026-08-21,202608200033695,VND756C284FD3,TEC-00015941,333333
2026-08-21,202608200033696,VND145F4C9FB9,RYW-05-2026,84921269
2026-08-21,202608200033696,VND145F4C9FB9,RYW-05-2026-MAI,26942378
2026-08-21,202608200033697,VND8853F057FC,0816516,760900
2026-08-21,202608200033697,VND8853F057FC,0816624,817000
2026-08-21,202608200033697,VND8853F057FC,0816632,714000
2026-08-21,202608200033697,VND8853F057FC,0816644,361940
2026-08-21,202608200033697,VND8853F057FC,0816652,1298500
2026-08-21,202608200033697,VND8853F057FC,0817888,218125
2026-08-21,202608200033697,VND8853F057FC,0818392,127500
2026-08-21,202608200033698,VNDCFD8046780,SSNF26 07-A,3680141
2026-08-21,202608200033698,VNDCFD8046780,SSNF26 07-B,11678827
2026-08-21,202608200033699,VNDDEB248671C,20260731-CONG2,5803585
2026-08-21,202608200033699,VNDDEB248671C,20260731-CONGFAD,376800
2026-08-21,202608200033699,VNDDEB248671C,20260731-HCBS-RHDM2,5321892
2026-08-21,202608200033699,VNDDEB248671C,20260731-RHDM,2365040
2026-08-21,202608200033699,VNDDEB248671C,20261,151500
2026-08-21,202608200033700,VND7B42A0F004,20260715-FCAA,2551900
2026-08-21,202608200033701,VNDD91BA8AE1C,26S-SE05A,8620000
2026-08-21,202608200033701,VNDD91BA8AE1C,7-25ITB0911K-NKH-A,9097400
2026-08-21,202608200033702,VND1AEC39C1B9,23490,49585
2026-08-21,202608200033703,VND2CFCC7A1CE,#0801-FF2026,250000
2026-08-21,202608200033704,VND9F2F7EA15C,1272,4594197
2026-08-21,202608200033705,VNDE56B5C921A,7050076009,31400
2026-08-21,202608200033705,VNDE56B5C921A,7050076010,30500
2026-08-21,202608200033706,VND04AD64B4E7,LH-118,92950
2026-08-21,202608200033707,VND0362B72E78,08162026-23,175000
2026-08-21,202608200033708,VND08CC0D6CE9,43734,16894751
2026-08-21,202608200033709,VNDEB0CF7B91F,SE-003-2026,81400
2026-08-21,202608200033710,VNDF529B99244,12974,226420
2026-08-21,202608200033711,VND27863563AB,RYW-06-2026,4127848
2026-08-21,202608200033712,VNDF437D7B97D,4240751A,35860
2026-08-21,202608200033713,VND3DF4718C8A,1316727,1318500
2026-08-21,202608200033714,VND1CF814FF1F,5332301718,38332923
2026-08-21,202608200033714,VND1CF814FF1F,5332548289,22106298
2026-08-21,202608200033715,VNDC61E52E5CF,2627 CYLP,16000000
2026-08-21,202608200033716,VNDCC5F216A9B,CSP2026-01,1621208
2026-08-21,202608200033717,VND85586E6FB5,FCSYJT2026,4000000
2026-08-21,202608200033718,VNDF54F971D0D,131266,60675
2026-08-21,202608200033718,VNDF54F971D0D,132125,60675
2026-08-21,202608200033718,VNDF54F971D0D,133000,60675
2026-08-21,202608200033718,VNDF54F971D0D,133864,60675
2026-08-21,202608200033718,VNDF54F971D0D,135045,60675
2026-08-21,202608200033719,VND2971A1D305,CSP2026-1,1250000
2026-08-21,202608200033720,VND33E8F76D0D,1512377-IN,30000
2026-08-21,202608200033721,VNDEE2EF92A18,24-2205,106110
2026-08-21,202608200033723,VND7E399EEA39,31751-001-02,695250
2026-08-21,202608200033724,VNDACDE7E2D4A,KR-081026,113353
2026-08-21,202608200033725,VND3DB1EFCB08,7489,1485000
2026-08-21,202608200033726,VNDFADE29CD1B,24RFP140569K-18,480300
2026-08-21,202608200033727,VNDE136DAD573,26E-BM01-01,1098200
2026-08-21,202608200033728,VND355FDF127D,1014803,416312
2026-08-21,202608200033729,VNDB71A9100C5,23601,1109200
2026-08-21,202608200033730,VND21B138348C,080326.01,150000
2026-08-21,202608200033730,VND21B138348C,080326.02,390000
2026-08-21,202608200033730,VND21B138348C,080326.04,494500
2026-08-21,202608200033730,VND21B138348C,081026.01,419500
2026-08-21,202608200033730,VND21B138348C,081026.02,1331500
2026-08-21,202608200033731,VND0BF9BA4F6E,0235967,81670
2026-08-21,202608200033731,VND0BF9BA4F6E,0236069,640175
2026-08-21,202608200033731,VND0BF9BA4F6E,FCM0807,3115698
2026-08-21,202608200033732,VNDAC435C7399,COVEN2607310005,2230000
2026-08-21,202608200033733,VND83598E87D0,0397065,9898200
2026-08-21,202608200033734,VNDC43B0733EB,007554,29496
2026-08-21,202608200033734,VNDC43B0733EB,007575,90937
2026-08-21,202608200033735,VND6BF7BB9F70,172,87663
2026-08-21,202608200033736,VND25E421AB70,ASF-27-2026,104000
2026-08-21,202608200033737,VND4C3B26C1BD,9384558543,8907
2026-08-21,202608200033737,VND4C3B26C1BD,9384734250,7017
2026-08-21,202608200033737,VND4C3B26C1BD,9384920006,20015
2026-08-21,202608200033737,VND4C3B26C1BD,9384923368,16327
2026-08-21,202608200033737,VND4C3B26C1BD,9385298938,3418
2026-08-21,202608200033737,VND4C3B26C1BD,9385320468,14980
2026-08-21,202608200033737,VND4C3B26C1BD,9385495264,24923
2026-08-21,202608200033738,VND57882976CF,938,132300
2026-08-21,202608200033739,VNDCFC296FD40,2026-0140,49800
2026-08-21,202608200033740,VND8C5AF75C45,EHE-06-2026,5232730
2026-08-21,202608200033741,VNDD1CB8AEBFB,3419,602500
2026-08-21,202608200033742,VND9A39F5BD17,GA0344-008-02,675030
2026-08-21,202608200033743,VND0E4DE511F1,20260630BC006,50
2026-08-21,202608200033743,VND0E4DE511F1,20260630BM006,1075200
2026-08-21,202608200033743,VND0E4DE511F1,20260630GEN006,214920
2026-08-21,202608200033743,VND0E4DE511F1,20260630ND006,476818
2026-08-21,202608200033744,VND9C0BD56340,26-118,171600
2026-08-21,202608200033744,VND9C0BD56340,26-119,50050
2026-08-21,202608200033745,VND9575F73C14,2659,1367272
2026-08-21,202608200033745,VND9575F73C14,2668,100000
2026-08-21,202608200033746,VNDF270A5EE89,00004137,68295
2026-08-21,202608200033746,VNDF270A5EE89,00004140,7500
2026-08-21,202608200033746,VNDF270A5EE89,00004142,39675
2026-08-21,202608200033746,VNDF270A5EE89,00004143,13125
2026-08-21,202608200033746,VNDF270A5EE89,00004144,44915
2026-08-21,202608200033746,VNDF270A5EE89,00004146,6900
2026-08-21,202608200033746,VNDF270A5EE89,00004147,1275
2026-08-21,202608200033746,VNDF270A5EE89,00004148,47775
2026-08-21,202608200033746,VNDF270A5EE89,00004149,19580
2026-08-21,202608200033746,VNDF270A5EE89,00004150,18550
2026-08-21,202608200033746,VNDF270A5EE89,00004151,1275
2026-08-21,202608200033746,VNDF270A5EE89,00004152,13525
2026-08-21,202608200033746,VNDF270A5EE89,00004155,29005
2026-08-21,202608200033746,VNDF270A5EE89,00004158,22300
2026-08-21,202608200033746,VNDF270A5EE89,00004162,31675
2026-08-21,202608200033747,VNDAD3CF62C05,7349,850000
2026-08-21,202608200033748,VND129588535A,0626,2849287
2026-08-21,202608200033749,VND4851FECB74,10482,244500
2026-08-21,202608200033749,VND4851FECB74,10483,100500
2026-08-21,202608200033749,VND4851FECB74,10485,1500000
2026-08-21,202608200033750,VND4FB8EC1CFE,P00202-1.26,680000
2026-08-21,202608200033750,VND4FB8EC1CFE,P00202-11.25,580000
2026-08-21,202608200033750,VND4FB8EC1CFE,P00202-2.26,620000
2026-08-21,202608200033750,VND4FB8EC1CFE,P00202-3.26,380000
2026-08-21,202608200033750,VND4FB8EC1CFE,P00202-4.26,340000
2026-08-21,202608200033750,VND4FB8EC1CFE,P00202-9.25,340000
2026-08-21,202608200033751,VND8E8EDB7555,20260630000000027522,23790
2026-08-21,202608200033752,VND53C379D51A,INV0190451,38500
2026-08-21,202608200033752,VND53C379D51A,INV0190900,33000
2026-08-21,202608200033753,VND25E746E37C,1190,2382000
2026-08-21,202608200033753,VND25E746E37C,1191,2611000
2026-08-21,202608200033753,VND25E746E37C,1192,2411000
2026-08-21,202608200033753,VND25E746E37C,1193,3255000
2026-08-21,202608200033754,VND05126C9F29,06778215,254296
2026-08-21,202608200033755,VNDE75102D7A2,00004069,36500
2026-08-21,202608200033755,VNDE75102D7A2,00004089,19800
2026-08-21,202608200033756,VNDCC39F7FF38,106 FC CIP,3024310
2026-08-21,202608200033757,VNDBD758F781D,25007216,3802084
2026-08-21,202608200033758,VND1B14961A55,062326-WASHPK-LB_FCLS-JGW,23438
2026-08-21,202608200033759,VND47C4221A94,00004108,171250
2026-08-21,202608200033759,VND47C4221A94,00004132,46000
2026-08-21,202608200033759,VND47C4221A94,00004133,80250
2026-08-21,202608200033759,VND47C4221A94,00004134,24875
2026-08-21,202608200033759,VND47C4221A94,00004135,48375
2026-08-21,202608200033759,VND47C4221A94,00004136,43250
2026-08-21,202608200033759,VND47C4221A94,00004141,120625
2026-08-21,202608200033759,VND47C4221A94,00004145,27250
2026-08-21,202608200033759,VND47C4221A94,00004153,55625
2026-08-21,202608200033759,VND47C4221A94,00004157,23500
2026-08-21,202608200033759,VND47C4221A94,00004159,29250
2026-08-21,202608200033759,VND47C4221A94,00004160,15750
2026-08-21,202608200033759,VND47C4221A94,00004161,14375
2026-08-21,202608200033760,VND41FEF5D2BC,25351,46500
2026-08-21,202608200033760,VND41FEF5D2BC,25352,23100
2026-08-21,202608200033760,VND41FEF5D2BC,25353,47400
2026-08-21,202608200033760,VND41FEF5D2BC,25354,50100
2026-08-21,202608200033760,VND41FEF5D2BC,25355,23100
2026-08-21,202608200033760,VND41FEF5D2BC,25356,33000
2026-08-21,202608200033760,VND41FEF5D2BC,FTC25PARTMGRF,850539
2026-08-21,202608200033761,VND633CC001B1,202608 COSSUP,3810290
2026-08-21,202608200033762,VND50C7716493,CK-260721,287650
2026-08-21,202608200033763,VNDEFB19C6099,2312,75000
2026-08-21,202608200033764,VND88F631420C,Z440991,608800
2026-08-21,202608200033765,VNDAD49AA6C75,12489524,35000
2026-08-21,202608200033766,VNDB8BEFEB7D7,1597,1750000
2026-08-21,202608200033767,VND660CF647D9,SH-7-27-26,147950
2026-08-21,202608200033768,VND165C80D9B3,20260807,25200
2026-08-21,202608200033769,VNDE868058318,003621,223585
2026-08-21,202608200033769,VNDE868058318,009709,105022
2026-08-21,202608200033769,VNDE868058318,009977,489985
2026-08-21,202608200033770,VND9EF40026B4,2026-01,3000000
2026-08-21,202608200033771,VND9FCC7E95A6,INV11246062,113542
2026-08-21,202608200033771,VND9FCC7E95A6,INV11331106,21813
2026-08-21,202608200033772,VND209DBD2DBA,00004097,33500
2026-08-21,202608200033772,VND209DBD2DBA,00004098,42500
2026-08-21,202608200033772,VND209DBD2DBA,00004099,88250
2026-08-21,202608200033772,VND209DBD2DBA,00004100,38800
2026-08-21,202608200033772,VND209DBD2DBA,00004101,33100
2026-08-21,202608200033772,VND209DBD2DBA,00004102,38750
2026-08-21,202608200033772,VND209DBD2DBA,00004103,16350
2026-08-21,202608200033772,VND209DBD2DBA,00004104,36250
2026-08-21,202608200033772,VND209DBD2DBA,00004105,35300
2026-08-21,202608200033772,VND209DBD2DBA,00004106,34550
2026-08-21,202608200033772,VND209DBD2DBA,00004107,33000
2026-08-21,202608200033772,VND209DBD2DBA,00004109,44250
2026-08-21,202608200033772,VND209DBD2DBA,00004112,66000
2026-08-21,202608200033772,VND209DBD2DBA,00004113,33850
2026-08-21,202608200033772,VND209DBD2DBA,00004114,31750
2026-08-21,202608200033773,VND4D6E09F514,2600811,50000
2026-08-21,202608200033774,VND1B627F67FA,3TSW4V,18897
2026-08-21,202608200033774,VND1B627F67FA,3TVCMP,18897
2026-08-21,202608200033774,VND1B627F67FA,3TVLGV,18897
2026-08-21,202608200033774,VND1B627F67FA,3TVN6B,18897
2026-08-21,202608200033774,VND1B627F67FA,3TXX3B,24656
2026-08-21,202608200033774,VND1B627F67FA,3TY0B0,18897
2026-08-21,202608200033774,VND1B627F67FA,3TY0DN,18897
2026-08-21,202608200033774,VND1B627F67FA,3TY40Z,18897
2026-08-21,202608200033775,VNDC258118AC8,27356,2975000
2026-08-21,202608200033776,VND5915A0BC29,9850AF84-0031,70148
2026-08-21,202608200033777,VNDBE246216CE,AM200325,325000
2026-08-21,202608200033778,VNDE49B4C51C7,ABO200158,325000
2026-08-21,202608200033778,VNDE49B4C51C7,ABO200160,195000
2026-08-21,202608200033779,VND2AC92FD5FB,1199,80000
2026-08-21,202608200033780,VND7B54CADC52,475582979001,84611
2026-08-21,202608200033781,VNDDEB34408BF,747105,35580
2026-08-21,202608200033781,VNDDEB34408BF,747277,164024
2026-08-21,202608200033782,VNDE13672BAB1,0009,65591
2026-08-21,202608200033783,VNDD61DD302C7,INV12152187,450000
2026-08-21,202608200033784,VNDEDBC0EB6DB,5365426,250000
2026-08-21,202608200033785,VND5CFA3A3114,1130,20000
2026-08-21,202608200033786,VND3838DE8103,40415124,4513332
2026-08-21,202608200033787,VNDFB34E6137D,INV445881,3195
2026-08-21,202608200033787,VNDFB34E6137D,INV446386,3195
2026-08-21,202608200033788,VNDA931DEFD6A,9287,585000
2026-08-21,202608200033789,VNDDBF92F1C6E,4077,556800
2026-08-21,202608200033790,VND5771883727,17264,2256045
2026-08-21,202608200033791,VND7964E8C5F0,INV0112326,217200
2026-08-21,202608200033792,VNDD6341E8B4A,069,58750
2026-08-21,202608200033793,VND73B0850F3A,2026-BIG-6256,330995
2026-08-21,202608200033794,VND6D3AE25182,26-1001,320000
2026-08-21,202608200033795,VND60C9EF23D4,SFSS26-07A,8013610
2026-08-21,202608200033795,VND60C9EF23D4,SFSS26-7,4579488
2026-08-21,202608200033796,VND35116390B3,07272026,23400
2026-08-21,202608200033797,VND2A351501A2,MOE-CSP2026-01,2800000
2026-08-21,202608200033798,VND2380E4B3CA,08-2026,150000
2026-08-21,202608200033799,VNDE93142A436,19797,33131
2026-08-21,202608200033799,VNDE93142A436,19798,54170
2026-08-21,202608200033799,VNDE93142A436,19799,68461
2026-08-21,202608200033799,VNDE93142A436,19801,6921
2026-08-21,202608200033799,VNDE93142A436,19802,29742
2026-08-21,202608200033799,VNDE93142A436,19803,24573
2026-08-21,202608200033799,VNDE93142A436,19804,123978
2026-08-21,202608200033799,VNDE93142A436,19807,13774
2026-08-21,202608200033799,VNDE93142A436,19808,14724
2026-08-21,202608200033799,VNDE93142A436,19809,16810
2026-08-21,202608200033800,VNDF5250C1682,JJL20060,260000
2026-08-21,202608200033801,VNDF64DBD99CE,INV-ATL1D1260,4056469
2026-08-21,202608200033802,VNDF6E1FB2EC7,37171,770000
2026-08-21,202608200033803,VND9184C7AA44,CSP2026-1,3000000
2026-08-21,202608200033804,VNDDCBBB62093,105019,107322
2026-08-21,202608200033805,VNDA52137F3F2,I-12849,4900
2026-08-21,202608200033806,VND190E4B0133,00004073,44050
2026-08-21,202608200033806,VND190E4B0133,00004074,24200
2026-08-21,202608200033806,VND190E4B0133,00004075,35750
2026-08-21,202608200033806,VND190E4B0133,00004076,31800
2026-08-21,202608200033806,VND190E4B0133,00004077,64800
2026-08-21,202608200033806,VND190E4B0133,00004078,18300
2026-08-21,202608200033806,VND190E4B0133,00004079,27200
2026-08-21,202608200033806,VND190E4B0133,00004080,68300
2026-08-21,202608200033806,VND190E4B0133,00004081,32700
2026-08-21,202608200033806,VND190E4B0133,00004082,60450
2026-08-21,202608200033806,VND190E4B0133,00004083,47550
2026-08-21,202608200033806,VND190E4B0133,00004084,40800
2026-08-21,202608200033807,VNDF0590B4779,268,2420200
2026-08-21,202608200033808,VND5FBFF8A919,910027946,30783948
2026-08-21,202608200033808,VND5FBFF8A919,910028177,19584192
2026-08-21,202608200033809,VND27E59B7639,7695,150000
2026-08-21,202608200033809,VND27E59B7639,7776,42750
2026-08-21,202608200033810,VNDEA8CF34391,5831,117000
2026-08-21,202608200033810,VNDEA8CF34391,5832,158250
2026-08-21,202608200033811,VNDE0C6BE3D88,SCC52036,20000
2026-08-21,202608200033812,VND091D8FB44C,00004085,48500
2026-08-21,202608200033812,VND091D8FB44C,00004086,26000
2026-08-21,202608200033812,VND091D8FB44C,00004087,27750
2026-08-21,202608200033812,VND091D8FB44C,00004091,106500
2026-08-21,202608200033813,VND794D57A462,202609-00152847,166500
2026-08-21,202608200033814,VND7EB74C794D,2330,5850000
2026-08-21,202608200033815,VNDC457D4C5A6,16,7149243
2026-08-21,202608200033816,VND56A846B3A4,BOE07/26,7500
2026-08-21,202608200033817,VNDEF5DEBF12D,2020676,104000
2026-08-21,202608200033817,VNDEF5DEBF12D,2020679 B,104000
2026-08-21,202608200033818,VND8C97A46FB1,20391/DSI,3573200
2026-08-21,202608200033819,VND602BD27029,5107860000114934002,1850000
2026-08-21,202608200033820,VND272EE43F97,001---,167500
2026-08-21,202608200033821,VND6248B7B40F,00004090,23250
2026-08-21,202608200033821,VND6248B7B40F,00004092,6000
2026-08-21,202608200033821,VND6248B7B40F,00004093,21350
2026-08-21,202608200033821,VND6248B7B40F,00004094,20750
2026-08-21,202608200033821,VND6248B7B40F,00004095,29100
2026-08-21,202608200033822,VND141500B884,1031,76425
2026-08-21,202608200033822,VND141500B884,1032,75450
2026-08-21,202608200033822,VND141500B884,1033,70575
2026-08-21,202608200033823,VNDF91008D0A2,FBN5696044,26776282
2026-08-21,202608200033823,VNDF91008D0A2,FBN5711213,3023447
2026-08-21,202608200033823,VNDF91008D0A2,FBN5716634,416521
2026-08-21,202608200033823,VNDF91008D0A2,FBN5716709,1800
2026-08-21,202608200033824,VNDDEE4EB233E,2160,180000
2026-08-21,202608200033825,VND59A12E6496,IV01261123,32995
2026-08-21,202608200033826,VNDD11A678B0D,JA 321415,6600
2026-08-21,202608200033826,VNDD11A678B0D,JA 321419,5000
2026-08-21,202608200033826,VNDD11A678B0D,JA 321805,27629
2026-08-21,202608200033826,VNDD11A678B0D,JA 321806,20527
2026-08-21,202608200033827,VND06FC4559A6,FC-COSSUP 2026-03,998100
2026-08-21,202608200033827,VND06FC4559A6,FULTON COUNTY BJA-2026-07,312500
2026-08-21,202608200033828,VNDB4DB1B813B,07-2026-001,50000
2026-08-21,202608200033829,VND203F15AF31,BOE07/26,7500
2026-08-21,202608200033829,VND203F15AF31,KGA06/26,95000
2026-08-21,202608200033830,VND6BBBAC1578,FC_07302026,734890
2026-08-21,202608200033831,VND0402B5CF2E,90267547,5298499
2026-08-21,202608200033832,VND0E91960115,9000255314,10339098
2026-08-21,202608200033832,VND0E91960115,9000255562,12193862
2026-08-21,202608200033833,VNDEA417B7B58,727026,9000
2026-08-21,202608200033834,VND3182B8FEAE,2248,200000
2026-08-21,202608200033835,VND75F14B1288,MR52026,20000
2026-08-21,202608200033836,VND423BED0BC9,CSP-072126,1500000
2026-08-21,202608200033837,VND68FFC4A873,BOE07/26,7500
2026-08-21,202608200033838,VND45A61766D4,BOE07/26,7500
2026-08-21,202608200033839,VNDD607715D5C,BOE07/26,7500
2026-08-21,589899,VNDEE48677D3C,JULY 2026,23589294
2026-08-21,589900,VND8B355A1636,34008322,224000
2026-08-21,589901,VND677CED2F09,26205CAW,26857689
2026-08-21,589902,VND8E548CBE1A,715565,95400
2026-08-21,589902,VND8E548CBE1A,715569,100600
2026-08-21,589903,VND920BFFCE3D,26007244,29664
2026-08-21,589904,VND920BFFCE3D,26007154,330828
2026-08-21,589905,VND920BFFCE3D,26007147,46368
2026-08-21,589906,VND920BFFCE3D,26007148,65592
2026-08-21,589907,VND920BFFCE3D,26007149,12048
2026-08-21,589908,VND920BFFCE3D,26001740,163620
2026-08-21,589909,VND920BFFCE3D,26007150,100068
2026-08-21,589910,VND920BFFCE3D,26007151,217920
2026-08-21,589911,VND920BFFCE3D,26007152,394476
2026-08-21,589912,VND920BFFCE3D,26007153,431340
2026-08-21,589913,VND920BFFCE3D,26014759,89160
2026-08-21,589914,VND920BFFCE3D,26015956,175896
2026-08-21,589915,VND920BFFCE3D,26015974,137868
2026-08-21,589916,VND920BFFCE3D,26019283,29028
2026-08-21,589917,VND920BFFCE3D,26002530,142788
2026-08-21,589918,VND920BFFCE3D,26003095,13620
2026-08-21,589919,VND920BFFCE3D,26001763,346248
2026-08-21,589920,VNDB4AB84C704,20773,32185
2026-08-21,589921,VND4C7B40D4EB,26206SEMC,2033172
2026-08-21,589922,VND61D28DF0A8,26197.2CR,86276
2026-08-21,589923,VND0F6B83AD27,267365,1525000
2026-08-21,589924,VNDE28EDD5534,30711,8360000
2026-08-21,589925,VND92214A01ED,224335,1967715
2026-08-21,589926,VNDE2C45A28BB,26203CSE,4346254
2026-08-21,589927,VND6DA419119C,12662,589125
2026-08-21,589928,VND5CD95CFB31,TAT23307001,221403
2026-08-21,589929,VND8BDE9F3290,3484,10998
2026-08-21,589929,VND8BDE9F3290,3485,7700
2026-08-21,589929,VND8BDE9F3290,3486,636840
2026-08-21,589929,VND8BDE9F3290,3488,168300
2026-08-21,589930,VND8BDE9F3290,3489,10998
2026-08-21,589930,VND8BDE9F3290,3490,12098
2026-08-21,589930,VND8BDE9F3290,3491,2786850
2026-08-21,589930,VND8BDE9F3290,3492,29700
2026-08-21,589931,VND2403BD2C59,8220 18 893 2612716-080626,45785
2026-08-21,589931,VND2403BD2C59,8220 18 895 2748291-08032026,26376
2026-08-21,589931,VND2403BD2C59,8220 19 912 0734634-080126,22122
2026-08-21,589932,VNDD6EE12F808,195331,247670
2026-08-21,589933,VND93E0638197,5230943,3220
2026-08-21,589934,VND931520B18B,INV2255810,444528
2026-08-21,589934,VND931520B18B,INV2257420,110103
2026-08-21,589934,VND931520B18B,INV2257859,135828
2026-08-21,589934,VND931520B18B,INV2258300,6860
2026-08-21,589935,VNDDF643754FB,5016220-0073-2,5428
2026-08-21,589935,VNDDF643754FB,5017451-0073-2,2177294
2026-08-21,589936,VND1B776EFAF3,FUL26L3R,1402200
2026-08-21,589936,VND1B776EFAF3,FUL26Z8L,191600
2026-08-21,589937,VND48C75A0B88,FUL22Q6Q,5600
2026-08-21,589937,VND48C75A0B88,FUL23C2O,47000
2026-08-21,589937,VND48C75A0B88,FUL23Y7V,5600
2026-08-21,589937,VND48C75A0B88,FUL26W0P,8100
2026-08-21,589938,VNDEE48677D3C,FEB 2026,9264624
2026-08-21,589938,VNDEE48677D3C,JUNE 2026,5788655
2026-08-21,589938,VNDEE48677D3C,MAR 2026,21206947
2026-08-21,589938,VNDEE48677D3C,MAY 2026,13052434
2026-08-21,589939,VNDA699DEC0EF,9037465953,14622
2026-08-21,589940,VND59A0B9FBEE,87894897,15330
2026-08-21,589941,VND55013646B8,NWILLIAMS 08/17/2026-1,34400
2026-08-21,589942,VND4807F254AC,195576,71500
2026-08-21,589943,VND4D8E936426,195645,157500
2026-08-21,589943,VND4D8E936426,195837,157500
2026-08-21,589944,VND31B38EC90D,474003-APRIL/MAY2026,3150331
2026-08-21,589945,VND67B45B1471,P-1380668,1500
2026-08-21,589946,VNDC99ACAC5D6,APITTS 08/14/2026-4,25800
2026-08-21,589946,VNDC99ACAC5D6,BPHILPOT 08/14/2026-2,30100
2026-08-21,589946,VNDC99ACAC5D6,BZACKARY 08/14/2026-3,64500
2026-08-21,589946,VNDC99ACAC5D6,JASBURY 08/14/2026-5,45150
2026-08-21,589946,VNDC99ACAC5D6,JMOORE 08/14/2026-1,25800
2026-08-21,589946,VNDC99ACAC5D6,LCOLEMAN 08/14/2026-4,34400
2026-08-21,589946,VNDC99ACAC5D6,MSWARN 08-14-2026-2,45150
2026-08-21,589946,VNDC99ACAC5D6,PHARRIS 08/14/2026-5,94600
2026-08-21,589946,VNDC99ACAC5D6,TALSTON 08/14/2026-3,25800
2026-08-21,589946,VNDC99ACAC5D6,TMCCULLUM 08/14/2026-1,45150
2026-08-21,589947,VND64DEFDD69B,16925,312100
2026-08-21,589948,VND0BB39B7D3F,24339A,51600
2026-08-21,589948,VND0BB39B7D3F,25757,43700
2026-08-21,589949,VND08F8FCC5D3,INV3595070,20000
2026-08-21,589950,VNDBBFA3617E2,DW-2027-006301,1936000
2026-08-21,589950,VNDBBFA3617E2,EPD-NFULTONPBCU-0006,30000
2026-08-21,589950,VNDBBFA3617E2,EPD-NFULTONPBCU-0007,90000
2026-08-21,589951,VND57EC7F5C41,26081329040,60666
2026-08-21,589952,VND0D0ACF0350,E24493.A,1700000
2026-08-21,589953,VNDF8496F0D65,853924033,287477
2026-08-21,589954,VNDAC1730CAA2,7175621572233,21888
2026-08-21,589954,VNDAC1730CAA2,7175621672257,5741
2026-08-21,589954,VNDAC1730CAA2,7175622259176,1630
2026-08-21,589954,VNDAC1730CAA2,7175622472452,2792
2026-08-21,589954,VNDAC1730CAA2,7175622559207,11917
2026-08-21,589954,VNDAC1730CAA2,7175622559209,15034
2026-08-21,589954,VNDAC1730CAA2,7175622572488,32423
2026-08-21,589954,VNDAC1730CAA2,7175622585535,2928
2026-08-21,589955,VND853088CCBA,08152026,20000
2026-08-21,589956,VND050CB1977A,9022873351,58191
2026-08-21,589957,VND9534708407,415403939,495998
2026-08-21,589957,VND9534708407,415404120,25000
2026-08-21,589957,VND9534708407,415407623,484487
2026-08-21,589958,VND379C11D509,440008280059,935340
2026-08-21,589959,VNDFF899EBB1E,3323027594,115482
2026-08-21,589960,VND1A3B80E81A,13906,1168185
2026-08-21,589961,VND27F2C32F00,15119161,11475
2026-08-21,589962,VNDCC0D8FF90F,124579963,1215626
2026-08-21,589963,VND59A98B7413,185169288-0006,33414
2026-08-21,589964,VND919040E2BF,2026CSP-1,4000000
2026-08-21,589965,VND40EAC93F35,SE0006824,82000
2026-08-21,589966,VNDEFB80DA3B7,538628,224400
2026-08-21,589967,VND3E92644E58,7023588,6473
2026-08-21,589967,VND3E92644E58,901236,26561
2026-08-21,589968,VND546951421B,0467,104000
2026-08-21,589968,VND546951421B,0468,1356682
2026-08-21,589968,VND546951421B,0469,32000
2026-08-21,589968,VND546951421B,0470,410700
2026-08-21,589969,VND5A7BB6D2F5,FC26-2,4000000
2026-08-21,589970,VNDBFFEA729CC,125SR,100100
2026-08-21,589971,VNDFC0393C239,2727389,2305608
2026-08-21,589971,VNDFC0393C239,2777221,489793
2026-08-21,589972,VND74C93B4D5D,797967,29952
2026-08-21,589972,VND74C93B4D5D,809776,64836
2026-08-21,589973,VND3BBE85415B,INV-163423,857700
2026-08-21,589974,VND3BBE85415B,INV-163780,13225656
2026-08-21,589975,VNDA1C34BB769,404 M87-7332 001 0357-0826,1706900
2026-08-21,589976,VND591FB16B43,90777809,86250
2026-08-21,589977,VND16526E9D21,111083,5388500
2026-08-21,589978,VND5BFE462342,1-67363,27200
2026-08-21,589978,VND5BFE462342,1-68002,61800
2026-08-21,589978,VND5BFE462342,1-68003,32400
2026-08-21,589978,VND5BFE462342,1-68004,142400
2026-08-21,589978,VND5BFE462342,1-GS66866,167968
2026-08-21,589978,VND5BFE462342,1-GS67015,57152
2026-08-21,589978,VND5BFE462342,1-GS67088,198000
2026-08-21,589978,VND5BFE462342,1-GS67370,77520
2026-08-21,589978,VND5BFE462342,1-GS67996,334368
2026-08-21,589978,VND5BFE462342,1-GS68007,80088
2026-08-21,589978,VND5BFE462342,1-GS68010,216000
2026-08-21,589979,VND5E4D5D7DC9,2209064018,1765424
2026-08-21,589980,VND97E8FCE476,17-00017374,8292159
2026-08-21,589981,VND0E203B1122,IN-C3696,55067
2026-08-21,589982,VNDA498CC7B96,082026,180854
2026-08-21,589983,VND60CC114C5E,115756,616400
2026-08-21,589983,VND60CC114C5E,115783,47310
2026-08-21,589983,VND60CC114C5E,115849,694872
2026-08-21,589983,VND60CC114C5E,116146,164025
2026-08-21,589983,VND60CC114C5E,116269,54114
2026-08-21,589983,VND60CC114C5E,116669,183560
2026-08-21,589983,VND60CC114C5E,116672,732806
2026-08-21,589984,VNDD930D33A24,26-1489,474000
2026-08-21,589984,VNDD930D33A24,26-1773,123400
2026-08-21,589985,VNDEFBA394832,107451,76612
2026-08-21,589985,VNDEFBA394832,107733,86651
2026-08-21,589985,VNDEFBA394832,107781,932723
2026-08-21,589985,VNDEFBA394832,107806,59591
2026-08-21,589985,VNDEFBA394832,107810,6750
2026-08-21,589985,VNDEFBA394832,107818,19999
2026-08-21,589985,VNDEFBA394832,107820,39430
2026-08-21,589985,VNDEFBA394832,107825,26250
2026-08-21,589985,VNDEFBA394832,107842,6750
2026-08-21,589985,VNDEFBA394832,107848,154228
2026-08-21,589985,VNDEFBA394832,107858,6750
2026-08-21,589985,VNDEFBA394832,107867,43613
2026-08-21,589985,VNDEFBA394832,107874,62220
2026-08-21,589985,VNDEFBA394832,107879,18999
2026-08-21,589985,VNDEFBA394832,107880,126044
2026-08-21,589985,VNDEFBA394832,107889,104110
2026-08-21,589985,VNDEFBA394832,107892,116857
2026-08-21,589985,VNDEFBA394832,107920,33625
2026-08-21,589985,VNDEFBA394832,107923,1299
2026-08-21,589985,VNDEFBA394832,107926,15600
2026-08-21,589985,VNDEFBA394832,107930,101435
2026-08-21,589985,VNDEFBA394832,107935,4180
2026-08-21,589985,VNDEFBA394832,107940,53385
2026-08-21,589985,VNDEFBA394832,107959,42653
2026-08-21,589985,VNDEFBA394832,107961,15188
2026-08-21,589985,VNDEFBA394832,107970,11000
2026-08-21,589985,VNDEFBA394832,107985,6750
2026-08-21,589985,VNDEFBA394832,107988,301455
2026-08-21,589985,VNDEFBA394832,108001,6750
2026-08-21,589985,VNDEFBA394832,108002,28529
2026-08-21,589985,VNDEFBA394832,108025,37528
2026-08-21,589985,VNDEFBA394832,108072,113006
2026-08-21,589985,VNDEFBA394832,108074,6750
2026-08-21,589985,VNDEFBA394832,108079,8100
2026-08-21,589985,VNDEFBA394832,108080,6930
2026-08-21,589985,VNDEFBA394832,108091,67518
2026-08-21,589985,VNDEFBA394832,108101,107478
2026-08-21,589985,VNDEFBA394832,108139,29314
2026-08-21,589985,VNDEFBA394832,108149,76303
2026-08-21,589985,VNDEFBA394832,108154,35000
2026-08-21,589985,VNDEFBA394832,108159,105086
2026-08-21,589986,VND7401E8B241,6011725006244,4800000
2026-08-21,589986,VND7401E8B241,6021126001810,6360000
2026-08-21,589986,VND7401E8B241,6021126002684,24593324
2026-08-21,589986,VND7401E8B241,6021126002685,45924762
2026-08-21,589986,VND7401E8B241,6031726002593,1214400
2026-08-21,589986,VND7401E8B241,6031726002777,1265100
2026-08-21,589986,VND7401E8B241,6051726004203,50400
2026-08-21,589987,VNDE73E2D9E9C,96486490,2599
2026-08-21,589987,VNDE73E2D9E9C,97197778,1727
2026-08-21,589987,VNDE73E2D9E9C,97440669,2196
2026-08-21,589988,VND6B564386A5,FCDSS2024-087,31983
2026-08-21,589988,VND6B564386A5,FCDSS2024-088,32385
2026-08-21,589989,VND9AF7653416,420927,79055
2026-08-21,589989,VND9AF7653416,433062,42577
2026-08-21,589990,VND9109A088BB,B21211261,884455
2026-08-21,589990,VND9109A088BB,B21342722,994401
2026-08-21,589991,VNDDF97B06E38,035797546,42386
2026-08-21,589991,VNDDF97B06E38,035819923,799
2026-08-21,589991,VNDDF97B06E38,035847333,5609
2026-08-21,589991,VNDDF97B06E38,035933656,4352
2026-08-21,589991,VNDDF97B06E38,035974698,11241
2026-08-21,589991,VNDDF97B06E38,035974761,4307
2026-08-21,589991,VNDDF97B06E38,OR33085281,102374
2026-08-21,589992,VND9D61DDADDC,BOE07/26,7500
2026-08-21,589993,VND7F77809DAD,214229-202606-1,104965
2026-08-21,589993,VND7F77809DAD,214229-202607-1,103285
2026-08-21,589994,VND5D7CC45C19,0234765,458960
2026-08-21,589994,VND5D7CC45C19,0236046,3269887
2026-08-21,589995,VND3722767A21,ONH-202609,1054463
2026-08-21,589996,VNDCD6E3BB1B4,2607226,280000
2026-08-21,589997,VNDF02C4C1E01,PD2026-09,13233185
2026-08-21,589998,VND9082EFC5B7,08-2026,150000
2026-08-21,589999,VNDF845ABBCBF,454712,1161114
2026-08-21,589999,VNDF845ABBCBF,454914,717463
2026-08-21,590000,VND3DA014377B,IN-4835559,6700
2026-08-21,590000,VND3DA014377B,IN-4835560,16000
2026-08-21,590000,VND3DA014377B,IN-4841285,15000
2026-08-21,590000,VND3DA014377B,IN-4841286,38000
2026-08-21,590000,VND3DA014377B,IN-4841287,15000
2026-08-21,590001,VND7348AF7B11,08-2026,150000
2026-08-21,590002,VNDEFEF99EFB7,18794183,15250049
2026-08-21,590002,VNDEFEF99EFB7,18794185,568683
2026-08-21,590002,VNDEFEF99EFB7,18794186,408618
2026-08-21,590002,VNDEFEF99EFB7,18794188,136000
2026-08-21,590002,VNDEFEF99EFB7,18794189,2827962
2026-08-21,590002,VNDEFEF99EFB7,18794190,2320569
2026-08-21,590002,VNDEFEF99EFB7,18794191,532942
2026-08-21,590002,VNDEFEF99EFB7,18794198,1797795
2026-08-21,590002,VNDEFEF99EFB7,18794201,1233927
2026-08-21,590002,VNDEFEF99EFB7,18794202,645725
2026-08-21,590002,VNDEFEF99EFB7,18794210,19872
2026-08-21,590002,VNDEFEF99EFB7,18814996,66772364
2026-08-21,590002,VNDEFEF99EFB7,18814997,18401751
2026-08-21,590002,VNDEFEF99EFB7,18814998,9398887
2026-08-21,590002,VNDEFEF99EFB7,18814999,47429
2026-08-21,590003,VNDE9048789A6,CHIQUITA2026,12500
2026-08-21,590004,VND36AC05ED89,INVESI8051,6649400
2026-08-21,590005,VNDFC6429D883,I260721556,24600
2026-08-21,590006,VND334E1226CB,1501009-202609-83803-1,94750
2026-08-21,590006,VND334E1226CB,1501023-202602-63362-2,23000
2026-08-21,590006,VND334E1226CB,1501023-202609-166076-1,148750
2026-08-21,590006,VND334E1226CB,1501023-202609-209702-1,135250
2026-08-21,590006,VND334E1226CB,1501023-202609-63362-1,391250
2026-08-21,590006,VND334E1226CB,1501023-202609-63417-1,862750
2026-08-21,590007,VNDEF07F91DD9,627,50000
2026-08-21,590008,VND8B3A18FD4A,08-2026,150000
2026-08-21,590009,VNDFFF8D2F9A2,2026FC-CAMP-1,1167100
2026-08-21,590010,VNDD443A7EE7B,TS-1822,247800
2026-08-21,590011,VNDA33F226893,FULTON.HUD TA.8.11.26,495000
2026-08-21,590012,VND3E219B5368,MSI107273,25000
2026-08-24,589336,VNDFA590DB0A3,1985550,-111838
2026-08-25,590018,VNDE00DF17C15,0000,20000
2026-08-25,590018,VNDE00DF17C15,0001096,42500
2026-08-25,590018,VNDE00DF17C15,0023364,63500
2026-08-25,590018,VNDE00DF17C15,0023460,12500
2026-08-25,590018,VNDE00DF17C15,0023557,50900
2026-08-25,590018,VNDE00DF17C15,0062431163495,62542
2026-08-25,590018,VNDE00DF17C15,0062431469856,44679
2026-08-25,590018,VNDE00DF17C15,0062431522777,44679
2026-08-25,590018,VNDE00DF17C15,0062431749528,38680
2026-08-25,590018,VNDE00DF17C15,0062431985684,62542
2026-08-25,590018,VNDE00DF17C15,0062432097480,38781
2026-08-25,590018,VNDE00DF17C15,0062433093388,121680
2026-08-25,590018,VNDE00DF17C15,0062433763698,55680
2026-08-25,590018,VNDE00DF17C15,0062434157898,39281
2026-08-25,590018,VNDE00DF17C15,0062435046566,15500
2026-08-25,590018,VNDE00DF17C15,0062435116472,76680
2026-08-25,590018,VNDE00DF17C15,0062435490615,48679
2026-08-25,590018,VNDE00DF17C15,0062435968184,23999
2026-08-25,590018,VNDE00DF17C15,0062436090850,109679
2026-08-25,590018,VNDE00DF17C15,0062436697181,109679
2026-08-25,590018,VNDE00DF17C15,0062436812137,61680
2026-08-25,590018,VNDE00DF17C15,0062436982927,86881
2026-08-25,590018,VNDE00DF17C15,0062437472768,105061
2026-08-25,590018,VNDE00DF17C15,0062438066995,70680
2026-08-25,590018,VNDE00DF17C15,0062438535527,70680
2026-08-25,590018,VNDE00DF17C15,0062439829878,46680
2026-08-25,590018,VNDE00DF17C15,0062441041379,42480
2026-08-25,590018,VNDE00DF17C15,0062441095265,31680
2026-08-25,590018,VNDE00DF17C15,0062441163222,85680
2026-08-25,590018,VNDE00DF17C15,0062441216208,49679
2026-08-25,590018,VNDE00DF17C15,0062441539805,13680
2026-08-25,590018,VNDE00DF17C15,0062441556798,32180
2026-08-25,590018,VNDE00DF17C15,0062441557072,50681
2026-08-25,590018,VNDE00DF17C15,0062441574781,27680
2026-08-25,590018,VNDE00DF17C15,0062441596784,49680
2026-08-25,590018,VNDE00DF17C15,0062441596785,49680
2026-08-25,590018,VNDE00DF17C15,0062441686712,31680
2026-08-25,590018,VNDE00DF17C15,0062441687632,27680
2026-08-25,590018,VNDE00DF17C15,0062441732261,47680
2026-08-25,590018,VNDE00DF17C15,0062441767552,21680
2026-08-25,590018,VNDE00DF17C15,0062441822545,16780
2026-08-25,590018,VNDE00DF17C15,0062441848531,26679
2026-08-25,590018,VNDE00DF17C15,0062443144417,39679
2026-08-25,590018,VNDE00DF17C15,0062443519716,39880
2026-08-25,590018,VNDE00DF17C15,0062443592432,40679
2026-08-25,590018,VNDE00DF17C15,0062443707784,37380
2026-08-25,590018,VNDE00DF17C15,0062443770798,46680
2026-08-25,590018,VNDE00DF17C15,0062443823752,58780
2026-08-25,590018,VNDE00DF17C15,0062443844689,98620
2026-08-25,590018,VNDE00DF17C15,0062444064422,119681
2026-08-25,590018,VNDE00DF17C15,0062444081377,39679
2026-08-25,590018,VNDE00DF17C15,0062444296349,34680
2026-08-25,590018,VNDE00DF17C15,0062444302059,80880
2026-08-25,590018,VNDE00DF17C15,0062444404943,78540
2026-08-25,590018,VNDE00DF17C15,0062444553896,97880
2026-08-25,590018,VNDE00DF17C15,0062444553897,97880
2026-08-25,590018,VNDE00DF17C15,0062444553898,97880
2026-08-25,590018,VNDE00DF17C15,0062444623142,48779
2026-08-25,590018,VNDE00DF17C15,0062444646866,39679
2026-08-25,590018,VNDE00DF17C15,0062444977294,31680
2026-08-25,590018,VNDE00DF17C15,0062445264076,38280
2026-08-25,590018,VNDE00DF17C15,0062445923117,46680
2026-08-25,590018,VNDE00DF17C15,0062446033451,28780
2026-08-25,590018,VNDE00DF17C15,0062446122363,43879
2026-08-25,590018,VNDE00DF17C15,0062446175667,57279
2026-08-25,590018,VNDE00DF17C15,0062446334527,71679
2026-08-25,590018,VNDE00DF17C15,0062446388151,56380
2026-08-25,590018,VNDE00DF17C15,0062446588891,75180
2026-08-25,590018,VNDE00DF17C15,0062446677129,87880
2026-08-25,590018,VNDE00DF17C15,0064268028089,3500
2026-08-25,590018,VNDE00DF17C15,0064268356384,3500
2026-08-25,590018,VNDE00DF17C15,0067496328741,23679
2026-08-25,590018,VNDE00DF17C15,0067498739809,55680
2026-08-25,590018,VNDE00DF17C15,0067499960906,34680
2026-08-25,590018,VNDE00DF17C15,0080- 4250- 0655,10000
2026-08-25,590018,VNDE00DF17C15,0090542,198000
2026-08-25,590018,VNDE00DF17C15,0090692,60900
2026-08-25,590018,VNDE00DF17C15,0090786,99000
2026-08-25,590018,VNDE00DF17C15,0108332,50000
2026-08-25,590018,VNDE00DF17C15,0162106791718,6500
2026-08-25,590018,VNDE00DF17C15,03259,77500
2026-08-25,590018,VNDE00DF17C15,062026-219872-223446,32500
2026-08-25,590018,VNDE00DF17C15,062026-222352-226076,37500
2026-08-25,590018,VNDE00DF17C15,06998,47500
2026-08-25,590018,VNDE00DF17C15,07023,47500
2026-08-25,590018,VNDE00DF17C15,072026-239090-244164,37500
2026-08-25,590018,VNDE00DF17C15,1000188054,123435
2026-08-25,590018,VNDE00DF17C15,1000361671,56500
2026-08-25,590018,VNDE00DF17C15,1000365689,94752
2026-08-25,590018,VNDE00DF17C15,1000365690,94752
2026-08-25,590018,VNDE00DF17C15,1000365739,94752
2026-08-25,590018,VNDE00DF17C15,1000365797,113000
2026-08-25,590018,VNDE00DF17C15,1000365805,94752
2026-08-25,590018,VNDE00DF17C15,1000365823,95775
2026-08-25,590018,VNDE00DF17C15,1000365869,38252
2026-08-25,590018,VNDE00DF17C15,1000552590,137395
2026-08-25,590018,VNDE00DF17C15,1019,10299
2026-08-25,590018,VNDE00DF17C15,10348-62772-JOHN COLLINS,25335
2026-08-25,590018,VNDE00DF17C15,10348-62772-JOHN COLLINS-1,77004
2026-08-25,590018,VNDE00DF17C15,10349-62772-URAL GLANVILLE,25335
2026-08-25,590018,VNDE00DF17C15,10349-62772-URAL GLANVILLE-1,77004
2026-08-25,590018,VNDE00DF17C15,105965,70298
2026-08-25,590018,VNDE00DF17C15,1071 17188,144420
2026-08-25,590018,VNDE00DF17C15,1127-4759,50000
2026-08-25,590018,VNDE00DF17C15,1160332,33526
2026-08-25,590018,VNDE00DF17C15,1160351,33526
2026-08-25,590018,VNDE00DF17C15,1160486,33526
2026-08-25,590018,VNDE00DF17C15,116908,27800
2026-08-25,590018,VNDE00DF17C15,1190,100000
2026-08-25,590018,VNDE00DF17C15,121008,27800
2026-08-25,590018,VNDE00DF17C15,122007298680,33375
2026-08-25,590018,VNDE00DF17C15,122007305627,22850
2026-08-25,590018,VNDE00DF17C15,1241301,50000
2026-08-25,590018,VNDE00DF17C15,1309-1489,99500
2026-08-25,590018,VNDE00DF17C15,138606140,134664
2026-08-25,590018,VNDE00DF17C15,138606140-1,44888
2026-08-25,590018,VNDE00DF17C15,138606596,116775
2026-08-25,590018,VNDE00DF17C15,138606596-1,38925
2026-08-25,590018,VNDE00DF17C15,138745358,135072
2026-08-25,590018,VNDE00DF17C15,15261 39094,123656
2026-08-25,590018,VNDE00DF17C15,1527-8180,49900
2026-08-25,590018,VNDE00DF17C15,154493,130315
2026-08-25,590018,VNDE00DF17C15,1591,507930
2026-08-25,590018,VNDE00DF17C15,1634-1646,99500
2026-08-25,590018,VNDE00DF17C15,1674087,181888
2026-08-25,590018,VNDE00DF17C15,1678701,136416
2026-08-25,590018,VNDE00DF17C15,1680931,181888
2026-08-25,590018,VNDE00DF17C15,1682161,181416
2026-08-25,590018,VNDE00DF17C15,1683209,144928
2026-08-25,590018,VNDE00DF17C15,1687035,90944
2026-08-25,590018,VNDE00DF17C15,1702728-1,76160
2026-08-25,590018,VNDE00DF17C15,1708293,42560
2026-08-25,590018,VNDE00DF17C15,1708293-1,85120
2026-08-25,590018,VNDE00DF17C15,1735,12500
2026-08-25,590018,VNDE00DF17C15,200005059,82500
2026-08-25,590018,VNDE00DF17C15,200005060,82500
2026-08-25,590018,VNDE00DF17C15,200005061,82500
2026-08-25,590018,VNDE00DF17C15,200028087,65000
2026-08-25,590018,VNDE00DF17C15,200052511,76000
2026-08-25,590018,VNDE00DF17C15,200052520,76000
2026-08-25,590018,VNDE00DF17C15,200052739,76000
2026-08-25,590018,VNDE00DF17C15,200052744,76000
2026-08-25,590018,VNDE00DF17C15,200052746,76000
2026-08-25,590018,VNDE00DF17C15,200052747,76000
2026-08-25,590018,VNDE00DF17C15,200052749,76000
2026-08-25,590018,VNDE00DF17C15,200052753,76000
2026-08-25,590018,VNDE00DF17C15,200052755,76000
2026-08-25,590018,VNDE00DF17C15,200052756,76000
2026-08-25,590018,VNDE00DF17C15,200052757,76000
2026-08-25,590018,VNDE00DF17C15,200052758,76000
2026-08-25,590018,VNDE00DF17C15,200052798,13500
2026-08-25,590018,VNDE00DF17C15,200052821,76000
2026-08-25,590018,VNDE00DF17C15,200052833,76000
2026-08-25,590018,VNDE00DF17C15,200052842,76000
2026-08-25,590018,VNDE00DF17C15,200052865,76000
2026-08-25,590018,VNDE00DF17C15,200052873,76000
2026-08-25,590018,VNDE00DF17C15,200052876,76000
2026-08-25,590018,VNDE00DF17C15,200052879,76000
2026-08-25,590018,VNDE00DF17C15,200052883,76000
2026-08-25,590018,VNDE00DF17C15,200052887,76000
2026-08-25,590018,VNDE00DF17C15,200052891,76000
2026-08-25,590018,VNDE00DF17C15,200052917,76000
2026-08-25,590018,VNDE00DF17C15,200053000,84000
2026-08-25,590018,VNDE00DF17C15,20221394,581877
2026-08-25,590018,VNDE00DF17C15,202360058237,80200
2026-08-25,590018,VNDE00DF17C15,202613,87500
2026-08-25,590018,VNDE00DF17C15,215534026,39900
2026-08-25,590018,VNDE00DF17C15,21699,55000
2026-08-25,590018,VNDE00DF17C15,24036296154714727910822,5176
2026-08-25,590018,VNDE00DF17C15,24036296154742738776999,6222
2026-08-25,590018,VNDE00DF17C15,24755426146161461647850,17941
2026-08-25,590018,VNDE00DF17C15,2490615,132684
2026-08-25,590018,VNDE00DF17C15,2490846,132684
2026-08-25,590018,VNDE00DF17C15,256695,91900
2026-08-25,590018,VNDE00DF17C15,26051916433187288670,67500
2026-08-25,590018,VNDE00DF17C15,26051917120149472116,67500
2026-08-25,590018,VNDE00DF17C15,26061017155054709709,67500
2026-08-25,590018,VNDE00DF17C15,26061022034454819191,67500
2026-08-25,590018,VNDE00DF17C15,2606192222182020596,52500
2026-08-25,590018,VNDE00DF17C15,2606221757415220596,52500
2026-08-25,590018,VNDE00DF17C15,2606241329355671926,67500
2026-08-25,590018,VNDE00DF17C15,2606261447194910596,52500
2026-08-25,590018,VNDE00DF17C15,2785802 B,83539
2026-08-25,590018,VNDE00DF17C15,285206,146160
2026-08-25,590018,VNDE00DF17C15,28851 31445 - ASHLEY DANIEL,95595
2026-08-25,590018,VNDE00DF17C15,2932663069,14626
2026-08-25,590018,VNDE00DF17C15,2933114122,19728
2026-08-25,590018,VNDE00DF17C15,2933128738,18594
2026-08-25,590018,VNDE00DF17C15,2933178666,14626
2026-08-25,590018,VNDE00DF17C15,2933180337,14626
2026-08-25,590018,VNDE00DF17C15,2933189808,14626
2026-08-25,590018,VNDE00DF17C15,2933189948,14626
2026-08-25,590018,VNDE00DF17C15,30240,85132
2026-08-25,590018,VNDE00DF17C15,31879,50600
2026-08-25,590018,VNDE00DF17C15,360979-1,41500
2026-08-25,590018,VNDE00DF17C15,36141,47500
2026-08-25,590018,VNDE00DF17C15,36328,115000
2026-08-25,590018,VNDE00DF17C15,36360,50000
2026-08-25,590018,VNDE00DF17C15,368470,20800
2026-08-25,590018,VNDE00DF17C15,3717754221,10000
2026-08-25,590018,VNDE00DF17C15,387412,30000
2026-08-25,590018,VNDE00DF17C15,38903 30709,60414
2026-08-25,590018,VNDE00DF17C15,40023B19781861,16140
2026-08-25,590018,VNDE00DF17C15,40023B20955052,187469
2026-08-25,590018,VNDE00DF17C15,40064340212,191565
2026-08-25,590018,VNDE00DF17C15,418208 A,149229
2026-08-25,590018,VNDE00DF17C15,418265 A,99486
2026-08-25,590018,VNDE00DF17C15,4224654 A,20256
2026-08-25,590018,VNDE00DF17C15,4224655 A,20256
2026-08-25,590018,VNDE00DF17C15,4224656 A,20256
2026-08-25,590018,VNDE00DF17C15,4224657 A,20256
2026-08-25,590018,VNDE00DF17C15,4224658 A,20256
2026-08-25,590018,VNDE00DF17C15,45757196,1500
2026-08-25,590018,VNDE00DF17C15,4646328 A,26033
2026-08-25,590018,VNDE00DF17C15,474321,97500
2026-08-25,590018,VNDE00DF17C15,4749,123184
2026-08-25,590018,VNDE00DF17C15,481579,67050
2026-08-25,590018,VNDE00DF17C15,481580,67050
2026-08-25,590018,VNDE00DF17C15,4880170 A,113672
2026-08-25,590018,VNDE00DF17C15,4880577 A,148031
2026-08-25,590018,VNDE00DF17C15,4880577 A-1,4
2026-08-25,590018,VNDE00DF17C15,48862,133922
2026-08-25,590018,VNDE00DF17C15,5284188,10000
2026-08-25,590018,VNDE00DF17C15,5284205,10000
2026-08-25,590018,VNDE00DF17C15,54786165,54944
2026-08-25,590018,VNDE00DF17C15,591786454,70557
2026-08-25,590018,VNDE00DF17C15,593035980,70557
2026-08-25,590018,VNDE00DF17C15,595140817,91688
2026-08-25,590018,VNDE00DF17C15,61268,98097
2026-08-25,590018,VNDE00DF17C15,6146,130530
2026-08-25,590018,VNDE00DF17C15,6333,224500
2026-08-25,590018,VNDE00DF17C15,6334,15000
2026-08-25,590018,VNDE00DF17C15,6819250,60000
2026-08-25,590018,VNDE00DF17C15,6921862,65000
2026-08-25,590018,VNDE00DF17C15,6IVDWBYGP6,14626
2026-08-25,590018,VNDE00DF17C15,70971384,49050
2026-08-25,590018,VNDE00DF17C15,7143449,25778
2026-08-25,590018,VNDE00DF17C15,7143511,25778
2026-08-25,590018,VNDE00DF17C15,7144512,25778
2026-08-25,590018,VNDE00DF17C15,7169,47500
2026-08-25,590018,VNDE00DF17C15,76943,137395
2026-08-25,590018,VNDE00DF17C15,7731,55000
2026-08-25,590018,VNDE00DF17C15,83547783,54945
2026-08-25,590018,VNDE00DF17C15,85890980,34786
2026-08-25,590018,VNDE00DF17C15,8K04716418199680K,32500
2026-08-25,590018,VNDE00DF17C15,90180515581,8635
2026-08-25,590018,VNDE00DF17C15,90180804240,57195
2026-08-25,590018,VNDE00DF17C15,90181564467,38032
2026-08-25,590018,VNDE00DF17C15,90183039113,18565
2026-08-25,590018,VNDE00DF17C15,90183209779,29986
2026-08-25,590018,VNDE00DF17C15,91706155,47250
2026-08-25,590018,VNDE00DF17C15,933033,139080
2026-08-25,590018,VNDE00DF17C15,936141,181888
2026-08-25,590018,VNDE00DF17C15,937072,79500
2026-08-25,590018,VNDE00DF17C15,937075,79500
2026-08-25,590018,VNDE00DF17C15,9391,18900
2026-08-25,590018,VNDE00DF17C15,94652,130440
2026-08-25,590018,VNDE00DF17C15,94657,130440
2026-08-25,590018,VNDE00DF17C15,9729,231320
2026-08-25,590018,VNDE00DF17C15,975762305,49564
2026-08-25,590018,VNDE00DF17C15,975762305-1,1799
2026-08-25,590018,VNDE00DF17C15,977603755,82670
2026-08-25,590018,VNDE00DF17C15,977603755-1,1799
2026-08-25,590018,VNDE00DF17C15,982383140,76304
2026-08-25,590018,VNDE00DF17C15,982384171,111905
2026-08-25,590018,VNDE00DF17C15,982409625-1,76304
2026-08-25,590018,VNDE00DF17C15,9B7CEA4C4FA4D7D8872D28911AE3,11500
2026-08-25,590018,VNDE00DF17C15,B5NLQ9KSHW5,60000
2026-08-25,590018,VNDE00DF17C15,CS3071913,45000
2026-08-25,590018,VNDE00DF17C15,E2127661558-1,3119
2026-08-25,590018,VNDE00DF17C15,EF2026-07092026-0090,75000
2026-08-25,590018,VNDE00DF17C15,EUSP2584010891,3806
2026-08-25,590018,VNDE00DF17C15,INV00579311,19900
2026-08-25,590018,VNDE00DF17C15,NHSA25-06152026-0960-0947,77500
2026-08-25,590018,VNDE00DF17C15,NP2XM,12204
2026-08-25,590018,VNDE00DF17C15,NP2XM-1,53901
2026-08-25,590018,VNDE00DF17C15,ORD001068,68400
2026-08-25,590018,VNDE00DF17C15,SIN440298,22000
2026-08-25,590018,VNDE00DF17C15,XGH6RM-1,2403
2026-08-25,590019,VNDE00DF17C15,+�-++�-++�-++�-�113-7337597-1481851,70673
2026-08-25,590019,VNDE00DF17C15,-9045-2495-6459-2129-8578-21,4954
2026-08-25,590019,VNDE00DF17C15,-�113-0080312-9589879,14939
2026-08-25,590019,VNDE00DF17C15,-�113-1709391-1619455,4899
2026-08-25,590019,VNDE00DF17C15,-�113-3084326-1777035,25651
2026-08-25,590019,VNDE00DF17C15,-�113-4079962-5191431,12897
2026-08-25,590019,VNDE00DF17C15,-�113-8712916-3059436,4699
2026-08-25,590019,VNDE00DF17C15,-�113-9911126-9480254,19927
2026-08-25,590019,VNDE00DF17C15,001242,7545
2026-08-25,590019,VNDE00DF17C15,002513,58450
2026-08-25,590019,VNDE00DF17C15,002802,27494
2026-08-25,590019,VNDE00DF17C15,0030,100000
2026-08-25,590019,VNDE00DF17C15,003202,21722
2026-08-25,590019,VNDE00DF17C15,00386163,95411
2026-08-25,590019,VNDE00DF17C15,003890/015686,17000
2026-08-25,590019,VNDE00DF17C15,0110701,9500
2026-08-25,590019,VNDE00DF17C15,0112,27900
2026-08-25,590019,VNDE00DF17C15,0113580,9500
2026-08-25,590019,VNDE00DF17C15,0130 00052 57506,2896
2026-08-25,590019,VNDE00DF17C15,0130 21 40952,1523
2026-08-25,590019,VNDE00DF17C15,015196/028809,12050
2026-08-25,590019,VNDE00DF17C15,02177,15929
2026-08-25,590019,VNDE00DF17C15,0234470,18782
2026-08-25,590019,VNDE00DF17C15,024464,17442
2026-08-25,590019,VNDE00DF17C15,037919/015684,14700
2026-08-25,590019,VNDE00DF17C15,0426243430,19000
2026-08-25,590019,VNDE00DF17C15,044168,6436
2026-08-25,590019,VNDE00DF17C15,0475019-IN,1673
2026-08-25,590019,VNDE00DF17C15,04874-47695916,11999
2026-08-25,590019,VNDE00DF17C15,04882-30746405,11999
2026-08-25,590019,VNDE00DF17C15,0505811803-2026-02,23000
2026-08-25,590019,VNDE00DF17C15,05186-2026-FLETCHER LEGARDY,32400
2026-08-25,590019,VNDE00DF17C15,0526243430,8000
2026-08-25,590019,VNDE00DF17C15,0526243591,8500
2026-08-25,590019,VNDE00DF17C15,059656,15718
2026-08-25,590019,VNDE00DF17C15,064370/015687,18100
2026-08-25,590019,VNDE00DF17C15,071971/015685,18850
2026-08-25,590019,VNDE00DF17C15,0739126-IN,9750
2026-08-25,590019,VNDE00DF17C15,075289,15718
2026-08-25,590019,VNDE00DF17C15,076294,15718
2026-08-25,590019,VNDE00DF17C15,076784,94335
2026-08-25,590019,VNDE00DF17C15,077098,19982
2026-08-25,590019,VNDE00DF17C15,0776 6KR 039 374,64038
2026-08-25,590019,VNDE00DF17C15,08022052,225000
2026-08-25,590019,VNDE00DF17C15,0JPKMB2F-0001,20000
2026-08-25,590019,VNDE00DF17C15,0UZ-YAF,53457
2026-08-25,590019,VNDE00DF17C15,10007776-1,-4000
2026-08-25,590019,VNDE00DF17C15,10106590,29900
2026-08-25,590019,VNDE00DF17C15,10417549965,30186
2026-08-25,590019,VNDE00DF17C15,1043 2096 440,10394
2026-08-25,590019,VNDE00DF17C15,1056 5FR 030 328,17700
2026-08-25,590019,VNDE00DF17C15,1056 5FR 030 329,18895
2026-08-25,590019,VNDE00DF17C15,1056 5FR 030 331,46484
2026-08-25,590019,VNDE00DF17C15,1072761,171070
2026-08-25,590019,VNDE00DF17C15,10868926405,19925
2026-08-25,590019,VNDE00DF17C15,10871532419,21767
2026-08-25,590019,VNDE00DF17C15,1090-6907,111714
2026-08-25,590019,VNDE00DF17C15,1102-3541,26600
2026-08-25,590019,VNDE00DF17C15,111-0100437-5827476,4248
2026-08-25,590019,VNDE00DF17C15,111-0665687-2125046,24792
2026-08-25,590019,VNDE00DF17C15,111-1013514-3751446,9145
2026-08-25,590019,VNDE00DF17C15,111-1224775-8543464,4558
2026-08-25,590019,VNDE00DF17C15,111-1357680-7176250,9134
2026-08-25,590019,VNDE00DF17C15,111-1617389-4761052,2999
2026-08-25,590019,VNDE00DF17C15,111-1630224-6141064,9496
2026-08-25,590019,VNDE00DF17C15,111-2078983-3624255,3015
2026-08-25,590019,VNDE00DF17C15,111-2309261-8528224,17180
2026-08-25,590019,VNDE00DF17C15,111-2666791-6192211,6494
2026-08-25,590019,VNDE00DF17C15,111-2791283-1821829,1937
2026-08-25,590019,VNDE00DF17C15,111-2821858-9085842,6798
2026-08-25,590019,VNDE00DF17C15,111-3099429-5521067,9852
2026-08-25,590019,VNDE00DF17C15,111-3540063-4515460,3324
2026-08-25,590019,VNDE00DF17C15,111-3578419-4352262,3999
2026-08-25,590019,VNDE00DF17C15,111-3849128-1560250,4964
2026-08-25,590019,VNDE00DF17C15,111-3971044-3294628,6259
2026-08-25,590019,VNDE00DF17C15,111-4236543-3216209,5879
2026-08-25,590019,VNDE00DF17C15,111-4292445-6631428,92657
2026-08-25,590019,VNDE00DF17C15,111-4371753-4365856,2719
2026-08-25,590019,VNDE00DF17C15,111-4456309-1299426,10696
2026-08-25,590019,VNDE00DF17C15,111-4456309-1299426-1,-2099
2026-08-25,590019,VNDE00DF17C15,111-4693333-2015420,5894
2026-08-25,590019,VNDE00DF17C15,111-4895119-3539413-1,21749
2026-08-25,590019,VNDE00DF17C15,111-4964627-9201810,1672
2026-08-25,590019,VNDE00DF17C15,111-5035828-6248224,996
2026-08-25,590019,VNDE00DF17C15,111-5192669-6038633,13289
2026-08-25,590019,VNDE00DF17C15,111-5535429-6829001,52018
2026-08-25,590019,VNDE00DF17C15,111-5535429-6829001-1,-6337
2026-08-25,590019,VNDE00DF17C15,111-5558103-1109037,871
2026-08-25,590019,VNDE00DF17C15,111-5636867-1613816,1880
2026-08-25,590019,VNDE00DF17C15,111-5936120-9300216,6713
2026-08-25,590019,VNDE00DF17C15,111-6270597-1697038,549
2026-08-25,590019,VNDE00DF17C15,111-7410298-4753055,799
2026-08-25,590019,VNDE00DF17C15,111-7552077-0629830,113905
2026-08-25,590019,VNDE00DF17C15,111-7718310-8865036,6387
2026-08-25,590019,VNDE00DF17C15,111-7831880-7864257,75996
2026-08-25,590019,VNDE00DF17C15,111-8023478-4906664,4448
2026-08-25,590019,VNDE00DF17C15,111-8403926-8468220,2447
2026-08-25,590019,VNDE00DF17C15,111-8625915-8417059,41861
2026-08-25,590019,VNDE00DF17C15,111-8955253-3216213,6387
2026-08-25,590019,VNDE00DF17C15,111-9136578-5997820,1397
2026-08-25,590019,VNDE00DF17C15,111-9386051-0767454,374
2026-08-25,590019,VNDE00DF17C15,111-9753521-7781830,4199
2026-08-25,590019,VNDE00DF17C15,111259R529638,17497
2026-08-25,590019,VNDE00DF17C15,11126CR522923,2999
2026-08-25,590019,VNDE00DF17C15,112-0098368-8513045,12499
2026-08-25,590019,VNDE00DF17C15,112-0594322-0285812,1614
2026-08-25,590019,VNDE00DF17C15,112-1007460-7003441,15793
2026-08-25,590019,VNDE00DF17C15,112-1358220-6028265,6999
2026-08-25,590019,VNDE00DF17C15,112-1603474-5987415,28769
2026-08-25,590019,VNDE00DF17C15,112-1603474-5987415-1,1798
2026-08-25,590019,VNDE00DF17C15,112-1603474-5987415-2,8697
2026-08-25,590019,VNDE00DF17C15,112-1893886-4526636,9362
2026-08-25,590019,VNDE00DF17C15,112-2091924-9109010,3747
2026-08-25,590019,VNDE00DF17C15,112-2147236-004 1060,85498
2026-08-25,590019,VNDE00DF17C15,112-2898378-9341806,19276
2026-08-25,590019,VNDE00DF17C15,112-4231077-0287450,28878
2026-08-25,590019,VNDE00DF17C15,112-5423753-3661804,6056
2026-08-25,590019,VNDE00DF17C15,112-5848920-3942612,2999
2026-08-25,590019,VNDE00DF17C15,112-6341086-7381062,2799
2026-08-25,590019,VNDE00DF17C15,112-7001108-73918434,19749
2026-08-25,590019,VNDE00DF17C15,112-7881884-1074661,143903
2026-08-25,590019,VNDE00DF17C15,112-8769400-5913055,7316
2026-08-25,590019,VNDE00DF17C15,112-9195094-7757829,7435
2026-08-25,590019,VNDE00DF17C15,112-9323510-0767443,9957
2026-08-25,590019,VNDE00DF17C15,112-9743191-9496249,7198
2026-08-25,590019,VNDE00DF17C15,112-9861860-3114647,2911
2026-08-25,590019,VNDE00DF17C15,112-9932596-9520204,17878
2026-08-25,590019,VNDE00DF17C15,113-0054103-1329826,3200
2026-08-25,590019,VNDE00DF17C15,113-0125133-2716200,9495
2026-08-25,590019,VNDE00DF17C15,113-0125133-2716200-1,2299
2026-08-25,590019,VNDE00DF17C15,113-0160011-1697013,1899
2026-08-25,590019,VNDE00DF17C15,113-0286681-8841053,1736
2026-08-25,590019,VNDE00DF17C15,113-0338802-6154660,2599
2026-08-25,590019,VNDE00DF17C15,113-0379919-2109054,27166
2026-08-25,590019,VNDE00DF17C15,113-0379919-2109054-1,1498
2026-08-25,590019,VNDE00DF17C15,113-0582305-9592251,963
2026-08-25,590019,VNDE00DF17C15,113-0770503-1261841,20993
2026-08-25,590019,VNDE00DF17C15,113-0972530-7541054,3299
2026-08-25,590019,VNDE00DF17C15,113-1003965-4553005,39184
2026-08-25,590019,VNDE00DF17C15,113-1071553-7938652,8258
2026-08-25,590019,VNDE00DF17C15,113-1417445-1254655,4511
2026-08-25,590019,VNDE00DF17C15,113-2066439-4033016,118586
2026-08-25,590019,VNDE00DF17C15,113-2151228-7429856,1804
2026-08-25,590019,VNDE00DF17C15,113-2204151-2097813,2369
2026-08-25,590019,VNDE00DF17C15,113-2222402-5457035,32892
2026-08-25,590019,VNDE00DF17C15,113-2234043-5418634,32391
2026-08-25,590019,VNDE00DF17C15,113-2287812-8768216,36197
2026-08-25,590019,VNDE00DF17C15,113-2307590-3440260,2279
2026-08-25,590019,VNDE00DF17C15,113-2307590-3440260-2,-2279
2026-08-25,590019,VNDE00DF17C15,113-2328071-2095433,1799
2026-08-25,590019,VNDE00DF17C15,113-2351483-2833029,1234
2026-08-25,590019,VNDE00DF17C15,113-2495624-1923402,2599
2026-08-25,590019,VNDE00DF17C15,113-2609304-1680237,2048
2026-08-25,590019,VNDE00DF17C15,113-2624797-8098661,55977
2026-08-25,590019,VNDE00DF17C15,113-2716328-8042647,9799
2026-08-25,590019,VNDE00DF17C15,113-2824023-4381800,4814
2026-08-25,590019,VNDE00DF17C15,113-3079463-2137838,29205
2026-08-25,590019,VNDE00DF17C15,113-3347772-9960239,3834
2026-08-25,590019,VNDE00DF17C15,113-3619488-5721000,3799
2026-08-25,590019,VNDE00DF17C15,113-3619488-5721000-1,70507
2026-08-25,590019,VNDE00DF17C15,113-3796080-0252208,18999
2026-08-25,590019,VNDE00DF17C15,113-3979326-8258607,6458
2026-08-25,590019,VNDE00DF17C15,113-4264684-7393858,3798
2026-08-25,590019,VNDE00DF17C15,113-4478195-3529014,22900
2026-08-25,590019,VNDE00DF17C15,113-4725185-3559432,8598
2026-08-25,590019,VNDE00DF17C15,113-4819488-3581067,17091
2026-08-25,590019,VNDE00DF17C15,113-4906447-9793044,3278
2026-08-25,590019,VNDE00DF17C15,113-4965756-3283430,3477
2026-08-25,590019,VNDE00DF17C15,113-5109549-3461850,1899
2026-08-25,590019,VNDE00DF17C15,113-5595466-3780239,3650
2026-08-25,590019,VNDE00DF17C15,113-5621611-2485861,1299
2026-08-25,590019,VNDE00DF17C15,113-5705647-8004206,2673
2026-08-25,590019,VNDE00DF17C15,113-5714311-2177848,5938
2026-08-25,590019,VNDE00DF17C15,113-5827296-7723429,4097
2026-08-25,590019,VNDE00DF17C15,113-6099715-4472268 - A,4570
2026-08-25,590019,VNDE00DF17C15,113-6099715-4472268 - B,14531
2026-08-25,590019,VNDE00DF17C15,113-6174068-4716214,18525
2026-08-25,590019,VNDE00DF17C15,113-6184992-7272245,33565
2026-08-25,590019,VNDE00DF17C15,113-625130-1317806,86405
2026-08-25,590019,VNDE00DF17C15,113-625130-1317806-1,2542
2026-08-25,590019,VNDE00DF17C15,113-6341371-2020209,8598
2026-08-25,590019,VNDE00DF17C15,113-6383368-5078660,13680
2026-08-25,590019,VNDE00DF17C15,113-6542277-6953002,4392
2026-08-25,590019,VNDE00DF17C15,113-6627518-6823421,8487
2026-08-25,590019,VNDE00DF17C15,113-6668292-7402601,4299
2026-08-25,590019,VNDE00DF17C15,113-6798473-3937868,9315
2026-08-25,590019,VNDE00DF17C15,113-7180711-5857831,15700
2026-08-25,590019,VNDE00DF17C15,113-7319443-1669057,29999
2026-08-25,590019,VNDE00DF17C15,113-7337597-1481851-1,-6995
2026-08-25,590019,VNDE00DF17C15,113-7434054-5465030,7637
2026-08-25,590019,VNDE00DF17C15,113-7672480-7089026,6999
2026-08-25,590019,VNDE00DF17C15,113-7793628-1277012,11989
2026-08-25,590019,VNDE00DF17C15,113-7860909-8382638,42708
2026-08-25,590019,VNDE00DF17C15,113-7913386-6099459,10779
2026-08-25,590019,VNDE00DF17C15,113-8055899-6617045-1,4104
2026-08-25,590019,VNDE00DF17C15,113-8055899-6617045-2,24190
2026-08-25,590019,VNDE00DF17C15,113-8055899-6617045-3,19675
2026-08-25,590019,VNDE00DF17C15,113-8085797-5626602,15114
2026-08-25,590019,VNDE00DF17C15,113-8110206-7165817,9895
2026-08-25,590019,VNDE00DF17C15,113-8110206-7165817-1,-9895
2026-08-25,590019,VNDE00DF17C15,113-8332409-1742660,13850
2026-08-25,590019,VNDE00DF17C15,113-8524128-8286647,66746
2026-08-25,590019,VNDE00DF17C15,113-8583952-8710603,19596
2026-08-25,590019,VNDE00DF17C15,113-8631558-4045830,36528
2026-08-25,590019,VNDE00DF17C15,113-8989590-7437003,9899
2026-08-25,590019,VNDE00DF17C15,113-9176452-4957033,8995
2026-08-25,590019,VNDE00DF17C15,113-9337101-3960243,45190
2026-08-25,590019,VNDE00DF17C15,113-9337101-3960243-1,3596
2026-08-25,590019,VNDE00DF17C15,113-949518-4174649-1,-4529
2026-08-25,590019,VNDE00DF17C15,113-9495418-4174649,4529
2026-08-25,590019,VNDE00DF17C15,113-9607812-7560232,9853
2026-08-25,590019,VNDE00DF17C15,113-9806621-6953837,3550
2026-08-25,590019,VNDE00DF17C15,113-9866668-2513032,8598
2026-08-25,590019,VNDE00DF17C15,1132033821-6557846,13922
2026-08-25,590019,VNDE00DF17C15,1137-4721,5346
2026-08-25,590019,VNDE00DF17C15,114-0214134-0579450,3747
2026-08-25,590019,VNDE00DF17C15,114-0238966-3806603,6236
2026-08-25,590019,VNDE00DF17C15,114-0284760-2827406,2200
2026-08-25,590019,VNDE00DF17C15,114-0344678-7050666,35266
2026-08-25,590019,VNDE00DF17C15,114-0464736-8295421,20793
2026-08-25,590019,VNDE00DF17C15,114-0475268-0277048-10,-1552
2026-08-25,590019,VNDE00DF17C15,114-0475268-0277048-11,-2579
2026-08-25,590019,VNDE00DF17C15,114-0475268-0277048-12,-2699
2026-08-25,590019,VNDE00DF17C15,114-0475268-0277048-5,-11399
2026-08-25,590019,VNDE00DF17C15,114-0475268-0277048-8,-2699
2026-08-25,590019,VNDE00DF17C15,114-0475268-0277048-9,-2699
2026-08-25,590019,VNDE00DF17C15,114-0507588-9299411,6122
2026-08-25,590019,VNDE00DF17C15,114-0569282-2480202,19869
2026-08-25,590019,VNDE00DF17C15,114-0859684-6119411,78800
2026-08-25,590019,VNDE00DF17C15,114-0972762-6393005,25572
2026-08-25,590019,VNDE00DF17C15,114-1047887-1265002,3494
2026-08-25,590019,VNDE00DF17C15,114-1086058-9326602,109340
2026-08-25,590019,VNDE00DF17C15,114-1086058-9326602-1,6162
2026-08-25,590019,VNDE00DF17C15,114-1589581-2040218,35893
2026-08-25,590019,VNDE00DF17C15,114-2597121-7233847,60794
2026-08-25,590019,VNDE00DF17C15,114-2830696-1441866,20919
2026-08-25,590019,VNDE00DF17C15,114-2916815-7554636,11993
2026-08-25,590019,VNDE00DF17C15,114-2940298-8913801,946
2026-08-25,590019,VNDE00DF17C15,114-3499739-5259449,15184
2026-08-25,590019,VNDE00DF17C15,114-3499739-5259449-1,3672
2026-08-25,590019,VNDE00DF17C15,114-3542320-0997015,7722
2026-08-25,590019,VNDE00DF17C15,114-3591804-7615465,37996
2026-08-25,590019,VNDE00DF17C15,114-3624348-0307405,101499
2026-08-25,590019,VNDE00DF17C15,114-3649438-5130641,28110
2026-08-25,590019,VNDE00DF17C15,114-4067245-6199409,1500
2026-08-25,590019,VNDE00DF17C15,114-4165578-6951441,5935
2026-08-25,590019,VNDE00DF17C15,114-4497141-6041840,11999
2026-08-25,590019,VNDE00DF17C15,114-4574956-1547448,4620
2026-08-25,590019,VNDE00DF17C15,114-4574956-1547448-1,6930
2026-08-25,590019,VNDE00DF17C15,114-4628440-1647449,1138
2026-08-25,590019,VNDE00DF17C15,114-4662801-3473807,57337
2026-08-25,590019,VNDE00DF17C15,114-4829239-7589021,11378
2026-08-25,590019,VNDE00DF17C15,114-4846953-4165802,7839
2026-08-25,590019,VNDE00DF17C15,114-4891826-2231464,26563
2026-08-25,590019,VNDE00DF17C15,114-5076376-3315409,29402
2026-08-25,590019,VNDE00DF17C15,114-5140869-7110650,74834
2026-08-25,590019,VNDE00DF17C15,114-5174190-8123420,4000
2026-08-25,590019,VNDE00DF17C15,114-5174190-8123420-1,11016
2026-08-25,590019,VNDE00DF17C15,114-5181245-4448221,1519
2026-08-25,590019,VNDE00DF17C15,114-5248251-5485819,23883
2026-08-25,590019,VNDE00DF17C15,114-5628561-0520251,1709
2026-08-25,590019,VNDE00DF17C15,114-5646948-5087404,36680
2026-08-25,590019,VNDE00DF17C15,114-5690417-7814667,44990
2026-08-25,590019,VNDE00DF17C15,114-5718302-8325861,22955
2026-08-25,590019,VNDE00DF17C15,114-5787429-2729028,900
2026-08-25,590019,VNDE00DF17C15,114-6203523-0437012,2695
2026-08-25,590019,VNDE00DF17C15,114-6265313-2597814,5161
2026-08-25,590019,VNDE00DF17C15,114-6349504-9393064,4226
2026-08-25,590019,VNDE00DF17C15,114-6774671-7637826,16615
2026-08-25,590019,VNDE00DF17C15,114-6980122-458343-2,10667
2026-08-25,590019,VNDE00DF17C15,114-6980122-4583436,82407
2026-08-25,590019,VNDE00DF17C15,114-6980122-4583436-1,52618
2026-08-25,590019,VNDE00DF17C15,114-7149109-8881843,3354
2026-08-25,590019,VNDE00DF17C15,114-7151838-6349026,38073
2026-08-25,590019,VNDE00DF17C15,114-7285305-8282637,10642
2026-08-25,590019,VNDE00DF17C15,114-7286883-1186660,1399
2026-08-25,590019,VNDE00DF17C15,114-7766090-0952225,4388
2026-08-25,590019,VNDE00DF17C15,114-7766090-0952225-1,1798
2026-08-25,590019,VNDE00DF17C15,114-7795982-1064227,899
2026-08-25,590019,VNDE00DF17C15,114-7804761-6131404,9308
2026-08-25,590019,VNDE00DF17C15,114-7821563-8765052,1385
2026-08-25,590019,VNDE00DF17C15,114-7939759-0229861,27998
2026-08-25,590019,VNDE00DF17C15,114-8037457-9291457,3928
2026-08-25,590019,VNDE00DF17C15,114-8553338-5897820,9738
2026-08-25,590019,VNDE00DF17C15,114-8572364-9587427,11318
2026-08-25,590019,VNDE00DF17C15,114-8591610-7799451,2089
2026-08-25,590019,VNDE00DF17C15,114-8654934-7886664,8496
2026-08-25,590019,VNDE00DF17C15,114-8717829-8421842,3329
2026-08-25,590019,VNDE00DF17C15,114-8739522-5404249,29990
2026-08-25,590019,VNDE00DF17C15,114-8897967-9573016,4088
2026-08-25,590019,VNDE00DF17C15,114-8938039-1753833,5950
2026-08-25,590019,VNDE00DF17C15,114-9035546-3481057,17496
2026-08-25,590019,VNDE00DF17C15,114-9130536-1240250,12297
2026-08-25,590019,VNDE00DF17C15,114-9317850-9289051,19084
2026-08-25,590019,VNDE00DF17C15,114-9606458-8376229,4503
2026-08-25,590019,VNDE00DF17C15,114-9606458-8376229-1,-4503
2026-08-25,590019,VNDE00DF17C15,114-9667692-7250637,2999
2026-08-25,590019,VNDE00DF17C15,114-9812426-6606668,22952
2026-08-25,590019,VNDE00DF17C15,114-9980078-7416251,2082
2026-08-25,590019,VNDE00DF17C15,1148,119536
2026-08-25,590019,VNDE00DF17C15,1183 57R 037 519,3516
2026-08-25,590019,VNDE00DF17C15,1183 5FR 512 515,45647
2026-08-25,590019,VNDE00DF17C15,1183 5IR 063 771,31644
2026-08-25,590019,VNDE00DF17C15,1183 61R 066 614,4894
2026-08-25,590019,VNDE00DF17C15,1183 6CR 049 747,7542
2026-08-25,590019,VNDE00DF17C15,1183 6FR 054 304,45062
2026-08-25,590019,VNDE00DF17C15,1183 6GR 040 712,12551
2026-08-25,590019,VNDE00DF17C15,1183 6IR 039 872,22376
2026-08-25,590019,VNDE00DF17C15,1183 6MR 042 857,14279
2026-08-25,590019,VNDE00DF17C15,11835RR076939,1097
2026-08-25,590019,VNDE00DF17C15,119119-1,-400
2026-08-25,590019,VNDE00DF17C15,119119-2,-2464
2026-08-25,590019,VNDE00DF17C15,1198,143650
2026-08-25,590019,VNDE00DF17C15,1219,244780
2026-08-25,590019,VNDE00DF17C15,1220,214185
2026-08-25,590019,VNDE00DF17C15,1221,244820
2026-08-25,590019,VNDE00DF17C15,1222,230229
2026-08-25,590019,VNDE00DF17C15,122544-2026-SHALANDA MILLER,41900
2026-08-25,590019,VNDE00DF17C15,1264718,105964
2026-08-25,590019,VNDE00DF17C15,1264925,25346
2026-08-25,590019,VNDE00DF17C15,12Y-6E0,71028
2026-08-25,590019,VNDE00DF17C15,1304189338,16282
2026-08-25,590019,VNDE00DF17C15,13491,35736
2026-08-25,590019,VNDE00DF17C15,13520,21870
2026-08-25,590019,VNDE00DF17C15,13896,248580
2026-08-25,590019,VNDE00DF17C15,139-RW5,244000
2026-08-25,590019,VNDE00DF17C15,1390-3272,2500
2026-08-25,590019,VNDE00DF17C15,13901,247222
2026-08-25,590019,VNDE00DF17C15,13W-AFW,39332
2026-08-25,590019,VNDE00DF17C15,14114,96000
2026-08-25,590019,VNDE00DF17C15,1421 6334 2705 7110 525,1248
2026-08-25,590019,VNDE00DF17C15,14821-1 MICHELLE VIALET,-3054
2026-08-25,590019,VNDE00DF17C15,150-4CH,78450
2026-08-25,590019,VNDE00DF17C15,150-4CH-1,-2000
2026-08-25,590019,VNDE00DF17C15,15101,56622
2026-08-25,590019,VNDE00DF17C15,15537870,2794
2026-08-25,590019,VNDE00DF17C15,15723752,2794
2026-08-25,590019,VNDE00DF17C15,1586951130,197325
2026-08-25,590019,VNDE00DF17C15,1603823,42351
2026-08-25,590019,VNDE00DF17C15,1672-2027,385531
2026-08-25,590019,VNDE00DF17C15,1779175248,21600
2026-08-25,590019,VNDE00DF17C15,1781853711,21600
2026-08-25,590019,VNDE00DF17C15,179940-2026-JUSTIN BERGER,33400
2026-08-25,590019,VNDE00DF17C15,1895-3103,48894
2026-08-25,590019,VNDE00DF17C15,1907-0118,5346
2026-08-25,590019,VNDE00DF17C15,1942-9882,45198
2026-08-25,590019,VNDE00DF17C15,1CT-ZEY,51325
2026-08-25,590019,VNDE00DF17C15,1R5-FPQ,61247
2026-08-25,590019,VNDE00DF17C15,1VC-AFW,40998
2026-08-25,590019,VNDE00DF17C15,1W9-36C,69421
2026-08-25,590019,VNDE00DF17C15,2000145-52559002,3188
2026-08-25,590019,VNDE00DF17C15,200014552559002-1,-3188
2026-08-25,590019,VNDE00DF17C15,2000147-27871074,48396
2026-08-25,590019,VNDE00DF17C15,200456-2026-JENNIFER CULLER,35900
2026-08-25,590019,VNDE00DF17C15,2026-04-MARCONE CANGUSSU,9007
2026-08-25,590019,VNDE00DF17C15,2026-05-STEVEN CARROLL,18048
2026-08-25,590019,VNDE00DF17C15,2026-06-STEVEN CAROLL,9001
2026-08-25,590019,VNDE00DF17C15,2026-06-STEVEN CAROLL-2,9010
2026-08-25,590019,VNDE00DF17C15,206490-0,38940
2026-08-25,590019,VNDE00DF17C15,207185570,61252
2026-08-25,590019,VNDE00DF17C15,207607797,204965
2026-08-25,590019,VNDE00DF17C15,207658989,217117
2026-08-25,590019,VNDE00DF17C15,207686207,142367
2026-08-25,590019,VNDE00DF17C15,208244170,3000
2026-08-25,590019,VNDE00DF17C15,208788530,181417
2026-08-25,590019,VNDE00DF17C15,209036364,151017
2026-08-25,590019,VNDE00DF17C15,209641380,98710
2026-08-25,590019,VNDE00DF17C15,21392979,8350
2026-08-25,590019,VNDE00DF17C15,215007-2026-BRAD BOWMAN,34400
2026-08-25,590019,VNDE00DF17C15,226726-2026-CHAD ALEXIS,34400
2026-08-25,590019,VNDE00DF17C15,24492166141100069733873,32345
2026-08-25,590019,VNDE00DF17C15,24750766137900010802093,49500
2026-08-25,590019,VNDE00DF17C15,2542570SAN,83795
2026-08-25,590019,VNDE00DF17C15,2558,80000
2026-08-25,590019,VNDE00DF17C15,2592534SAN,9332
2026-08-25,590019,VNDE00DF17C15,26004,13485
2026-08-25,590019,VNDE00DF17C15,2606,15300
2026-08-25,590019,VNDE00DF17C15,2607,15300
2026-08-25,590019,VNDE00DF17C15,2609,15300
2026-08-25,590019,VNDE00DF17C15,26164,9500
2026-08-25,590019,VNDE00DF17C15,265822-2026-NADIA SALEEM,36900
2026-08-25,590019,VNDE00DF17C15,266430-2026-RODNEY FLOYD,41900
2026-08-25,590019,VNDE00DF17C15,272405012-2026-05,2500
2026-08-25,590019,VNDE00DF17C15,272405012-2026-06,2500
2026-08-25,590019,VNDE00DF17C15,275740-2026-YOUNG WOO ANN,36400
2026-08-25,590019,VNDE00DF17C15,290286-2026-LANCE HARVEY,34900
2026-08-25,590019,VNDE00DF17C15,2986D4099C24F599E89E8F249137,6000
2026-08-25,590019,VNDE00DF17C15,2RE-JXZ,52123
2026-08-25,590019,VNDE00DF17C15,30323-2026-DOMINIQUE MARTINE,35400
2026-08-25,590019,VNDE00DF17C15,304653067-2026-06,800
2026-08-25,590019,VNDE00DF17C15,314371-2026-VICTORIA KEALY,33400
2026-08-25,590019,VNDE00DF17C15,31603-2026-CHRISTOPHER BOUND,33400
2026-08-25,590019,VNDE00DF17C15,316673570,10000
2026-08-25,590019,VNDE00DF17C15,316673570-1,300
2026-08-25,590019,VNDE00DF17C15,326-YCZ,16550
2026-08-25,590019,VNDE00DF17C15,3352560,109230
2026-08-25,590019,VNDE00DF17C15,3355581,70000
2026-08-25,590019,VNDE00DF17C15,3367470,95921
2026-08-25,590019,VNDE00DF17C15,341902-2026-SPENCER PECK,38400
2026-08-25,590019,VNDE00DF17C15,34196,9000
2026-08-25,590019,VNDE00DF17C15,34234,4500
2026-08-25,590019,VNDE00DF17C15,349804,236000
2026-08-25,590019,VNDE00DF17C15,350097,39000
2026-08-25,590019,VNDE00DF17C15,351396,4392
2026-08-25,590019,VNDE00DF17C15,352241,4652
2026-08-25,590019,VNDE00DF17C15,352639,1456
2026-08-25,590019,VNDE00DF17C15,352726,15552
2026-08-25,590019,VNDE00DF17C15,352873,38880
2026-08-25,590019,VNDE00DF17C15,353610,5800
2026-08-25,590019,VNDE00DF17C15,353810,5800
2026-08-25,590019,VNDE00DF17C15,354420,15000
2026-08-25,590019,VNDE00DF17C15,354615,43283
2026-08-25,590019,VNDE00DF17C15,354794,43283
2026-08-25,590019,VNDE00DF17C15,355468,30465
2026-08-25,590019,VNDE00DF17C15,360732-2026-LI LIUSAPP,37400
2026-08-25,590019,VNDE00DF17C15,3642958,136811
2026-08-25,590019,VNDE00DF17C15,374760 - BRAD BOWMAN,2995
2026-08-25,590019,VNDE00DF17C15,374760 - DAVID LOWMAN,2995
2026-08-25,590019,VNDE00DF17C15,374760- CHAD ALEXIS,2995
2026-08-25,590019,VNDE00DF17C15,374760-EUGENE SMITH,2995
2026-08-25,590019,VNDE00DF17C15,374760-FRANCESCA BLACK,2995
2026-08-25,590019,VNDE00DF17C15,374760-JENNIFER CULLER,2995
2026-08-25,590019,VNDE00DF17C15,374760-VICTORIA KEALY,2995
2026-08-25,590019,VNDE00DF17C15,385817-2026-SOO JO,39400
2026-08-25,590019,VNDE00DF17C15,39065,31300
2026-08-25,590019,VNDE00DF17C15,392252-2026-KATHERINE JAYNE,36900
2026-08-25,590019,VNDE00DF17C15,3G4-EPY,20100
2026-08-25,590019,VNDE00DF17C15,3PQ-XJ5,35334
2026-08-25,590019,VNDE00DF17C15,3Y2-4EZ,15800
2026-08-25,590019,VNDE00DF17C15,3ZQ-4KG,78205
2026-08-25,590019,VNDE00DF17C15,4072327176,2319
2026-08-25,590019,VNDE00DF17C15,40824,40000
2026-08-25,590019,VNDE00DF17C15,4087498880,2319
2026-08-25,590019,VNDE00DF17C15,4095590136,27588
2026-08-25,590019,VNDE00DF17C15,4101513497,2319
2026-08-25,590019,VNDE00DF17C15,4102295873,4818
2026-08-25,590019,VNDE00DF17C15,4111140843,2319
2026-08-25,590019,VNDE00DF17C15,4111807850,4638
2026-08-25,590019,VNDE00DF17C15,4115963163,2319
2026-08-25,590019,VNDE00DF17C15,43175554889433089,33750
2026-08-25,590019,VNDE00DF17C15,460298-2026-DAVID LOWMAN,34400
2026-08-25,590019,VNDE00DF17C15,460935-2026-DETRISS THOMAS,34400
2026-08-25,590019,VNDE00DF17C15,465271077001,24428
2026-08-25,590019,VNDE00DF17C15,465271077002,24062
2026-08-25,590019,VNDE00DF17C15,470661210001,6912
2026-08-25,590019,VNDE00DF17C15,472137310001,31713
2026-08-25,590019,VNDE00DF17C15,473913239001,16316
2026-08-25,590019,VNDE00DF17C15,478172,183995
2026-08-25,590019,VNDE00DF17C15,494345-2026-JASMINE REESE,32400
2026-08-25,590019,VNDE00DF17C15,497507-2026-LAUREN HANSFORD,34400
2026-08-25,590019,VNDE00DF17C15,4V5-YQH,57000
2026-08-25,590019,VNDE00DF17C15,4XT-WZG,119873
2026-08-25,590019,VNDE00DF17C15,51254411,116017
2026-08-25,590019,VNDE00DF17C15,52405643024,49275
2026-08-25,590019,VNDE00DF17C15,52829221008,24244
2026-08-25,590019,VNDE00DF17C15,5342927602,12541
2026-08-25,590019,VNDE00DF17C15,53574,32500
2026-08-25,590019,VNDE00DF17C15,53575,975
2026-08-25,590019,VNDE00DF17C15,541181-2026-ELLEN ABT,35400
2026-08-25,590019,VNDE00DF17C15,54338838,156977
2026-08-25,590019,VNDE00DF17C15,551884-2026-SARA WHITE,33400
2026-08-25,590019,VNDE00DF17C15,580100004,1089
2026-08-25,590019,VNDE00DF17C15,5801719,14000
2026-08-25,590019,VNDE00DF17C15,5905 1596 1375 3607 3794 4,20719
2026-08-25,590019,VNDE00DF17C15,597541-2026-HERMISE PIERRE,35400
2026-08-25,590019,VNDE00DF17C15,5R3-650,16563
2026-08-25,590019,VNDE00DF17C15,6061393475,23312
2026-08-25,590019,VNDE00DF17C15,6061533745,6297
2026-08-25,590019,VNDE00DF17C15,6064348141,7457
2026-08-25,590019,VNDE00DF17C15,615356027521,22984
2026-08-25,590019,VNDE00DF17C15,62443,19519
2026-08-25,590019,VNDE00DF17C15,657050-2026-EUGENE SMITH,36900
2026-08-25,590019,VNDE00DF17C15,66949,9340
2026-08-25,590019,VNDE00DF17C15,6700,139399
2026-08-25,590019,VNDE00DF17C15,68786.400003713,146257
2026-08-25,590019,VNDE00DF17C15,6916123,8695
2026-08-25,590019,VNDE00DF17C15,697934,7065
2026-08-25,590019,VNDE00DF17C15,698637,4532
2026-08-25,590019,VNDE00DF17C15,698770,1133
2026-08-25,590019,VNDE00DF17C15,6H7-A0H,56050
2026-08-25,590019,VNDE00DF17C15,7094 6377 1134 5829 8588 8,57669
2026-08-25,590019,VNDE00DF17C15,744594,20000
2026-08-25,590019,VNDE00DF17C15,74692166115400285441797,-2996
2026-08-25,590019,VNDE00DF17C15,7679376168,3946
2026-08-25,590019,VNDE00DF17C15,7679411578,104940
2026-08-25,590019,VNDE00DF17C15,7679411578-1,-22737
2026-08-25,590019,VNDE00DF17C15,7679411578-2,-6996
2026-08-25,590019,VNDE00DF17C15,7679411578-3,-1749
2026-08-25,590019,VNDE00DF17C15,7679468689,79720
2026-08-25,590019,VNDE00DF17C15,768014-7417-000001,8147
2026-08-25,590019,VNDE00DF17C15,7681049167,30177
2026-08-25,590019,VNDE00DF17C15,768107-5956-000001,2688
2026-08-25,590019,VNDE00DF17C15,768107-5956-000002,3311
2026-08-25,590019,VNDE00DF17C15,772988-2026-FRANCESCA BLACK,36400
2026-08-25,590019,VNDE00DF17C15,775060-2026-KAY BURWELL,38400
2026-08-25,590019,VNDE00DF17C15,7831,246517
2026-08-25,590019,VNDE00DF17C15,7832,197499
2026-08-25,590019,VNDE00DF17C15,78479,15201
2026-08-25,590019,VNDE00DF17C15,7914907500,228828
2026-08-25,590019,VNDE00DF17C15,791584-3180-000001,26874
2026-08-25,590019,VNDE00DF17C15,791592-5764-000001,11876
2026-08-25,590019,VNDE00DF17C15,7UW-7JV,52123
2026-08-25,590019,VNDE00DF17C15,800000046324860,11664
2026-08-25,590019,VNDE00DF17C15,810867-2026-THOMAS WHITLEY,36900
2026-08-25,590019,VNDE00DF17C15,81200897,40995
2026-08-25,590019,VNDE00DF17C15,8408256590,753
2026-08-25,590019,VNDE00DF17C15,8408302395,7972
2026-08-25,590019,VNDE00DF17C15,8408323833,753
2026-08-25,590019,VNDE00DF17C15,8408344619,30587
2026-08-25,590019,VNDE00DF17C15,8408390770,26901
2026-08-25,590019,VNDE00DF17C15,86679,163111
2026-08-25,590019,VNDE00DF17C15,86792,88133
2026-08-25,590019,VNDE00DF17C15,86850,60541
2026-08-25,590019,VNDE00DF17C15,9028-26,244200
2026-08-25,590019,VNDE00DF17C15,9050,3500
2026-08-25,590019,VNDE00DF17C15,9111210488,77231
2026-08-25,590019,VNDE00DF17C15,9111297731,77231
2026-08-25,590019,VNDE00DF17C15,917684519,29650
2026-08-25,590019,VNDE00DF17C15,9183,57500
2026-08-25,590019,VNDE00DF17C15,9266368863,5199
2026-08-25,590019,VNDE00DF17C15,9266370133,5199
2026-08-25,590019,VNDE00DF17C15,9266372206,5199
2026-08-25,590019,VNDE00DF17C15,9377674364,66800
2026-08-25,590019,VNDE00DF17C15,953-XM3,53420
2026-08-25,590019,VNDE00DF17C15,9635359720193,349900
2026-08-25,590019,VNDE00DF17C15,970453-2026-HIRSHEL HALL,36900
2026-08-25,590019,VNDE00DF17C15,975974,19952
2026-08-25,590019,VNDE00DF17C15,98151,14458
2026-08-25,590019,VNDE00DF17C15,98152,35986
2026-08-25,590019,VNDE00DF17C15,9944140871,125800
2026-08-25,590019,VNDE00DF17C15,999279-2026-SEAN GARRETT,35400
2026-08-25,590019,VNDE00DF17C15,AAK-Q2J,16464
2026-08-25,590019,VNDE00DF17C15,ADJ2526937SAN,171700
2026-08-25,590019,VNDE00DF17C15,AE317D5A,14516
2026-08-25,590019,VNDE00DF17C15,ANC-2026009656,9500
2026-08-25,590019,VNDE00DF17C15,AZGA12Q26V,5199
2026-08-25,590019,VNDE00DF17C15,AZGA12Q5QV,5199
2026-08-25,590019,VNDE00DF17C15,AZGA12Q5Y3,5199
2026-08-25,590019,VNDE00DF17C15,AZGA12Q75G,5199
2026-08-25,590019,VNDE00DF17C15,AZGA12R1VR,5199
2026-08-25,590019,VNDE00DF17C15,BJ0P5D3DC3ED,15000
2026-08-25,590019,VNDE00DF17C15,BM0P5F9A8F03,15000
2026-08-25,590019,VNDE00DF17C15,BO0P01B937B6,40000
2026-08-25,590019,VNDE00DF17C15,BO0P02F20B55,35000
2026-08-25,590019,VNDE00DF17C15,C7P-XJU,59270
2026-08-25,590019,VNDE00DF17C15,CASH-14185,32400
2026-08-25,590019,VNDE00DF17C15,CASH-14709,32400
2026-08-25,590019,VNDE00DF17C15,CASH-16030,32400
2026-08-25,590019,VNDE00DF17C15,CASH-21115,32400
2026-08-25,590019,VNDE00DF17C15,CASH-44278,32400
2026-08-25,590019,VNDE00DF17C15,CASH-45466,36400
2026-08-25,590019,VNDE00DF17C15,CASH-45745,32400
2026-08-25,590019,VNDE00DF17C15,CASH-64690,32400
2026-08-25,590019,VNDE00DF17C15,CASH-66584,32400
2026-08-25,590019,VNDE00DF17C15,CASH-68192,32400
2026-08-25,590019,VNDE00DF17C15,CASH-71114,32400
2026-08-25,590019,VNDE00DF17C15,CASH-71613,32400
2026-08-25,590019,VNDE00DF17C15,CASH-73041,32400
2026-08-25,590019,VNDE00DF17C15,CH_3TS0WPCOGUA9VTUC0GJBUQ1I,230400
2026-08-25,590019,VNDE00DF17C15,CQ1-KQP,249975
2026-08-25,590019,VNDE00DF17C15,CR1-79P,74537
2026-08-25,590019,VNDE00DF17C15,CSL0610139,144368
2026-08-25,590019,VNDE00DF17C15,CY8-4JR,12597
2026-08-25,590019,VNDE00DF17C15,D-S4YCPCUY,2255
2026-08-25,590019,VNDE00DF17C15,D006CB24-0080,12900
2026-08-25,590019,VNDE00DF17C15,D006CB24-0081,12900
2026-08-25,590019,VNDE00DF17C15,EF2026-06172026-0046,75000
2026-08-25,590019,VNDE00DF17C15,FQ7-ZWW,47469
2026-08-25,590019,VNDE00DF17C15,G1P-X67,57750
2026-08-25,590019,VNDE00DF17C15,GYP-FXT,62100
2026-08-25,590019,VNDE00DF17C15,HG6-3T6,18000
2026-08-25,590019,VNDE00DF17C15,HQ9-PWA,17190
2026-08-25,590019,VNDE00DF17C15,HQ9-PWA-1,-550
2026-08-25,590019,VNDE00DF17C15,HR052026,180800
2026-08-25,590019,VNDE00DF17C15,HTM-CW7,129250
2026-08-25,590019,VNDE00DF17C15,INV-0057,45463
2026-08-25,590019,VNDE00DF17C15,INV-009934956,5088
2026-08-25,590019,VNDE00DF17C15,INV12152112,36316
2026-08-25,590019,VNDE00DF17C15,INV12152118,36316
2026-08-25,590019,VNDE00DF17C15,INV18739668,1995
2026-08-25,590019,VNDE00DF17C15,INV18980005,1995
2026-08-25,590019,VNDE00DF17C15,J9BDYBZM-0009,22000
2026-08-25,590019,VNDE00DF17C15,J9BDYBZM-0010,22000
2026-08-25,590019,VNDE00DF17C15,JY2-JZ9,12593
2026-08-25,590019,VNDE00DF17C15,K1T-850,28500
2026-08-25,590019,VNDE00DF17C15,K49-VMW,33485
2026-08-25,590019,VNDE00DF17C15,KWG-C9G,18880
2026-08-25,590019,VNDE00DF17C15,MC18605123,4500
2026-08-25,590019,VNDE00DF17C15,MC18816755,19800
2026-08-25,590019,VNDE00DF17C15,MC21878923,64000
2026-08-25,590019,VNDE00DF17C15,MC22165947,64000
2026-08-25,590019,VNDE00DF17C15,MC23109095,4400
2026-08-25,590019,VNDE00DF17C15,MC23303287,4400
2026-08-25,590019,VNDE00DF17C15,MC26438519,63000
2026-08-25,590019,VNDE00DF17C15,MC26625963,63000
2026-08-25,590019,VNDE00DF17C15,MF6-C3R,96950
2026-08-25,590019,VNDE00DF17C15,OE-507898,4092
2026-08-25,590019,VNDE00DF17C15,OE-QT-24099-1,178267
2026-08-25,590019,VNDE00DF17C15,OE-QT-24317-1,201795
2026-08-25,590019,VNDE00DF17C15,OE-QT-24491,115535
2026-08-25,590019,VNDE00DF17C15,PD139195,34165
2026-08-25,590019,VNDE00DF17C15,PP79KY(2),-8790
2026-08-25,590019,VNDE00DF17C15,Q06-56P,211800
2026-08-25,590019,VNDE00DF17C15,QYZ-E15,245300
2026-08-25,590019,VNDE00DF17C15,R91-MZ0,20844
2026-08-25,590019,VNDE00DF17C15,R9J-9FG,249487
2026-08-25,590019,VNDE00DF17C15,RA459D-BCDC4,95244
2026-08-25,590019,VNDE00DF17C15,RAP-0PQ,58626
2026-08-25,590019,VNDE00DF17C15,RCEE43EXNJ9Q-2026-06,1999
2026-08-25,590019,VNDE00DF17C15,RCPH2GH4BKE8-2026-06,1196
2026-08-25,590019,VNDE00DF17C15,REQ-23629308,7258
2026-08-25,590019,VNDE00DF17C15,RQV-RCV,55110
2026-08-25,590019,VNDE00DF17C15,TK07869,141000
2026-08-25,590019,VNDE00DF17C15,U7M-7QY,53715
2026-08-25,590019,VNDE00DF17C15,UT4-U8A,18480
2026-08-25,590019,VNDE00DF17C15,UWH-4KK,58626
2026-08-25,590019,VNDE00DF17C15,UZC-WA6,35379
2026-08-25,590019,VNDE00DF17C15,VM8-GT4,46200
2026-08-25,590019,VNDE00DF17C15,WFD-5140,150175
2026-08-25,590019,VNDE00DF17C15,XZQ8VQD4-0003,50000
2026-08-25,590019,VNDE00DF17C15,Y2X-CX2,51325
2026-08-25,590019,VNDE00DF17C15,Y73-GF9,20100
2026-08-25,590019,VNDE00DF17C15,Y9Y-WJW,68599
2026-08-25,590019,VNDE00DF17C15,YGF-Y8Z,27297
2026-08-25,590019,VNDE00DF17C15,Z5C-TVR,244000
2026-08-25,590019,VNDE00DF17C15,ZT5-XYA,249975
2026-08-25,590019,VNDE00DF17C15,ZUX-36H,248500
2026-08-25,590020,VNDE00DF17C15,0000W300W3176,3202
2026-08-25,590020,VNDE00DF17C15,0000W300W3226,1739
2026-08-25,590020,VNDE00DF17C15,0001096-1,-12500
2026-08-25,590020,VNDE00DF17C15,000378508,69800
2026-08-25,590020,VNDE00DF17C15,000562553,2500
2026-08-25,590020,VNDE00DF17C15,001160-2026-URAL GLANVILLE,32400
2026-08-25,590020,VNDE00DF17C15,003790-2026-JUDGE SCHWALL,34400
2026-08-25,590020,VNDE00DF17C15,005006-2026-ALLYN PARSONS,32400
2026-08-25,590020,VNDE00DF17C15,0051312-IN,19200
2026-08-25,590020,VNDE00DF17C15,0051313-IN,32300
2026-08-25,590020,VNDE00DF17C15,0074514-IN,50000
2026-08-25,590020,VNDE00DF17C15,011488,-1783
2026-08-25,590020,VNDE00DF17C15,0159 13 34192,17504
2026-08-25,590020,VNDE00DF17C15,01K-3R9-1,-4493
2026-08-25,590020,VNDE00DF17C15,02037,10959
2026-08-25,590020,VNDE00DF17C15,02090,43495
2026-08-25,590020,VNDE00DF17C15,021,30000
2026-08-25,590020,VNDE00DF17C15,022,50000
2026-08-25,590020,VNDE00DF17C15,0235341,101250
2026-08-25,590020,VNDE00DF17C15,0245685,66738
2026-08-25,590020,VNDE00DF17C15,035519,1290
2026-08-25,590020,VNDE00DF17C15,03G-4HH,19735
2026-08-25,590020,VNDE00DF17C15,0426243478,103000
2026-08-25,590020,VNDE00DF17C15,04869-16460830,11449
2026-08-25,590020,VNDE00DF17C15,04900 -37665564,11449
2026-08-25,590020,VNDE00DF17C15,05012026,248400
2026-08-25,590020,VNDE00DF17C15,051571,1290
2026-08-25,590020,VNDE00DF17C15,054826,225000
2026-08-25,590020,VNDE00DF17C15,0609-2026,35000
2026-08-25,590020,VNDE00DF17C15,06926,30000
2026-08-25,590020,VNDE00DF17C15,0741947-IN,10470
2026-08-25,590020,VNDE00DF17C15,0741976-IN,36919
2026-08-25,590020,VNDE00DF17C15,0776 51R 011 745,7998
2026-08-25,590020,VNDE00DF17C15,0776 64R 026 532,11592
2026-08-25,590020,VNDE00DF17C15,0787,12875
2026-08-25,590020,VNDE00DF17C15,100-6078262-0359434,28048
2026-08-25,590020,VNDE00DF17C15,10001491877167,27500
2026-08-25,590020,VNDE00DF17C15,10001493049425,27500
2026-08-25,590020,VNDE00DF17C15,10001493049857,27500
2026-08-25,590020,VNDE00DF17C15,10001500826730,253800
2026-08-25,590020,VNDE00DF17C15,10001501688519,55000
2026-08-25,590020,VNDE00DF17C15,10001501688943,27500
2026-08-25,590020,VNDE00DF17C15,10004,9000
2026-08-25,590020,VNDE00DF17C15,1008,120000
2026-08-25,590020,VNDE00DF17C15,102165,2500
2026-08-25,590020,VNDE00DF17C15,1046287,25888
2026-08-25,590020,VNDE00DF17C15,1098293,29000
2026-08-25,590020,VNDE00DF17C15,11-6586966-5020221,14481
2026-08-25,590020,VNDE00DF17C15,1100283116,54996
2026-08-25,590020,VNDE00DF17C15,1100305815,46531
2026-08-25,590020,VNDE00DF17C15,111-0904180-2765857,36344
2026-08-25,590020,VNDE00DF17C15,111-1449470-5272218,4494
2026-08-25,590020,VNDE00DF17C15,111-1602629-9964234,16999
2026-08-25,590020,VNDE00DF17C15,111-1837728-3061065,699
2026-08-25,590020,VNDE00DF17C15,111-2053272-4396245,11779
2026-08-25,590020,VNDE00DF17C15,111-2096320-2477821,9888
2026-08-25,590020,VNDE00DF17C15,111-2218302-6352269,9205
2026-08-25,590020,VNDE00DF17C15,111-2243344-4438653,31557
2026-08-25,590020,VNDE00DF17C15,111-2354388-2238615,2499
2026-08-25,590020,VNDE00DF17C15,111-2707471-9292223,15225
2026-08-25,590020,VNDE00DF17C15,111-3402422-5649815,14198
2026-08-25,590020,VNDE00DF17C15,111-3649665-0782608,0
2026-08-25,590020,VNDE00DF17C15,111-3807023-9405011,27549
2026-08-25,590020,VNDE00DF17C15,111-4152668-8733066,24131
2026-08-25,590020,VNDE00DF17C15,111-4653257-7073844,6694
2026-08-25,590020,VNDE00DF17C15,111-4653257-7073844-1,-6694
2026-08-25,590020,VNDE00DF17C15,111-4675479-6020232,4734
2026-08-25,590020,VNDE00DF17C15,111-5295588-4711442,4945
2026-08-25,590020,VNDE00DF17C15,111-5504802-4612217,698
2026-08-25,590020,VNDE00DF17C15,111-5626480-4781002,998
2026-08-25,590020,VNDE00DF17C15,111-5778434-4789842,2695
2026-08-25,590020,VNDE00DF17C15,111-5891280-9217039,2820
2026-08-25,590020,VNDE00DF17C15,111-6224380-4747452,27992
2026-08-25,590020,VNDE00DF17C15,111-6978866-5229003,33304
2026-08-25,590020,VNDE00DF17C15,111-6981053-9686662,12264
2026-08-25,590020,VNDE00DF17C15,111-7560681-2489824,14790
2026-08-25,590020,VNDE00DF17C15,111-8054303-9199417,356
2026-08-25,590020,VNDE00DF17C15,111-8054303-9199417-1,356
2026-08-25,590020,VNDE00DF17C15,111-8259746-0728245,2655
2026-08-25,590020,VNDE00DF17C15,111-8454405-2251413,811
2026-08-25,590020,VNDE00DF17C15,111-8482263-7974632,88741
2026-08-25,590020,VNDE00DF17C15,111-8482263-7974632-1,14817
2026-08-25,590020,VNDE00DF17C15,111-8604188-2666649,899
2026-08-25,590020,VNDE00DF17C15,111-8623760-3754630,24240
2026-08-25,590020,VNDE00DF17C15,111-9045414-0279401,1736
2026-08-25,590020,VNDE00DF17C15,111-9384786-5141003,4262
2026-08-25,590020,VNDE00DF17C15,111-9538768-9719448,11999
2026-08-25,590020,VNDE00DF17C15,111-9620698-0559464,1658
2026-08-25,590020,VNDE00DF17C15,1114152668-8733066-1,1708
2026-08-25,590020,VNDE00DF17C15,112-0389494-6132257,4972
2026-08-25,590020,VNDE00DF17C15,112-0476123-5510619,3423
2026-08-25,590020,VNDE00DF17C15,112-0684213-9583422,13299
2026-08-25,590020,VNDE00DF17C15,112-1042328-1392202,897
2026-08-25,590020,VNDE00DF17C15,112-2334465-0761031,6837
2026-08-25,590020,VNDE00DF17C15,112-3166386-0855412,3132
2026-08-25,590020,VNDE00DF17C15,112-3166386-0855412-1,-3132
2026-08-25,590020,VNDE00DF17C15,112-3225909-6882617-1,-4217
2026-08-25,590020,VNDE00DF17C15,112-3241933-2046634,6499
2026-08-25,590020,VNDE00DF17C15,112-3620988-9571409,3799
2026-08-25,590020,VNDE00DF17C15,112-3698726-0386626,65124
2026-08-25,590020,VNDE00DF17C15,112-3880962-8650652,27998
2026-08-25,590020,VNDE00DF17C15,112-4281775-9761850,1199
2026-08-25,590020,VNDE00DF17C15,112-4547776-1586600,4717
2026-08-25,590020,VNDE00DF17C15,112-4961500-0037833,31798
2026-08-25,590020,VNDE00DF17C15,112-4988696-9098602,2599
2026-08-25,590020,VNDE00DF17C15,112-4988696-9098602-2,-2599
2026-08-25,590020,VNDE00DF17C15,112-5425141-4494645,17564
2026-08-25,590020,VNDE00DF17C15,112-5518559-5221850,5663
2026-08-25,590020,VNDE00DF17C15,112-5638473-6189051,12798
2026-08-25,590020,VNDE00DF17C15,112-5715184-7676268,1499
2026-08-25,590020,VNDE00DF17C15,112-5919546-1561859,6999
2026-08-25,590020,VNDE00DF17C15,112-5981293-3569841,25998
2026-08-25,590020,VNDE00DF17C15,112-6071589-8891455,2199
2026-08-25,590020,VNDE00DF17C15,112-6980151-2685833,7457
2026-08-25,590020,VNDE00DF17C15,112-7473311-1495467,1930
2026-08-25,590020,VNDE00DF17C15,112-7640446-4524264,1788
2026-08-25,590020,VNDE00DF17C15,112-7774533-0949855,26599
2026-08-25,590020,VNDE00DF17C15,112-7898733-6378654,8520
2026-08-25,590020,VNDE00DF17C15,112-7952088-0605009,13299
2026-08-25,590020,VNDE00DF17C15,112-8124884-7124243,28178
2026-08-25,590020,VNDE00DF17C15,112-8224231-3413049,899
2026-08-25,590020,VNDE00DF17C15,112-9096175-1807450,11097
2026-08-25,590020,VNDE00DF17C15,112-9116635-2029055,4894
2026-08-25,590020,VNDE00DF17C15,112-9116635-2029055-1,21981
2026-08-25,590020,VNDE00DF17C15,113-0753143-2389016,17997
2026-08-25,590020,VNDE00DF17C15,113-0887769-1977852,2849
2026-08-25,590020,VNDE00DF17C15,113-1624328-7070654,4597
2026-08-25,590020,VNDE00DF17C15,113-1934112-2533064,4486
2026-08-25,590020,VNDE00DF17C15,113-2576853-2511452,4897
2026-08-25,590020,VNDE00DF17C15,113-2768398-8737822,1888
2026-08-25,590020,VNDE00DF17C15,113-3192693-0789844,4895
2026-08-25,590020,VNDE00DF17C15,113-3278085-8982656,9581
2026-08-25,590020,VNDE00DF17C15,113-3301020-1677843,16985
2026-08-25,590020,VNDE00DF17C15,113-3994983-2024256,13249
2026-08-25,590020,VNDE00DF17C15,113-4058990-9005834,2879
2026-08-25,590020,VNDE00DF17C15,113-4669267-9701827-1,-17721
2026-08-25,590020,VNDE00DF17C15,113-4776187-3954638,23568
2026-08-25,590020,VNDE00DF17C15,113-4814851-5645049,4050
2026-08-25,590020,VNDE00DF17C15,113-5883408-8599413,5879
2026-08-25,590020,VNDE00DF17C15,113-6575082-5205862,3879
2026-08-25,590020,VNDE00DF17C15,113-6658774-0356217,3777
2026-08-25,590020,VNDE00DF17C15,113-6774913-8040215,7319
2026-08-25,590020,VNDE00DF17C15,113-6781049-5680200,2499
2026-08-25,590020,VNDE00DF17C15,113-6831648-2105813,99695
2026-08-25,590020,VNDE00DF17C15,113-6877207-0092232,2399
2026-08-25,590020,VNDE00DF17C15,113-7006543-9517859,14906
2026-08-25,590020,VNDE00DF17C15,113-7148012-9917024,3649
2026-08-25,590020,VNDE00DF17C15,113-7435549-8509826,3134
2026-08-25,590020,VNDE00DF17C15,113-7525008-0025845,2378
2026-08-25,590020,VNDE00DF17C15,113-7859676-1097835,5297
2026-08-25,590020,VNDE00DF17C15,113-8065303-0666630,3710
2026-08-25,590020,VNDE00DF17C15,113-8315962-1493863,2333
2026-08-25,590020,VNDE00DF17C15,113-8376523-8699456,4368
2026-08-25,590020,VNDE00DF17C15,113-8514507-5157840,14990
2026-08-25,590020,VNDE00DF17C15,113-8574718-0069814-1,-18198
2026-08-25,590020,VNDE00DF17C15,113-8777682-4925831,4853
2026-08-25,590020,VNDE00DF17C15,113-8993805-0124207,3134
2026-08-25,590020,VNDE00DF17C15,113-9173142-6741039,11206
2026-08-25,590020,VNDE00DF17C15,113-9228746-2294637,3834
2026-08-25,590020,VNDE00DF17C15,113-9AP,24710
2026-08-25,590020,VNDE00DF17C15,114-0342717-3634605,26685
2026-08-25,590020,VNDE00DF17C15,114-0636029-0129035,7100
2026-08-25,590020,VNDE00DF17C15,114-0687922-2244247,3199
2026-08-25,590020,VNDE00DF17C15,114-0773171-8111449,3085
2026-08-25,590020,VNDE00DF17C15,114-0842168-0294608-1,-6596
2026-08-25,590020,VNDE00DF17C15,114-0893650-2092255,5999
2026-08-25,590020,VNDE00DF17C15,114-0895693-1787423,2657
2026-08-25,590020,VNDE00DF17C15,114-0996767-4929026,3369
2026-08-25,590020,VNDE00DF17C15,114-1076643-2081807,38067
2026-08-25,590020,VNDE00DF17C15,114-1388555-8208208,2598
2026-08-25,590020,VNDE00DF17C15,114-1534638-3319426-1,41493
2026-08-25,590020,VNDE00DF17C15,114-1630521-9910649,11198
2026-08-25,590020,VNDE00DF17C15,114-1635470-7230663,7748
2026-08-25,590020,VNDE00DF17C15,114-1747231-7821862,68593
2026-08-25,590020,VNDE00DF17C15,114-1823488-2145010,1195
2026-08-25,590020,VNDE00DF17C15,114-2138165-2421836,5699
2026-08-25,590020,VNDE00DF17C15,114-2220322-1723450,56926
2026-08-25,590020,VNDE00DF17C15,114-2308441-4905852,10843
2026-08-25,590020,VNDE00DF17C15,114-2565707-5481031,7996
2026-08-25,590020,VNDE00DF17C15,114-2773598-7245817,5085
2026-08-25,590020,VNDE00DF17C15,114-2865322-2935461,53988
2026-08-25,590020,VNDE00DF17C15,114-3085344-6258623,29181
2026-08-25,590020,VNDE00DF17C15,114-3237775-7006614,7697
2026-08-25,590020,VNDE00DF17C15,114-3365831-7578622,5382
2026-08-25,590020,VNDE00DF17C15,114-3647219-1532213,247850
2026-08-25,590020,VNDE00DF17C15,114-3745350-0646615,7995
2026-08-25,590020,VNDE00DF17C15,114-4029835-5131455,240395
2026-08-25,590020,VNDE00DF17C15,114-4367174-7946602,16500
2026-08-25,590020,VNDE00DF17C15,114-4400775-6377806,72215
2026-08-25,590020,VNDE00DF17C15,114-4501413-5222634,12594
2026-08-25,590020,VNDE00DF17C15,114-4591664-6843433,11884
2026-08-25,590020,VNDE00DF17C15,114-4701520-1179411,6999
2026-08-25,590020,VNDE00DF17C15,114-4755120-9302666,38247
2026-08-25,590020,VNDE00DF17C15,114-4971230-8455435,7198
2026-08-25,590020,VNDE00DF17C15,114-4985991-6572220,36480
2026-08-25,590020,VNDE00DF17C15,114-5238755-5484259,143985
2026-08-25,590020,VNDE00DF17C15,114-5361427-3418614,6393
2026-08-25,590020,VNDE00DF17C15,114-5431223-1273008-1,47192
2026-08-25,590020,VNDE00DF17C15,114-5508746-5818622,6999
2026-08-25,590020,VNDE00DF17C15,114-5674641-5784252,5138
2026-08-25,590020,VNDE00DF17C15,114-5901916-6171455,18707
2026-08-25,590020,VNDE00DF17C15,114-6137288-5952269,62719
2026-08-25,590020,VNDE00DF17C15,114-6349707-0587465,6817
2026-08-25,590020,VNDE00DF17C15,114-6472898-9276226,13999
2026-08-25,590020,VNDE00DF17C15,114-6488344-7573821,188856
2026-08-25,590020,VNDE00DF17C15,114-6589656-8370651,44994
2026-08-25,590020,VNDE00DF17C15,114-6611030-6540243-1,-4699
2026-08-25,590020,VNDE00DF17C15,114-6688237-9411429-1,45330
2026-08-25,590020,VNDE00DF17C15,114-7205976-1861824,10072
2026-08-25,590020,VNDE00DF17C15,114-7538519-1873029,27743
2026-08-25,590020,VNDE00DF17C15,114-7805671-9157046,6134
2026-08-25,590020,VNDE00DF17C15,114-7999475-2807436,8798
2026-08-25,590020,VNDE00DF17C15,114-8020946-6595443,42956
2026-08-25,590020,VNDE00DF17C15,114-8178364-7831460,28740
2026-08-25,590020,VNDE00DF17C15,114-8285044-8623402,14268
2026-08-25,590020,VNDE00DF17C15,114-8871286-5057048,13536
2026-08-25,590020,VNDE00DF17C15,114-9100892-4307430,18695
2026-08-25,590020,VNDE00DF17C15,114-9195790-9949058,1998
2026-08-25,590020,VNDE00DF17C15,114-9448400-9577820,5939
2026-08-25,590020,VNDE00DF17C15,114-9487009-9684207,7449
2026-08-25,590020,VNDE00DF17C15,114000,-46812
2026-08-25,590020,VNDE00DF17C15,119868A,74865
2026-08-25,590020,VNDE00DF17C15,12153,34535
2026-08-25,590020,VNDE00DF17C15,12259,170186
2026-08-25,590020,VNDE00DF17C15,12280,59822
2026-08-25,590020,VNDE00DF17C15,12400932,7505
2026-08-25,590020,VNDE00DF17C15,133198308,14899
2026-08-25,590020,VNDE00DF17C15,134225948,14340
2026-08-25,590020,VNDE00DF17C15,134482612,14899
2026-08-25,590020,VNDE00DF17C15,13742,58756
2026-08-25,590020,VNDE00DF17C15,1387-6572,5346
2026-08-25,590020,VNDE00DF17C15,13895,249050
2026-08-25,590020,VNDE00DF17C15,13900,91498
2026-08-25,590020,VNDE00DF17C15,13904,236670
2026-08-25,590020,VNDE00DF17C15,13907,124015
2026-08-25,590020,VNDE00DF17C15,13908,100640
2026-08-25,590020,VNDE00DF17C15,1396,-12800
2026-08-25,590020,VNDE00DF17C15,14015510301,4999
2026-08-25,590020,VNDE00DF17C15,140937-2026-SARAH THOMAS,32000
2026-08-25,590020,VNDE00DF17C15,143097-2026-JUDGE RICHARDSON,32400
2026-08-25,590020,VNDE00DF17C15,14895,177579
2026-08-25,590020,VNDE00DF17C15,15128043,210086
2026-08-25,590020,VNDE00DF17C15,15482167,16026
2026-08-25,590020,VNDE00DF17C15,15859658,9500
2026-08-25,590020,VNDE00DF17C15,1621,82500
2026-08-25,590020,VNDE00DF17C15,167932-2026-MONICA NILES,32400
2026-08-25,590020,VNDE00DF17C15,1682161-2,-71842
2026-08-25,590020,VNDE00DF17C15,16853312ZYVSB,6000
2026-08-25,590020,VNDE00DF17C15,16966,25000
2026-08-25,590020,VNDE00DF17C15,170001,31350
2026-08-25,590020,VNDE00DF17C15,170925,11500
2026-08-25,590020,VNDE00DF17C15,170926,21500
2026-08-25,590020,VNDE00DF17C15,170931,11500
2026-08-25,590020,VNDE00DF17C15,170951,21500
2026-08-25,590020,VNDE00DF17C15,1736-8790,53168
2026-08-25,590020,VNDE00DF17C15,1743766208480380,15300
2026-08-25,590020,VNDE00DF17C15,176596-2026-KIER PRINCE,36400
2026-08-25,590020,VNDE00DF17C15,177026-2026-BELINDA EDWARDS-,17500
2026-08-25,590020,VNDE00DF17C15,1776754085356584,15300
2026-08-25,590020,VNDE00DF17C15,1777882694,4800
2026-08-25,590020,VNDE00DF17C15,1778569762,12900
2026-08-25,590020,VNDE00DF17C15,1780561017,5900
2026-08-25,590020,VNDE00DF17C15,1781248182,12900
2026-08-25,590020,VNDE00DF17C15,1825 5ER 516 576,14795
2026-08-25,590020,VNDE00DF17C15,1825 65R 521 657,7599
2026-08-25,590020,VNDE00DF17C15,1825 69R 026 799,27923
2026-08-25,590020,VNDE00DF17C15,190579,2500
2026-08-25,590020,VNDE00DF17C15,192678-2026-THOMAS COX,32400
2026-08-25,590020,VNDE00DF17C15,195082,23608
2026-08-25,590020,VNDE00DF17C15,195649,2500
2026-08-25,590020,VNDE00DF17C15,1994423,118000
2026-08-25,590020,VNDE00DF17C15,19T-1Q2-1,-6806
2026-08-25,590020,VNDE00DF17C15,1JE-Y77,16617
2026-08-25,590020,VNDE00DF17C15,2000147-20338986,16128
2026-08-25,590020,VNDE00DF17C15,200971,17500
2026-08-25,590020,VNDE00DF17C15,201721,2500
2026-08-25,590020,VNDE00DF17C15,2026-05-ZELIA LEBEAU,2063
2026-08-25,590020,VNDE00DF17C15,2026-483008-ELIZABETH MARUM,38400
2026-08-25,590020,VNDE00DF17C15,20260603-100909431,59500
2026-08-25,590020,VNDE00DF17C15,2026144,25500
2026-08-25,590020,VNDE00DF17C15,2026412876113,3675
2026-08-25,590020,VNDE00DF17C15,203374300,62720
2026-08-25,590020,VNDE00DF17C15,20371,208500
2026-08-25,590020,VNDE00DF17C15,204389,29419
2026-08-25,590020,VNDE00DF17C15,207140,59415
2026-08-25,590020,VNDE00DF17C15,208644820,141217
2026-08-25,590020,VNDE00DF17C15,209477844,47866
2026-08-25,590020,VNDE00DF17C15,215656,5000
2026-08-25,590020,VNDE00DF17C15,215901-2026-JOHN DEFOOR,34400
2026-08-25,590020,VNDE00DF17C15,221224399,1285
2026-08-25,590020,VNDE00DF17C15,221455952,613
2026-08-25,590020,VNDE00DF17C15,222245,3190
2026-08-25,590020,VNDE00DF17C15,222883,13892
2026-08-25,590020,VNDE00DF17C15,222884,43413
2026-08-25,590020,VNDE00DF17C15,223131,45353
2026-08-25,590020,VNDE00DF17C15,223177,2586
2026-08-25,590020,VNDE00DF17C15,223178,7565
2026-08-25,590020,VNDE00DF17C15,223302,1242
2026-08-25,590020,VNDE00DF17C15,223304,4080
2026-08-25,590020,VNDE00DF17C15,223305,3086
2026-08-25,590020,VNDE00DF17C15,223637,51329
2026-08-25,590020,VNDE00DF17C15,223638,30215
2026-08-25,590020,VNDE00DF17C15,223639,27086
2026-08-25,590020,VNDE00DF17C15,223711,38325
2026-08-25,590020,VNDE00DF17C15,223712,17914
2026-08-25,590020,VNDE00DF17C15,224079,10339
2026-08-25,590020,VNDE00DF17C15,224080,21333
2026-08-25,590020,VNDE00DF17C15,2247551-710294,18541
2026-08-25,590020,VNDE00DF17C15,227574646,21821
2026-08-25,590020,VNDE00DF17C15,233173-2026-JUDGE DUNAWAY,34400
2026-08-25,590020,VNDE00DF17C15,23759,10000
2026-08-25,590020,VNDE00DF17C15,240165-2026-BELINDA EDWARDS,31300
2026-08-25,590020,VNDE00DF17C15,24036296119716532899227,37440
2026-08-25,590020,VNDE00DF17C15,24036296120742717575777,54681
2026-08-25,590020,VNDE00DF17C15,241889,6000
2026-08-25,590020,VNDE00DF17C15,242935,6000
2026-08-25,590020,VNDE00DF17C15,24431066115419170897155,0
2026-08-25,590020,VNDE00DF17C15,2448638114,168960
2026-08-25,590020,VNDE00DF17C15,24692166144404942067789,20871
2026-08-25,590020,VNDE00DF17C15,24692166144404942067789 -,-20871
2026-08-25,590020,VNDE00DF17C15,250305-2026-JUDGE ADAMS-1,-15000
2026-08-25,590020,VNDE00DF17C15,250305-2026-KIMBERLY ADAMS,34400
2026-08-25,590020,VNDE00DF17C15,254960,92424
2026-08-25,590020,VNDE00DF17C15,255114-2026-KEVIN FARMER,32400
2026-08-25,590020,VNDE00DF17C15,26-1177,39000
2026-08-25,590020,VNDE00DF17C15,260420113080026,11998
2026-08-25,590020,VNDE00DF17C15,260513113080007,20303
2026-08-25,590020,VNDE00DF17C15,260519113060004,19216
2026-08-25,590020,VNDE00DF17C15,260526113080009,30207
2026-08-25,590020,VNDE00DF17C15,260526113080033,20440
2026-08-25,590020,VNDE00DF17C15,260558621,1600
2026-08-25,590020,VNDE00DF17C15,260558906,44100
2026-08-25,590020,VNDE00DF17C15,260601113070038,20756
2026-08-25,590020,VNDE00DF17C15,260611113060005,16287
2026-08-25,590020,VNDE00DF17C15,26085,29265
2026-08-25,590020,VNDE00DF17C15,28061,20000
2026-08-25,590020,VNDE00DF17C15,285077977565,9503
2026-08-25,590020,VNDE00DF17C15,29893-1,-1162
2026-08-25,590020,VNDE00DF17C15,299203411601,9378
2026-08-25,590020,VNDE00DF17C15,3008450840,131368
2026-08-25,590020,VNDE00DF17C15,3096443289,33000
2026-08-25,590020,VNDE00DF17C15,3096498331,33000
2026-08-25,590020,VNDE00DF17C15,312008,5900
2026-08-25,590020,VNDE00DF17C15,312046,6000
2026-08-25,590020,VNDE00DF17C15,313873,5500
2026-08-25,590020,VNDE00DF17C15,314065,2500
2026-08-25,590020,VNDE00DF17C15,32428612,178835
2026-08-25,590020,VNDE00DF17C15,334638,34503
2026-08-25,590020,VNDE00DF17C15,340 12845640W,7219
2026-08-25,590020,VNDE00DF17C15,341124-2026-ERIK SMITH,32400
2026-08-25,590020,VNDE00DF17C15,350356,53000
2026-08-25,590020,VNDE00DF17C15,350672232,23000
2026-08-25,590020,VNDE00DF17C15,350672232-1,564
2026-08-25,590020,VNDE00DF17C15,350879,4475
2026-08-25,590020,VNDE00DF17C15,352308,36966
2026-08-25,590020,VNDE00DF17C15,352308-1,218
2026-08-25,590020,VNDE00DF17C15,352315,33300
2026-08-25,590020,VNDE00DF17C15,352368,3000
2026-08-25,590020,VNDE00DF17C15,352515,2500
2026-08-25,590020,VNDE00DF17C15,352667,5184
2026-08-25,590020,VNDE00DF17C15,352882,2500
2026-08-25,590020,VNDE00DF17C15,352918,30547
2026-08-25,590020,VNDE00DF17C15,352927,16600
2026-08-25,590020,VNDE00DF17C15,353804,7795
2026-08-25,590020,VNDE00DF17C15,354126,15552
2026-08-25,590020,VNDE00DF17C15,354581,43308
2026-08-25,590020,VNDE00DF17C15,354670,4475
2026-08-25,590020,VNDE00DF17C15,3574305,82045
2026-08-25,590020,VNDE00DF17C15,35921-1,-47500
2026-08-25,590020,VNDE00DF17C15,3597602,86904
2026-08-25,590020,VNDE00DF17C15,383498-2026-JUDGE INGRAM,34400
2026-08-25,590020,VNDE00DF17C15,39103836,24202
2026-08-25,590020,VNDE00DF17C15,3913,10250
2026-08-25,590020,VNDE00DF17C15,4040122934,51836
2026-08-25,590020,VNDE00DF17C15,4040122934-2,-4236
2026-08-25,590020,VNDE00DF17C15,406365-2026-ELIZABETH BENTON,32400
2026-08-25,590020,VNDE00DF17C15,406365-2026-JUDGE BENTON,38400
2026-08-25,590020,VNDE00DF17C15,44225688100356113,16590
2026-08-25,590020,VNDE00DF17C15,443530-2026-JUDGE ELLERBE,38400
2026-08-25,590020,VNDE00DF17C15,445240-2026-MELYNEE LEFTRIDGE,32400
2026-08-25,590020,VNDE00DF17C15,465020798-001,21195
2026-08-25,590020,VNDE00DF17C15,466146553730310,8883
2026-08-25,590020,VNDE00DF17C15,466216586-001,3957
2026-08-25,590020,VNDE00DF17C15,466972828002,449
2026-08-25,590020,VNDE00DF17C15,467105400-001,-3957
2026-08-25,590020,VNDE00DF17C15,467790686 - 001,21030
2026-08-25,590020,VNDE00DF17C15,467844990 - 001,15982
2026-08-25,590020,VNDE00DF17C15,468070955 - 001,20549
2026-08-25,590020,VNDE00DF17C15,468078862 - 001,18554
2026-08-25,590020,VNDE00DF17C15,468197877001,65914
2026-08-25,590020,VNDE00DF17C15,46820,4292
2026-08-25,590020,VNDE00DF17C15,468215910-001,57717
2026-08-25,590020,VNDE00DF17C15,468216717-001,19218
2026-08-25,590020,VNDE00DF17C15,468906735-001,12796
2026-08-25,590020,VNDE00DF17C15,469745624 - 001,13758
2026-08-25,590020,VNDE00DF17C15,469746747 - 001,12389
2026-08-25,590020,VNDE00DF17C15,469746754 - 001,5919
2026-08-25,590020,VNDE00DF17C15,469746756 - 001,11789
2026-08-25,590020,VNDE00DF17C15,470122118806,18006
2026-08-25,590020,VNDE00DF17C15,470269239-001,39406
2026-08-25,590020,VNDE00DF17C15,471318046 001,68294
2026-08-25,590020,VNDE00DF17C15,471373047-001,12842
2026-08-25,590020,VNDE00DF17C15,471373058-001,7695
2026-08-25,590020,VNDE00DF17C15,471708166001,11186
2026-08-25,590020,VNDE00DF17C15,471717024001,30195
2026-08-25,590020,VNDE00DF17C15,471717025001,14696
2026-08-25,590020,VNDE00DF17C15,471717026001,4459
2026-08-25,590020,VNDE00DF17C15,471717027001,5929
2026-08-25,590020,VNDE00DF17C15,471717028001,25037
2026-08-25,590020,VNDE00DF17C15,47585643,108000
2026-08-25,590020,VNDE00DF17C15,481070-2026-JUDGE MCBURNEY,36400
2026-08-25,590020,VNDE00DF17C15,492479-2026-CLAIRE ESTRADA,32400
2026-08-25,590020,VNDE00DF17C15,49397,34400
2026-08-25,590020,VNDE00DF17C15,5,7077
2026-08-25,590020,VNDE00DF17C15,5-1,220
2026-08-25,590020,VNDE00DF17C15,5-213-44834,21812
2026-08-25,590020,VNDE00DF17C15,5-213-55733,30208
2026-08-25,590020,VNDE00DF17C15,50305-2026-JUDGE KIMBERLY ES,15000
2026-08-25,590020,VNDE00DF17C15,50535,32400
2026-08-25,590020,VNDE00DF17C15,522908-2026-JESSICA CUMMINGS,32400
2026-08-25,590020,VNDE00DF17C15,53131--2026-BRITTNEY NICOLE,32000
2026-08-25,590020,VNDE00DF17C15,53131-2026-BRITTNEY NICOLE G,400
2026-08-25,590020,VNDE00DF17C15,5558761704,700
2026-08-25,590020,VNDE00DF17C15,5580208762,2461
2026-08-25,590020,VNDE00DF17C15,598190-2026-JUDGE WHITAKER,37900
2026-08-25,590020,VNDE00DF17C15,60330,242240
2026-08-25,590020,VNDE00DF17C15,60399,38475
2026-08-25,590020,VNDE00DF17C15,6061678968,13136
2026-08-25,590020,VNDE00DF17C15,6065555635,73741
2026-08-25,590020,VNDE00DF17C15,6065555637,5588
2026-08-25,590020,VNDE00DF17C15,611954093844,4586
2026-08-25,590020,VNDE00DF17C15,611985004204,14007
2026-08-25,590020,VNDE00DF17C15,615115-2026-JUDGE KRAUSE,34400
2026-08-25,590020,VNDE00DF17C15,616649000232,796
2026-08-25,590020,VNDE00DF17C15,616678005013,7230
2026-08-25,590020,VNDE00DF17C15,637999-2026-SUSAN SHAVER,34400
2026-08-25,590020,VNDE00DF17C15,638954518830,8272
2026-08-25,590020,VNDE00DF17C15,63968720-1,-4498
2026-08-25,590020,VNDE00DF17C15,65,57236
2026-08-25,590020,VNDE00DF17C15,650995-2026-JUGDE MCAFEE,32400
2026-08-25,590020,VNDE00DF17C15,67,-57236
2026-08-25,590020,VNDE00DF17C15,678F05CDCD,15000
2026-08-25,590020,VNDE00DF17C15,68,53996
2026-08-25,590020,VNDE00DF17C15,686851-2026-JUDGE CARNESALE,36400
2026-08-25,590020,VNDE00DF17C15,6941 17 71302,179403
2026-08-25,590020,VNDE00DF17C15,69827-2026-GRACEBALTE,68800
2026-08-25,590020,VNDE00DF17C15,6LP063431B9947231,9000
2026-08-25,590020,VNDE00DF17C15,715,12950
2026-08-25,590020,VNDE00DF17C15,72202,96380
2026-08-25,590020,VNDE00DF17C15,73813-2026-KATIETABACHNICK,64800
2026-08-25,590020,VNDE00DF17C15,74609056126100004436944,-5200
2026-08-25,590020,VNDE00DF17C15,74755426152171477635092,-17941
2026-08-25,590020,VNDE00DF17C15,74943016118010203174270,-2262
2026-08-25,590020,VNDE00DF17C15,753745-2026-PHILIP CLARK,32400
2026-08-25,590020,VNDE00DF17C15,7681628361,7008
2026-08-25,590020,VNDE00DF17C15,7PG-JUG,15520
2026-08-25,590020,VNDE00DF17C15,800000032853314,4592
2026-08-25,590020,VNDE00DF17C15,800000035617649,18800
2026-08-25,590020,VNDE00DF17C15,835713,48797
2026-08-25,590020,VNDE00DF17C15,840-53000167-1-7960109-2,1106
2026-08-25,590020,VNDE00DF17C15,840-53000178-1-7491489-2,3590
2026-08-25,590020,VNDE00DF17C15,8821765267,38824
2026-08-25,590020,VNDE00DF17C15,89011105JH115761W,15300
2026-08-25,590020,VNDE00DF17C15,9-242-84062,29626
2026-08-25,590020,VNDE00DF17C15,9-261-90744,15534
2026-08-25,590020,VNDE00DF17C15,9-272-24734,19030
2026-08-25,590020,VNDE00DF17C15,9-273-53181,1556
2026-08-25,590020,VNDE00DF17C15,9-281-90150,15847
2026-08-25,590020,VNDE00DF17C15,9-282-47709,19995
2026-08-25,590020,VNDE00DF17C15,9-290-95292,28470
2026-08-25,590020,VNDE00DF17C15,9-300-69985,20841
2026-08-25,590020,VNDE00DF17C15,9-310-54138,19982
2026-08-25,590020,VNDE00DF17C15,917489640,5992
2026-08-25,590020,VNDE00DF17C15,917714-2026-DAMON WATSON,32400
2026-08-25,590020,VNDE00DF17C15,9964690,14400
2026-08-25,590020,VNDE00DF17C15,A19232,2500
2026-08-25,590020,VNDE00DF17C15,A22-V3U,58972
2026-08-25,590020,VNDE00DF17C15,ATL-00109924,3500
2026-08-25,590020,VNDE00DF17C15,ATL-00111147,11500
2026-08-25,590020,VNDE00DF17C15,ATL-00111354,6500
2026-08-25,590020,VNDE00DF17C15,ATL-00111359,3500
2026-08-25,590020,VNDE00DF17C15,ATL-00111511,17500
2026-08-25,590020,VNDE00DF17C15,ATL-00111990,3500
2026-08-25,590020,VNDE00DF17C15,ATL-00113485,3500
2026-08-25,590020,VNDE00DF17C15,ATL-00113487,3500
2026-08-25,590020,VNDE00DF17C15,ATL-00113489,3500
2026-08-25,590020,VNDE00DF17C15,ATL-00113492,5000
2026-08-25,590020,VNDE00DF17C15,ATL-00113604,3500
2026-08-25,590020,VNDE00DF17C15,ATL-00113606,3500
2026-08-25,590020,VNDE00DF17C15,ATL-00113613,5000
2026-08-25,590020,VNDE00DF17C15,ATL-00114006,3500
2026-08-25,590020,VNDE00DF17C15,ATL-0011604,8500
2026-08-25,590020,VNDE00DF17C15,ATL-0113457,3500
2026-08-25,590020,VNDE00DF17C15,B67741,2500
2026-08-25,590020,VNDE00DF17C15,BBY01-807195250957,49999
2026-08-25,590020,VNDE00DF17C15,BBY01-807195250957-1,5399
2026-08-25,590020,VNDE00DF17C15,BBY01-807195250957-2,5399
2026-08-25,590020,VNDE00DF17C15,BBY01-807195250957-3,49999
2026-08-25,590020,VNDE00DF17C15,BBY01-807197523292,110796
2026-08-25,590020,VNDE00DF17C15,CASH- 49107,34400
2026-08-25,590020,VNDE00DF17C15,CASH- 62625,36400
2026-08-25,590020,VNDE00DF17C15,CASH-10303,32400
2026-08-25,590020,VNDE00DF17C15,CASH-13119,36400
2026-08-25,590020,VNDE00DF17C15,CASH-15803,16600
2026-08-25,590020,VNDE00DF17C15,CASH-15979,36400
2026-08-25,590020,VNDE00DF17C15,CASH-16289,34400
2026-08-25,590020,VNDE00DF17C15,CASH-19085,38400
2026-08-25,590020,VNDE00DF17C15,CASH-21903,32400
2026-08-25,590020,VNDE00DF17C15,CASH-23763,32400
2026-08-25,590020,VNDE00DF17C15,CASH-27609,37800
2026-08-25,590020,VNDE00DF17C15,CASH-29110,40400
2026-08-25,590020,VNDE00DF17C15,CASH-29995,39400
2026-08-25,590020,VNDE00DF17C15,CASH-33719,38900
2026-08-25,590020,VNDE00DF17C15,CASH-38386,34400
2026-08-25,590020,VNDE00DF17C15,CASH-38847,34400
2026-08-25,590020,VNDE00DF17C15,CASH-39295,34400
2026-08-25,590020,VNDE00DF17C15,CASH-42099,34400
2026-08-25,590020,VNDE00DF17C15,CASH-43700,41400
2026-08-25,590020,VNDE00DF17C15,CASH-43929,39400
2026-08-25,590020,VNDE00DF17C15,CASH-44126,42400
2026-08-25,590020,VNDE00DF17C15,CASH-44768,32400
2026-08-25,590020,VNDE00DF17C15,CASH-45102,36400
2026-08-25,590020,VNDE00DF17C15,CASH-48901,38400
2026-08-25,590020,VNDE00DF17C15,CASH-50639,32400
2026-08-25,590020,VNDE00DF17C15,CASH-5098,33300
2026-08-25,590020,VNDE00DF17C15,CASH-53485,33400
2026-08-25,590020,VNDE00DF17C15,CASH-5389,33300
2026-08-25,590020,VNDE00DF17C15,CASH-54585,36400
2026-08-25,590020,VNDE00DF17C15,CASH-55205,34400
2026-08-25,590020,VNDE00DF17C15,CASH-59717,38400
2026-08-25,590020,VNDE00DF17C15,CASH-63702,32400
2026-08-25,590020,VNDE00DF17C15,CASH-65617,34400
2026-08-25,590020,VNDE00DF17C15,CASH-68181,34400
2026-08-25,590020,VNDE00DF17C15,CASH-69277,36400
2026-08-25,590020,VNDE00DF17C15,CASH-71061,33400
2026-08-25,590020,VNDE00DF17C15,CASH-72092,34400
2026-08-25,590020,VNDE00DF17C15,CASH-7231,33300
2026-08-25,590020,VNDE00DF17C15,CASH-73138,36400
2026-08-25,590020,VNDE00DF17C15,CASH-78259,34900
2026-08-25,590020,VNDE00DF17C15,CASH-7916,33400
2026-08-25,590020,VNDE00DF17C15,CINV0137069,158361
2026-08-25,590020,VNDE00DF17C15,CINV0137801,175440
2026-08-25,590020,VNDE00DF17C15,CS01260531696,6650
2026-08-25,590020,VNDE00DF17C15,E4F-YJG,47190
2026-08-25,590020,VNDE00DF17C15,EST 11072,154681
2026-08-25,590020,VNDE00DF17C15,FCME2605024,16782
2026-08-25,590020,VNDE00DF17C15,FQF-MA3,36322
2026-08-25,590020,VNDE00DF17C15,H0159-829085,5200
2026-08-25,590020,VNDE00DF17C15,INS260601-3355-66151,9700
2026-08-25,590020,VNDE00DF17C15,INS260601-8617-64187,6700
2026-08-25,590020,VNDE00DF17C15,INV 52558,12500
2026-08-25,590020,VNDE00DF17C15,INV-000206,159200
2026-08-25,590020,VNDE00DF17C15,K36-4AM,37156
2026-08-25,590020,VNDE00DF17C15,M-19473-060826,35000
2026-08-25,590020,VNDE00DF17C15,M26-C693873,6500
2026-08-25,590020,VNDE00DF17C15,MR-2026-1555,35000
2026-08-25,590020,VNDE00DF17C15,PZ4-QGF,36322
2026-08-25,590020,VNDE00DF17C15,Q7Z-1FJ-1,-3839
2026-08-25,590020,VNDE00DF17C15,QHQ-CTV,40295
2026-08-25,590020,VNDE00DF17C15,QJM-95A-1,-10800
2026-08-25,590020,VNDE00DF17C15,R163637942401,-47
2026-08-25,590020,VNDE00DF17C15,R663994342594,-300
2026-08-25,590020,VNDE00DF17C15,RC4E8RK39V5E-2026-05,833
2026-08-25,590020,VNDE00DF17C15,RC4E8RK39V5E-2026-6,833
2026-08-25,590020,VNDE00DF17C15,RCP35IFS5G31-2026-04,1299
2026-08-25,590020,VNDE00DF17C15,RCP35IFS5G31-2026-5,1299
2026-08-25,590020,VNDE00DF17C15,REF #2108,13000
2026-08-25,590020,VNDE00DF17C15,REF #2113,13000
2026-08-25,590020,VNDE00DF17C15,RR63BCB91,-15890
2026-08-25,590020,VNDE00DF17C15,TA4-WMM,28980
2026-08-25,590020,VNDE00DF17C15,TWC-CHW,11347
2026-08-25,590020,VNDE00DF17C15,U9A-98Z,31880
2026-08-25,590020,VNDE00DF17C15,V9J-JAG,35597
2026-08-25,590020,VNDE00DF17C15,W1394695832,404
2026-08-25,590020,VNDE00DF17C15,WB3774526457,42099
2026-08-25,590020,VNDE00DF17C15,WH34761227,199800
2026-08-25,590020,VNDE00DF17C15,WY7-WXJ-1,-5830
2026-08-25,590020,VNDE00DF17C15,XPP-VWT,28302
2026-08-25,590020,VNDE00DF17C15,XQ2-RM5,37423
2026-08-25,590020,VNDE00DF17C15,Z2E-H79,34381
2026-08-25,590020,VNDE00DF17C15,Z5487377475,56
2026-08-25,590020,VNDE00DF17C15,ZJU-97Z,26551
2026-08-25,590021,VNDE00DF17C15,#D31040,182500
2026-08-25,590021,VNDE00DF17C15,000024,67500
2026-08-25,590021,VNDE00DF17C15,000071,75000
2026-08-25,590021,VNDE00DF17C15,0000X16W12196,2500
2026-08-25,590021,VNDE00DF17C15,0000X16W12414,2512
2026-08-25,590021,VNDE00DF17C15,000243246756,51629
2026-08-25,590021,VNDE00DF17C15,000243803746,13364
2026-08-25,590021,VNDE00DF17C15,000269280189,5684
2026-08-25,590021,VNDE00DF17C15,000269572821,30566
2026-08-25,590021,VNDE00DF17C15,000269575629,2841
2026-08-25,590021,VNDE00DF17C15,000339,109500
2026-08-25,590021,VNDE00DF17C15,000505257,21000
2026-08-25,590021,VNDE00DF17C15,001160-2026-URAL GLANVILLE,1500
2026-08-25,590021,VNDE00DF17C15,001933,38315
2026-08-25,590021,VNDE00DF17C15,0060790738068,-50680
2026-08-25,590021,VNDE00DF17C15,0062435576508,-47840
2026-08-25,590021,VNDE00DF17C15,0062435722356-1,-47840
2026-08-25,590021,VNDE00DF17C15,008679121012,25003
2026-08-25,590021,VNDE00DF17C15,01-003099-01-005750,182801
2026-08-25,590021,VNDE00DF17C15,01-003099-02-084827,167585
2026-08-25,590021,VNDE00DF17C15,01-003099-02-084828-1,-167585
2026-08-25,590021,VNDE00DF17C15,01-003099-02-084829,155298
2026-08-25,590021,VNDE00DF17C15,0112271,11000
2026-08-25,590021,VNDE00DF17C15,012528,60000
2026-08-25,590021,VNDE00DF17C15,0147,94968
2026-08-25,590021,VNDE00DF17C15,0235315,82770
2026-08-25,590021,VNDE00DF17C15,042999,2551
2026-08-25,590021,VNDE00DF17C15,0526244038,3500
2026-08-25,590021,VNDE00DF17C15,0560 6PR 819 685,28725
2026-08-25,590021,VNDE00DF17C15,0601150057592,8093
2026-08-25,590021,VNDE00DF17C15,072326-FCJC,10400
2026-08-25,590021,VNDE00DF17C15,081-319805,20714
2026-08-25,590021,VNDE00DF17C15,081-320201,12048
2026-08-25,590021,VNDE00DF17C15,081-320202,18596
2026-08-25,590021,VNDE00DF17C15,081-320206,28045
2026-08-25,590021,VNDE00DF17C15,081-320256,32016
2026-08-25,590021,VNDE00DF17C15,081-320257,31102
2026-08-25,590021,VNDE00DF17C15,081-320258,5180
2026-08-25,590021,VNDE00DF17C15,081320971,19800
2026-08-25,590021,VNDE00DF17C15,081321341,19800
2026-08-25,590021,VNDE00DF17C15,081321496,7070
2026-08-25,590021,VNDE00DF17C15,081321651,6564
2026-08-25,590021,VNDE00DF17C15,081321654,10615
2026-08-25,590021,VNDE00DF17C15,087-268606,45071
2026-08-25,590021,VNDE00DF17C15,0900241,29460
2026-08-25,590021,VNDE00DF17C15,104198-2026-DANIELA BRITTON,34400
2026-08-25,590021,VNDE00DF17C15,10422003658,7360
2026-08-25,590021,VNDE00DF17C15,10425588815,3426
2026-08-25,590021,VNDE00DF17C15,104314,2500
2026-08-25,590021,VNDE00DF17C15,104637,2500
2026-08-25,590021,VNDE00DF17C15,1054985920,7111
2026-08-25,590021,VNDE00DF17C15,1094,52500
2026-08-25,590021,VNDE00DF17C15,11-3248495-9489010,11138
2026-08-25,590021,VNDE00DF17C15,11-5896296-7366658,14313
2026-08-25,590021,VNDE00DF17C15,11-6246825-9669858,10190
2026-08-25,590021,VNDE00DF17C15,11-6964807-2147437,10506
2026-08-25,590021,VNDE00DF17C15,11068626-00,23650
2026-08-25,590021,VNDE00DF17C15,11068626-01,23650
2026-08-25,590021,VNDE00DF17C15,11068626-02,4850
2026-08-25,590021,VNDE00DF17C15,11068808-00,15300
2026-08-25,590021,VNDE00DF17C15,11074792-00,11106
2026-08-25,590021,VNDE00DF17C15,11075699-00,1205
2026-08-25,590021,VNDE00DF17C15,11075699-02,2500
2026-08-25,590021,VNDE00DF17C15,111-0010426-5622633,14876
2026-08-25,590021,VNDE00DF17C15,111-0268793-2386600,1127
2026-08-25,590021,VNDE00DF17C15,111-0270067-6150614,3863
2026-08-25,590021,VNDE00DF17C15,111-0363155-4570641,1098
2026-08-25,590021,VNDE00DF17C15,111-0426727-0701850,488
2026-08-25,590021,VNDE00DF17C15,111-0449742-7378638,958
2026-08-25,590021,VNDE00DF17C15,111-0607188-9062624,25940
2026-08-25,590021,VNDE00DF17C15,111-0727984-5337008,6508
2026-08-25,590021,VNDE00DF17C15,111-0758632-4946615,3899
2026-08-25,590021,VNDE00DF17C15,111-0758632-4946615-1,-3899
2026-08-25,590021,VNDE00DF17C15,111-0776609-5897028,22958
2026-08-25,590021,VNDE00DF17C15,111-0776609-5897028-1,1399
2026-08-25,590021,VNDE00DF17C15,111-0885747-3197838,2953
2026-08-25,590021,VNDE00DF17C15,111-0998107-9409006,3788
2026-08-25,590021,VNDE00DF17C15,111-1099284-1765021,29413
2026-08-25,590021,VNDE00DF17C15,111-1099284-1765021-1,1799
2026-08-25,590021,VNDE00DF17C15,111-1286063-0457825,1998
2026-08-25,590021,VNDE00DF17C15,111-1307742-6448238,1312
2026-08-25,590021,VNDE00DF17C15,111-1341902-7304255,7760
2026-08-25,590021,VNDE00DF17C15,111-1646644-4190609,7842
2026-08-25,590021,VNDE00DF17C15,111-1691933-1169006,13065
2026-08-25,590021,VNDE00DF17C15,111-1708916-3247401,13976
2026-08-25,590021,VNDE00DF17C15,111-1733354-2076226,4197
2026-08-25,590021,VNDE00DF17C15,111-1827525-8347447,2399
2026-08-25,590021,VNDE00DF17C15,111-1827525-8347447-1,2399
2026-08-25,590021,VNDE00DF17C15,111-1894325-8189002,13160
2026-08-25,590021,VNDE00DF17C15,111-1897175-5193854,5193
2026-08-25,590021,VNDE00DF17C15,111-1998913-6458609,31164
2026-08-25,590021,VNDE00DF17C15,111-2072032-4917001,2898
2026-08-25,590021,VNDE00DF17C15,111-2280986-2619411,59900
2026-08-25,590021,VNDE00DF17C15,111-2432826-5239427,26254
2026-08-25,590021,VNDE00DF17C15,111-2436732-6361001,844
2026-08-25,590021,VNDE00DF17C15,111-2519312-2553836,6185
2026-08-25,590021,VNDE00DF17C15,111-2543243-9553855,4101
2026-08-25,590021,VNDE00DF17C15,111-2695850-0243460,42465
2026-08-25,590021,VNDE00DF17C15,111-2695897-6477023,3593
2026-08-25,590021,VNDE00DF17C15,111-2854045-7601025,2799
2026-08-25,590021,VNDE00DF17C15,111-2854045-7601025-1,-2799
2026-08-25,590021,VNDE00DF17C15,111-2868271-6865840,5547
2026-08-25,590021,VNDE00DF17C15,111-2887844-3224258,963
2026-08-25,590021,VNDE00DF17C15,111-2924619-1039469,-8088
2026-08-25,590021,VNDE00DF17C15,111-3009704-8581802,80809
2026-08-25,590021,VNDE00DF17C15,111-3020899-0850634,1488
2026-08-25,590021,VNDE00DF17C15,111-3052664-5310659,3884
2026-08-25,590021,VNDE00DF17C15,111-3064824-7088212,21399
2026-08-25,590021,VNDE00DF17C15,111-3107836-4677845-1,-9999
2026-08-25,590021,VNDE00DF17C15,111-3173496-7792239,50268
2026-08-25,590021,VNDE00DF17C15,111-3357136-2461042,1698
2026-08-25,590021,VNDE00DF17C15,111-3366863-2221856,9868
2026-08-25,590021,VNDE00DF17C15,111-3533148-4218600,5806
2026-08-25,590021,VNDE00DF17C15,111-3589058-4851410,4997
2026-08-25,590021,VNDE00DF17C15,111-3824217-0733006,8358
2026-08-25,590021,VNDE00DF17C15,111-3848926-8249021,9488
2026-08-25,590021,VNDE00DF17C15,111-3913798-9293024,46586
2026-08-25,590021,VNDE00DF17C15,111-4002934-9690600,6285
2026-08-25,590021,VNDE00DF17C15,111-4007966-5052246,1546
2026-08-25,590021,VNDE00DF17C15,111-4017550-0484228,26161
2026-08-25,590021,VNDE00DF17C15,111-4202901-4367427,2398
2026-08-25,590021,VNDE00DF17C15,111-4291414-9997020,24192
2026-08-25,590021,VNDE00DF17C15,111-4308432-8522640,5522
2026-08-25,590021,VNDE00DF17C15,111-4350539-6990644,3960
2026-08-25,590021,VNDE00DF17C15,111-4351317-8253841,6585
2026-08-25,590021,VNDE00DF17C15,111-4678024-8891436,8087
2026-08-25,590021,VNDE00DF17C15,111-4728409-8450619,2987
2026-08-25,590021,VNDE00DF17C15,111-4868083-8405800,3949
2026-08-25,590021,VNDE00DF17C15,111-4905341-4616235,6200
2026-08-25,590021,VNDE00DF17C15,111-4966388-9137806,14898
2026-08-25,590021,VNDE00DF17C15,111-5010481-1098643,6783
2026-08-25,590021,VNDE00DF17C15,111-5227390-4453038,2499
2026-08-25,590021,VNDE00DF17C15,111-5341304-3469018,2695
2026-08-25,590021,VNDE00DF17C15,111-5499360-2037858,3059
2026-08-25,590021,VNDE00DF17C15,111-5504827-2420237,8198
2026-08-25,590021,VNDE00DF17C15,111-5536405-3169007,18804
2026-08-25,590021,VNDE00DF17C15,111-5590415-0797009,6878
2026-08-25,590021,VNDE00DF17C15,111-5597738-2681825,1399
2026-08-25,590021,VNDE00DF17C15,111-5737653-0438653,1509
2026-08-25,590021,VNDE00DF17C15,111-5811045-0479414,799
2026-08-25,590021,VNDE00DF17C15,111-5969213-8190603,6166
2026-08-25,590021,VNDE00DF17C15,111-6154847-3865025,18599
2026-08-25,590021,VNDE00DF17C15,111-6181301-3166612,3578
2026-08-25,590021,VNDE00DF17C15,111-6349873-6605867,7167
2026-08-25,590021,VNDE00DF17C15,111-6416010-6503416,10194
2026-08-25,590021,VNDE00DF17C15,111-6439398-1099426,1349
2026-08-25,590021,VNDE00DF17C15,111-6450074-6805860,11899
2026-08-25,590021,VNDE00DF17C15,111-6497012-6304201,10824
2026-08-25,590021,VNDE00DF17C15,111-6683550-6175407,3489
2026-08-25,590021,VNDE00DF17C15,111-6693363-1897841,599
2026-08-25,590021,VNDE00DF17C15,111-6853779-7186633,3499
2026-08-25,590021,VNDE00DF17C15,111-6909434-9173062,2754
2026-08-25,590021,VNDE00DF17C15,111-6978866-5229003-1,-33304
2026-08-25,590021,VNDE00DF17C15,111-7011725-1978643,1599
2026-08-25,590021,VNDE00DF17C15,111-7140476-7051469,2971
2026-08-25,590021,VNDE00DF17C15,111-7142839-4154632,3658
2026-08-25,590021,VNDE00DF17C15,111-7199694-1891467,11997
2026-08-25,590021,VNDE00DF17C15,111-7321325-3521023,13724
2026-08-25,590021,VNDE00DF17C15,111-7394694-5881850,2088
2026-08-25,590021,VNDE00DF17C15,111-7666362-1528229,1219
2026-08-25,590021,VNDE00DF17C15,111-7679142-2257025,10696
2026-08-25,590021,VNDE00DF17C15,111-7725412-9128262,4800
2026-08-25,590021,VNDE00DF17C15,111-7798007-8674603,3666
2026-08-25,590021,VNDE00DF17C15,111-7854110-6330600,598
2026-08-25,590021,VNDE00DF17C15,111-7884163-6772257,1997
2026-08-25,590021,VNDE00DF17C15,111-7891823-4237055,3962
2026-08-25,590021,VNDE00DF17C15,111-7919695-1431461,3658
2026-08-25,590021,VNDE00DF17C15,111-7938878-2530643,1983
2026-08-25,590021,VNDE00DF17C15,111-8688953-0981051,14898
2026-08-25,590021,VNDE00DF17C15,111-8819259-7906669,6458
2026-08-25,590021,VNDE00DF17C15,111-8952014-8706628,33705
2026-08-25,590021,VNDE00DF17C15,111-9215592-8101830,21895
2026-08-25,590021,VNDE00DF17C15,111-9228715-2269052,1804
2026-08-25,590021,VNDE00DF17C15,111-9267930-0074616,14958
2026-08-25,590021,VNDE00DF17C15,111-9310725-1204233,44317
2026-08-25,590021,VNDE00DF17C15,111-9377783-2076206,8786
2026-08-25,590021,VNDE00DF17C15,111-9379413-0985805,3699
2026-08-25,590021,VNDE00DF17C15,111-9383622-5454633,6825
2026-08-25,590021,VNDE00DF17C15,111-9400868-5249001,1919
2026-08-25,590021,VNDE00DF17C15,111-9721513-7308268,10001
2026-08-25,590021,VNDE00DF17C15,111-9728100-4339450,45231
2026-08-25,590021,VNDE00DF17C15,111-9873970-8381825,795
2026-08-25,590021,VNDE00DF17C15,111-9880982-6976255,659
2026-08-25,590021,VNDE00DF17C15,111-9907603-0133809,2374
2026-08-25,590021,VNDE00DF17C15,111-9928284-8584208,7027
2026-08-25,590021,VNDE00DF17C15,111-9974568-9760205-1,-2257
2026-08-25,590021,VNDE00DF17C15,112-0091907-0623436,999
2026-08-25,590021,VNDE00DF17C15,112-0393018-1273812,6234
2026-08-25,590021,VNDE00DF17C15,112-0943520-8925844,17900
2026-08-25,590021,VNDE00DF17C15,112-1112058-1522622,11996
2026-08-25,590021,VNDE00DF17C15,112-1112058-1522622-1,8697
2026-08-25,590021,VNDE00DF17C15,112-1112058-1522622-2,5798
2026-08-25,590021,VNDE00DF17C15,112-1207922-9600238,1599
2026-08-25,590021,VNDE00DF17C15,112-1831349-5317802,13268
2026-08-25,590021,VNDE00DF17C15,112-2374449-8074651,7599
2026-08-25,590021,VNDE00DF17C15,112-2794031-3765824,1325
2026-08-25,590021,VNDE00DF17C15,112-3223232-2175422,24934
2026-08-25,590021,VNDE00DF17C15,112-3223232-2175422-1,32058
2026-08-25,590021,VNDE00DF17C15,112-3415464-3556243,5936
2026-08-25,590021,VNDE00DF17C15,112-3474546-3290625,9240
2026-08-25,590021,VNDE00DF17C15,112-3840945-6660259,14318
2026-08-25,590021,VNDE00DF17C15,112-4407754-2216256,2922
2026-08-25,590021,VNDE00DF17C15,112-4543458-7443439,1899
2026-08-25,590021,VNDE00DF17C15,112-4682473-5745869,7418
2026-08-25,590021,VNDE00DF17C15,112-5035186-4292209,59999
2026-08-25,590021,VNDE00DF17C15,112-5167771-0307423,1273
2026-08-25,590021,VNDE00DF17C15,112-6517595-5622645,58495
2026-08-25,590021,VNDE00DF17C15,112-6865754-2199460,20986
2026-08-25,590021,VNDE00DF17C15,112-6958026-4441045,2498
2026-08-25,590021,VNDE00DF17C15,112-7217183-3767454,10335
2026-08-25,590021,VNDE00DF17C15,112-7309437-8445021,14126
2026-08-25,590021,VNDE00DF17C15,112-7312666-9527407,11933
2026-08-25,590021,VNDE00DF17C15,112-7549567-7431464,2159
2026-08-25,590021,VNDE00DF17C15,112-7899409-6733828,7606
2026-08-25,590021,VNDE00DF17C15,112-8141826-9160222,4494
2026-08-25,590021,VNDE00DF17C15,112-8232440-5498644,5401
2026-08-25,590021,VNDE00DF17C15,112-8931007-7955426,2399
2026-08-25,590021,VNDE00DF17C15,112-9169386-8662612,989
2026-08-25,590021,VNDE00DF17C15,112-9600918-0601039,2659
2026-08-25,590021,VNDE00DF17C15,112-9803749-1415418,19273
2026-08-25,590021,VNDE00DF17C15,1129515,79201
2026-08-25,590021,VNDE00DF17C15,113-0090994-5969066,3750
2026-08-25,590021,VNDE00DF17C15,113-0090994-5969066-1,-3750
2026-08-25,590021,VNDE00DF17C15,113-0247883-2672228,6738
2026-08-25,590021,VNDE00DF17C15,113-0276273-3145050,131980
2026-08-25,590021,VNDE00DF17C15,113-0286453-7181072,2463
2026-08-25,590021,VNDE00DF17C15,113-0339810-6761029,3389
2026-08-25,590021,VNDE00DF17C15,113-0382532-1777859,25221
2026-08-25,590021,VNDE00DF17C15,113-0463896-8300233,2319
2026-08-25,590021,VNDE00DF17C15,113-0608981-0595412,6234
2026-08-25,590021,VNDE00DF17C15,113-0635266-3000209,31541
2026-08-25,590021,VNDE00DF17C15,113-0833818-3977814,11128
2026-08-25,590021,VNDE00DF17C15,113-0957825-4899430,7606
2026-08-25,590021,VNDE00DF17C15,113-0994932-8260209,7688
2026-08-25,590021,VNDE00DF17C15,113-1153296-5575440,1666
2026-08-25,590021,VNDE00DF17C15,113-1173325-9748230,1333
2026-08-25,590021,VNDE00DF17C15,113-1313026-9042628,1467
2026-08-25,590021,VNDE00DF17C15,113-1505285-6270607,6762
2026-08-25,590021,VNDE00DF17C15,113-1574470-8811458,8116
2026-08-25,590021,VNDE00DF17C15,113-1594489-8951449,1413
2026-08-25,590021,VNDE00DF17C15,113-1708861-9166607,13108
2026-08-25,590021,VNDE00DF17C15,113-1783913-8063453,3599
2026-08-25,590021,VNDE00DF17C15,113-1830204-6969843,5027
2026-08-25,590021,VNDE00DF17C15,113-1867617-7353834,5277
2026-08-25,590021,VNDE00DF17C15,113-1934782-9133023,898
2026-08-25,590021,VNDE00DF17C15,113-2005651-1283450,18334
2026-08-25,590021,VNDE00DF17C15,113-2033328-9605816,17815
2026-08-25,590021,VNDE00DF17C15,113-2183311-0093853,29196
2026-08-25,590021,VNDE00DF17C15,113-2239352-4153007,10962
2026-08-25,590021,VNDE00DF17C15,113-2295094-0195444,559
2026-08-25,590021,VNDE00DF17C15,113-2444185-9341814,7027
2026-08-25,590021,VNDE00DF17C15,113-2616145-4185802,106497
2026-08-25,590021,VNDE00DF17C15,113-2616145-4185802-1,16362
2026-08-25,590021,VNDE00DF17C15,113-2739852-5165049,1786
2026-08-25,590021,VNDE00DF17C15,113-2739852-5165049-1,47973
2026-08-25,590021,VNDE00DF17C15,113-3001316-0077024,9196
2026-08-25,590021,VNDE00DF17C15,113-3084605-5133802,3164
2026-08-25,590021,VNDE00DF17C15,113-3151109-9577034,4434
2026-08-25,590021,VNDE00DF17C15,113-3151109-9577034-1,-3498
2026-08-25,590021,VNDE00DF17C15,113-3202080-7370653,10590
2026-08-25,590021,VNDE00DF17C15,113-3262044-4503460,9993
2026-08-25,590021,VNDE00DF17C15,113-3287454-1692236,53349
2026-08-25,590021,VNDE00DF17C15,113-3293415-7365844,2322
2026-08-25,590021,VNDE00DF17C15,113-3607044-0237041,1488
2026-08-25,590021,VNDE00DF17C15,113-3607142-9561008,20939
2026-08-25,590021,VNDE00DF17C15,113-3859840-0666629,5498
2026-08-25,590021,VNDE00DF17C15,113-3997565-6289028,21126
2026-08-25,590021,VNDE00DF17C15,113-4096004-2470633,3598
2026-08-25,590021,VNDE00DF17C15,113-4332468-5265854,3608
2026-08-25,590021,VNDE00DF17C15,113-4421923-7261865,13045
2026-08-25,590021,VNDE00DF17C15,113-4547903-7446662,8842
2026-08-25,590021,VNDE00DF17C15,113-4547903-7446662-1,-3398
2026-08-25,590021,VNDE00DF17C15,113-4764367-2757848,9109
2026-08-25,590021,VNDE00DF17C15,113-4819989-2040220,55206
2026-08-25,590021,VNDE00DF17C15,113-4904025-3706625,18042
2026-08-25,590021,VNDE00DF17C15,113-4990793-0855468,7089
2026-08-25,590021,VNDE00DF17C15,113-5194389-7427451,11730
2026-08-25,590021,VNDE00DF17C15,113-5216558-5017834,7754
2026-08-25,590021,VNDE00DF17C15,113-5417533-5421020,23648
2026-08-25,590021,VNDE00DF17C15,113-5491345-1304268,14599
2026-08-25,590021,VNDE00DF17C15,113-5750356-8910621,19668
2026-08-25,590021,VNDE00DF17C15,113-5958210-6471449,19197
2026-08-25,590021,VNDE00DF17C15,113-6014896-2319460,6810
2026-08-25,590021,VNDE00DF17C15,113-6048245-3787405,81621
2026-08-25,590021,VNDE00DF17C15,113-6119122-0401025,7607
2026-08-25,590021,VNDE00DF17C15,113-6179062-4125002,2976
2026-08-25,590021,VNDE00DF17C15,113-6305178-9900207,9092
2026-08-25,590021,VNDE00DF17C15,113-6647409-9582645,5890
2026-08-25,590021,VNDE00DF17C15,113-6944435-4857014,10398
2026-08-25,590021,VNDE00DF17C15,113-7069632-2009064,26901
2026-08-25,590021,VNDE00DF17C15,113-7130485-8529811,19770
2026-08-25,590021,VNDE00DF17C15,113-7174373-9639468,3279
2026-08-25,590021,VNDE00DF17C15,113-7181603-9368218,11474
2026-08-25,590021,VNDE00DF17C15,113-7351753-7525860,3168
2026-08-25,590021,VNDE00DF17C15,113-7384627-3719417,10265
2026-08-25,590021,VNDE00DF17C15,113-7583250-0267455,8621
2026-08-25,590021,VNDE00DF17C15,113-7622879-4950651,1044
2026-08-25,590021,VNDE00DF17C15,113-7800173-5377012,5110
2026-08-25,590021,VNDE00DF17C15,113-7831735-6448249,2343
2026-08-25,590021,VNDE00DF17C15,113-7845616-7821027,4002
2026-08-25,590021,VNDE00DF17C15,113-7871873-6765038,1699
2026-08-25,590021,VNDE00DF17C15,113-8132481-6114667,20208
2026-08-25,590021,VNDE00DF17C15,113-8161967-4976210,1234
2026-08-25,590021,VNDE00DF17C15,113-8361383-8842658,3055
2026-08-25,590021,VNDE00DF17C15,113-8577184-9157005,51885
2026-08-25,590021,VNDE00DF17C15,113-8662751-6275466,23745
2026-08-25,590021,VNDE00DF17C15,113-9060259-3301030,53039
2026-08-25,590021,VNDE00DF17C15,113-9401139-0342650,5097
2026-08-25,590021,VNDE00DF17C15,113-9403700-7054615,6460
2026-08-25,590021,VNDE00DF17C15,113-9798765-5268214,2390
2026-08-25,590021,VNDE00DF17C15,113-9967286-1106663,6578
2026-08-25,590021,VNDE00DF17C15,114-0006420-7950672,47482
2026-08-25,590021,VNDE00DF17C15,114-0476075-8494614,26066
2026-08-25,590021,VNDE00DF17C15,114-0548959-8085863,14990
2026-08-25,590021,VNDE00DF17C15,114-0598118-6631465,6107
2026-08-25,590021,VNDE00DF17C15,114-0794951-2510608,12220
2026-08-25,590021,VNDE00DF17C15,114-1436173-4689010-1,7291
2026-08-25,590021,VNDE00DF17C15,114-2280238-5172237,8545
2026-08-25,590021,VNDE00DF17C15,114-2333338-0816207,26192
2026-08-25,590021,VNDE00DF17C15,114-3115631-1045807,986
2026-08-25,590021,VNDE00DF17C15,114-3643763-7270614,3599
2026-08-25,590021,VNDE00DF17C15,114-3674394-8845047,167805
2026-08-25,590021,VNDE00DF17C15,114-3769426-8401861,1447
2026-08-25,590021,VNDE00DF17C15,114-3842532-9724248,143950
2026-08-25,590021,VNDE00DF17C15,114-4027898-7258629,18822
2026-08-25,590021,VNDE00DF17C15,114-4104083-6137821,7199
2026-08-25,590021,VNDE00DF17C15,114-4251264-6540233,2326
2026-08-25,590021,VNDE00DF17C15,114-4659505-7781020,13583
2026-08-25,590021,VNDE00DF17C15,114-4807648-5178636,1118
2026-08-25,590021,VNDE00DF17C15,114-4861374-2340209,6599
2026-08-25,590021,VNDE00DF17C15,114-4929476-4789035,104501
2026-08-25,590021,VNDE00DF17C15,114-5345264-6987468,7601
2026-08-25,590021,VNDE00DF17C15,114-5897678-4977841,8970
2026-08-25,590021,VNDE00DF17C15,114-5928077-9669835-1,-5596
2026-08-25,590021,VNDE00DF17C15,114-5945096-6869053,3520
2026-08-25,590021,VNDE00DF17C15,114-6178815-4924259,111870
2026-08-25,590021,VNDE00DF17C15,114-6914206-4823413,4799
2026-08-25,590021,VNDE00DF17C15,114-7191650-6920218-1,-7971
2026-08-25,590021,VNDE00DF17C15,114-7403114-9479423,1464
2026-08-25,590021,VNDE00DF17C15,114-7435212-2214609,5711
2026-08-25,590021,VNDE00DF17C15,114-7665861-9798608,5994
2026-08-25,590021,VNDE00DF17C15,114-7923651-2285864,1699
2026-08-25,590021,VNDE00DF17C15,114-7960640-8089014,6040
2026-08-25,590021,VNDE00DF17C15,114-8448434-4032248,4235
2026-08-25,590021,VNDE00DF17C15,114-8486691-0116215,21636
2026-08-25,590021,VNDE00DF17C15,114-8547841-3825064,949
2026-08-25,590021,VNDE00DF17C15,114-8757403-6859465,12273
2026-08-25,590021,VNDE00DF17C15,114-9124225-2777028,22335
2026-08-25,590021,VNDE00DF17C15,114-9253972-1571411-1,8985
2026-08-25,590021,VNDE00DF17C15,114-9253972-1571411-2,53295
2026-08-25,590021,VNDE00DF17C15,114-9253972-1571411-3,-12999
2026-08-25,590021,VNDE00DF17C15,114-9451802-0509017,20600
2026-08-25,590021,VNDE00DF17C15,114-9703345-8457010,1194
2026-08-25,590021,VNDE00DF17C15,114-9703345-8457010-1,4796
2026-08-25,590021,VNDE00DF17C15,114160,4947
2026-08-25,590021,VNDE00DF17C15,11826,201881
2026-08-25,590021,VNDE00DF17C15,11847,233606
2026-08-25,590021,VNDE00DF17C15,121157743-12115774,15875
2026-08-25,590021,VNDE00DF17C15,127356746,38899
2026-08-25,590021,VNDE00DF17C15,129102,2500
2026-08-25,590021,VNDE00DF17C15,1306843652,24635
2026-08-25,590021,VNDE00DF17C15,13167498,92372
2026-08-25,590021,VNDE00DF17C15,13167505,92372
2026-08-25,590021,VNDE00DF17C15,1356525084,40215
2026-08-25,590021,VNDE00DF17C15,138606140-2,-25716
2026-08-25,590021,VNDE00DF17C15,138606596 - 2,-38925
2026-08-25,590021,VNDE00DF17C15,140937-2026-SARAH THOMAS,400
2026-08-25,590021,VNDE00DF17C15,143081-2026-LARA PERCIFIELD,32000
2026-08-25,590021,VNDE00DF17C15,147932047980,4819
2026-08-25,590021,VNDE00DF17C15,149060,13100
2026-08-25,590021,VNDE00DF17C15,15034123603,6500
2026-08-25,590021,VNDE00DF17C15,15066915,75443
2026-08-25,590021,VNDE00DF17C15,150893,78100
2026-08-25,590021,VNDE00DF17C15,15250127702,12000
2026-08-25,590021,VNDE00DF17C15,1548452314,3773
2026-08-25,590021,VNDE00DF17C15,1613119,106690
2026-08-25,590021,VNDE00DF17C15,163612850421,1596
2026-08-25,590021,VNDE00DF17C15,1650203371,4145
2026-08-25,590021,VNDE00DF17C15,165024,2500
2026-08-25,590021,VNDE00DF17C15,1674087-1,-21242
2026-08-25,590021,VNDE00DF17C15,1680931-1,-181888
2026-08-25,590021,VNDE00DF17C15,1685331W2U7XQ,101988
2026-08-25,590021,VNDE00DF17C15,1755-00001-17366,11872
2026-08-25,590021,VNDE00DF17C15,178455,139950
2026-08-25,590021,VNDE00DF17C15,179322,79515
2026-08-25,590021,VNDE00DF17C15,1825 5FR 516 636,16196
2026-08-25,590021,VNDE00DF17C15,18946,16560
2026-08-25,590021,VNDE00DF17C15,19001,113708
2026-08-25,590021,VNDE00DF17C15,192678-2026-THOMAS COX,2000
2026-08-25,590021,VNDE00DF17C15,193198,143192
2026-08-25,590021,VNDE00DF17C15,194917,112717
2026-08-25,590021,VNDE00DF17C15,1989954,143568
2026-08-25,590021,VNDE00DF17C15,1989954-1,-81161
2026-08-25,590021,VNDE00DF17C15,19910,15000
2026-08-25,590021,VNDE00DF17C15,1994007,171529
2026-08-25,590021,VNDE00DF17C15,1995042,174644
2026-08-25,590021,VNDE00DF17C15,1997945,27234
2026-08-25,590021,VNDE00DF17C15,2000147-76097765,2949
2026-08-25,590021,VNDE00DF17C15,2005174,190304
2026-08-25,590021,VNDE00DF17C15,2005722,106750
2026-08-25,590021,VNDE00DF17C15,2009845,159715
2026-08-25,590021,VNDE00DF17C15,2026-04-LISA HAWKINS,19004
2026-08-25,590021,VNDE00DF17C15,2026-05-LISA HAWKINS,19001
2026-08-25,590021,VNDE00DF17C15,2026-06-FREDERICK HUFF,19001
2026-08-25,590021,VNDE00DF17C15,2026-8-0285,43877
2026-08-25,590021,VNDE00DF17C15,204442,16565
2026-08-25,590021,VNDE00DF17C15,2047,79500
2026-08-25,590021,VNDE00DF17C15,21683493,16658
2026-08-25,590021,VNDE00DF17C15,21862136-1,-2750
2026-08-25,590021,VNDE00DF17C15,224058,2500
2026-08-25,590021,VNDE00DF17C15,2262-1-7521-1060759-11-1,-13499
2026-08-25,590021,VNDE00DF17C15,2262-1-7525-1060759-11,15935
2026-08-25,590021,VNDE00DF17C15,2262-3-7657-1060759-11,4598
2026-08-25,590021,VNDE00DF17C15,238250,51672
2026-08-25,590021,VNDE00DF17C15,238990,2500
2026-08-25,590021,VNDE00DF17C15,240165-2026-BELINDA EDWARDS,16000
2026-08-25,590021,VNDE00DF17C15,24134-3274-000001,98006
2026-08-25,590021,VNDE00DF17C15,24134-3274-000002,151860
2026-08-25,590021,VNDE00DF17C15,24159-2741-000001,45560
2026-08-25,590021,VNDE00DF17C15,24180-0289-000002,35085
2026-08-25,590021,VNDE00DF17C15,2418303,195500
2026-08-25,590021,VNDE00DF17C15,242680,9000
2026-08-25,590021,VNDE00DF17C15,242833,13500
2026-08-25,590021,VNDE00DF17C15,24445006092001080878421,200560
2026-08-25,590021,VNDE00DF17C15,250781-2,39002
2026-08-25,590021,VNDE00DF17C15,256695-2,-51400
2026-08-25,590021,VNDE00DF17C15,2622,113500
2026-08-25,590021,VNDE00DF17C15,267462575,118272
2026-08-25,590021,VNDE00DF17C15,267496-2026-LISA MCGINNIS,32400
2026-08-25,590021,VNDE00DF17C15,2784750,10186
2026-08-25,590021,VNDE00DF17C15,27938-1,47500
2026-08-25,590021,VNDE00DF17C15,2814476,50089
2026-08-25,590021,VNDE00DF17C15,2842842,71842
2026-08-25,590021,VNDE00DF17C15,289075-2026-MITCHELL FREEHAUF,32400
2026-08-25,590021,VNDE00DF17C15,2H8-627,41470
2026-08-25,590021,VNDE00DF17C15,300059581,6200
2026-08-25,590021,VNDE00DF17C15,300809067,50350
2026-08-25,590021,VNDE00DF17C15,300902166264147358,3799
2026-08-25,590021,VNDE00DF17C15,300902166264147358-1,9845
2026-08-25,590021,VNDE00DF17C15,300902166264147358-2,248
2026-08-25,590021,VNDE00DF17C15,300902166264147358-3,56962
2026-08-25,590021,VNDE00DF17C15,301172870,30758
2026-08-25,590021,VNDE00DF17C15,30160642,24462
2026-08-25,590021,VNDE00DF17C15,311357-2026-LAURA STRONG,32400
2026-08-25,590021,VNDE00DF17C15,31J-W75,38280
2026-08-25,590021,VNDE00DF17C15,3261 2251 4188 5768 3591,798
2026-08-25,590021,VNDE00DF17C15,33214,-16575
2026-08-25,590021,VNDE00DF17C15,33519,-642
2026-08-25,590021,VNDE00DF17C15,3363772,122100
2026-08-25,590021,VNDE00DF17C15,3365457,63426
2026-08-25,590021,VNDE00DF17C15,350124,27972
2026-08-25,590021,VNDE00DF17C15,351169,86862
2026-08-25,590021,VNDE00DF17C15,351626,52971
2026-08-25,590021,VNDE00DF17C15,351641,39112
2026-08-25,590021,VNDE00DF17C15,352334,23196
2026-08-25,590021,VNDE00DF17C15,352378,32200
2026-08-25,590021,VNDE00DF17C15,352544,4800
2026-08-25,590021,VNDE00DF17C15,352790,33210
2026-08-25,590021,VNDE00DF17C15,353007,72906
2026-08-25,590021,VNDE00DF17C15,353578,7776
2026-08-25,590021,VNDE00DF17C15,354866,2885
2026-08-25,590021,VNDE00DF17C15,354910,8413
2026-08-25,590021,VNDE00DF17C15,356152596291256,2100
2026-08-25,590021,VNDE00DF17C15,36544,45526
2026-08-25,590021,VNDE00DF17C15,36551,16628
2026-08-25,590021,VNDE00DF17C15,367809-2026-LARA SCHUSTER,32400
2026-08-25,590021,VNDE00DF17C15,373414,2500
2026-08-25,590021,VNDE00DF17C15,375187,200
2026-08-25,590021,VNDE00DF17C15,37755043370067109627,4894
2026-08-25,590021,VNDE00DF17C15,37J-WZ5,22598
2026-08-25,590021,VNDE00DF17C15,38773026,7500
2026-08-25,590021,VNDE00DF17C15,38773061,7500
2026-08-25,590021,VNDE00DF17C15,38773088,7500
2026-08-25,590021,VNDE00DF17C15,38773120,7500
2026-08-25,590021,VNDE00DF17C15,38773148,7500
2026-08-25,590021,VNDE00DF17C15,38773182,7500
2026-08-25,590021,VNDE00DF17C15,395242,2528
2026-08-25,590021,VNDE00DF17C15,395359,4156
2026-08-25,590021,VNDE00DF17C15,398-9421,119750
2026-08-25,590021,VNDE00DF17C15,3AG-3HK,150810
2026-08-25,590021,VNDE00DF17C15,3KC-GZJ,40627
2026-08-25,590021,VNDE00DF17C15,406365-2026-ELIZABETH BENTON,6000
2026-08-25,590021,VNDE00DF17C15,4085097010,44352
2026-08-25,590021,VNDE00DF17C15,4112512547,99998
2026-08-25,590021,VNDE00DF17C15,424745654,247500
2026-08-25,590021,VNDE00DF17C15,43081-2026-LARA PEACE PERCIF,400
2026-08-25,590021,VNDE00DF17C15,43503311901392902,4930
2026-08-25,590021,VNDE00DF17C15,43503311901392902-1,-403
2026-08-25,590021,VNDE00DF17C15,43715319006920705,-5936
2026-08-25,590021,VNDE00DF17C15,43715319006920705-1,75636
2026-08-25,590021,VNDE00DF17C15,4431 6241 1442 4511 8601 9,10494
2026-08-25,590021,VNDE00DF17C15,462143,74796
2026-08-25,590021,VNDE00DF17C15,4622249-1,54346
2026-08-25,590021,VNDE00DF17C15,46232961,125400
2026-08-25,590021,VNDE00DF17C15,467983142001,19893
2026-08-25,590021,VNDE00DF17C15,48311-2026-ELIZABETH WOOCHUN,32000
2026-08-25,590021,VNDE00DF17C15,49068,210000
2026-08-25,590021,VNDE00DF17C15,49423993,53151
2026-08-25,590021,VNDE00DF17C15,4CP-R96,47960
2026-08-25,590021,VNDE00DF17C15,50008,69500
2026-08-25,590021,VNDE00DF17C15,5116161748461993,-22200
2026-08-25,590021,VNDE00DF17C15,519423767 6242,240000
2026-08-25,590021,VNDE00DF17C15,5245,63000
2026-08-25,590021,VNDE00DF17C15,52850001,11260
2026-08-25,590021,VNDE00DF17C15,53209428,169448
2026-08-25,590021,VNDE00DF17C15,534640-2026-RUAL ROMERO,34400
2026-08-25,590021,VNDE00DF17C15,59443261192287015849,8815
2026-08-25,590021,VNDE00DF17C15,5PH-3RP,116457
2026-08-25,590021,VNDE00DF17C15,5XF-Y37,41140
2026-08-25,590021,VNDE00DF17C15,60E-WU1,70265
2026-08-25,590021,VNDE00DF17C15,6107,54500
2026-08-25,590021,VNDE00DF17C15,611413,2000
2026-08-25,590021,VNDE00DF17C15,61460260,28205
2026-08-25,590021,VNDE00DF17C15,617464014388,9716
2026-08-25,590021,VNDE00DF17C15,6231195,60233
2026-08-25,590021,VNDE00DF17C15,6388500736,6296
2026-08-25,590021,VNDE00DF17C15,6663-2-2033-286887-11,39113
2026-08-25,590021,VNDE00DF17C15,6663-2-2237-286887-11-2,-17999
2026-08-25,590021,VNDE00DF17C15,6663-2-2239-286887-11-1,-2299
2026-08-25,590021,VNDE00DF17C15,6663-3-1850-129620-11,48192
2026-08-25,590021,VNDE00DF17C15,6941 00017 68787,19679
2026-08-25,590021,VNDE00DF17C15,6941 00051 04435,154492
2026-08-25,590021,VNDE00DF17C15,697834,2000
2026-08-25,590021,VNDE00DF17C15,6KZ-92C,48595
2026-08-25,590021,VNDE00DF17C15,70259,9000
2026-08-25,590021,VNDE00DF17C15,7131,12500
2026-08-25,590021,VNDE00DF17C15,74036296156714118663447,-6986
2026-08-25,590021,VNDE00DF17C15,742358650,2816
2026-08-25,590021,VNDE00DF17C15,7456020,20700
2026-08-25,590021,VNDE00DF17C15,74672,5398
2026-08-25,590021,VNDE00DF17C15,7680082297,67529
2026-08-25,590021,VNDE00DF17C15,7680805591,29090
2026-08-25,590021,VNDE00DF17C15,7680805591-1,220468
2026-08-25,590021,VNDE00DF17C15,7681312825,90433
2026-08-25,590021,VNDE00DF17C15,7681340342,14432
2026-08-25,590021,VNDE00DF17C15,780528-2026-ALLISON CANDLER,32400
2026-08-25,590021,VNDE00DF17C15,7816844,29556
2026-08-25,590021,VNDE00DF17C15,78189,74572
2026-08-25,590021,VNDE00DF17C15,7E5-ZQX,43000
2026-08-25,590021,VNDE00DF17C15,7ZE-XHC,78600
2026-08-25,590021,VNDE00DF17C15,800000035279069,3290
2026-08-25,590021,VNDE00DF17C15,800000035315670,4790
2026-08-25,590021,VNDE00DF17C15,800000035601925,8694
2026-08-25,590021,VNDE00DF17C15,800000045893968,7388
2026-08-25,590021,VNDE00DF17C15,822187,25712
2026-08-25,590021,VNDE00DF17C15,82731,39222
2026-08-25,590021,VNDE00DF17C15,83018,23884
2026-08-25,590021,VNDE00DF17C15,8408890,8100
2026-08-25,590021,VNDE00DF17C15,841801,94082
2026-08-25,590021,VNDE00DF17C15,848311,400
2026-08-25,590021,VNDE00DF17C15,872019-2026-WESLEY KERNS,32400
2026-08-25,590021,VNDE00DF17C15,9-321-93904,6821
2026-08-25,590021,VNDE00DF17C15,9-332-51865,8892
2026-08-25,590021,VNDE00DF17C15,901500,39781
2026-08-25,590021,VNDE00DF17C15,9120952,21218
2026-08-25,590021,VNDE00DF17C15,9382,45000
2026-08-25,590021,VNDE00DF17C15,966463,12767
2026-08-25,590021,VNDE00DF17C15,988830,8594
2026-08-25,590021,VNDE00DF17C15,9932758718,16544
2026-08-25,590021,VNDE00DF17C15,9947533221,34845
2026-08-25,590021,VNDE00DF17C15,9947879061,109880
2026-08-25,590021,VNDE00DF17C15,9949934641,21480
2026-08-25,590021,VNDE00DF17C15,9950115577,45246
2026-08-25,590021,VNDE00DF17C15,A67582,2500
2026-08-25,590021,VNDE00DF17C15,AP-T00003241,160082
2026-08-25,590021,VNDE00DF17C15,ATL-00111161,11500
2026-08-25,590021,VNDE00DF17C15,BBY01-807191749550,117796
2026-08-25,590021,VNDE00DF17C15,BBY01-807199210117,5399
2026-08-25,590021,VNDE00DF17C15,C24725,2500
2026-08-25,590021,VNDE00DF17C15,C25821,2500
2026-08-25,590021,VNDE00DF17C15,C32242,2500
2026-08-25,590021,VNDE00DF17C15,CHK# 2,14339
2026-08-25,590021,VNDE00DF17C15,D31406,182500
2026-08-25,590021,VNDE00DF17C15,E3R-Y0J,86065
2026-08-25,590021,VNDE00DF17C15,F3A-Z49,43000
2026-08-25,590021,VNDE00DF17C15,F4U-WGU,190812
2026-08-25,590021,VNDE00DF17C15,FOCS154707,9183
2026-08-25,590021,VNDE00DF17C15,G156957277,10000
2026-08-25,590021,VNDE00DF17C15,G163800621,10000
2026-08-25,590021,VNDE00DF17C15,H0149-539282,122210
2026-08-25,590021,VNDE00DF17C15,H6941-495869,11991
2026-08-25,590021,VNDE00DF17C15,H6941-496903,8396
2026-08-25,590021,VNDE00DF17C15,HCY-415,37950
2026-08-25,590021,VNDE00DF17C15,INV-01833,189000
2026-08-25,590021,VNDE00DF17C15,INV193371,31000
2026-08-25,590021,VNDE00DF17C15,JT6-RYW,32479
2026-08-25,590021,VNDE00DF17C15,JW6-VQA,33690
2026-08-25,590021,VNDE00DF17C15,K2C-T7J,46574
2026-08-25,590021,VNDE00DF17C15,KKR-T0M,28948
2026-08-25,590021,VNDE00DF17C15,L34598-IN,65025
2026-08-25,590021,VNDE00DF17C15,MGF-C19,136990
2026-08-25,590021,VNDE00DF17C15,MQ5-TE7,49211
2026-08-25,590021,VNDE00DF17C15,MR-070226,3925
2026-08-25,590021,VNDE00DF17C15,MR-2026-1326,30000
2026-08-25,590021,VNDE00DF17C15,OE-502923,14456
2026-08-25,590021,VNDE00DF17C15,OT DOGS BUNS JUICE WATER CHI,15084
2026-08-25,590021,VNDE00DF17C15,PKZ-6G9,41814
2026-08-25,590021,VNDE00DF17C15,PPU-5A3,33478
2026-08-25,590021,VNDE00DF17C15,PSHRA-2026-TIMOTHY EZELL,18500
2026-08-25,590021,VNDE00DF17C15,PZU-K72,122753
2026-08-25,590021,VNDE00DF17C15,R4344322316,1100
2026-08-25,590021,VNDE00DF17C15,S00054,211889
2026-08-25,590021,VNDE00DF17C15,S140504,181538
2026-08-25,590021,VNDE00DF17C15,S52061,121484
2026-08-25,590021,VNDE00DF17C15,S52063,219250
2026-08-25,590021,VNDE00DF17C15,SO-KA-699620,53500
2026-08-25,590021,VNDE00DF17C15,SO294706,31000
2026-08-25,590021,VNDE00DF17C15,T-227705,239609
2026-08-25,590021,VNDE00DF17C15,UPG.KXUP-LFE6-4TW7-HFDY,6799
2026-08-25,590021,VNDE00DF17C15,US02ARCUI0009381,160920
2026-08-25,590021,VNDE00DF17C15,USA-8207,106920
2026-08-25,590021,VNDE00DF17C15,VYE-PZ4,63250
2026-08-25,590021,VNDE00DF17C15,WFD-5359,67500
2026-08-25,590021,VNDE00DF17C15,WH32563260,7405
2026-08-25,590021,VNDE00DF17C15,WH33903254,244140
2026-08-25,590021,VNDE00DF17C15,XU1-APQ,62080
2026-08-25,590021,VNDE00DF17C15,Y84-V6A,17988
2026-08-25,590021,VNDE00DF17C15,YRF-GY0,25600
2026-08-25,590021,VNDE00DF17C15,Z17-JPK,33690
2026-08-25,590021,VNDE00DF17C15,Z5487377475,729
2026-08-28,202608270033840,VND8EE6DADD48,26213UC,155079
2026-08-28,202608270033841,VNDA8DE7BB48F,26209EP,1235513
2026-08-28,202608270033842,VND620A11C74E,54539,184880
2026-08-28,202608270033843,VND2EF13F8A88,36330,1762200
2026-08-28,202608270033843,VND2EF13F8A88,36331,223100
2026-08-28,202608270033843,VND2EF13F8A88,36332,360000
2026-08-28,202608270033843,VND2EF13F8A88,36333,372750
2026-08-28,202608270033844,VND2EF13F8A88,36442,11950
2026-08-28,202608270033844,VND2EF13F8A88,36443,388850
2026-08-28,202608270033844,VND2EF13F8A88,36444,537850
2026-08-28,202608270033844,VND2EF13F8A88,36445,174350
2026-08-28,202608270033845,VND64FECDA64C,6150716586,9015
2026-08-28,202608270033846,VND18824BD22F,08-2026,5000
2026-08-28,202608270033847,VND866424BA7E,082126-FULTN,3077613
2026-08-28,202608270033848,VND3E9BFC9510,4618,2135847
2026-08-28,202608270033851,VND65ED435E78,025-563341,510000
2026-08-28,202608270033852,VND23829C85FF,EHE-07-2026,1211140
2026-08-28,202608270033852,VND23829C85FF,RYW-06-2026,5484304
2026-08-28,202608270033852,VND23829C85FF,RYW-07-2026,5716456
2026-08-28,202608270033853,VND145F4C9FB9,RYW-06-2026-FC,86320488
2026-08-28,202608270033853,VND145F4C9FB9,RYW-06-2026-MAI,22905350
2026-08-28,202608270033854,VND8853F057FC,0815324,576000
2026-08-28,202608270033855,VND90E08630C3,FCCSP-JUNE2026-1,2361898
2026-08-28,202608270033856,VNDD0F6ED802B,AG07/26-2,43
2026-08-28,202608270033857,VND21D01DFE68,JP07/26-2,214
2026-08-28,202608270033858,VND188DC1B425,EHE-07-2026,4352811
2026-08-28,202608270033859,VNDE3A3891398,1175,62000000
2026-08-28,202608270033860,VND502A427BFA,GJG07/26-2,251
2026-08-28,202608270033861,VND8BB1677144,CT07/26-2,293
2026-08-28,202608270033862,VND8EA80F8F07,BG07/26-2,245
2026-08-28,202608270033863,VNDA096CC5A15,GM07/26-2,279
2026-08-28,202608270033864,VNDFC32C7972A,08M01WK26YR,314050
2026-08-28,202608270033865,VNDE56B5C921A,7050076331,88900
2026-08-28,202608270033865,VNDE56B5C921A,7050076450,31800
2026-08-28,202608270033865,VNDE56B5C921A,7050076849,60700
2026-08-28,202608270033866,VND72AF9C19BB,91,10010
2026-08-28,202608270033866,VND72AF9C19BB,92,10010
2026-08-28,202608270033867,VND04AD64B4E7,LH-119,113850
2026-08-28,202608270033867,VND04AD64B4E7,LH-120,112200
2026-08-28,202608270033868,VND199A0B5A02,082426MMF,155100
2026-08-28,202608270033869,VND043CE835C3,6-GF-25608,759846
2026-08-28,202608270033870,VND7BDB8EA823,RYW-06-2026,3323140
2026-08-28,202608270033871,VND19FAC8E0C9,069264,4580035
2026-08-28,202608270033872,VND620A11C74E,54726,3525377
2026-08-28,202608270033873,VNDF437D7B97D,4240905A,20425
2026-08-28,202608270033874,VND180F26424A,INV000559,5000000
2026-08-28,202608270033875,VND9B51B13D10,2026-1,2000000
2026-08-28,202608270033876,VNDAC844B4C4F,10161684-00,57000
2026-08-28,202608270033877,VNDF54F971D0D,135908,60675
2026-08-28,202608270033877,VNDF54F971D0D,136748,60675
2026-08-28,202608270033878,VNDBFFEA729CC,126SR,92950
2026-08-28,202608270033879,VND88431FA06D,9160296221,45000
2026-08-28,202608270033880,VND478EB59482,357117,75885
2026-08-28,202608270033880,VND478EB59482,357118,331354
2026-08-28,202608270033880,VND478EB59482,357950,228243
2026-08-28,202608270033880,VND478EB59482,357954,25138
2026-08-28,202608270033881,VND355FDF127D,1026984,384000
2026-08-28,202608270033883,VND0BF9BA4F6E,0234868,45520
2026-08-28,202608270033884,VNDAC435C7399,COVEN2608310001,2968400
2026-08-28,202608270033885,VND71E999DE41,81617,444500
2026-08-28,202608270033886,VND118AAC98EA,GR07/26-2,282
2026-08-28,202608270033887,VNDC36541A13A,RYW-06-2026,24431739
2026-08-28,202608270033888,VND6E87A561E9,CRF081926,110555
2026-08-28,202608270033889,VNDFCFB44BCA4,CP07/26-2,277
2026-08-28,202608270033890,VNDBF5AD25A46,BW07/26-2,295
2026-08-28,202608270033891,VND83DF970D08,SM07/26-2,137
2026-08-28,202608270033892,VNDE6FED59C0D,260826,323700
2026-08-28,202608270033893,VNDF516CA6F09,0899858-IN,1822488
2026-08-28,202608270033893,VNDF516CA6F09,1000310-IN,1552898
2026-08-28,202608270033894,VNDFCC464C80C,CN-102-2,68000
2026-08-28,202608270033895,VNDFCC464C80C,CN-102-1,147400
2026-08-28,202608270033896,VNDCA74A751E3,1018348,787496
2026-08-28,202608270033896,VNDCA74A751E3,1037250,787496
2026-08-28,202608270033897,VNDD1CB8AEBFB,3469,936750
2026-08-28,202608270033897,VNDD1CB8AEBFB,3470,231400
2026-08-28,202608270033898,VNDC358CD1549,254266,131000
2026-08-28,202608270033898,VNDC358CD1549,254306,208000
2026-08-28,202608270033898,VNDC358CD1549,254308,431700
2026-08-28,202608270033898,VNDC358CD1549,254343,178000
2026-08-28,202608270033898,VNDC358CD1549,254382,149750
2026-08-28,202608270033898,VNDC358CD1549,254420,80500
2026-08-28,202608270033898,VNDC358CD1549,254452,121750
2026-08-28,202608270033898,VNDC358CD1549,254508,116750
2026-08-28,202608270033898,VNDC358CD1549,254577,178000
2026-08-28,202608270033898,VNDC358CD1549,255991,80000
2026-08-28,202608270033898,VNDC358CD1549,255992,120250
2026-08-28,202608270033898,VNDC358CD1549,255993,100500
2026-08-28,202608270033898,VNDC358CD1549,255994,170500
2026-08-28,202608270033898,VNDC358CD1549,256017,250800
2026-08-28,202608270033898,VNDC358CD1549,256051,456700
2026-08-28,202608270033898,VNDC358CD1549,256052,100500
2026-08-28,202608270033898,VNDC358CD1549,256053,281500
2026-08-28,202608270033898,VNDC358CD1549,256084,403300
2026-08-28,202608270033898,VNDC358CD1549,256085,80000
2026-08-28,202608270033898,VNDC358CD1549,256126,244000
2026-08-28,202608270033899,VND9575F73C14,2670,157530
2026-08-28,202608270033900,VND119A0D66ED,189194,170000
2026-08-28,202608270033901,VNDCBEF635B4E,LM07/26-2,258
2026-08-28,202608270033902,VND73E67FF889,AJ07/26-2,155
2026-08-28,202608270033903,VND53C379D51A,INV0190449,170500
2026-08-28,202608270033903,VND53C379D51A,INV0191546,110000
2026-08-28,202608270033904,VND7DCE74FC79,05132026SS,40200
2026-08-28,202608270033905,VNDED79FA7FA3,WB07/26-2,289
2026-08-28,202608270033906,VND7937123C76,GD07/26-2,293
2026-08-28,202608270033907,VND1B14961A55,073026-NORTHWEST-LB_FCLS-JGW,20000
2026-08-28,202608270033908,VND451F08FBAE,15475179,42000
2026-08-28,202608270033909,VND41FEF5D2BC,25357,50100
2026-08-28,202608270033909,VND41FEF5D2BC,25358,23100
2026-08-28,202608270033909,VND41FEF5D2BC,25359,28500
2026-08-28,202608270033910,VNDE66DBB9972,852960,337800
2026-08-28,202608270033911,VNDEFB19C6099,2315,172600
2026-08-28,202608270033912,VNDD108DFD692,394639,67455
2026-08-28,202608270033913,VND00BC563C10,DL07/26-2,297
2026-08-28,202608270033914,VNDCDF81192A1,OJ07/26-2,262
2026-08-28,202608270033915,VND3AA136C39C,SH07/26-2,311
2026-08-28,202608270033916,VNDE326EA782E,0015-2026,150150
2026-08-28,202608270033917,VND84FA9DEDF7,1469,260000
2026-08-28,202608270033917,VND84FA9DEDF7,1472,279500
2026-08-28,202608270033918,VND660CF647D9,SH-8-10-26,235950
2026-08-28,202608270033919,VND165C80D9B3,082426,300000
2026-08-28,202608270033920,VNDE868058318,009708,24000
2026-08-28,202608270033920,VNDE868058318,010143,101780
2026-08-28,202608270033920,VNDE868058318,010212,20000
2026-08-28,202608270033920,VNDE868058318,010233,67729
2026-08-28,202608270033920,VNDE868058318,010234,60780
2026-08-28,202608270033921,VND1B0ED7BD24,RYW-06-2026,3942110
2026-08-28,202608270033921,VND1B0ED7BD24,RYW-07-2026,3562154
2026-08-28,202608270033922,VND845BD422F7,06-2026,5000
2026-08-28,202608270033922,VND845BD422F7,07-2026,5000
2026-08-28,202608270033922,VND845BD422F7,08-2026,5000
2026-08-28,202608270033923,VNDE6DD4952DE,2874,63500
2026-08-28,202608270033923,VNDE6DD4952DE,2876,89000
2026-08-28,202608270033924,VND1B627F67FA,35MKYG,168771
2026-08-28,202608270033924,VND1B627F67FA,3GQPFN,19221
2026-08-28,202608270033924,VND1B627F67FA,3GZLJD,24511
2026-08-28,202608270033925,VND2100346E96,081026,367400
2026-08-28,202608270033926,VNDE49B4C51C7,ABO200161,325000
2026-08-28,202608270033927,VND205091A4BF,BB07/26-2,283
2026-08-28,202608270033928,VND8BA19922E2,186,21700
2026-08-28,202608270033929,VND7B54CADC52,479775604001,84611
2026-08-28,202608270033930,VND3B4C4F3C3C,090126OPERATION,4911900
2026-08-28,202608270033930,VND3B4C4F3C3C,090126RENT-W,34900000
2026-08-28,202608270033931,VNDF1A7FF391B,GT07/26-2,311
2026-08-28,202608270033932,VNDB88D818F1F,DJ07/26-2,295
2026-08-28,202608270033933,VND1CFF75DBBF,AJ07/26-2,250
2026-08-28,202608270033934,VNDAB09036256,WFD-5590,86400
2026-08-28,202608270033935,VNDED998246A3,05-26,4266000
2026-08-28,202608270033936,VND9214ADBFBD,200ABS100004556,13393108
2026-08-28,202608270033936,VND9214ADBFBD,200ABS100004578,1310319
2026-08-28,202608270033936,VND9214ADBFBD,200ABS100005186,13166984
2026-08-28,202608270033936,VND9214ADBFBD,200ABS100005187,244893
2026-08-28,202608270033936,VND9214ADBFBD,200ABS100005208,1518729
2026-08-28,202608270033937,VNDD9F516FD59,C-08212026,7687718
2026-08-28,202608270033938,VND834E42C844,192,10000
2026-08-28,202608270033938,VND834E42C844,193,10000
2026-08-28,202608270033938,VND834E42C844,194,10000
2026-08-28,202608270033938,VND834E42C844,195,10000
2026-08-28,202608270033938,VND834E42C844,196,10000
2026-08-28,202608270033939,VNDC25BE877D3,13959,13520
2026-08-28,202608270033940,VNDD284BB3433,7351,2741024
2026-08-28,202608270033940,VNDD284BB3433,7352,6120
2026-08-28,202608270033941,VND3DE7437FAA,CG07/26-2,286
2026-08-28,202608270033942,VND68161C285A,15/26,181665
2026-08-28,202608270033943,VND7964E8C5F0,INV0110009,205800
2026-08-28,202608270033943,VND7964E8C5F0,INV0112617,246078
2026-08-28,202608270033944,VND7BB05E1072,AW07/26-2,251
2026-08-28,202608270033945,VND35160DAC1D,SMW5192026,20000
2026-08-28,202608270033946,VND3FEE14F178,16-26,224850
2026-08-28,202608270033947,VNDC68243F4EA,2026-23,108145
2026-08-28,202608270033947,VNDC68243F4EA,2026-27,206500
2026-08-28,202608270033947,VNDC68243F4EA,2026-29,133225
2026-08-28,202608270033948,VND424E713367,0161,300000
2026-08-28,202608270033949,VNDC20604776B,GDD07/26-2,263
2026-08-28,202608270033950,VNDEC1E01486D,0432689,280000
2026-08-28,202608270033951,VND68CAC0FBE4,GN07/26-2,75
2026-08-28,202608270033952,VNDB8DF26EF9D,246685,22200
2026-08-28,202608270033953,VND098B225002,8-18-2026,9600
2026-08-28,202608270033954,VND95B9611E17,114649,36100
2026-08-28,202608270033955,VNDE93142A436,19812,18900
2026-08-28,202608270033956,VND3F41579FEA,CG0000-0132RT,59000
2026-08-28,202608270033956,VND3F41579FEA,CG0132,209550
2026-08-28,202608270033957,VNDE93E661AB3,00004169,36250
2026-08-28,202608270033957,VNDE93E661AB3,00004174,52300
2026-08-28,202608270033957,VNDE93E661AB3,00004175,35500
2026-08-28,202608270033957,VNDE93E661AB3,00004189,30750
2026-08-28,202608270033957,VNDE93E661AB3,00004190,268550
2026-08-28,202608270033958,VND9184C7AA44,SYJTP2026-1,4000000
2026-08-28,202608270033959,VND00170EE7B3,TG07/26-2,265
2026-08-28,202608270033960,VND575F6CA91D,JS07/26-2,290
2026-08-28,202608270033961,VND5017E59D5F,0226577-IN,1425998
2026-08-28,202608270033961,VND5017E59D5F,0226583-IN,65008
2026-08-28,202608270033961,VND5017E59D5F,0226686-IN,1816413
2026-08-28,202608270033961,VND5017E59D5F,0226797-IN,1590067
2026-08-28,202608270033962,VNDED4CF9E347,MB07/26-2,284
2026-08-28,202608270033963,VNDFDF660CA51,263,265000
2026-08-28,202608270033964,VND3441A8A8B3,INV3605884,27000
2026-08-28,202608270033965,VNDE1349995F2,08-2026,5000
2026-08-28,202608270033966,VND9DFC0FB044,03,25000
2026-08-28,202608270033967,VNDF86635C38C,13-24ITB100324K-JA,3325000
2026-08-28,202608270033968,VND794D57A462,202608-00152847,166500
2026-08-28,202608270033969,VND94D10D67EF,15927,101427
2026-08-28,202608270033970,VND7EB74C794D,2338,5850000
2026-08-28,202608270033971,VND2D6C64444C,16,684000
2026-08-28,202608270033972,VND9AF643B433,16,3134478
2026-08-28,202608270033973,VNDA67B2C5234,12,559610
2026-08-28,202608270033974,VNDC0FFCC9AF6,16,1996326
2026-08-28,202608270033975,VNDD59DE66BF9,16,281250
2026-08-28,202608270033976,VND8C542203D3,16,382500
2026-08-28,202608270033977,VND1B1231323A,21276,48200
2026-08-28,202608270033978,VNDEF5DEBF12D,2020681,104000
2026-08-28,202608270033979,VND958B5F8324,723,400000
2026-08-28,202608270033980,VND6248B7B40F,00004110,9754
2026-08-28,202608270033980,VND6248B7B40F,00004111,11850
2026-08-28,202608270033980,VND6248B7B40F,00004115,9750
2026-08-28,202608270033980,VND6248B7B40F,00004116,4500
2026-08-28,202608270033980,VND6248B7B40F,00004117,3000
2026-08-28,202608270033980,VND6248B7B40F,00004118,10500
2026-08-28,202608270033980,VND6248B7B40F,00004119,6750
2026-08-28,202608270033980,VND6248B7B40F,00004164,11125
2026-08-28,202608270033980,VND6248B7B40F,00004166,17400
2026-08-28,202608270033980,VND6248B7B40F,00004178,14100
2026-08-28,202608270033980,VND6248B7B40F,00004180,10350
2026-08-28,202608270033980,VND6248B7B40F,00004181,8375
2026-08-28,202608270033980,VND6248B7B40F,00004185,12750
2026-08-28,202608270033981,VND141500B884,1034,69600
2026-08-28,202608270033982,VNDF91008D0A2,FBN5705002,10703222
2026-08-28,202608270033983,VND59A12E6496,IV01127103,70475
2026-08-28,202608270033983,VND59A12E6496,IV01127116,138115
2026-08-28,202608270033983,VND59A12E6496,IV01134077,174580
2026-08-28,202608270033983,VND59A12E6496,IV01149592,119995
2026-08-28,202608270033983,VND59A12E6496,IV01150805,48995
2026-08-28,202608270033983,VND59A12E6496,IV01150913,105795
2026-08-28,202608270033983,VND59A12E6496,IV01151670,125995
2026-08-28,202608270033983,VND59A12E6496,IV01151672,42200
2026-08-28,202608270033983,VND59A12E6496,IV01169238,350490
2026-08-28,202608270033983,VND59A12E6496,IV01192942,102520
2026-08-28,202608270033983,VND59A12E6496,IV01192967,31045
2026-08-28,202608270033984,VND76499490D6,INV/2026/00168,901050
2026-08-28,202608270033985,VNDD11A678B0D,JA 321404,5000
2026-08-28,202608270033985,VNDD11A678B0D,JA 321416,12400
2026-08-28,202608270033985,VNDD11A678B0D,JA 321418,5000
2026-08-28,202608270033985,VNDD11A678B0D,JA 321495,25034
2026-08-28,202608270033986,VND140F72E67F,010,1800423
2026-08-28,202608270033986,VND140F72E67F,012,2378000
2026-08-28,202608270033986,VND140F72E67F,013,2112004
2026-08-28,202608270033986,VND140F72E67F,014,2443286
2026-08-28,202608270033986,VND140F72E67F,015,810000
2026-08-28,202608270033987,VNDFBB48B8EAC,23145,280000
2026-08-28,202608270033988,VNDF1AEEA88F5,FD07/26-2,284
2026-08-28,202608270033989,VND25D48ECD18,3496,117500
2026-08-28,202608270033990,VND4767B479E5,2026CSP-01ADMH,1250000
2026-08-28,202608270033991,VNDF9F938F256,SYJTP2026- B-01,2500000
2026-08-28,202608270033992,VNDFE4087C614,GCM-CSP-2026-001,1212500
2026-08-28,202608270033993,VNDD6E627CEFF,25CV002402,9500000
2026-08-28,202608270033994,VNDFE62B2841D,BOE07/26,7500
2026-08-28,202608270033995,VND5C064BF592,FUL 100726 FTT,363000
2026-08-28,590022,VNDB461B8DB1D,26-3590-02,1391301
2026-08-28,590023,VNDB461B8DB1D,26-3749,1275811
2026-08-28,590026,VNDCA5E7047CB,000025578023,1140216
2026-08-28,590027,VNDA41290A2A9,924-660000626,131179
2026-08-28,590029,VND677CED2F09,26210CAW,1044140
2026-08-28,590030,VND677CED2F09,26214CAW,645808
2026-08-28,590031,VND677CED2F09,DSA0222,7500
2026-08-28,590032,VNDF8496F0D65,853987709,267588
2026-08-28,590033,VND19DCB9C6F4,9-104-69533,1129
2026-08-28,590034,VND6CD40E221D,27664595,4208234
2026-08-28,590035,VND6CD40E221D,27872367,4297379
2026-08-28,590036,VNDA1C34BB769,1443529110,1118313
2026-08-28,590037,VNDA1C34BB769,2233977113,467150
2026-08-28,590038,VNDA1C34BB769,404M04-2356-0010358-0326,3034753
2026-08-28,590039,VNDA1C34BB769,404M04-2356-0010358-0426,3034753
2026-08-28,590040,VNDA1C34BB769,404M04-2356-0010328-0626,3034753
2026-08-28,590041,VNDA1C34BB769,404M04-2356-0010358-0826,3034753
2026-08-28,590042,VNDA1C34BB769,0367945113,771750
2026-08-28,590043,VNDA1C34BB769,7222439116,23499700
2026-08-28,590044,VNDFC854FD5BF,I266094,92310
2026-08-28,590045,VNDBAED4E4007,881450,340000
2026-08-28,590046,VNDBAED4E4007,780234,340000
2026-08-28,590047,VNDD6410531E6,310236,10569350
2026-08-28,590048,VNDD33AF9A5EB,1694,180256
2026-08-28,590049,VNDD33AF9A5EB,1695,415847
2026-08-28,590050,VNDD33AF9A5EB,1698,1199346
2026-08-28,590051,VND6DA419119C,12656,256125
2026-08-28,590051,VND6DA419119C,12657,806999
2026-08-28,590051,VND6DA419119C,12658,1154244
2026-08-28,590051,VND6DA419119C,12661,876850
2026-08-28,590052,VND6DA419119C,12660,1182043
2026-08-28,590053,VND64313E049A,166156,100470
2026-08-28,590053,VND64313E049A,166157,113900
2026-08-28,590053,VND64313E049A,166158,79800
2026-08-28,590053,VND64313E049A,166159,496142
2026-08-28,590054,VND64313E049A,166160,15000
2026-08-28,590054,VND64313E049A,166161,478300
2026-08-28,590054,VND64313E049A,166162,57500
2026-08-28,590055,VNDBC41B8BC46,26212FCW,2996645
2026-08-28,590056,VNDBC41B8BC46,26211FCW,851942
2026-08-28,590057,VND73F2C2F740,SGIWA 8/24/2026-1,2000000
2026-08-28,590058,VND2403BD2C59,8220 18 894 2097619-08182026,18981
2026-08-28,590059,VND1B776EFAF3,FUL23P3T,12000
2026-08-28,590060,VNDA2418467B0,AI2XC8R,34900
2026-08-28,590060,VNDA2418467B0,AI31S6D,20085
2026-08-28,590060,VNDA2418467B0,AI7IA8P,45874
2026-08-28,590060,VNDA2418467B0,AJ35L9V,32979
2026-08-28,590060,VNDA2418467B0,AK7BR6C,23999
2026-08-28,590061,VNDDFE1970094,0428116,557452
2026-08-28,590061,VNDDFE1970094,0732886,16357
2026-08-28,590061,VNDDFE1970094,0827742,97899
2026-08-28,590061,VNDDFE1970094,8907722A,80
2026-08-28,590062,VND86001783EF,900310538,2098000
2026-08-28,590063,VNDFFFB194463,CGRANT 8/24/2026-1,40000
2026-08-28,590064,VNDA41290A2A9,924-660110826,153021
2026-08-28,590065,VND57511207B5,816632019,55200
2026-08-28,590065,VND57511207B5,816648906,18400
2026-08-28,590065,VND57511207B5,816694337,55200
2026-08-28,590065,VND57511207B5,816711617,9200
2026-08-28,590066,VNDC3C307561F,26S-KC05A,22161295
2026-08-28,590067,VND4D8E936426,195886,741500
2026-08-28,590068,VND8986D4E750,433895,12495
2026-08-28,590068,VND8986D4E750,438242,2425
2026-08-28,590068,VND8986D4E750,768849,15780
2026-08-28,590068,VND8986D4E750,771472,3576
2026-08-28,590069,VNDF024FE6BCE,HANDREWS 08-20-26-1,150000
2026-08-28,590070,VND0BB39B7D3F,22557,21520
2026-08-28,590070,VND0BB39B7D3F,22570,39800
2026-08-28,590070,VND0BB39B7D3F,22582,26950
2026-08-28,590070,VND0BB39B7D3F,22586,39650
2026-08-28,590070,VND0BB39B7D3F,23388,3000
2026-08-28,590071,VNDBBFA3617E2,EPD-NFULTONPBCU-0008,30000
2026-08-28,590071,VNDBBFA3617E2,EPD-NFULTONPBCU-0009,108000
2026-08-28,590072,VNDD23D28644A,9213019343,195300
2026-08-28,590073,VNDF8496F0D65,853898401,888385
2026-08-28,590074,VNDAC1730CAA2,7175622672572,15034
2026-08-28,590074,VNDAC1730CAA2,7175623059242,15034
2026-08-28,590075,VND050CB1977A,9045253318,11938
2026-08-28,590075,VND050CB1977A,9050662908,152820
2026-08-28,590076,VND9F7272CEB0,ALH07/26-2,208
2026-08-28,590077,VND90233F5FB4,1267402,852300
2026-08-28,590077,VND90233F5FB4,1267906,171800
2026-08-28,590078,VNDBA37B1C3AF,MUS07/26,30900
2026-08-28,590079,VND27F2C32F00,15115721,501330
2026-08-28,590080,VND618C3D6155,503216,108000
2026-08-28,590080,VND618C3D6155,503220,57000
2026-08-28,590081,VNDC39A28F092,FF-409,1614129
2026-08-28,590082,VND4A47E85F08,12539,15200375
2026-08-28,590083,VND40EAC93F35,SE0006865,166800
2026-08-28,590084,VND58EAF8B969,002615760,112000
2026-08-28,590085,VND7A4C00973E,FC081926,218000
2026-08-28,590086,VNDFB16E9479A,07092026,275000
2026-08-28,590086,VNDFB16E9479A,08092026,275000
2026-08-28,590087,VND3E92644E58,6900077,23380
2026-08-28,590088,VND10AFD6E7EE,INUS394688,749199
2026-08-28,590089,VNDAA57CB827A,155684,154300
2026-08-28,590090,VNDCE6531BB26,8762830,27351
2026-08-28,590091,VNDBE94AC1C90,280019,21000
2026-08-28,590091,VNDBE94AC1C90,280020,21000
2026-08-28,590091,VNDBE94AC1C90,280084,18000
2026-08-28,590091,VNDBE94AC1C90,280085,18000
2026-08-28,590091,VNDBE94AC1C90,280264,23625
2026-08-28,590091,VNDBE94AC1C90,280389,21000
2026-08-28,590091,VNDBE94AC1C90,280630,21000
2026-08-28,590092,VND5BFE462342,1-68275,165200
2026-08-28,590092,VND5BFE462342,1-GS68234,106060
2026-08-28,590092,VND5BFE462342,1-GS68276,32400
2026-08-28,590093,VND075DF25E9C,INV300786,9864312
2026-08-28,590094,VND1E0F1F8417,1232,524450
2026-08-28,590095,VND84D5E6AE2F,66432019,380000
2026-08-28,590095,VND84D5E6AE2F,66499555,337250
2026-08-28,590096,VND60CC114C5E,116792,894971
2026-08-28,590097,VND3C02DA6D85,IN2375508,135461
2026-08-28,590097,VND3C02DA6D85,IN2375509,132127
2026-08-28,590098,VND620CD9FEE6,4282363,37500
2026-08-28,590099,VNDEFBA394832,108155,30913
2026-08-28,590100,VND66B9544700,37619,24500
2026-08-28,590100,VND66B9544700,37784,31850
2026-08-28,590100,VND66B9544700,37921,14500
2026-08-28,590100,VND66B9544700,38192,14500
2026-08-28,590101,VND7401E8B241,6011726000394,40050926
2026-08-28,590101,VND7401E8B241,6011726001283,16449074
2026-08-28,590102,VND4393863882,12604-04,11760216
2026-08-28,590103,VND3399EE2CB3,VEO-08FCCSP2026-1,5000000
2026-08-28,590104,VNDE73E2D9E9C,27452493,37749
2026-08-28,590104,VNDE73E2D9E9C,97142094,8686
2026-08-28,590104,VNDE73E2D9E9C,97495588,30082
2026-08-28,590104,VNDE73E2D9E9C,97612775,5336
2026-08-28,590104,VNDE73E2D9E9C,97692867,7435
2026-08-28,590104,VNDE73E2D9E9C,97832670,7435
2026-08-28,590104,VNDE73E2D9E9C,98160067,25370
2026-08-28,590104,VNDE73E2D9E9C,98302511,8045
2026-08-28,590104,VNDE73E2D9E9C,98338680,11172
2026-08-28,590104,VNDE73E2D9E9C,98338681,7656
2026-08-28,590104,VNDE73E2D9E9C,98338682,5139
2026-08-28,590104,VNDE73E2D9E9C,98375056,23974
2026-08-28,590104,VNDE73E2D9E9C,98375057,40592
2026-08-28,590104,VNDE73E2D9E9C,98400434,134048
2026-08-28,590104,VNDE73E2D9E9C,98400435,40354
2026-08-28,590104,VNDE73E2D9E9C,98421294,33273
2026-08-28,590104,VNDE73E2D9E9C,98509778,22114
2026-08-28,590104,VNDE73E2D9E9C,98509779,7724
2026-08-28,590104,VNDE73E2D9E9C,98522895,30328
2026-08-28,590104,VNDE73E2D9E9C,98522896,111058
2026-08-28,590104,VNDE73E2D9E9C,98537281,5817
2026-08-28,590104,VNDE73E2D9E9C,98550245,38393
2026-08-28,590105,VND4BE0418808,72026,1899000
2026-08-28,590106,VNDA56D8476A5,EASMN0004900,230053
2026-08-28,590107,VND42541D8DD7,43466,50300
2026-08-28,590108,VNDFF3DA30B3F,75ST48835728,439251
2026-08-28,590109,VNDDF97B06E38,035974756,4352
2026-08-28,590109,VNDDF97B06E38,035994999,5147
2026-08-28,590109,VNDDF97B06E38,036035852,4307
2026-08-28,590109,VNDDF97B06E38,OR32797665,42655
2026-08-28,590110,VND6181B5C8DD,17609,29000
2026-08-28,590111,VNDD1CF3038B8,244216,15000
2026-08-28,590112,VNDAC48CFDF61,II24011523,783948
2026-08-28,590113,VNDDB171D11A3,503099,58200
2026-08-28,590114,VNDF7FEEC1101,090126S,53600
2026-08-28,590114,VNDF7FEEC1101,090126W,57000
2026-08-28,590114,VNDF7FEEC1101,SEPTEMBER26RENT,8565134
2026-08-28,590115,VNDF845ABBCBF,454714,7455971
2026-08-28,590115,VNDF845ABBCBF,454937,9411507
2026-08-28,590116,VND85197AF627,INV-5082,5579
2026-08-28,590116,VND85197AF627,INV-5083,43000
2026-08-28,590117,VNDC9B65F02F1,35062,4500
2026-08-28,590118,VNDFA590DB0A3,1985550,111838
2026-08-28,590119,VND3DA014377B,IN-4863990,18200
2026-08-28,590119,VND3DA014377B,IN-4863991,16000
2026-08-28,590120,VND822D5A00EE,FT1267391,3376015
2026-08-28,590121,VND5B2C4F5125,INV103306,244015
2026-08-28,590122,VNDEFEF99EFB7,18847447,16856470
2026-08-28,590122,VNDEFEF99EFB7,18847451,597179
2026-08-28,590123,VNDDA1F1C8DB0,0004874,654000
2026-08-28,590123,VNDDA1F1C8DB0,0004875,601500
2026-08-28,590123,VNDDA1F1C8DB0,5012-B,1200000
2026-08-28,590124,VNDD56A80F43F,#1204-17/04,90000
2026-08-28,590124,VNDD56A80F43F,#1204-97*/07,49000
2026-08-28,590125,VND95CB99F6E9,260660348,246000
2026-08-28,590126,VNDFC6429D883,I260825880,16000
2026-08-28,590127,VND7D2800D14E,I250818227,50000
2026-08-28,590128,VND334E1226CB,1501023-202609-63280-1,425500
2026-08-28,590128,VND334E1226CB,1501023-202609-63430-1,34750
2026-08-28,590129,VNDA9D3FB3386,FUL042026,44392000
2026-08-28,590129,VNDA9D3FB3386,FUL052026,47744000
2026-08-28,590129,VNDA9D3FB3386,FUL062026,48936000
2026-08-28,590130,VNDBA6E43506B,BP07/26-2,277
2026-08-28,590131,VND637C314A2C,2700-MAY26A,209472
2026-08-28,590132,VNDA33F226893,FULTON.COC.8.11.26,1427550
2026-08-28,590133,VNDFF98C86D72,60880342,1866518
2026-08-28,590134,VND50643F2A48,2260695,481550
2026-08-28,590135,VNDB643AD9144,000015,40000
2026-08-28,590136,VND86DEBD042F,BD07/26-2,295
2026-08-28,590137,VND5A5D227DF0,0000W7Y058336,1144
2026-09-04,202609030034006,VNDA8DE7BB48F,26215EP,866746
2026-09-04,202609030034007,VNDA8DE7BB48F,26222EP,2100
2026-09-04,202609030034008,VNDE8052B4E6E,08-2026,60000
2026-09-04,202609030034009,VNDD0F6ED802B,08-2026,45000
2026-09-04,202609030034010,VND21D01DFE68,08-2026,60000
2026-09-04,202609030034011,VNDF05ECB4C31,08-2026,45000
2026-09-04,202609030034012,VNDCE24FB6E81,08-2026,60000
2026-09-04,202609030034013,VND5EBCE2D33E,08-2026,45000
2026-09-04,202609030034014,VND502A427BFA,08-2026,45000
2026-09-04,202609030034015,VND8BB1677144,08-2026,45000
2026-09-04,202609030034016,VND8EA80F8F07,08-2026,60000
2026-09-04,202609030034017,VNDA096CC5A15,08-2026,45000
2026-09-04,202609030034018,VND118AAC98EA,08-2026,45000
2026-09-04,202609030034019,VND249700CE10,08-2026,60000
2026-09-04,202609030034020,VND9D61DDADDC,08-2026,60000
2026-09-04,202609030034021,VND05F270DDF6,08-2026,60000
2026-09-04,202609030034022,VNDFCFB44BCA4,08-2026,60000
2026-09-04,202609030034023,VNDBF5AD25A46,08-2026,60000
2026-09-04,202609030034024,VND83DF970D08,08-2026,75000
2026-09-04,202609030034025,VNDA9C52F3473,08-2026,60000
2026-09-04,202609030034026,VNDCBEF635B4E,08-2026,45000
2026-09-04,202609030034027,VND73E67FF889,08-2026,30000
2026-09-04,202609030034028,VNDCD9CF03C37,08-2026,45000
2026-09-04,202609030034029,VND5B4294BCBC,08-2026,45000
2026-09-04,202609030034030,VNDCB5F023745,08-2026,60000
2026-09-04,202609030034031,VND317CC28DB3,08-2026,45000
2026-09-04,202609030034032,VND7937123C76,08-2026,60000
2026-09-04,202609030034033,VNDF8961378C8,08-2026,60000
2026-09-04,202609030034034,VND39E03E91BF,08-2026,60000
2026-09-04,202609030034035,VND54C6A24E7A,08-2026,45000
2026-09-04,202609030034036,VND00BC563C10,08-2026,45000
2026-09-04,202609030034037,VND78B14E1703,08-2026,30000
2026-09-04,202609030034038,VNDCDF81192A1,08-2026,60000
2026-09-04,202609030034039,VND5353F39F14,08-2026,30000
2026-09-04,202609030034040,VNDF2760684D5,08-2026,45000
2026-09-04,202609030034041,VND3AA136C39C,08-2026,45000
2026-09-04,202609030034042,VND56A70B5F0A,08-2026,30000
2026-09-04,202609030034043,VND601515B559,08-2026,45000
2026-09-04,202609030034044,VND7B130D8C70,08-2026,30000
2026-09-04,202609030034045,VND845BD422F7,08-2026,60000
2026-09-04,202609030034046,VND3818C429F5,08-2026,45000
2026-09-04,202609030034047,VND8112B67D11,08-2026,60000
2026-09-04,202609030034048,VND5649B76EE3,08-2026,30000
2026-09-04,202609030034049,VNDD0E57F7CE8,08-2026,60000
2026-09-04,202609030034050,VNDF3ED58ACED,08-2026,45000
2026-09-04,202609030034051,VNDC9C23CB6D5,08-2026,45000
2026-09-04,202609030034052,VND1035211F68,08-2026,30000
2026-09-04,202609030034053,VNDC96780B37B,08-2026,45000
2026-09-04,202609030034054,VND205091A4BF,08-2026,45000
2026-09-04,202609030034055,VND47A07012FE,08-2026,60000
2026-09-04,202609030034056,VND8BA19922E2,FCBOH-0926,86250000
2026-09-04,202609030034057,VND04C225DD8F,01001,2150
2026-09-04,202609030034058,VNDF1A7FF391B,08-2026,60000
2026-09-04,202609030034059,VND2FA15D2B36,08-2026,30000
2026-09-04,202609030034060,VNDB88D818F1F,08-2026,60000
2026-09-04,202609030034061,VND1CFF75DBBF,08-2026,45000
2026-09-04,202609030034062,VND3DE7437FAA,08-2026,60000
2026-09-04,202609030034063,VNDBCBE5E5923,08-2026,60000
2026-09-04,202609030034064,VNDCBF9172732,08-2026,60000
2026-09-04,202609030034065,VND7BB05E1072,08-2026,60000
2026-09-04,202609030034066,VNDC20604776B,08-2026,45000
2026-09-04,202609030034067,VNDDB15FD5D39,08-2026,45000
2026-09-04,202609030034068,VND493B716FDF,08-2026,45000
2026-09-04,202609030034069,VND0B313BD451,08-2026,15000
2026-09-04,202609030034070,VND00170EE7B3,08-2026,60000
2026-09-04,202609030034071,VNDE16A807E52,08-2026,45000
2026-09-04,202609030034072,VND575F6CA91D,08-2026,45000
2026-09-04,202609030034073,VND249DFC6B4C,08-2026,45000
2026-09-04,202609030034074,VND61396AFDFB,08-2026,30000
2026-09-04,202609030034075,VNDED4CF9E347,08-2026,45000
2026-09-04,202609030034076,VND0744B7BAF9,08-2026,45000
2026-09-04,202609030034077,VNDDA4A18614C,08-2026,45000
2026-09-04,202609030034078,VND77E1D8AC2A,08-2026,45000
2026-09-04,202609030034079,VNDC2BF89CB90,08-2026,45000
2026-09-04,202609030034080,VND5FEBD97ACA,08-2026,55000
2026-09-04,202609030034081,VND866424BA7E,082826-FULTN,1589254
2026-09-04,202609030034082,VND64FEFB972F,08-2026,60000
2026-09-04,202609030034083,VND050CE1573B,08-2026,60000
2026-09-04,202609030034084,VNDF333EB8AE5,08-2026,45000
2026-09-04,202609030034085,VNDF871618BFA,08-2026,60000
2026-09-04,202609030034086,VND6EBE3F2C8A,08-2026,45000
2026-09-04,202609030034087,VND41D45000F5,08-2026,60000
2026-09-04,202609030034088,VND6D77DDF8FD,08-2026,85000
2026-09-04,202609030034089,VNDA4D49347E5,08-2026,90000
2026-09-04,202609030034090,VND57F3F05DDF,08-2026,30000
2026-09-04,202609030034091,VND1F1E67DD28,08-2026,45000
2026-09-04,202609030034092,VNDFAE7F3B6D7,1004,840000
2026-09-04,202609030034093,VNDF1AEEA88F5,08-2026,45000
2026-09-04,202609030034094,VND6859C6A562,08-2026,62500
2026-09-04,202609030034095,VNDE8EBF7F562,08-2026,5000
2026-09-04,202609030034096,VND68FFC4A873,08-2026,60000
2026-09-04,202609030034097,VND45A61766D4,08-2026,60000
2026-09-04,202609030034098,VND3DBDDBFA5E,08-2026,60000
2026-09-04,202609030034099,VND65ED435E78,025-563833,480000
2026-09-04,202609030034100,VNDC360EB7B1E,91011059300,33338
2026-09-04,202609030034100,VNDC360EB7B1E,91011059764,2640
2026-09-04,202609030034100,VNDC360EB7B1E,91011059771,2640
2026-09-04,202609030034100,VNDC360EB7B1E,91011059787,2640
2026-09-04,202609030034100,VNDC360EB7B1E,91011059795,2640
2026-09-04,202609030034100,VNDC360EB7B1E,91011059801,2640
2026-09-04,202609030034101,VND8853F057FC,0818389,218500
2026-09-04,202609030034101,VND8853F057FC,0818390,301750
2026-09-04,202609030034101,VND8853F057FC,0818391,256000
2026-09-04,202609030034102,VNDD2869EF4D8,101000094,446525
2026-09-04,202609030034103,VNDDEB248671C,RYW-07-2026,10407819
2026-09-04,202609030034103,VNDDEB248671C,RYW-07-2026-MAI,356436
2026-09-04,202609030034104,VND7B42A0F004,20260715-TSPLOST,1023000
2026-09-04,202609030034105,VNDD91BA8AE1C,8-25ITB0911K-NKH-A,3523000
2026-09-04,202609030034106,VNDDB420FB2F5,66-0050758,1012359
2026-09-04,202609030034107,VND02BF8A7829,SEP-2026PMT,381001176
2026-09-04,202609030034108,VNDC96CF508C7,56,833333
2026-09-04,202609030034109,VNDE8052B4E6E,AR07/26-2,273
2026-09-04,202609030034109,VNDE8052B4E6E,KO08-2026,7500
2026-09-04,202609030034110,VND21D01DFE68,KO08-2026,7500
2026-09-04,202609030034111,VNDF05ECB4C31,KO08-2026,7500
2026-09-04,202609030034112,VND9F2F7EA15C,1287,3307276
2026-09-04,202609030034113,VNDCE24FB6E81,BB07/26-2,92
2026-09-04,202609030034114,VND5EBCE2D33E,KO08-2026,7500
2026-09-04,202609030034115,VND502A427BFA,KO08-2026,7500
2026-09-04,202609030034116,VND8BB1677144,KO08-2026,7500
2026-09-04,202609030034117,VND8EA80F8F07,KO08-2026,7500
2026-09-04,202609030034118,VNDA096CC5A15,KO08-2026,7500
2026-09-04,202609030034119,VNDE56B5C921A,7050077038,38000
2026-09-04,202609030034119,VNDE56B5C921A,7050077362,14400
2026-09-04,202609030034120,VND04AD64B4E7,LH-121,210650
2026-09-04,202609030034121,VND5789EBF4A4,853922136,196880
2026-09-04,202609030034122,VNDEE2EF92A18,26-1489,3000625
2026-09-04,202609030034122,VNDEE2EF92A18,26-1491,7013765
2026-09-04,202609030034123,VND478EB59482,357032,227500
2026-09-04,202609030034123,VND478EB59482,358044,19250000
2026-09-04,202609030034124,VNDC6C9E1DCA1,RYW-07-2026,9545843
2026-09-04,202609030034125,VND448A102A34,INV2941139,426161
2026-09-04,202609030034126,VND4A81F7C778,AAC0726,65000
2026-09-04,202609030034127,VNDAC435C7399,COVEN2607310003,2284400
2026-09-04,202609030034127,VNDAC435C7399,COVEN2608310003,5191400
2026-09-04,202609030034127,VNDAC435C7399,COVEN2608310004,4723400
2026-09-04,202609030034128,VND538CF793FF,42772,33750
2026-09-04,202609030034129,VNDB9C071974B,14-23RFP139070K-JAJ,174746346
2026-09-04,202609030034130,VND9043A035A6,0119456,270000
2026-09-04,202609030034130,VND9043A035A6,0123670,13000
2026-09-04,202609030034131,VND118AAC98EA,KO08-2026,7500
2026-09-04,202609030034132,VND4C3B26C1BD,9387045002,10398
2026-09-04,202609030034132,VND4C3B26C1BD,9387242069,23844
2026-09-04,202609030034133,VND249700CE10,KO08-2026,7500
2026-09-04,202609030034134,VND05F270DDF6,KO08-2026,7500
2026-09-04,202609030034135,VNDFCFB44BCA4,KO08-2026,7500
2026-09-04,202609030034136,VNDBF5AD25A46,KO08-2026,7500
2026-09-04,202609030034137,VNDF516CA6F09,0899684-IN,1067000
2026-09-04,202609030034138,VNDFCC464C80C,CN-103-1,112750
2026-09-04,202609030034139,VNDA9C52F3473,KO08-2026,7500
2026-09-04,202609030034140,VND8C5AF75C45,RYW-06-2026,46398887
2026-09-04,202609030034141,VND9F9A459E94,00003811,38700
2026-09-04,202609030034141,VND9F9A459E94,00003987,107150
2026-09-04,202609030034142,VNDD296F8FC0D,2515,60500
2026-09-04,202609030034143,VNDC358CD1549,256341,336900
2026-09-04,202609030034143,VNDC358CD1549,256497,116750
2026-09-04,202609030034143,VNDC358CD1549,256498,80000
2026-09-04,202609030034143,VNDC358CD1549,256530,248500
2026-09-04,202609030034143,VNDC358CD1549,256594,189500
2026-09-04,202609030034143,VNDC358CD1549,256636,416700
2026-09-04,202609030034143,VNDC358CD1549,256673,168000
2026-09-04,202609030034143,VNDC358CD1549,256701,208000
2026-09-04,202609030034143,VNDC358CD1549,256702,245800
2026-09-04,202609030034143,VNDC358CD1549,256761,398300
2026-09-04,202609030034143,VNDC358CD1549,256762,80000
2026-09-04,202609030034143,VNDC358CD1549,256763,776000
2026-09-04,202609030034143,VNDC358CD1549,256764,244200
2026-09-04,202609030034144,VNDE1DE0E930A,08252026,154640
2026-09-04,202609030034145,VND9C0BD56340,26-120,67100
2026-09-04,202609030034146,VNDF270A5EE89,00004139,24775
2026-09-04,202609030034146,VNDF270A5EE89,00004154,33300
2026-09-04,202609030034146,VNDF270A5EE89,00004156,72905
2026-09-04,202609030034147,VNDCBEF635B4E,KO08-2026,7500
2026-09-04,202609030034148,VNDCD9CF03C37,KO08-2026,7500
2026-09-04,202609030034148,VNDCD9CF03C37,VM07/26-2,105
2026-09-04,202609030034149,VND3BD6CBECE3,KO08-2026,7500
2026-09-04,202609030034150,VNDE75102D7A2,00004173,32950
2026-09-04,202609030034150,VNDE75102D7A2,00004182,59250
2026-09-04,202609030034150,VNDE75102D7A2,00004183,51750
2026-09-04,202609030034150,VNDE75102D7A2,00004184,64800
2026-09-04,202609030034150,VNDE75102D7A2,00004187,36650
2026-09-04,202609030034150,VNDE75102D7A2,00004188,63050
2026-09-04,202609030034150,VNDE75102D7A2,00004191,35050
2026-09-04,202609030034150,VNDE75102D7A2,00004192,33550
2026-09-04,202609030034150,VNDE75102D7A2,00004199,40700
2026-09-04,202609030034150,VNDE75102D7A2,00004200,76050
2026-09-04,202609030034150,VNDE75102D7A2,00004201,71550
2026-09-04,202609030034150,VNDE75102D7A2,00004202,61900
2026-09-04,202609030034151,VND5B4294BCBC,KO08-2026,7500
2026-09-04,202609030034152,VNDCB5F023745,JH07/26-2,266
2026-09-04,202609030034152,VNDCB5F023745,KO08-2026,7500
2026-09-04,202609030034153,VND684BB019E3,376,250000
2026-09-04,202609030034154,VND317CC28DB3,KO08-2026,7500
2026-09-04,202609030034155,VND7937123C76,KO08-2026,7500
2026-09-04,202609030034156,VNDF8961378C8,GH07/26-2,176
2026-09-04,202609030034156,VNDF8961378C8,KO08-2026,7500
2026-09-04,202609030034157,VND39E03E91BF,KO08-2026,7500
2026-09-04,202609030034158,VND41FEF5D2BC,25361,46500
2026-09-04,202609030034159,VNDF49F0537EF,SK20091,1040000
2026-09-04,202609030034160,VND633CC001B1,20260731 GE,2150576
2026-09-04,202609030034161,VND1AC9A25C43,00004120,88500
2026-09-04,202609030034161,VND1AC9A25C43,00004121,65200
2026-09-04,202609030034161,VND1AC9A25C43,00004122,80600
2026-09-04,202609030034161,VND1AC9A25C43,00004123,71550
2026-09-04,202609030034161,VND1AC9A25C43,00004124,34500
2026-09-04,202609030034161,VND1AC9A25C43,00004125,112550
2026-09-04,202609030034161,VND1AC9A25C43,00004126,67000
2026-09-04,202609030034161,VND1AC9A25C43,00004127,50400
2026-09-04,202609030034161,VND1AC9A25C43,00004129,74700
2026-09-04,202609030034162,VND2AE9AF2383,THH200174,345313
2026-09-04,202609030034163,VNDEFB19C6099,2318,50000
2026-09-04,202609030034164,VND88F631420C,Z562124,5812000
2026-09-04,202609030034165,VND93CC162B06,ATLA 50290,455000
2026-09-04,202609030034166,VND54C6A24E7A,KO08-2026,7500
2026-09-04,202609030034167,VND00BC563C10,KO08-2026,7500
2026-09-04,202609030034168,VND78B14E1703,KO08-2026,7500
2026-09-04,202609030034169,VNDCDF81192A1,KO08-2026,7500
2026-09-04,202609030034170,VND328C13ED6E,AM07/26-2,66
2026-09-04,202609030034170,VND328C13ED6E,KO08-2026,7500
2026-09-04,202609030034171,VND5353F39F14,KO08-2026,7500
2026-09-04,202609030034172,VND56A70B5F0A,DQ07/26-2,70
2026-09-04,202609030034173,VND601515B559,FM07/26-2,89
2026-09-04,202609030034174,VND7B130D8C70,CT07/26-2,267
2026-09-04,202609030034174,VND7B130D8C70,KO08-2026,7500
2026-09-04,202609030034175,VND660CF647D9,SH-8-14-26,82500
2026-09-04,202609030034176,VND165C80D9B3,082726,50000
2026-09-04,202609030034176,VND165C80D9B3,083106,7800
2026-09-04,202609030034177,VND1514C3E74C,2026-06 (JULY 2026),941875
2026-09-04,202609030034178,VND845BD422F7,KO08-2026,7500
2026-09-04,202609030034178,VND845BD422F7,MH07/26-2,209
2026-09-04,202609030034179,VND3818C429F5,GB07/26-2,90
2026-09-04,202609030034179,VND3818C429F5,KO08-2026,7500
2026-09-04,202609030034180,VND5649B76EE3,KO08-2026,7500
2026-09-04,202609030034181,VND9FCC7E95A6,INV11395412,36500
2026-09-04,202609030034181,VND9FCC7E95A6,INV11407628,113542
2026-09-04,202609030034182,VNDAA18CF6F83,082626,425000
2026-09-04,202609030034182,VNDAA18CF6F83,082726,150000
2026-09-04,202609030034183,VNDD0E57F7CE8,DI07/26-2,81
2026-09-04,202609030034183,VNDD0E57F7CE8,KO08-2026,7500
2026-09-04,202609030034184,VND95F4154D1A,WR08282026,701000
2026-09-04,202609030034185,VNDC258118AC8,27716,989603
2026-09-04,202609030034186,VND8F3701C1C4,0826243235,30875
2026-09-04,202609030034186,VND8F3701C1C4,0826243958,440000
2026-09-04,202609030034187,VND752A4F6AA2,58,499800
2026-09-04,202609030034188,VND889E1CCEAF,090126,5908900
2026-09-04,202609030034189,VNDBE246216CE,AM200326,325000
2026-09-04,202609030034190,VNDE49B4C51C7,ABO200162,260000
2026-09-04,202609030034191,VND4B02907E30,503226,111000
2026-09-04,202609030034191,VND4B02907E30,503227,106000
2026-09-04,202609030034191,VND4B02907E30,503229,132000
2026-09-04,202609030034191,VND4B02907E30,503230,66000
2026-09-04,202609030034191,VND4B02907E30,503231,78000
2026-09-04,202609030034191,VND4B02907E30,503232,126000
2026-09-04,202609030034191,VND4B02907E30,503233,129000
2026-09-04,202609030034191,VND4B02907E30,503234,99000
2026-09-04,202609030034192,VNDF3ED58ACED,VE07/26-2,160
2026-09-04,202609030034193,VND2A52743E98,CT07/26-2,311
2026-09-04,202609030034194,VNDC9C23CB6D5,KO08-2026,7500
2026-09-04,202609030034194,VNDC9C23CB6D5,MB07/26-2,85
2026-09-04,202609030034195,VND1035211F68,CM07/26-2,113
2026-09-04,202609030034195,VND1035211F68,KO08-2026,7500
2026-09-04,202609030034196,VNDC96780B37B,KO08-2026,7500
2026-09-04,202609030034196,VNDC96780B37B,OW07/26-2,107
2026-09-04,202609030034197,VND205091A4BF,KO08-2026,7500
2026-09-04,202609030034198,VND2AC92FD5FB,1190,720000
2026-09-04,202609030034199,VND47A07012FE,BA07/26-2,220
2026-09-04,202609030034199,VND47A07012FE,KO08-2026,7500
2026-09-04,202609030034200,VND8BA19922E2,RYW-07-2026,7565876
2026-09-04,202609030034201,VND05D1AF1DC3,028199,548922
2026-09-04,202609030034201,VND05D1AF1DC3,028598,548922
2026-09-04,202609030034202,VND7B54CADC52,474869355001,107374
2026-09-04,202609030034203,VNDB4A88ECC2B,3812,147500
2026-09-04,202609030034203,VNDB4A88ECC2B,3816,1579200
2026-09-04,202609030034203,VNDB4A88ECC2B,3821,3280400
2026-09-04,202609030034204,VNDD7C0F929C1,43,12934603
2026-09-04,202609030034205,VNDF1A7FF391B,KO08-2026,7500
2026-09-04,202609030034206,VND2FA15D2B36,FP07/26-2,82
2026-09-04,202609030034206,VND2FA15D2B36,KO08-2026,7500
2026-09-04,202609030034207,VNDB88D818F1F,KO08-2026,7500
2026-09-04,202609030034208,VNDA4411235D0,08112026FULCOLIB,23990
2026-09-04,202609030034209,VNDED998246A3,07-26,4440000
2026-09-04,202609030034210,VND9214ADBFBD,200ABS100005686,13283785
2026-09-04,202609030034210,VND9214ADBFBD,200ABS100005687,240911
2026-09-04,202609030034210,VND9214ADBFBD,200ABS100005708,1333692
2026-09-04,202609030034210,VND9214ADBFBD,200ABS100006178,13312932
2026-09-04,202609030034210,VND9214ADBFBD,200ABS100006179,236037
2026-09-04,202609030034210,VND9214ADBFBD,200ABS100006201,1428721
2026-09-04,202609030034211,VNDA6E84FB8FC,12004,250000
2026-09-04,202609030034212,VND3DE7437FAA,KO08-2026,7500
2026-09-04,202609030034213,VNDB2DB354A6A,2026186,10000
2026-09-04,202609030034214,VNDCBF9172732,KO08-2026,7500
2026-09-04,202609030034215,VND7964E8C5F0,INV0110411,12201000
2026-09-04,202609030034216,VND7BB05E1072,KO08-2026,7500
2026-09-04,202609030034217,VNDC68243F4EA,2026-31,181170
2026-09-04,202609030034218,VNDC20604776B,KO08-2026,7500
2026-09-04,202609030034219,VNDDB15FD5D39,KO08-2026,7500
2026-09-04,202609030034220,VND86B2D10AC5,02216117,17297077
2026-09-04,202609030034221,VND493B716FDF,KO08-2026,7500
2026-09-04,202609030034221,VND493B716FDF,SH07/26-2,163
2026-09-04,202609030034222,VNDB8DF26EF9D,247957,3268500
2026-09-04,202609030034222,VNDB8DF26EF9D,249060,739910
2026-09-04,202609030034222,VNDB8DF26EF9D,249311,1809200
2026-09-04,202609030034223,VNDE93142A436,19792,22054
2026-09-04,202609030034223,VNDE93142A436,19820,33548
2026-09-04,202609030034223,VNDE93142A436,19822,412985
2026-09-04,202609030034223,VNDE93142A436,19823,565440
2026-09-04,202609030034223,VNDE93142A436,19825,87061
2026-09-04,202609030034224,VND3F41579FEA,CG0133,193050
2026-09-04,202609030034225,VNDE93E661AB3,00004186,351400
2026-09-04,202609030034226,VND0B313BD451,HW07/26-2,134
2026-09-04,202609030034226,VND0B313BD451,KO08-2026,7500
2026-09-04,202609030034227,VNDE16A807E52,HR07/26-2,163
2026-09-04,202609030034227,VNDE16A807E52,KO08-2026,7500
2026-09-04,202609030034228,VNDB0C90A077F,WHL07/26-2,292
2026-09-04,202609030034229,VND575F6CA91D,KO08-2026,7500
2026-09-04,202609030034230,VND249DFC6B4C,WF07/26-2,279
2026-09-04,202609030034231,VND61396AFDFB,BR07/26-2,273
2026-09-04,202609030034231,VND61396AFDFB,KO08-2026,7500
2026-09-04,202609030034232,VNDDA4A18614C,ALP07/26-2,58
2026-09-04,202609030034233,VND77E1D8AC2A,DBH07/26-2,120
2026-09-04,202609030034233,VND77E1D8AC2A,KO08-2026,7500
2026-09-04,202609030034234,VNDC2BF89CB90,BS07/26-2,56
2026-09-04,202609030034235,VND091D8FB44C,00004165,16200
2026-09-04,202609030034235,VND091D8FB44C,00004167,20750
2026-09-04,202609030034235,VND091D8FB44C,00004168,21000
2026-09-04,202609030034235,VND091D8FB44C,00004170,53000
2026-09-04,202609030034235,VND091D8FB44C,00004171,43600
2026-09-04,202609030034235,VND091D8FB44C,00004172,45350
2026-09-04,202609030034235,VND091D8FB44C,00004176,76300
2026-09-04,202609030034235,VND091D8FB44C,00004177,64500
2026-09-04,202609030034235,VND091D8FB44C,00004179,51750
2026-09-04,202609030034235,VND091D8FB44C,00004185,12750
2026-09-04,202609030034236,VND7EB74C794D,2406,5850000
2026-09-04,202609030034237,VND15086B975C,08-2026,65000
2026-09-04,202609030034238,VNDD5F62CD881,08-2026,55000
2026-09-04,202609030034239,VNDF3E580A4CD,08-2026,35000
2026-09-04,202609030034240,VNDBF74E96A05,KO08-2026,7500
2026-09-04,202609030034241,VND050CE1573B,KO08-2026,7500
2026-09-04,202609030034242,VND56A846B3A4,KO08-2026,7500
2026-09-04,202609030034243,VNDEF5DEBF12D,2020683,156000
2026-09-04,202609030034244,VND6EBE3F2C8A,KO08-2026,7500
2026-09-04,202609030034245,VND41D45000F5,KO08-2026,7500
2026-09-04,202609030034246,VND57F3F05DDF,KO08-2026,7500
2026-09-04,202609030034247,VNDA894194769,13,150000
2026-09-04,202609030034248,VND6248B7B40F,00004193,21750
2026-09-04,202609030034248,VND6248B7B40F,00004194,10875
2026-09-04,202609030034248,VND6248B7B40F,00004195,40625
2026-09-04,202609030034248,VND6248B7B40F,00004196,2250
2026-09-04,202609030034248,VND6248B7B40F,00004197,6000
2026-09-04,202609030034248,VND6248B7B40F,00004198,15750
2026-09-04,202609030034248,VND6248B7B40F,00004208,21750
2026-09-04,202609030034248,VND6248B7B40F,00004209,8750
2026-09-04,202609030034248,VND6248B7B40F,00004210,6000
2026-09-04,202609030034248,VND6248B7B40F,00004212,15000
2026-09-04,202609030034249,VND1F1E67DD28,KO08-2026,7500
2026-09-04,202609030034250,VNDD11A678B0D,JA 322475,5800
2026-09-04,202609030034250,VNDD11A678B0D,JA 322477,239189
2026-09-04,202609030034251,VND719AE6F2ED,SCS002,175000
2026-09-04,202609030034252,VNDD31330C923,2607004263,5102500
2026-09-04,202609030034252,VNDD31330C923,2608004945,5473000
2026-09-04,202609030034253,VND0FE8C9D84F,CSP2026-1,1250000
2026-09-04,202609030034254,VND6E6C7F21F8,GGIFULTON0226,600000
2026-09-04,202609030034255,VND68FFC4A873,KO08-2025,7500
2026-09-04,202609030034256,VND5FDC74C22C,KO08-2026,7500
2026-09-04,202609030034257,VNDFE62B2841D,KO08-2026,7500
2026-09-04,202609030034258,VND3DBDDBFA5E,KO08-2026,7500
2026-09-04,590260,VNDB461B8DB1D,25-3503 02BI,7500000
2026-09-04,590268,VNDCE98A2D254,26223CEMC,1548726
2026-09-04,590269,VNDAAE151AD7E,26219CFEMC,481940
2026-09-04,590270,VNDEE48677D3C,AUGUST 2026,4084292
2026-09-04,590271,VND5A6AFDABD2,NTHENL19901815,54000
2026-09-04,590273,VND40F4F5F523,26219GSEMC,5974871
2026-09-04,590274,VND677CED2F09,26216CAW,894316
2026-09-04,590275,VND677CED2F09,26-OM525,5935140
2026-09-04,590275,VND677CED2F09,26-OM526,9480564
2026-09-04,590275,VND677CED2F09,26-OM531,5343048
2026-09-04,590275,VND677CED2F09,26-OM532,8555688
2026-09-04,590276,VNDD61E77B798,08-2026,45000
2026-09-04,590277,VNDFAF6560C44,08-2026,60000
2026-09-04,590278,VND9F7272CEB0,08-2026,60000
2026-09-04,590279,VND34BAEF7D97,08-2026,30000
2026-09-04,590280,VND2B868C2F69,08-2026,60000
2026-09-04,590281,VND359ADF420B,08-2026,30000
2026-09-04,590282,VNDD08067A32A,100166683-07312026,46105132
2026-09-04,590283,VNDFC854FD5BF,I263599,94344
2026-09-04,590284,VNDFC854FD5BF,I263548,90805
2026-09-04,590285,VNDFC854FD5BF,I265751,59969
2026-09-04,590286,VNDFC854FD5BF,I266092,49470
2026-09-04,590287,VNDFC854FD5BF,I266134,94302
2026-09-04,590288,VNDFC854FD5BF,I266124,103149
2026-09-04,590289,VNDD33AF9A5EB,1697,78095
2026-09-04,590290,VNDD33AF9A5EB,1701,393832
2026-09-04,590291,VNDD33AF9A5EB,1702,298192
2026-09-04,590292,VNDDF97B06E38,035181956,0
2026-09-04,590293,VNDBA6E43506B,08-2026,45000
2026-09-04,590294,VNDBC41B8BC46,26217FCW,5152
2026-09-04,590295,VND54975012A8,23625,15000
2026-09-04,590295,VND54975012A8,23636,15000
2026-09-04,590295,VND54975012A8,23653,15000
2026-09-04,590295,VND54975012A8,23668,15000
2026-09-04,590295,VND54975012A8,23690,15000
2026-09-04,590295,VND54975012A8,23691,15000
2026-09-04,590296,VND2403BD2C59,8220 18 892 0213097-82326,2258
2026-09-04,590296,VND2403BD2C59,8220 9 913 0396556-08102026,6065
2026-09-04,590297,VND35ECFE71A8,2386100,70540000
2026-09-04,590298,VNDA7D0312354,127060,5496000
2026-09-04,590298,VNDA7D0312354,127093,2245716
2026-09-04,590299,VNDDFE1970094,1050060,9880
2026-09-04,590300,VND5310641460,2026-30500-01,1813500
2026-09-04,590301,VND21D43A0884,193857,8400
2026-09-04,590302,VNDA699DEC0EF,9049732408,384806
2026-09-04,590302,VNDA699DEC0EF,9061545829,221699
2026-09-04,590303,VND55013646B8,BWRIGHT 8/27/2026-4,153250
2026-09-04,590303,VND55013646B8,BWRIGHT 8/27/2026-5,219383
2026-09-04,590303,VND55013646B8,CDOSS 8/27/2026-2,235600
2026-09-04,590303,VND55013646B8,PPONDER 8/27/2026-1,37281
2026-09-04,590303,VND55013646B8,RHAMMOND 8/27/2026-3,12050
2026-09-04,590304,VND4807F254AC,GRTA JUL 2026,89825
2026-09-04,590304,VND4807F254AC,GRTA JUN 2026,97725
2026-09-04,590304,VND4807F254AC,MARTA JUL 2026,342615
2026-09-04,590304,VND4807F254AC,MARTA JUN 2026,353157
2026-09-04,590305,VND61CD454AAB,1027089,99000
2026-09-04,590305,VND61CD454AAB,1027092,1612280
2026-09-04,590305,VND61CD454AAB,1027505,96000
2026-09-04,590306,VNDA1EC64BD19,SGIWA 9/2/2026-1,197300
2026-09-04,590307,VNDC99ACAC5D6,MSCOTTON 08/27/2026-1,268800
2026-09-04,590308,VND0BB39B7D3F,20064,151700
2026-09-04,590308,VND0BB39B7D3F,22938,145500
2026-09-04,590308,VND0BB39B7D3F,24997,35000
2026-09-04,590308,VND0BB39B7D3F,25359,22700
2026-09-04,590308,VND0BB39B7D3F,25752,29200
2026-09-04,590308,VND0BB39B7D3F,25755,7900
2026-09-04,590308,VND0BB39B7D3F,26338,4600
2026-09-04,590309,VND08F8FCC5D3,INV3608367,20000
2026-09-04,590310,VND181E911912,INV1094843,467800
2026-09-04,590311,VNDF8496F0D65,853976863,497400
2026-09-04,590312,VNDAC1730CAA2,7175624385987,19379
2026-09-04,590312,VNDAC1730CAA2,9612622209128,9360
2026-09-04,590312,VNDAC1730CAA2,9612623209392,17389
2026-09-04,590312,VNDAC1730CAA2,9612623652987,19589
2026-09-04,590313,VND7CBB2F4A84,FR-905,160000
2026-09-04,590314,VNDD61E77B798,DS07/26-2,258
2026-09-04,590314,VNDD61E77B798,KO08-2026,7500
2026-09-04,590315,VNDFAF6560C44,CM07/26-2,250
2026-09-04,590315,VNDFAF6560C44,KO08-2026,7500
2026-09-04,590316,VNDC842B9877A,20260901,2531463
2026-09-04,590317,VND050CB1977A,9040992407,19783
2026-09-04,590318,VND2B868C2F69,KO08-2026,7500
2026-09-04,590319,VNDBA37B1C3AF,KO08-2026,7500
2026-09-04,590320,VNDFF899EBB1E,3323107285,46566
2026-09-04,590321,VND64DD30DC55,670,87500
2026-09-04,590322,VND359ADF420B,DH07/26-2,302
2026-09-04,590323,VND210B08CC71,0051493-IN,335728
2026-09-04,590324,VND618C3D6155,503221,36000
2026-09-04,590324,VND618C3D6155,503222,48000
2026-09-04,590325,VNDAC298C476B,APRIL26,1204000
2026-09-04,590325,VNDAC298C476B,AUG26,1204000
2026-09-04,590325,VNDAC298C476B,FEB26,1204000
2026-09-04,590325,VNDAC298C476B,JULY26,1204000
2026-09-04,590325,VNDAC298C476B,JUNE26,1204000
2026-09-04,590325,VNDAC298C476B,MARCH26,1204000
2026-09-04,590325,VNDAC298C476B,MAY26,1204000
2026-09-04,590326,VND08D4EB9929,31992490,478412
2026-09-04,590327,VNDA8CD77DCC7,SI-1020828,72000
2026-09-04,590328,VND3E92644E58,3901302,27496
2026-09-04,590328,VND3E92644E58,4422340,13328
2026-09-04,590328,VND3E92644E58,4845351,9990
2026-09-04,590328,VND3E92644E58,5504965,2225
2026-09-04,590328,VND3E92644E58,7900138,4762
2026-09-04,590328,VND3E92644E58,8699413,23800
2026-09-04,590329,VND35AF438642,10304691,466500
2026-09-04,590330,VNDAA57CB827A,156096,56900
2026-09-04,590330,VNDAA57CB827A,156097,114400
2026-09-04,590330,VNDAA57CB827A,156407,11500
2026-09-04,590331,VND74C93B4D5D,799295,2572
2026-09-04,590331,VND74C93B4D5D,814410,4501
2026-09-04,590331,VND74C93B4D5D,821748,285814
2026-09-04,590331,VND74C93B4D5D,821749,11678
2026-09-04,590332,VND9B3DFEE112,49790,333450
2026-09-04,590333,VND5BFE462342,1-GS68257,181200
2026-09-04,590333,VND5BFE462342,1-GS68297,131992
2026-09-04,590334,VND97E8FCE476,A0011696UG,4375000
2026-09-04,590334,VND97E8FCE476,A0011697UG,4375000
2026-09-04,590335,VND60CC114C5E,115973,77610
2026-09-04,590335,VND60CC114C5E,116145A,73424
2026-09-04,590335,VND60CC114C5E,116164,33500
2026-09-04,590335,VND60CC114C5E,116281,683400
2026-09-04,590335,VND60CC114C5E,116311,314900
2026-09-04,590335,VND60CC114C5E,116406,14625
2026-09-04,590335,VND60CC114C5E,116466,51050
2026-09-04,590335,VND60CC114C5E,116612,33500
2026-09-04,590335,VND60CC114C5E,116695,33500
2026-09-04,590335,VND60CC114C5E,116794,183560
2026-09-04,590335,VND60CC114C5E,116821,33500
2026-09-04,590335,VND60CC114C5E,116879,1038542
2026-09-04,590335,VND60CC114C5E,116955,128492
2026-09-04,590336,VND3C02DA6D85,IN2351234,149900
2026-09-04,590337,VND2A63503D5E,61958,90710
2026-09-04,590337,VND2A63503D5E,61959,106254
2026-09-04,590338,VND3498E03C0D,26-0804,30000
2026-09-04,590339,VNDB86F398FE7,INV-US87720,207473
2026-09-04,590340,VND80825E13A9,17293,79500
2026-09-04,590340,VND80825E13A9,17294,67250
2026-09-04,590341,VNDDF97B06E38,035861746,5147
2026-09-04,590341,VNDDF97B06E38,036106800,4307
2026-09-04,590342,VND9D61DDADDC,KO08-2026,7500
2026-09-04,590343,VND0F1CD3F09D,008-25ITB146749K1-DB,6813000
2026-09-04,590344,VNDFCC464C80C,CN-104-1,140230
2026-09-04,590345,VND9BEF4E465E,M6096015,637480
2026-09-04,590345,VND9BEF4E465E,M6096016,10321509
2026-09-04,590345,VND9BEF4E465E,M6096017,925
2026-09-04,590345,VND9BEF4E465E,M6096018,12600
2026-09-04,590345,VND9BEF4E465E,M6096019,64386
2026-09-04,590346,VNDA88BA7D427,DC-2023-3167,995000
2026-09-04,590346,VNDA88BA7D427,DC-2023-3169,180000
2026-09-04,590346,VNDA88BA7D427,DC-2023-3170,180000
2026-09-04,590346,VNDA88BA7D427,DC-2023-3171,160000
2026-09-04,590346,VNDA88BA7D427,DC-2023-3172,115000
2026-09-04,590346,VNDA88BA7D427,DC-2023-3174,270000
2026-09-04,590347,VNDA01C0F2581,55380,58800
2026-09-04,590348,VND72E35E5BC5,470436,1885380
2026-09-04,590349,VNDF845ABBCBF,455086,280000
2026-09-04,590350,VND7BE8CABCA3,0822,30000
2026-09-04,590351,VND1B2169260C,187529,120000
2026-09-04,590352,VND32B169C054,30194,434925
2026-09-04,590353,VND0484968353,983,150000
2026-09-04,590354,VND3DA014377B,IN-4863992,70000
2026-09-04,590355,VNDDA1F1C8DB0,2030014,48600
2026-09-04,590356,VND5F971BC8CD,1453,720000
2026-09-04,590357,VNDCD54CCA44E,DTEP20035,137218
2026-09-04,590357,VNDCD54CCA44E,DTEP20036,129996
2026-09-04,590358,VND97A91E0304,08-2026,5000
2026-09-04,590359,VND5A5D227DF0,0000W30E12286,27438
2026-09-04,590359,VND5A5D227DF0,0000W30E12296,9967
2026-09-04,590359,VND5A5D227DF0,0000W30E12306,18173
2026-09-04,590359,VND5A5D227DF0,0000W30E12316,12677
2026-09-04,590359,VND5A5D227DF0,0000W30E12326,15462
2026-09-04,590359,VND5A5D227DF0,0000W30E12336,10326
2026-09-04,590360,VND96E8048612,1-25ITB082825K-JA,3833000
2026-09-04,590361,VNDF1AEEA88F5,KO08-2026,7500
2026-09-11,202609100034259,VND1160932B06,26220CP,93605
2026-09-11,202609100034260,VND7C7DC1E9B8,26226CH,25998
2026-09-11,202609100034261,VNDB997380A46,ATLFUEM0926,5046667
2026-09-11,202609100034262,VND88431FA06D,9160361957,4500
2026-09-11,202609100034262,VND88431FA06D,9160361967,3930
2026-09-11,202609100034262,VND88431FA06D,9160361970,27000
2026-09-11,202609100034262,VND88431FA06D,9160361972,343500
2026-09-11,202609100034263,VND88431FA06D,9160361974,724500
2026-09-11,202609100034263,VND88431FA06D,9160361975,4809
2026-09-11,202609100034264,VND8E8EDB7555,20260831000000017843,3295
2026-09-11,202609100034265,VND8E8EDB7555,20260530000000027840,3695
2026-09-11,202609100034266,VND6A9E88C333,08-2026,5000
2026-09-11,202609100034267,VND9C283F936B,M133009945332,520928
2026-09-11,202609100034268,VND866424BA7E,090426-FULTN,5738407
2026-09-11,202609100034269,VNDEA8CEDF5D7,12397,152572
2026-09-11,202609100034270,VND0E91960115,9000256544,57121897
2026-09-11,202609100034271,VNDA25E2DEF26,RYW-07-2026,14345470
2026-09-11,202609100034272,VND65ED435E78,025-564349,1312500
2026-09-11,202609100034272,VND65ED435E78,060-117922,151125
2026-09-11,202609100034273,VNDD2869EF4D8,101000209,280375
2026-09-11,202609100034274,VND7B42A0F004,20260903-FCAA,2847400
2026-09-11,202609100034275,VNDD91BA8AE1C,22-22ITB136990K-JA-R2S,4577000
2026-09-11,202609100034276,VND291DDC231C,RM-83126,425000
2026-09-11,202609100034277,VND1AEC39C1B9,23584,367840
2026-09-11,202609100034278,VND5EBCE2D33E,YB07/26-2,154
2026-09-11,202609100034279,VNDFC32C7972A,08M04WK26YR,128150
2026-09-11,202609100034280,VNDE56B5C921A,7050077640,25900
2026-09-11,202609100034281,VND05515D35DA,INV-000062,298554
2026-09-11,202609100034282,VND04AD64B4E7,LH-122,177100
2026-09-11,202609100034283,VND0362B72E78,090426-23,150000
2026-09-11,202609100034284,VNDF529B99244,12975,23000
2026-09-11,202609100034285,VND4EF2E49649,RYW-07-2026,2861306
2026-09-11,202609100034286,VNDCEC9340C18,509304081,4000000
2026-09-11,202609100034287,VNDDDE4CCF30B,FC 88845,3757000
2026-09-11,202609100034288,VNDEA96D665CE,MLS1862H,52000
2026-09-11,202609100034288,VNDEA96D665CE,MLS1863E,52000
2026-09-11,202609100034288,VNDEA96D665CE,MLS1863G,52000
2026-09-11,202609100034289,VND5789EBF4A4,854105885,134010
2026-09-11,202609100034290,VNDAC844B4C4F,10162782-00,9558
2026-09-11,202609100034291,VNDF54F971D0D,130276,47676
2026-09-11,202609100034291,VNDF54F971D0D,137508,111840
2026-09-11,202609100034292,VND234A8F0919,53300-1-02,2371572
2026-09-11,202609100034292,VND234A8F0919,53300-2-02,2066973
2026-09-11,202609100034292,VND234A8F0919,53300-3-02,1988347
2026-09-11,202609100034293,VND861B1597AC,17-1299041,506666
2026-09-11,202609100034294,VND3DB1EFCB08,7500,1787500
2026-09-11,202609100034295,VNDC1133E398F,FCYC.81526,85990
2026-09-11,202609100034296,VND5DB3570B65,AU82826-95,3608473
2026-09-11,202609100034297,VNDEC568C9888,2026-F009,4773900
2026-09-11,202609100034298,VND381E9D56FE,S102536572.001,48737
2026-09-11,202609100034299,VNDE1E770CA76,8000-9090-0747-1704 08/02/2026,1516125
2026-09-11,202609100034300,VND0BF9BA4F6E,0236297,41705
2026-09-11,202609100034300,VND0BF9BA4F6E,0236298,27057
2026-09-11,202609100034300,VND0BF9BA4F6E,0236299,34919
2026-09-11,202609100034300,VND0BF9BA4F6E,0236324,89013
2026-09-11,202609100034300,VND0BF9BA4F6E,0236325,73751
2026-09-11,202609100034301,VND767F3747F5,226018,500000
2026-09-11,202609100034302,VND0CEF4F025B,25-23RFP0426023K-BKJ,9529563
2026-09-11,202609100034303,VNDC36541A13A,RYW-07-2026,25863081
2026-09-11,202609100034304,VND4C3B26C1BD,9388039694,5400
2026-09-11,202609100034305,VND05F270DDF6,BC07/26-2,173
2026-09-11,202609100034306,VNDC56E7235A0,12996,135000
2026-09-11,202609100034307,VNDCFC296FD40,2026-0150,97500
2026-09-11,202609100034307,VNDCFC296FD40,2026-0160,71400
2026-09-11,202609100034307,VNDCFC296FD40,2026-0170,76800
2026-09-11,202609100034308,VNDA9C52F3473,JSH07/26-2,271
2026-09-11,202609100034309,VND0E4DE511F1,20260731BC007,27300
2026-09-11,202609100034309,VND0E4DE511F1,20260731BM007,268130
2026-09-11,202609100034309,VND0E4DE511F1,20260731GEN007,471426
2026-09-11,202609100034309,VND0E4DE511F1,20260731LAB007,1595197
2026-09-11,202609100034309,VND0E4DE511F1,20260731M007,3550
2026-09-11,202609100034309,VND0E4DE511F1,20260731MFUL007,7100
2026-09-11,202609100034309,VND0E4DE511F1,20260731NGU007,450559
2026-09-11,202609100034310,VNDAD3CF62C05,7377,850000
2026-09-11,202609100034311,VND129588535A,0826,1889460
2026-09-11,202609100034312,VND8E8EDB7555,20260831000000018740,1245
2026-09-11,202609100034312,VND8E8EDB7555,20260831000000018952,1245
2026-09-11,202609100034312,VND8E8EDB7555,20260831000000021885,3295
2026-09-11,202609100034312,VND8E8EDB7555,20260831000000027522,9690
2026-09-11,202609100034313,VND53C379D51A,INV0192115,25300
2026-09-11,202609100034313,VND53C379D51A,INV0192116,22000
2026-09-11,202609100034314,VND6C8DDAA416,08-2026,5000
2026-09-11,202609100034315,VND87D3B5F1D1,09-2026,150000
2026-09-11,202609100034316,VNDE6B4C65367,26-083126-FCDO,5508400
2026-09-11,202609100034316,VNDE6B4C65367,26-083126-FCSS,28465957
2026-09-11,202609100034317,VNDA3B7BD471B,FS-13427083126,37500
2026-09-11,202609100034318,VNDE75102D7A2,00004237,18000
2026-09-11,202609100034318,VNDE75102D7A2,00004238,126600
2026-09-11,202609100034318,VNDE75102D7A2,00004239,38550
2026-09-11,202609100034318,VNDE75102D7A2,00004243,48500
2026-09-11,202609100034318,VNDE75102D7A2,00004246,18000
2026-09-11,202609100034318,VNDE75102D7A2,00004247,26050
2026-09-11,202609100034318,VNDE75102D7A2,00004248,24400
2026-09-11,202609100034319,VND48FE38743D,401515220A,5294100
2026-09-11,202609100034320,VNDBD758F781D,25007280,3802084
2026-09-11,202609100034321,VND3E284651C5,ISDD-07-2026,5000000
2026-09-11,202609100034322,VND47C4221A94,00004245,104000
2026-09-11,202609100034323,VND41FEF5D2BC,25362,22200
2026-09-11,202609100034324,VND133E08BC2B,11224,40600
2026-09-11,202609100034324,VND133E08BC2B,11258,120000
2026-09-11,202609100034324,VND133E08BC2B,11259,120000
2026-09-11,202609100034325,VND1AC9A25C43,00004242,29500
2026-09-11,202609100034326,VNDC4E79D1483,FULTON CO 092,1200000
2026-09-11,202609100034327,VND88F631420C,Z480444,17436200
2026-09-11,202609100034328,VND54C6A24E7A,JR07/26-2,302
2026-09-11,202609100034329,VND78B14E1703,JL07/26-2,120
2026-09-11,202609100034330,VNDE326EA782E,0017-2026,30250
2026-09-11,202609100034331,VNDF1AC4DC84B,489869,40332
2026-09-11,202609100034331,VNDF1AC4DC84B,489872,26936
2026-09-11,202609100034332,VND777600BDE5,MW-90126,450000
2026-09-11,202609100034333,VND06A5D6C544,001,450000
2026-09-11,202609100034334,VND9FCC7E95A6,INV11408595,19200
2026-09-11,202609100034334,VND9FCC7E95A6,INV11429045,51390
2026-09-11,202609100034335,VND209DBD2DBA,00004213,16250
2026-09-11,202609100034335,VND209DBD2DBA,00004214,40400
2026-09-11,202609100034335,VND209DBD2DBA,00004215,24450
2026-09-11,202609100034335,VND209DBD2DBA,00004216,21050
2026-09-11,202609100034335,VND209DBD2DBA,00004217,28000
2026-09-11,202609100034335,VND209DBD2DBA,00004218,53250
2026-09-11,202609100034335,VND209DBD2DBA,00004219,41050
2026-09-11,202609100034335,VND209DBD2DBA,00004220,33750
2026-09-11,202609100034335,VND209DBD2DBA,00004221,35000
2026-09-11,202609100034335,VND209DBD2DBA,00004222,39750
2026-09-11,202609100034335,VND209DBD2DBA,00004223,37600
2026-09-11,202609100034335,VND209DBD2DBA,00004224,33550
2026-09-11,202609100034335,VND209DBD2DBA,00004225,13500
2026-09-11,202609100034335,VND209DBD2DBA,00004226,26300
2026-09-11,202609100034335,VND209DBD2DBA,00004227,41800
2026-09-11,202609100034335,VND209DBD2DBA,00004228,23300
2026-09-11,202609100034335,VND209DBD2DBA,00004229,25000
2026-09-11,202609100034335,VND209DBD2DBA,00004230,29900
2026-09-11,202609100034335,VND209DBD2DBA,00004231,28750
2026-09-11,202609100034335,VND209DBD2DBA,00004232,44500
2026-09-11,202609100034335,VND209DBD2DBA,00004233,37250
2026-09-11,202609100034335,VND209DBD2DBA,00004234,20500
2026-09-11,202609100034335,VND209DBD2DBA,00004235,15800
2026-09-11,202609100034335,VND209DBD2DBA,00004236,35750
2026-09-11,202609100034336,VND6FB79AADCF,EHE-07-2026,866352
2026-09-11,202609100034337,VND9FA7A0E3F0,EHE-07-2026,6237530
2026-09-11,202609100034338,VNDBE246216CE,AM200327,325000
2026-09-11,202609100034339,VNDE49B4C51C7,ABO200163,260000
2026-09-11,202609100034340,VND4B02907E30,503228,99000
2026-09-11,202609100034340,VND4B02907E30,503236,78000
2026-09-11,202609100034340,VND4B02907E30,503237,150000
2026-09-11,202609100034340,VND4B02907E30,503238,81000
2026-09-11,202609100034341,VNDA098F87C39,56,160000
2026-09-11,202609100034342,VNDAED4D45678,26-0707,378750
2026-09-11,202609100034343,VND05D1AF1DC3,08012026A,38680
2026-09-11,202609100034344,VND7B54CADC52,479169156001,44768
2026-09-11,202609100034344,VND7B54CADC52,479306043001,630040
2026-09-11,202609100034344,VND7B54CADC52,480110629001,63459
2026-09-11,202609100034344,VND7B54CADC52,481418321001,40171
2026-09-11,202609100034344,VND7B54CADC52,481418738001,11875
2026-09-11,202609100034345,VNDB47C3D8BC1,12357846,47400
2026-09-11,202609100034346,VND77A0939B20,GEC20019,1105000
2026-09-11,202609100034347,VND1AE03504C9,INV-001153,204000
2026-09-11,202609100034348,VND8CAF762531,2026-009-PROBATE,950000
2026-09-11,202609100034349,VND8F669F334A,09032026,234000
2026-09-11,202609100034350,VNDC25BE877D3,13911,1414945
2026-09-11,202609100034351,VNDD83E3F73A0,300951,311000
2026-09-11,202609100034352,VNDB2DB354A6A,2026184,10000
2026-09-11,202609100034352,VNDB2DB354A6A,2026185,10000
2026-09-11,202609100034353,VNDEE14B6F470,168,193950
2026-09-11,202609100034353,VNDEE14B6F470,169,195825
2026-09-11,202609100034354,VND68161C285A,16/26,180900
2026-09-11,202609100034355,VND7964E8C5F0,INV0112318,13373400
2026-09-11,202609100034356,VNDDE5CCB70E1,CSP2026-00001,970000
2026-09-11,202609100034357,VNDEF6DF4AB1A,08/26,600000
2026-09-11,202609100034358,VNDFB3867E542,10689,500000
2026-09-11,202609100034359,VND3FEE14F178,17-26,226933
2026-09-11,202609100034360,VND877970ABB6,9.3.26-4-7.30.26,695000
2026-09-11,202609100034361,VND9329C99F3F,302730,273000
2026-09-11,202609100034362,VND93B7C6E6D9,07282026,75000
2026-09-11,202609100034362,VND93B7C6E6D9,08142026,50000
2026-09-11,202609100034362,VND93B7C6E6D9,08212026,75000
2026-09-11,202609100034362,VND93B7C6E6D9,08252026,50000
2026-09-11,202609100034363,VNDB8DF26EF9D,247958,1025100
2026-09-11,202609100034363,VNDB8DF26EF9D,249061,482500
2026-09-11,202609100034363,VNDB8DF26EF9D,249062,185300
2026-09-11,202609100034364,VND2380E4B3CA,071926-072226,64833
2026-09-11,202609100034364,VND2380E4B3CA,09-2026,150000
2026-09-11,202609100034365,VND098B225002,8-25-2026,9600
2026-09-11,202609100034365,VND098B225002,9-1-2026,9600
2026-09-11,202609100034366,VND57B24D411B,GRM20026,1040000
2026-09-11,202609100034367,VNDE93142A436,19832,13262
2026-09-11,202609100034368,VNDF5250C1682,JJL20061,975000
2026-09-11,202609100034368,VNDF5250C1682,JJL20062,455000
2026-09-11,202609100034368,VNDF5250C1682,JL-90226,700000
2026-09-11,202609100034369,VNDAE690FD322,1037,260000
2026-09-11,202609100034370,VND609E074FEC,6542,253550
2026-09-11,202609100034371,VND302AB7EC22,3219,31008
2026-09-11,202609100034372,VND912CFBA8A5,09012026,1745250
2026-09-11,202609100034373,VNDA52137F3F2,AR-05465,44790
2026-09-11,202609100034374,VNDFF43006A02,26-008,100000
2026-09-11,202609100034375,VNDF0590B4779,269,2420200
2026-09-11,202609100034376,VND3B02DDD156,4310*,964000
2026-09-11,202609100034377,VND5FBFF8A919,910029485,20993175
2026-09-11,202609100034378,VNDBF8F3E5D7C,AM-2026-58,42000
2026-09-11,202609100034379,VND091D8FB44C,00004249,63050
2026-09-11,202609100034379,VND091D8FB44C,00004251,39750
2026-09-11,202609100034379,VND091D8FB44C,00004252,25000
2026-09-11,202609100034379,VND091D8FB44C,00004253,44500
2026-09-11,202609100034379,VND091D8FB44C,00004254,30300
2026-09-11,202609100034379,VND091D8FB44C,00004255,12000
2026-09-11,202609100034380,VNDF6465705A5,2026-01,200000
2026-09-11,202609100034381,VND5EE3448DCB,0056,80000
2026-09-11,202609100034382,VNDC719BC6DDF,12-24RFP0808K-DB,21464914
2026-09-11,202609100034383,VNDC604F1339D,13,204190
2026-09-11,202609100034384,VND6248B7B40F,00004241,9750
2026-09-11,202609100034384,VND6248B7B40F,00004244,10875
2026-09-11,202609100034384,VND6248B7B40F,00004250,14125
2026-09-11,202609100034385,VND695AE48602,IN-901123,890000
2026-09-11,202609100034386,VND3A9EBFA220,17,105000
2026-09-11,202609100034387,VND141500B884,1035,75975
2026-09-11,202609100034388,VNDDEE4EB233E,2154,100000
2026-09-11,202609100034389,VND812C1FEC80,18669-2491,73983
2026-09-11,202609100034390,VND4C6631857D,CSP2026-01,536700
2026-09-11,202609100034391,VNDA6AC031C47,28319,399000
2026-09-11,202609100034392,VNDB4DB1B813B,09-2026-001,50000
2026-09-11,202609100034393,VND934D949B03,QPC-NF-2026-06,13500
2026-09-11,202609100034393,VND934D949B03,QPC-NF-2026-07,180000
2026-09-11,202609100034394,VND1D9F677415,1002,112150
2026-09-11,202609100034395,VND72C62AC743,4,140000
2026-09-11,202609100034396,VND0E91960115,9000253545,170106068
2026-09-11,202609100034396,VND0E91960115,9000256574,157460280
2026-09-11,202609100034396,VND0E91960115,9000256591,64004958
2026-09-11,202609100034397,VND28308E8C3E,2026-5,143120
2026-09-11,202609100034398,VNDE23BA19050,001,50000
2026-09-11,590363,VND3099A5EE5C,RES645,30000
2026-09-11,590364,VNDCA5E7047CB,000025290763,7316528
2026-09-11,590365,VND514C75F48E,26224CF,219471
2026-09-11,590366,VND3ABEB90E8B,25871-87015 08/27/2026,8203
2026-09-11,590367,VND3ABEB90E8B,00033-81306 08/30/2026,46936273
2026-09-11,590368,VND5A6AFDABD2,NTHECW19830834,96500
2026-09-11,590369,VND60BF23E1E9,08-2026,5000
2026-09-11,590370,VND8E548CBE1A,714665,189000
2026-09-11,590371,VNDE768C56D70,26225GCWR,5360
2026-09-11,590372,VNDB4AB84C704,20838,24710
2026-09-11,590373,VND8254C43809,08-2026,5000
2026-09-11,590374,VND4C7B40D4EB,2059243000 08/28/2026,13012
2026-09-11,590375,VND7BFF07D934,236714,497274
2026-09-11,590378,VND176D785453,32710564-09012026,1247028
2026-09-11,590379,VNDBC41B8BC46,26221FCW,334022
2026-09-11,590380,VND1FCF0D604A,111550,4033285
2026-09-11,590380,VND1FCF0D604A,111551,2221720
2026-09-11,590380,VND1FCF0D604A,111552,5281104
2026-09-11,590381,VND2403BD2C59,8220 18 893 2612716-090626,45785
2026-09-11,590382,VND4FA833C1F8,SGIWA 9/9/2026-1,225000
2026-09-11,590383,VNDDB2FBBB66C,84264,1033247
2026-09-11,590383,VNDDB2FBBB66C,84265,2263186
2026-09-11,590384,VNDA2418467B0,AK4858Z,201794
2026-09-11,590384,VNDA2418467B0,AK4UU1L,1627450
2026-09-11,590384,VNDA2418467B0,AK5192W,605206
2026-09-11,590384,VNDA2418467B0,AK5263X,116910
2026-09-11,590384,VNDA2418467B0,AK5RH6U,63235
2026-09-11,590384,VNDA2418467B0,AK5UJ1A,471900
2026-09-11,590384,VNDA2418467B0,AK5UV8F,3402850
2026-09-11,590384,VNDA2418467B0,AK7J92R,1655500
2026-09-11,590384,VNDA2418467B0,AK8EV5I,43712
2026-09-11,590385,VND3E3C11BF6B,202608381,560272
2026-09-11,590385,VND3E3C11BF6B,202608381-P,2966027
2026-09-11,590386,VNDFFFB194463,CGRANT 9/8/2026-1,80000
2026-09-11,590387,VND61CAE391B2,0826243959,280000
2026-09-11,590388,VND61CD454AAB,1027282,679238
2026-09-11,590389,VNDFF7CBEED2E,AOO 43349,82660
2026-09-11,590389,VNDFF7CBEED2E,AOO 43351,82660
2026-09-11,590389,VNDFF7CBEED2E,AOO 43352,93292
2026-09-11,590390,VND0BB39B7D3F,25522,13800
2026-09-11,590391,VND23723ABE52,SO-004728,558000
2026-09-11,590392,VND5061365899,2026-CHRISTOPHER YOKOM,32500
2026-09-11,590392,VND5061365899,2026-COY JOHNSON,32500
2026-09-11,590392,VND5061365899,2026-ELIZABETH HIGGINS-BROOKS,32500
2026-09-11,590392,VND5061365899,2026-JULIETTE SCALES,32500
2026-09-11,590392,VND5061365899,2026-PHILLIP JACKSON,32500
2026-09-11,590392,VND5061365899,2026-RENATA TURNER,32500
2026-09-11,590392,VND5061365899,2026-TAMARA CRAWFORD,32500
2026-09-11,590393,VNDCE91BB0F60,1JYL-D3G1-GV6V,16034
2026-09-11,590394,VNDF8496F0D65,854036419,523998
2026-09-11,590394,VNDF8496F0D65,854047773,287477
2026-09-11,590395,VND933954127A,26-0710,249900
2026-09-11,590396,VNDB893AC77FB,93072351,1100000
2026-09-11,590397,VNDAC1730CAA2,7175623872855,15034
2026-09-11,590397,VNDAC1730CAA2,7175624385988,41972
2026-09-11,590397,VNDAC1730CAA2,7175624486022,5195
2026-09-11,590397,VNDAC1730CAA2,7175624486023,45102
2026-09-11,590397,VNDAC1730CAA2,7175624586085,15109
2026-09-11,590397,VNDAC1730CAA2,9612621909088,17389
2026-09-11,590397,VNDAC1730CAA2,9612621909089,22598
2026-09-11,590397,VNDAC1730CAA2,9612621909090,731
2026-09-11,590397,VNDAC1730CAA2,9612621909091,22598
2026-09-11,590397,VNDAC1730CAA2,9612622209114,6465
2026-09-11,590397,VNDAC1730CAA2,9612622409226,3496
2026-09-11,590397,VNDAC1730CAA2,9612623052918,1255
2026-09-11,590397,VNDAC1730CAA2,9612623109363,3776
2026-09-11,590397,VNDAC1730CAA2,9612623209405,1009
2026-09-11,590397,VNDAC1730CAA2,9612623848238,6444
2026-09-11,590398,VND12220F18D3,08-2026,5000
2026-09-11,590399,VNDD7DC74863E,020-153424,18500
2026-09-11,590399,VNDD7DC74863E,020-153425,18500
2026-09-11,590400,VND6EF0D9512C,07-2026,20000
2026-09-11,590401,VND618C3D6155,503060,178500
2026-09-11,590401,VND618C3D6155,503217,63000
2026-09-11,590401,VND618C3D6155,503218,39000
2026-09-11,590401,VND618C3D6155,503219,36000
2026-09-11,590401,VND618C3D6155,503223,111000
2026-09-11,590401,VND618C3D6155,503224,48000
2026-09-11,590402,VNDC39A28F092,FF-0410,780000
2026-09-11,590403,VNDF6A2328107,011-FCDA-23,628910
2026-09-11,590403,VNDF6A2328107,012-FCDA-23,695238
2026-09-11,590404,VNDC693D82E8B,ACR/266-209819,2896400
2026-09-11,590405,VNDAC298C476B,SEPT26,1204000
2026-09-11,590406,VNDCC0D8FF90F,124395466,97094
2026-09-11,590407,VND59A98B7413,185169288-0007,33414
2026-09-11,590408,VND08D4EB9929,15462592,153506
2026-09-11,590409,VND40EAC93F35,SE0006935,123700
2026-09-11,590409,VND40EAC93F35,SE0006954,123700
2026-09-11,590410,VND27456120DF,2417102,240029
2026-09-11,590410,VND27456120DF,2418104,240029
2026-09-11,590411,VND66F6BF59AE,50257447,9508
2026-09-11,590412,VND3E92644E58,7903202,44800
2026-09-11,590412,VND3E92644E58,7905851,6648
2026-09-11,590412,VND3E92644E58,902091,1930
2026-09-11,590412,VND3E92644E58,905524,3394
2026-09-11,590413,VNDCE6531BB26,8762828,237014
2026-09-11,590413,VNDCE6531BB26,8842824,511856
2026-09-11,590413,VNDCE6531BB26,8842846,25830
2026-09-11,590413,VNDCE6531BB26,8842851,25283
2026-09-11,590414,VNDCE6531BB26,8842790,380478
2026-09-11,590415,VNDDB96A60D5F,1266461,480290
2026-09-11,590415,VNDDB96A60D5F,1266645,352525
2026-09-11,590415,VNDDB96A60D5F,1266775,101787
2026-09-11,590416,VNDBE94AC1C90,280776,21000
2026-09-11,590416,VNDBE94AC1C90,280777,21000
2026-09-11,590416,VNDBE94AC1C90,280778,21000
2026-09-11,590416,VNDBE94AC1C90,280779,21000
2026-09-11,590416,VNDBE94AC1C90,280949,21000
2026-09-11,590416,VNDBE94AC1C90,281289,21000
2026-09-11,590417,VNDA69555C5D2,3096547177,407400
2026-09-11,590417,VNDA69555C5D2,3096604066,407400
2026-09-11,590417,VNDA69555C5D2,3096658999,91400
2026-09-11,590417,VNDA69555C5D2,3096686090,407400
2026-09-11,590418,VNDA69555C5D2,1100357177,44496
2026-09-11,590419,VND0E203B1122,IN-C3263,203288
2026-09-11,590420,VND60CC114C5E,111538,68340
2026-09-11,590420,VND60CC114C5E,116979,958385
2026-09-11,590421,VNDEFBA394832,107231,194865
2026-09-11,590421,VNDEFBA394832,107235,2597
2026-09-11,590421,VNDEFBA394832,107236,379814
2026-09-11,590421,VNDEFBA394832,107237,117634
2026-09-11,590421,VNDEFBA394832,107238,201894
2026-09-11,590421,VNDEFBA394832,107239,17805
2026-09-11,590421,VNDEFBA394832,107240,237078
2026-09-11,590421,VNDEFBA394832,107241,17331
2026-09-11,590421,VNDEFBA394832,107243,85541
2026-09-11,590421,VNDEFBA394832,107244,70911
2026-09-11,590421,VNDEFBA394832,107245,390624
2026-09-11,590421,VNDEFBA394832,107246,81720
2026-09-11,590421,VNDEFBA394832,107247,122386
2026-09-11,590421,VNDEFBA394832,107249,16400
2026-09-11,590422,VND7401E8B241,6011726003911,55555969
2026-09-11,590423,VNDC38E7A4A12,2717,7023568
2026-09-11,590424,VND6B564386A5,FCDSS2024-089,31879
2026-09-11,590424,VND6B564386A5,FCDSS2024-090,161159
2026-09-11,590425,VND9109A088BB,B21516329,3316000
2026-09-11,590426,VNDE49016BC52,FCAS0726-B,5905290
2026-09-11,590426,VNDE49016BC52,FCAS0726-C,600395
2026-09-11,590426,VNDE49016BC52,SFR0826,7076499
2026-09-11,590427,VNDDF97B06E38,036139932,8614
2026-09-11,590428,VND7F77809DAD,829600-202608-1,10000
2026-09-11,590429,VND58E2586FDC,08-2026,5000
2026-09-11,590430,VND565E554EB4,147665,50000
2026-09-11,590431,VNDABF027E8C7,34433,300000
2026-09-11,590432,VNDA71BDC210A,6071550,327500
2026-09-11,590433,VND9082EFC5B7,09-2026,150000
2026-09-11,590434,VNDF845ABBCBF,456524,140000
2026-09-11,590434,VNDF845ABBCBF,456764,527570
2026-09-11,590434,VNDF845ABBCBF,456792,236250
2026-09-11,590435,VND2BD512E663,06H8720016770,7896
2026-09-11,590436,VND4C6DB4EC22,08-2026,5000
2026-09-11,590437,VND6B51309148,3385,22942588
2026-09-11,590438,VND47BF3D2CE9,11623,5700000
2026-09-11,590439,VND239A808E85,29-22ITB134130K-JAJ,13737529
2026-09-11,590440,VND3DA014377B,IN-4835561,207500
2026-09-11,590441,VND7348AF7B11,071926-072226,66208
2026-09-11,590441,VND7348AF7B11,09-2026,150000
2026-09-11,590442,VND00E1A1FA2F,PA-2,50000
2026-09-11,590443,VND95CB99F6E9,260866093,305000
2026-09-11,590444,VNDE41A550AA2,154660,6121
2026-09-11,590444,VNDE41A550AA2,154718,2944
2026-09-11,590445,VNDBA6E43506B,KO08-2026,7500
2026-09-11,590446,VND8B3A18FD4A,09-2026,150000
2026-09-11,590447,VNDED6492AE8C,SIUN15538569,250000
2026-09-11,590448,VNDFCBB29A043,2608180,17368
2026-09-11,590449,VNDACEAAFD006,459045,3150000
2026-09-11,590450,VNDCA57338137,089,100000
2026-09-11,590451,VND0FA3D37E5F,12318,25321275
2026-09-11,590452,VNDF090B7F972,BOA9126,4400000
2026-09-18,202609170034404,VNDEBCEE22AB2,1:23CV3773,30000000
2026-09-18,202609170034405,VND8E8EDB7555,20260831000000027840,2500
2026-09-18,202609170034406,VND8BA19922E2,194,4359192
2026-09-18,202609170034407,VND8CA9354B1A,09-2026,60000
2026-09-18,202609170034408,VND5FEBD97ACA,08-2026-FINAL,40000
2026-09-18,202609170034408,VND5FEBD97ACA,09-2026,70000
2026-09-18,202609170034409,VNDF871618BFA,09-2026,75000
2026-09-18,202609170034410,VND6D77DDF8FD,08-2026-FINAL,25000
2026-09-18,202609170034410,VND6D77DDF8FD,09-2026,70000
2026-09-18,202609170034411,VNDA4D49347E5,08-2026-FINAL,55000
2026-09-18,202609170034411,VNDA4D49347E5,09-2026,90000
2026-09-18,202609170034412,VND26427A6187,09-2026,50000
2026-09-18,202609170034413,VND6859C6A562,08-2026-FINAL,40000
2026-09-18,202609170034413,VND6859C6A562,09-2026,50000
2026-09-18,202609170034414,VNDE8EBF7F562,08-2026-FINAL,25000
2026-09-18,202609170034414,VNDE8EBF7F562,09-2026,15000
2026-09-18,202609170034415,VNDA25E2DEF26,EHE-07-2026,1977900
2026-09-18,202609170034416,VND8EE6DADD48,1-CDBG-806B,1394000
2026-09-18,202609170034417,VND65ED435E78,025-565471,830609
2026-09-18,202609170034418,VND5786D79E3A,1364506-1,1311636
2026-09-18,202609170034419,VND8853F057FC,0815328,414500
2026-09-18,202609170034419,VND8853F057FC,0818893,261000
2026-09-18,202609170034419,VND8853F057FC,0818894,266500
2026-09-18,202609170034419,VND8853F057FC,0818896,489000
2026-09-18,202609170034419,VND8853F057FC,0818897,507500
2026-09-18,202609170034420,VNDD2869EF4D8,101000073,628500
2026-09-18,202609170034420,VNDD2869EF4D8,10100158,440650
2026-09-18,202609170034420,VNDD2869EF4D8,10100174,1174500
2026-09-18,202609170034421,VNDDEB248671C,20260831-CONG2,5378564
2026-09-18,202609170034421,VNDDEB248671C,20260831-CONGFAD,242420
2026-09-18,202609170034421,VNDDEB248671C,20260831-HCBS-RHDM2,4960508
2026-09-18,202609170034422,VNDDB420FB2F5,66-0050749,145169
2026-09-18,202609170034422,VNDDB420FB2F5,66-0051511,42130
2026-09-18,202609170034422,VNDDB420FB2F5,66-0051512,22591
2026-09-18,202609170034423,VNDFDEEFC1364,2026-327,5581836
2026-09-18,202609170034423,VNDFDEEFC1364,2026-374,5269870
2026-09-18,202609170034424,VNDE56B5C921A,7050078624,31800
2026-09-18,202609170034425,VND72AF9C19BB,93,10010
2026-09-18,202609170034426,VND7BDB8EA823,RYW-07-2026,3393559
2026-09-18,202609170034427,VND3DF4718C8A,1319295,1229400
2026-09-18,202609170034428,VND6AA06AC0FB,5375,981932
2026-09-18,202609170034429,VND5789EBF4A4,854046016,76212
2026-09-18,202609170034430,VNDF54F971D0D,135902,47676
2026-09-18,202609170034430,VNDF54F971D0D,135903,37812
2026-09-18,202609170034430,VNDF54F971D0D,135904,47265
2026-09-18,202609170034430,VNDF54F971D0D,136742,6982936
2026-09-18,202609170034430,VNDF54F971D0D,136743,39456
2026-09-18,202609170034430,VNDF54F971D0D,136744,56718
2026-09-18,202609170034430,VNDF54F971D0D,136745,47676
2026-09-18,202609170034430,VNDF54F971D0D,137507,7222933
2026-09-18,202609170034430,VNDF54F971D0D,137509,47676
2026-09-18,202609170034430,VNDF54F971D0D,137510,64823
2026-09-18,202609170034430,VNDF54F971D0D,137511,47676
2026-09-18,202609170034430,VNDF54F971D0D,137514,60675
2026-09-18,202609170034430,VNDF54F971D0D,138596,7270409
2026-09-18,202609170034430,VNDF54F971D0D,138598,47676
2026-09-18,202609170034430,VNDF54F971D0D,138599,37812
2026-09-18,202609170034430,VNDF54F971D0D,138600,47676
2026-09-18,202609170034430,VNDF54F971D0D,138603,60675
2026-09-18,202609170034430,VNDF54F971D0D,139511,7991563
2026-09-18,202609170034430,VNDF54F971D0D,139521,60675
2026-09-18,202609170034431,VNDFB1DF16998,2110247698,183083
2026-09-18,202609170034432,VND478EB59482,351875,246600
2026-09-18,202609170034432,VND478EB59482,352124,64750
2026-09-18,202609170034432,VND478EB59482,352461,33264
2026-09-18,202609170034432,VND478EB59482,353685,126144
2026-09-18,202609170034432,VND478EB59482,357956,2086
2026-09-18,202609170034433,VND7E399EEA39,31751-001-01,5086206
2026-09-18,202609170034433,VND7E399EEA39,31751-002-03,2175000
2026-09-18,202609170034434,VNDACDE7E2D4A,KR-091126,202455
2026-09-18,202609170034435,VNDFADE29CD1B,24RFP140569K-19,90500
2026-09-18,202609170034436,VND72EEAD9645,7165,499500
2026-09-18,202609170034437,VNDE136DAD573,25EBM03-07,4194502
2026-09-18,202609170034438,VNDCF0F699185,AUGUST 2026-JUVENILECOURT,77000
2026-09-18,202609170034439,VND0BF9BA4F6E,0236246,40500
2026-09-18,202609170034439,VND0BF9BA4F6E,FCM0908,3115698
2026-09-18,202609170034440,VNDC43B0733EB,007668,41496
2026-09-18,202609170034440,VNDC43B0733EB,007687,159770
2026-09-18,202609170034440,VNDC43B0733EB,007688,56834
2026-09-18,202609170034440,VNDC43B0733EB,007714,182000
2026-09-18,202609170034440,VNDC43B0733EB,007733,238168
2026-09-18,202609170034441,VND4C3B26C1BD,9387445008,2339
2026-09-18,202609170034441,VND4C3B26C1BD,9387445024,2339
2026-09-18,202609170034441,VND4C3B26C1BD,9387445030,4949
2026-09-18,202609170034441,VND4C3B26C1BD,9387657832,2339
2026-09-18,202609170034441,VND4C3B26C1BD,9388456224,3914
2026-09-18,202609170034441,VND4C3B26C1BD,9388662453,3914
2026-09-18,202609170034441,VND4C3B26C1BD,9388869362,4948
2026-09-18,202609170034441,VND4C3B26C1BD,9388869363,2474
2026-09-18,202609170034441,VND4C3B26C1BD,9388869367,5038
2026-09-18,202609170034441,VND4C3B26C1BD,9388869502,2519
2026-09-18,202609170034441,VND4C3B26C1BD,9388869503,5038
2026-09-18,202609170034441,VND4C3B26C1BD,9388869505,3914
2026-09-18,202609170034442,VND8C5AF75C45,EHE-07-2026,4268328
2026-09-18,202609170034442,VND8C5AF75C45,RYW-07-2026,50559945
2026-09-18,202609170034443,VND119A0D66ED,189342,79625
2026-09-18,202609170034444,VND4FB8EC1CFE,DIVERSION-08.26,2211550
2026-09-18,202609170034445,VND53C379D51A,INV0187310,84400
2026-09-18,202609170034445,VND53C379D51A,INV0193178,27500
2026-09-18,202609170034446,VND9B89F81E20,4234,66900
2026-09-18,202609170034446,VND9B89F81E20,4235,112800
2026-09-18,202609170034446,VND9B89F81E20,4245,87500
2026-09-18,202609170034447,VNDEE441A807C,JC102179,222588
2026-09-18,202609170034448,VND25E746E37C,1195,2417600
2026-09-18,202609170034448,VND25E746E37C,1197,2800000
2026-09-18,202609170034448,VND25E746E37C,1203,2265500
2026-09-18,202609170034448,VND25E746E37C,1204,2536000
2026-09-18,202609170034449,VNDE75102D7A2,00004282,62050
2026-09-18,202609170034449,VNDE75102D7A2,00004289,15750
2026-09-18,202609170034450,VND1B14961A55,071626-WEST END LB_FCLS-JGW,20000
2026-09-18,202609170034451,VND47C4221A94,00004279,136750
2026-09-18,202609170034451,VND47C4221A94,00004280,142500
2026-09-18,202609170034451,VND47C4221A94,00004281,52125
2026-09-18,202609170034451,VND47C4221A94,00004283,36750
2026-09-18,202609170034452,VND41FEF5D2BC,25296,50100
2026-09-18,202609170034452,VND41FEF5D2BC,25363,46500
2026-09-18,202609170034452,VND41FEF5D2BC,25364,22200
2026-09-18,202609170034452,VND41FEF5D2BC,25365,44700
2026-09-18,202609170034453,VND1AC9A25C43,00004260,66000
2026-09-18,202609170034454,VND50C7716493,CK-260909,104000
2026-09-18,202609170034455,VNDEFB19C6099,2321,344100
2026-09-18,202609170034455,VNDEFB19C6099,2325,168400
2026-09-18,202609170034456,VNDE326EA782E,0016-2026,188100
2026-09-18,202609170034457,VND660CF647D9,SH-8-26-26,195250
2026-09-18,202609170034458,VND165C80D9B3,090426,100000
2026-09-18,202609170034459,VNDE868058318,001783,381031
2026-09-18,202609170034460,VNDAE13FEC653,10000768742,7393579
2026-09-18,202609170034460,VNDAE13FEC653,10000795516,7507339
2026-09-18,202609170034460,VNDAE13FEC653,10000827173,7621099
2026-09-18,202609170034461,VNDFD14EC229A,CJ08/26,30900
2026-09-18,202609170034462,VNDD73131260D,90126,1012500
2026-09-18,202609170034463,VND0C2EE402F2,SYJTP2026-DK-001,4000000
2026-09-18,202609170034464,VNDE6DD4952DE,2862,371568
2026-09-18,202609170034464,VNDE6DD4952DE,2907-1,261125
2026-09-18,202609170034464,VNDE6DD4952DE,2907-2,71250
2026-09-18,202609170034465,VND95F4154D1A,FCLF09072026,4513000
2026-09-18,202609170034466,VND08FF294B8E,43291,6000
2026-09-18,202609170034466,VND08FF294B8E,43292,24000
2026-09-18,202609170034467,VNDBC98A7004E,1057,2215500
2026-09-18,202609170034468,VNDE49B4C51C7,ABO200164,260000
2026-09-18,202609170034469,VND4B02907E30,503172,96000
2026-09-18,202609170034469,VND4B02907E30,503173,132000
2026-09-18,202609170034470,VNDAED4D45678,26-0708,175000
2026-09-18,202609170034471,VND7B54CADC52,479321057001,63232
2026-09-18,202609170034471,VND7B54CADC52,480053471001,44908
2026-09-18,202609170034471,VND7B54CADC52,480318900001,11877
2026-09-18,202609170034471,VND7B54CADC52,480318900002,67303
2026-09-18,202609170034471,VND7B54CADC52,480337760001,109949
2026-09-18,202609170034471,VND7B54CADC52,480344213002,2399
2026-09-18,202609170034471,VND7B54CADC52,480433338001,40171
2026-09-18,202609170034471,VND7B54CADC52,481235655001,21153
2026-09-18,202609170034472,VND6C2D814A0B,2515,906926
2026-09-18,202609170034473,VNDD1E779D30C,8960,485000
2026-09-18,202609170034474,VND9214ADBFBD,200ABS100006670,13349784
2026-09-18,202609170034474,VND9214ADBFBD,200ABS100006692,1785235
2026-09-18,202609170034474,VND9214ADBFBD,200ABS100007285,13805534
2026-09-18,202609170034474,VND9214ADBFBD,200ABS100007286,242902
2026-09-18,202609170034474,VND9214ADBFBD,200ABS100007308,1546267
2026-09-18,202609170034475,VND9070580A71,28899,4963718
2026-09-18,202609170034476,VND834E42C844,197,10000
2026-09-18,202609170034476,VND834E42C844,198,10000
2026-09-18,202609170034476,VND834E42C844,199,10000
2026-09-18,202609170034476,VND834E42C844,202,10000
2026-09-18,202609170034477,VND5978FA5BD1,114623,298922078
2026-09-18,202609170034477,VND5978FA5BD1,114624,31514526
2026-09-18,202609170034477,VND5978FA5BD1,114675,4654
2026-09-18,202609170034477,VND5978FA5BD1,114676,23887566
2026-09-18,202609170034477,VND5978FA5BD1,114677,3755163
2026-09-18,202609170034477,VND5978FA5BD1,114678,140000
2026-09-18,202609170034477,VND5978FA5BD1,114679,2653248
2026-09-18,202609170034478,VNDDBF92F1C6E,4080,539561
2026-09-18,202609170034479,VND378601AE48,2757190,9364
2026-09-18,202609170034479,VND378601AE48,2761038,350803
2026-09-18,202609170034479,VND378601AE48,2761039,110289
2026-09-18,202609170034480,VNDC8312C6C1C,157,113205
2026-09-18,202609170034481,VND62E5BD730F,USA08-00032688,6956250
2026-09-18,202609170034482,VNDC25BE877D3,13943,685650
2026-09-18,202609170034482,VNDC25BE877D3,13944,997574
2026-09-18,202609170034482,VNDC25BE877D3,13945,2024262
2026-09-18,202609170034483,VNDD83E3F73A0,300958,289488
2026-09-18,202609170034483,VNDD83E3F73A0,300960,185662
2026-09-18,202609170034484,VND7964E8C5F0,INV0114196,13867200
2026-09-18,202609170034485,VNDD6341E8B4A,70,17500
2026-09-18,202609170034485,VNDD6341E8B4A,71,73750
2026-09-18,202609170034486,VND3FEE14F178,18-26,216450
2026-09-18,202609170034487,VNDC68243F4EA,2026-33,124810
2026-09-18,202609170034488,VND93B7C6E6D9,09042026,75000
2026-09-18,202609170034489,VND33A5C04D7C,MEDMOMDS-0726-M,3724
2026-09-18,202609170034489,VND33A5C04D7C,MEDMOMDS-0726-S,10800
2026-09-18,202609170034490,VNDB8DF26EF9D,251205,22400
2026-09-18,202609170034491,VND098B225002,9-8-2026,9600
2026-09-18,202609170034492,VND57B24D411B,GRM20027,65000
2026-09-18,202609170034493,VNDE93142A436,19830,87733
2026-09-18,202609170034493,VNDE93142A436,19831,211780
2026-09-18,202609170034494,VND3F41579FEA,CG0134,160600
2026-09-18,202609170034495,VNDE93E661AB3,00004288,144250
2026-09-18,202609170034495,VNDE93E661AB3,00004290,32250
2026-09-18,202609170034495,VNDE93E661AB3,00004291,134400
2026-09-18,202609170034495,VNDE93E661AB3,00004292,88750
2026-09-18,202609170034495,VNDE93E661AB3,00004294,22500
2026-09-18,202609170034496,VND609E074FEC,6543,92950
2026-09-18,202609170034497,VND302AB7EC22,3069,29967
2026-09-18,202609170034497,VND302AB7EC22,3070,23220
2026-09-18,202609170034497,VND302AB7EC22,3071,139536
2026-09-18,202609170034497,VND302AB7EC22,3072,139536
2026-09-18,202609170034498,VND27E59B7639,7852,66000
2026-09-18,202609170034499,VND15086B975C,08-2026-FINAL,45000
2026-09-18,202609170034499,VND15086B975C,09-2026,75000
2026-09-18,202609170034500,VNDD5F62CD881,08-2026-FINAL,25000
2026-09-18,202609170034500,VNDD5F62CD881,09-2026,110000
2026-09-18,202609170034501,VNDF3E580A4CD,09-2026,30000
2026-09-18,202609170034502,VNDEF5DEBF12D,2020686,104000
2026-09-18,202609170034503,VNDA894194769,14,150000
2026-09-18,202609170034504,VND6248B7B40F,00004265,26125
2026-09-18,202609170034504,VND6248B7B40F,00004266,25900
2026-09-18,202609170034504,VND6248B7B40F,00004267,15250
2026-09-18,202609170034504,VND6248B7B40F,00004268,18250
2026-09-18,202609170034504,VND6248B7B40F,00004269,11400
2026-09-18,202609170034504,VND6248B7B40F,00004275,14800
2026-09-18,202609170034504,VND6248B7B40F,00004276,4500
2026-09-18,202609170034504,VND6248B7B40F,00004277,7500
2026-09-18,202609170034504,VND6248B7B40F,00004278,2250
2026-09-18,202609170034505,VND97A91B72B4,7387,90500
2026-09-18,202609170034506,VND141500B884,1036,24600
2026-09-18,202609170034507,VNDB95E6E795B,0016,38700
2026-09-18,202609170034508,VNDDEE4EB233E,2162,160000
2026-09-18,202609170034509,VND06FC4559A6,FC-YRP 2026-03,834900
2026-09-18,202609170034510,VND3330B3E697,1600,151684
2026-09-18,202609170034511,VND0AAB66030D,FCGOVCATER2,94975
2026-09-18,202609170034512,VNDCAA4D66E3C,2HL06645XM518868F,52000
2026-09-18,202609170034512,VNDCAA4D66E3C,2HL06645XM518870F,156000
2026-09-18,202609170034512,VNDCAA4D66E3C,2HL06645XM518893F,156000
2026-09-18,202609170034513,VND9E895E1B65,1,310000
2026-09-18,202609170034514,VND09A4249A09,2605001,250000
2026-09-18,202609170034515,VNDFBBB05C975,SYJTP2026-001,2500000
2026-09-18,202609170034516,VND42C2A6FC60,TWOOTEN-0726-M,1946
2026-09-18,202609170034516,VND42C2A6FC60,TWOOTEN-0726-T,2400
2026-09-18,202609170034517,VND706BE1F43C,CSMITH-0726-M,2562
2026-09-18,202609170034517,VND706BE1F43C,CSMITH-0726-S,2400
2026-09-18,202609170034518,VND22A3D90BBF,24CV002511,1755326
2026-09-18,202609170034519,VND710601DE8A,26-081,150000
2026-09-18,202609170034520,VND5B790FB119,BOE07/26,7500
2026-09-18,202609170034520,VND5B790FB119,KO08/2026,7500
2026-09-18,590454,VNDB461B8DB1D,25 3365 02,262780
2026-09-18,590455,VND3099A5EE5C,RES646,29000
2026-09-18,590459,VNDCA5E7047CB,000025578018,3210124
2026-09-18,590460,VNDCA5E7047CB,000025578030,7492213
2026-09-18,590461,VNDBD47CE2E30,26233COP,259823
2026-09-18,590463,VND677CED2F09,26232CAW,29927
2026-09-18,590464,VND677CED2F09,26231CAW,33355733
2026-09-18,590465,VNDE768C56D70,26228GCWR,5366
2026-09-18,590466,VND4C7B40D4EB,26230SEMC,2068490
2026-09-18,590467,VND3EA0D632AC,09-2026,50000
2026-09-18,590468,VND27F2C32F00,15147769,8483214
2026-09-18,590469,VNDA1C34BB769,0134716119,460084
2026-09-18,590470,VNDA1C34BB769,404M04-2356-0010358-0726,3034753
2026-09-18,590471,VNDC4E9EE789F,I02024/1,1033
2026-09-18,590472,VND643E5DC908,1FRI21443,466500
2026-09-18,590473,VND1FCF0D604A,110151,11220232
2026-09-18,590473,VND1FCF0D604A,110797,11373832
2026-09-18,590473,VND1FCF0D604A,111133,11527432
2026-09-18,590473,VND1FCF0D604A,111353,200000
2026-09-18,590473,VND1FCF0D604A,111549,11373832
2026-09-18,590474,VND2403BD2C59,8220 18 892 0299963 082826,9164
2026-09-18,590474,VND2403BD2C59,8220 18 895 2748291-09032026,26525
2026-09-18,590475,VNDA0AEA136B5,51685,539700
2026-09-18,590476,VND93E0638197,5250300,5530
2026-09-18,590477,VND931520B18B,INV2256988,3624481
2026-09-18,590478,VND1B776EFAF3,FUL26J6UCE,5948
2026-09-18,590478,VND1B776EFAF3,FUL26V4R,198400
2026-09-18,590479,VNDA2418467B0,AK9JY6I,280330
2026-09-18,590480,VND514C75F48E,2-CDBG966B,1732376
2026-09-18,590481,VNDA7D0312354,127152,2245716
2026-09-18,590482,VND8ADD7CDEF4,41569724,292418
2026-09-18,590482,VND8ADD7CDEF4,42444470,371622
2026-09-18,590482,VND8ADD7CDEF4,42567339,264678
2026-09-18,590483,VND21D43A0884,59360,15304
2026-09-18,590484,VNDA699DEC0EF,9058865008,66510
2026-09-18,590485,VND55013646B8,BWRIGHT 7/10/2026-3,106001
2026-09-18,590485,VND55013646B8,BWRIGHT 9/10/2026-4,35585
2026-09-18,590485,VND55013646B8,BWRIGHT 9/15/2026-1,63658
2026-09-18,590485,VND55013646B8,CDOSS 9/10/2026 -1,299050
2026-09-18,590485,VND55013646B8,DKIRKLAND 9/10/2026-5,5200
2026-09-18,590485,VND55013646B8,NWILLIAMS 9/10/2026-1,55500
2026-09-18,590485,VND55013646B8,PPONDER 9/15/2026-2,110632
2026-09-18,590486,VND4D8E936426,196059,210000
2026-09-18,590487,VND8986D4E750,434294,26050
2026-09-18,590487,VND8986D4E750,762010,948
2026-09-18,590487,VND8986D4E750,762102,15092
2026-09-18,590487,VND8986D4E750,762104,660
2026-09-18,590487,VND8986D4E750,762173,26631
2026-09-18,590487,VND8986D4E750,762194,4064
2026-09-18,590487,VND8986D4E750,762211,4064
2026-09-18,590487,VND8986D4E750,762219,7375
2026-09-18,590487,VND8986D4E750,764330,47510
2026-09-18,590487,VND8986D4E750,764332,10350
2026-09-18,590487,VND8986D4E750,764421,12624
2026-09-18,590487,VND8986D4E750,766409,33556
2026-09-18,590487,VND8986D4E750,769191,30408
2026-09-18,590487,VND8986D4E750,770524,15783
2026-09-18,590488,VND0BB39B7D3F,23528,26150
2026-09-18,590488,VND0BB39B7D3F,25039,30900
2026-09-18,590488,VND0BB39B7D3F,25837,40000
2026-09-18,590488,VND0BB39B7D3F,26148,116050
2026-09-18,590489,VNDF7FCCA80EA,000312 GWWTYG,249484
2026-09-18,590490,VNDBC5B151144,JG20024,42250
2026-09-18,590491,VNDF8496F0D65,853911954,105500
2026-09-18,590491,VNDF8496F0D65,854036418,105500
2026-09-18,590492,VND5FEB39301D,KR.26.020,123500
2026-09-18,590493,VND8C4783FDA1,124806557,379420
2026-09-18,590494,VNDA9C81EACBD,INV-768573,3089694
2026-09-18,590495,VND050CB1977A,9064908941,43036
2026-09-18,590496,VNDF25C5179AA,2026-876524,100625
2026-09-18,590497,VND054D08F7FF,40434091,5848225
2026-09-18,590498,VND64DD30DC55,669,75000
2026-09-18,590499,VND1A3B80E81A,13966,20715
2026-09-18,590500,VND8C5F7AEBD6,VNHS26O-07,8063375
2026-09-18,590501,VND618C3D6155,503215,147000
2026-09-18,590501,VND618C3D6155,503225,75000
2026-09-18,590501,VND618C3D6155,503239,66000
2026-09-18,590501,VND618C3D6155,503240,84000
2026-09-18,590502,VNDC693D82E8B,CD2600093409,71224
2026-09-18,590502,VNDC693D82E8B,SVC/266-1521838,25500
2026-09-18,590503,VNDCC0D8FF90F,124582197,97094
2026-09-18,590503,VNDCC0D8FF90F,124756914,1215626
2026-09-18,590504,VND40EAC93F35,SE0006898,55600
2026-09-18,590505,VNDC998126218,3209204036,728786
2026-09-18,590506,VND7A4C00973E,FC083126A,345700
2026-09-18,590506,VND7A4C00973E,FC083126B,552389
2026-09-18,590506,VND7A4C00973E,FC083126C,248454
2026-09-18,590506,VND7A4C00973E,FC083126D,991514
2026-09-18,590507,VNDFB16E9479A,09102026,275000
2026-09-18,590508,VND3E92644E58,1122290,23676
2026-09-18,590508,VND3E92644E58,1564074,455100
2026-09-18,590508,VND3E92644E58,1839977,47700
2026-09-18,590509,VND280BBA0256,4402,20368
2026-09-18,590510,VND546951421B,0471,49000
2026-09-18,590510,VND546951421B,0472,292300
2026-09-18,590511,VND941A96D27D,IN0309981,320000
2026-09-18,590512,VNDEDE449D432,2040737,66000
2026-09-18,590513,VND875243FDF2,0457656,1080557
2026-09-18,590514,VNDA1C34BB769,404 M87-7332 001 0357-0926,1706900
2026-09-18,590515,VNDA1C34BB769,1565179116,1786145
2026-09-18,590516,VNDFE4960A195,6070165724,2176724
2026-09-18,590517,VNDBE94AC1C90,281606,21000
2026-09-18,590517,VNDBE94AC1C90,281607,21000
2026-09-18,590517,VNDBE94AC1C90,281648,21000
2026-09-18,590517,VNDBE94AC1C90,282002,21000
2026-09-18,590517,VNDBE94AC1C90,282003,21000
2026-09-18,590517,VNDBE94AC1C90,282004,21000
2026-09-18,590517,VNDBE94AC1C90,282328,21000
2026-09-18,590518,VNDA69555C5D2,3096622384,100600
2026-09-18,590518,VNDA69555C5D2,3096708804,100600
2026-09-18,590519,VNDA498CC7B96,092026,355874
2026-09-18,590520,VND84D5E6AE2F,66570217,380000
2026-09-18,590521,VND60CC114C5E,114110,107200
2026-09-18,590521,VND60CC114C5E,114279,139025
2026-09-18,590521,VND60CC114C5E,114886,175875
2026-09-18,590521,VND60CC114C5E,116986,183560
2026-09-18,590522,VND4AD8725E50,16018,4406100
2026-09-18,590523,VND3C02DA6D85,IN2368936,85750
2026-09-18,590524,VND7401E8B241,6051726004070,15379884
2026-09-18,590525,VND2110D69069,026186349,251997
2026-09-18,590525,VND2110D69069,026245949,345343
2026-09-18,590526,VNDCB67F85BB2,114869342,1167257
2026-09-18,590527,VNDC38E7A4A12,124741,70200
2026-09-18,590528,VNDA8D8E49FAA,3628406,2115000
2026-09-18,590529,VND6B564386A5,FCDSS2024-091,158714
2026-09-18,590530,VNDBD0566F972,2116,200000
2026-09-18,590531,VND4221332547,26-1445,954500
2026-09-18,590531,VND4221332547,26-1559,1790500
2026-09-18,590531,VND4221332547,26-1562,1047500
2026-09-18,590532,VNDD1BB7A4CBC,0573650,571490
2026-09-18,590533,VNDE467FEB79D,E15225,2930954
2026-09-18,590534,VND0B4D72D032,0001,4800
2026-09-18,590534,VND0B4D72D032,0002,60000
2026-09-18,590534,VND0B4D72D032,0003,60000
2026-09-18,590535,VND5A93F29E9C,GSU-199055 01,4333300
2026-09-18,590536,VNDD1CF3038B8,245479,15000
2026-09-18,590537,VND7E738B64B9,9173035187,126233
2026-09-18,590538,VND3722767A21,ONH-202610,1054463
2026-09-18,590539,VNDA71BDC210A,6076091,143482
2026-09-18,590539,VNDA71BDC210A,6076157,285000
2026-09-18,590540,VNDF845ABBCBF,456814,7211761
2026-09-18,590541,VND85197AF627,INV-5094,56775
2026-09-18,590541,VND85197AF627,INV-5095,49972
2026-09-18,590542,VND239A808E85,18-23RFP052223K-JA,49453301
2026-09-18,590543,VND334E1226CB,1501023-202610-166076-1,148750
2026-09-18,590543,VND334E1226CB,1501023-202610-209702-1,135000
2026-09-18,590543,VND334E1226CB,1501023-202610-63362-1,391250
2026-09-18,590544,VNDA9D3FB3386,FUL072026,47040000
2026-09-18,590545,VNDFBAFFED950,IN1139197,756000
2026-09-18,590545,VNDFBAFFED950,IN1170693,177100
2026-09-18,590545,VNDFBAFFED950,IN933600,756000
2026-09-18,590546,VNDD443A7EE7B,TS-1843,448300
2026-09-18,590546,VNDD443A7EE7B,TS-1844,37800
2026-09-18,590546,VNDD443A7EE7B,TS-1848,249900
2026-09-18,590547,VNDBB8998DC31,YBROWN-0726-M,4004
2026-09-18,590548,VND231BE82DB6,2032,10000
2026-09-18,590548,VND231BE82DB6,2033,10000
2026-09-18,590548,VND231BE82DB6,2034,10000
2026-09-18,590548,VND231BE82DB6,2035,10000
2026-09-18,590548,VND231BE82DB6,2036,10000
2026-09-18,590549,VND44F9F54344,LHUNTER-0726-M,50281
2026-09-18,590549,VND44F9F54344,LHUNTER-0726-S,37400
2026-09-18,590550,VND5A5D227DF0,0000W30E12356,5173
2026-09-18,590550,VND5A5D227DF0,0000W30E12366,10406
2026-09-18,590550,VND5A5D227DF0,0000W7Y058366,2500
