txn_id,ref_id,amount,currency,timestamp,status,payer_id,memo
ch00000,PITCH-CHAI,5.00,INR,2026-08-17T06:00:00Z,captured,c0,Chai
ch00001,PITCH-CHAI,5.00,INR,2026-08-17T07:01:00Z,captured,c1,Chai
ch00002,PITCH-CHAI,5.00,INR,2026-08-17T08:02:00Z,captured,c2,Chai
ch00003,PITCH-CHAI,5.00,INR,2026-08-17T09:03:00Z,captured,c3,Chai
ch00004,PITCH-CHAI,5.00,INR,2026-08-17T10:04:00Z,captured,c4,Chai
ch00005,PITCH-CHAI,5.00,INR,2026-08-17T11:05:00Z,captured,c5,Chai
ch00006,PITCH-CHAI,5.00,INR,2026-08-17T12:06:00Z,captured,c6,Chai
ch00007,PITCH-CHAI,5.00,INR,2026-08-17T13:07:00Z,captured,c7,Chai
ch00008,PITCH-CHAI,5.00,INR,2026-08-17T14:08:00Z,captured,c8,Chai
ch00009,PITCH-CHAI,5.00,INR,2026-08-17T15:09:00Z,captured,c9,Chai
ch00010,PITCH-CHAI,5.00,INR,2026-08-17T16:10:00Z,captured,c10,Chai
ch00011,PITCH-CHAI,5.00,INR,2026-08-17T17:11:00Z,captured,c11,Chai
ch00012,PITCH-CHAI,5.00,INR,2026-08-17T18:12:00Z,captured,c12,Chai
ch00013,PITCH-CHAI,5.00,INR,2026-08-17T19:13:00Z,captured,c13,Chai
ch00014,PITCH-CHAI,5.00,INR,2026-08-17T06:14:00Z,captured,c14,Chai
ch00015,PITCH-CHAI,5.00,INR,2026-08-17T07:15:00Z,captured,c15,Chai
ch00016,PITCH-CHAI,5.00,INR,2026-08-17T08:16:00Z,captured,c16,Chai
ch00017,PITCH-CHAI,5.00,INR,2026-08-17T09:17:00Z,captured,c17,Chai
ch00018,PITCH-CHAI,5.00,INR,2026-08-17T10:18:00Z,captured,c18,Chai
ch00019,PITCH-CHAI,5.00,INR,2026-08-17T11:19:00Z,captured,c19,Chai
ch00020,PITCH-CHAI,5.00,INR,2026-08-17T12:20:00Z,captured,c20,Chai
ch00021,PITCH-CHAI,5.00,INR,2026-08-17T13:21:00Z,captured,c21,Chai
ch00022,PITCH-CHAI,5.00,INR,2026-08-17T14:22:00Z,captured,c22,Chai
ch00023,PITCH-CHAI,5.00,INR,2026-08-17T15:23:00Z,captured,c23,Chai
ch00024,PITCH-CHAI,5.00,INR,2026-08-17T16:24:00Z,captured,c24,Chai
ch00025,PITCH-CHAI,5.00,INR,2026-08-17T17:25:00Z,captured,c25,Chai
ch00026,PITCH-CHAI,5.00,INR,2026-08-17T18:26:00Z,captured,c26,Chai
ch00027,PITCH-CHAI,5.00,INR,2026-08-17T19:27:00Z,captured,c27,Chai
ch00028,PITCH-CHAI,5.00,INR,2026-08-17T06:28:00Z,captured,c28,Chai
ch00029,PITCH-CHAI,5.00,INR,2026-08-17T07:29:00Z,captured,c29,Chai
ch00030,PITCH-CHAI,5.00,INR,2026-08-17T08:30:00Z,captured,c30,Chai
ch00031,PITCH-CHAI,5.00,INR,2026-08-17T09:31:00Z,captured,c31,Chai
ch00032,PITCH-CHAI,5.00,INR,2026-08-17T10:32:00Z,captured,c32,Chai
ch00033,PITCH-CHAI,5.00,INR,2026-08-17T11:33:00Z,captured,c33,Chai
ch00034,PITCH-CHAI,5.00,INR,2026-08-17T12:34:00Z,captured,c34,Chai
ch00035,PITCH-CHAI,5.00,INR,2026-08-17T13:35:00Z,captured,c35,Chai
ch00036,PITCH-CHAI,5.00,INR,2026-08-17T14:36:00Z,captured,c36,Chai
ch00037,PITCH-CHAI,5.00,INR,2026-08-17T15:37:00Z,captured,c37,Chai
ch00038,PITCH-CHAI,5.00,INR,2026-08-17T16:38:00Z,captured,c38,Chai
ch00039,PITCH-CHAI,5.00,INR,2026-08-17T17:39:00Z,captured,c39,Chai
ch00040,PITCH-CHAI,5.00,INR,2026-08-17T18:40:00Z,captured,c40,Chai
ch00041,PITCH-CHAI,5.00,INR,2026-08-17T19:41:00Z,captured,c41,Chai
ch00042,PITCH-CHAI,5.00,INR,2026-08-17T06:42:00Z,captured,c42,Chai
ch00043,PITCH-CHAI,5.00,INR,2026-08-17T07:43:00Z,captured,c43,Chai
ch00044,PITCH-CHAI,5.00,INR,2026-08-17T08:44:00Z,captured,c44,Chai
ch00045,PITCH-CHAI,5.00,INR,2026-08-17T09:45:00Z,captured,c45,Chai
ch00046,PITCH-CHAI,5.00,INR,2026-08-17T10:46:00Z,captured,c46,Chai
ch00047,PITCH-CHAI,5.00,INR,2026-08-17T11:47:00Z,captured,c47,Chai
ch00048,PITCH-CHAI,5.00,INR,2026-08-17T12:48:00Z,captured,c48,Chai
ch00049,PITCH-CHAI,5.00,INR,2026-08-17T13:49:00Z,captured,c49,Chai
ch00050,PITCH-CHAI,5.00,INR,2026-08-17T14:50:00Z,captured,c50,Chai
ch00051,PITCH-CHAI,5.00,INR,2026-08-17T15:51:00Z,captured,c51,Chai
ch00052,PITCH-CHAI,5.00,INR,2026-08-17T16:52:00Z,captured,c52,Chai
ch00053,PITCH-CHAI,5.00,INR,2026-08-17T17:53:00Z,captured,c53,Chai
ch00054,PITCH-CHAI,5.00,INR,2026-08-17T18:54:00Z,captured,c54,Chai
ch00055,PITCH-CHAI,5.00,INR,2026-08-17T19:55:00Z,captured,c55,Chai
ch00056,PITCH-CHAI,5.00,INR,2026-08-17T06:56:00Z,captured,c56,Chai
ch00057,PITCH-CHAI,5.00,INR,2026-08-17T07:57:00Z,captured,c57,Chai
ch00058,PITCH-CHAI,5.00,INR,2026-08-17T08:58:00Z,captured,c58,Chai
ch00059,PITCH-CHAI,5.00,INR,2026-08-17T09:59:00Z,captured,c59,Chai
ch00060,PITCH-CHAI,5.00,INR,2026-08-17T10:00:00Z,captured,c60,Chai
ch00061,PITCH-CHAI,5.00,INR,2026-08-17T11:01:00Z,captured,c61,Chai
ch00062,PITCH-CHAI,5.00,INR,2026-08-17T12:02:00Z,captured,c62,Chai
ch00063,PITCH-CHAI,5.00,INR,2026-08-17T13:03:00Z,captured,c63,Chai
ch00064,PITCH-CHAI,5.00,INR,2026-08-17T14:04:00Z,captured,c64,Chai
ch00065,PITCH-CHAI,5.00,INR,2026-08-17T15:05:00Z,captured,c65,Chai
ch00066,PITCH-CHAI,5.00,INR,2026-08-17T16:06:00Z,captured,c66,Chai
ch00067,PITCH-CHAI,5.00,INR,2026-08-17T17:07:00Z,captured,c67,Chai
ch00068,PITCH-CHAI,5.00,INR,2026-08-17T18:08:00Z,captured,c68,Chai
ch00069,PITCH-CHAI,5.00,INR,2026-08-17T19:09:00Z,captured,c69,Chai
ch00070,PITCH-CHAI,5.00,INR,2026-08-17T06:10:00Z,captured,c70,Chai
ch00071,PITCH-CHAI,5.00,INR,2026-08-17T07:11:00Z,captured,c71,Chai
ch00072,PITCH-CHAI,5.00,INR,2026-08-17T08:12:00Z,captured,c72,Chai
ch00073,PITCH-CHAI,5.00,INR,2026-08-17T09:13:00Z,captured,c73,Chai
ch00074,PITCH-CHAI,5.00,INR,2026-08-17T10:14:00Z,captured,c74,Chai
ch00075,PITCH-CHAI,5.00,INR,2026-08-17T11:15:00Z,captured,c75,Chai
ch00076,PITCH-CHAI,5.00,INR,2026-08-17T12:16:00Z,captured,c76,Chai
ch00077,PITCH-CHAI,5.00,INR,2026-08-17T13:17:00Z,captured,c77,Chai
ch00078,PITCH-CHAI,5.00,INR,2026-08-17T14:18:00Z,captured,c78,Chai
ch00079,PITCH-CHAI,5.00,INR,2026-08-17T15:19:00Z,captured,c79,Chai
ch00080,PITCH-CHAI,5.00,INR,2026-08-17T16:20:00Z,captured,c80,Chai
ch00081,PITCH-CHAI,5.00,INR,2026-08-17T17:21:00Z,captured,c81,Chai
ch00082,PITCH-CHAI,5.00,INR,2026-08-17T18:22:00Z,captured,c82,Chai
ch00083,PITCH-CHAI,5.00,INR,2026-08-17T19:23:00Z,captured,c83,Chai
ch00084,PITCH-CHAI,5.00,INR,2026-08-17T06:24:00Z,captured,c84,Chai
ch00085,PITCH-CHAI,5.00,INR,2026-08-17T07:25:00Z,captured,c85,Chai
ch00086,PITCH-CHAI,5.00,INR,2026-08-17T08:26:00Z,captured,c86,Chai
ch00087,PITCH-CHAI,5.00,INR,2026-08-17T09:27:00Z,captured,c87,Chai
ch00088,PITCH-CHAI,5.00,INR,2026-08-17T10:28:00Z,captured,c88,Chai
ch00089,PITCH-CHAI,5.00,INR,2026-08-17T11:29:00Z,captured,c89,Chai
ch00090,PITCH-CHAI,5.00,INR,2026-08-17T12:30:00Z,captured,c90,Chai
ch00091,PITCH-CHAI,5.00,INR,2026-08-17T13:31:00Z,captured,c91,Chai
ch00092,PITCH-CHAI,5.00,INR,2026-08-17T14:32:00Z,captured,c92,Chai
ch00093,PITCH-CHAI,5.00,INR,2026-08-17T15:33:00Z,captured,c93,Chai
ch00094,PITCH-CHAI,5.00,INR,2026-08-17T16:34:00Z,captured,c94,Chai
ch00095,PITCH-CHAI,5.00,INR,2026-08-17T17:35:00Z,captured,c95,Chai
ch00096,PITCH-CHAI,5.00,INR,2026-08-17T18:36:00Z,captured,c96,Chai
ch00097,PITCH-CHAI,5.00,INR,2026-08-17T19:37:00Z,captured,c97,Chai
ch00098,PITCH-CHAI,5.00,INR,2026-08-17T06:38:00Z,captured,c98,Chai
ch00099,PITCH-CHAI,5.00,INR,2026-08-17T07:39:00Z,captured,c99,Chai
ch00100,PITCH-CHAI,5.00,INR,2026-08-17T08:40:00Z,captured,c100,Chai
ch00101,PITCH-CHAI,5.00,INR,2026-08-17T09:41:00Z,captured,c101,Chai
ch00102,PITCH-CHAI,5.00,INR,2026-08-17T10:42:00Z,captured,c102,Chai
ch00103,PITCH-CHAI,5.00,INR,2026-08-17T11:43:00Z,captured,c103,Chai
ch00104,PITCH-CHAI,5.00,INR,2026-08-17T12:44:00Z,captured,c104,Chai
ch00105,PITCH-CHAI,5.00,INR,2026-08-17T13:45:00Z,captured,c105,Chai
ch00106,PITCH-CHAI,5.00,INR,2026-08-17T14:46:00Z,captured,c106,Chai
ch00107,PITCH-CHAI,5.00,INR,2026-08-17T15:47:00Z,captured,c107,Chai
ch00108,PITCH-CHAI,5.00,INR,2026-08-17T16:48:00Z,captured,c108,Chai
ch00109,PITCH-CHAI,5.00,INR,2026-08-17T17:49:00Z,captured,c109,Chai
ch00110,PITCH-CHAI,5.00,INR,2026-08-17T18:50:00Z,captured,c110,Chai
ch00111,PITCH-CHAI,5.00,INR,2026-08-17T19:51:00Z,captured,c111,Chai
ch00112,PITCH-CHAI,5.00,INR,2026-08-17T06:52:00Z,captured,c112,Chai
ch00113,PITCH-CHAI,5.00,INR,2026-08-17T07:53:00Z,captured,c113,Chai
ch00114,PITCH-CHAI,5.00,INR,2026-08-17T08:54:00Z,captured,c114,Chai
ch00115,PITCH-CHAI,5.00,INR,2026-08-17T09:55:00Z,captured,c115,Chai
ch00116,PITCH-CHAI,5.00,INR,2026-08-17T10:56:00Z,captured,c116,Chai
ch00117,PITCH-CHAI,5.00,INR,2026-08-17T11:57:00Z,captured,c117,Chai
ch00118,PITCH-CHAI,5.00,INR,2026-08-17T12:58:00Z,captured,c118,Chai
ch00119,PITCH-CHAI,5.00,INR,2026-08-17T13:59:00Z,captured,c119,Chai
ch00120,PITCH-CHAI,5.00,INR,2026-08-17T14:00:00Z,captured,c120,Chai
ch00121,PITCH-CHAI,5.00,INR,2026-08-17T15:01:00Z,captured,c121,Chai
ch00122,PITCH-CHAI,5.00,INR,2026-08-17T16:02:00Z,captured,c122,Chai
ch00123,PITCH-CHAI,5.00,INR,2026-08-17T17:03:00Z,captured,c123,Chai
ch00124,PITCH-CHAI,5.00,INR,2026-08-17T18:04:00Z,captured,c124,Chai
ch00125,PITCH-CHAI,5.00,INR,2026-08-17T19:05:00Z,captured,c125,Chai
ch00126,PITCH-CHAI,5.00,INR,2026-08-17T06:06:00Z,captured,c126,Chai
ch00127,PITCH-CHAI,5.00,INR,2026-08-17T07:07:00Z,captured,c127,Chai
ch00128,PITCH-CHAI,5.00,INR,2026-08-17T08:08:00Z,captured,c128,Chai
ch00129,PITCH-CHAI,5.00,INR,2026-08-17T09:09:00Z,captured,c129,Chai
ch00130,PITCH-CHAI,5.00,INR,2026-08-17T10:10:00Z,captured,c130,Chai
ch00131,PITCH-CHAI,5.00,INR,2026-08-17T11:11:00Z,captured,c131,Chai
ch00132,PITCH-CHAI,5.00,INR,2026-08-17T12:12:00Z,captured,c132,Chai
ch00133,PITCH-CHAI,5.00,INR,2026-08-17T13:13:00Z,captured,c133,Chai
ch00134,PITCH-CHAI,5.00,INR,2026-08-17T14:14:00Z,captured,c134,Chai
ch00135,PITCH-CHAI,5.00,INR,2026-08-17T15:15:00Z,captured,c135,Chai
ch00136,PITCH-CHAI,5.00,INR,2026-08-17T16:16:00Z,captured,c136,Chai
ch00137,PITCH-CHAI,5.00,INR,2026-08-17T17:17:00Z,captured,c137,Chai
ch00138,PITCH-CHAI,5.00,INR,2026-08-17T18:18:00Z,captured,c138,Chai
ch00139,PITCH-CHAI,5.00,INR,2026-08-17T19:19:00Z,captured,c139,Chai
ch00140,PITCH-CHAI,5.00,INR,2026-08-17T06:20:00Z,captured,c140,Chai
ch00141,PITCH-CHAI,5.00,INR,2026-08-17T07:21:00Z,captured,c141,Chai
ch00142,PITCH-CHAI,5.00,INR,2026-08-17T08:22:00Z,captured,c142,Chai
ch00143,PITCH-CHAI,5.00,INR,2026-08-17T09:23:00Z,captured,c143,Chai
ch00144,PITCH-CHAI,5.00,INR,2026-08-17T10:24:00Z,captured,c144,Chai
ch00145,PITCH-CHAI,5.00,INR,2026-08-17T11:25:00Z,captured,c145,Chai
ch00146,PITCH-CHAI,5.00,INR,2026-08-17T12:26:00Z,captured,c146,Chai
ch00147,PITCH-CHAI,5.00,INR,2026-08-17T13:27:00Z,captured,c147,Chai
ch00148,PITCH-CHAI,5.00,INR,2026-08-17T14:28:00Z,captured,c148,Chai
ch00149,PITCH-CHAI,5.00,INR,2026-08-17T15:29:00Z,captured,c149,Chai
ch00150,PITCH-CHAI,5.00,INR,2026-08-17T16:30:00Z,captured,c150,Chai
ch00151,PITCH-CHAI,5.00,INR,2026-08-17T17:31:00Z,captured,c151,Chai
ch00152,PITCH-CHAI,5.00,INR,2026-08-17T18:32:00Z,captured,c152,Chai
ch00153,PITCH-CHAI,5.00,INR,2026-08-17T19:33:00Z,captured,c153,Chai
ch00154,PITCH-CHAI,5.00,INR,2026-08-17T06:34:00Z,captured,c154,Chai
ch00155,PITCH-CHAI,5.00,INR,2026-08-17T07:35:00Z,captured,c155,Chai
ch00156,PITCH-CHAI,5.00,INR,2026-08-17T08:36:00Z,captured,c156,Chai
ch00157,PITCH-CHAI,5.00,INR,2026-08-17T09:37:00Z,captured,c157,Chai
ch00158,PITCH-CHAI,5.00,INR,2026-08-17T10:38:00Z,captured,c158,Chai
ch00159,PITCH-CHAI,5.00,INR,2026-08-17T11:39:00Z,captured,c159,Chai
ch00160,PITCH-CHAI,5.00,INR,2026-08-17T12:40:00Z,captured,c160,Chai
ch00161,PITCH-CHAI,5.00,INR,2026-08-17T13:41:00Z,captured,c161,Chai
ch00162,PITCH-CHAI,5.00,INR,2026-08-17T14:42:00Z,captured,c162,Chai
ch00163,PITCH-CHAI,5.00,INR,2026-08-17T15:43:00Z,captured,c163,Chai
ch00164,PITCH-CHAI,5.00,INR,2026-08-17T16:44:00Z,captured,c164,Chai
ch00165,PITCH-CHAI,5.00,INR,2026-08-17T17:45:00Z,captured,c165,Chai
ch00166,PITCH-CHAI,5.00,INR,2026-08-17T18:46:00Z,captured,c166,Chai
ch00167,PITCH-CHAI,5.00,INR,2026-08-17T19:47:00Z,captured,c167,Chai
ch00168,PITCH-CHAI,5.00,INR,2026-08-17T06:48:00Z,captured,c168,Chai
ch00169,PITCH-CHAI,5.00,INR,2026-08-17T07:49:00Z,captured,c169,Chai
ch00170,PITCH-CHAI,5.00,INR,2026-08-17T08:50:00Z,captured,c170,Chai
ch00171,PITCH-CHAI,5.00,INR,2026-08-17T09:51:00Z,captured,c171,Chai
ch00172,PITCH-CHAI,5.00,INR,2026-08-17T10:52:00Z,captured,c172,Chai
ch00173,PITCH-CHAI,5.00,INR,2026-08-17T11:53:00Z,captured,c173,Chai
ch00174,PITCH-CHAI,5.00,INR,2026-08-17T12:54:00Z,captured,c174,Chai
ch00175,PITCH-CHAI,5.00,INR,2026-08-17T13:55:00Z,captured,c175,Chai
ch00176,PITCH-CHAI,5.00,INR,2026-08-17T14:56:00Z,captured,c176,Chai
ch00177,PITCH-CHAI,5.00,INR,2026-08-17T15:57:00Z,captured,c177,Chai
ch00178,PITCH-CHAI,5.00,INR,2026-08-17T16:58:00Z,captured,c178,Chai
ch00179,PITCH-CHAI,5.00,INR,2026-08-17T17:59:00Z,captured,c179,Chai
ch00180,PITCH-CHAI,5.00,INR,2026-08-17T18:00:00Z,captured,c180,Chai
ch00181,PITCH-CHAI,5.00,INR,2026-08-17T19:01:00Z,captured,c181,Chai
ch00182,PITCH-CHAI,5.00,INR,2026-08-17T06:02:00Z,captured,c182,Chai
ch00183,PITCH-CHAI,5.00,INR,2026-08-17T07:03:00Z,captured,c183,Chai
ch00184,PITCH-CHAI,5.00,INR,2026-08-17T08:04:00Z,captured,c184,Chai
ch00185,PITCH-CHAI,5.00,INR,2026-08-17T09:05:00Z,captured,c185,Chai
ch00186,PITCH-CHAI,5.00,INR,2026-08-17T10:06:00Z,captured,c186,Chai
ch00187,PITCH-CHAI,5.00,INR,2026-08-17T11:07:00Z,captured,c187,Chai
ch00188,PITCH-CHAI,5.00,INR,2026-08-17T12:08:00Z,captured,c188,Chai
ch00189,PITCH-CHAI,5.00,INR,2026-08-17T13:09:00Z,captured,c189,Chai
ch00190,PITCH-CHAI,5.00,INR,2026-08-17T14:10:00Z,captured,c190,Chai
ch00191,PITCH-CHAI,5.00,INR,2026-08-17T15:11:00Z,captured,c191,Chai
ch00192,PITCH-CHAI,5.00,INR,2026-08-17T16:12:00Z,captured,c192,Chai
ch00193,PITCH-CHAI,5.00,INR,2026-08-17T17:13:00Z,captured,c193,Chai
ch00194,PITCH-CHAI,5.00,INR,2026-08-17T18:14:00Z,captured,c194,Chai
ch00195,PITCH-CHAI,5.00,INR,2026-08-17T19:15:00Z,captured,c195,Chai
ch00196,PITCH-CHAI,5.00,INR,2026-08-17T06:16:00Z,captured,c196,Chai
ch00197,PITCH-CHAI,5.00,INR,2026-08-17T07:17:00Z,captured,c197,Chai
ch00198,PITCH-CHAI,5.00,INR,2026-08-17T08:18:00Z,captured,c198,Chai
ch00199,PITCH-CHAI,5.00,INR,2026-08-17T09:19:00Z,captured,c199,Chai
ch00200,PITCH-CHAI,5.00,INR,2026-08-17T10:20:00Z,captured,c200,Chai
ch00201,PITCH-CHAI,5.00,INR,2026-08-17T11:21:00Z,captured,c201,Chai
ch00202,PITCH-CHAI,5.00,INR,2026-08-17T12:22:00Z,captured,c202,Chai
ch00203,PITCH-CHAI,5.00,INR,2026-08-17T13:23:00Z,captured,c203,Chai
ch00204,PITCH-CHAI,5.00,INR,2026-08-17T14:24:00Z,captured,c204,Chai
ch00205,PITCH-CHAI,5.00,INR,2026-08-17T15:25:00Z,captured,c205,Chai
ch00206,PITCH-CHAI,5.00,INR,2026-08-17T16:26:00Z,captured,c206,Chai
ch00207,PITCH-CHAI,5.00,INR,2026-08-17T17:27:00Z,captured,c207,Chai
ch00208,PITCH-CHAI,5.00,INR,2026-08-17T18:28:00Z,captured,c208,Chai
ch00209,PITCH-CHAI,5.00,INR,2026-08-17T19:29:00Z,captured,c209,Chai
ch00210,PITCH-CHAI,5.00,INR,2026-08-17T06:30:00Z,captured,c210,Chai
ch00211,PITCH-CHAI,5.00,INR,2026-08-17T07:31:00Z,captured,c211,Chai
ch00212,PITCH-CHAI,5.00,INR,2026-08-17T08:32:00Z,captured,c212,Chai
ch00213,PITCH-CHAI,5.00,INR,2026-08-17T09:33:00Z,captured,c213,Chai
ch00214,PITCH-CHAI,5.00,INR,2026-08-17T10:34:00Z,captured,c214,Chai
ch00215,PITCH-CHAI,5.00,INR,2026-08-17T11:35:00Z,captured,c215,Chai
ch00216,PITCH-CHAI,5.00,INR,2026-08-17T12:36:00Z,captured,c216,Chai
ch00217,PITCH-CHAI,5.00,INR,2026-08-17T13:37:00Z,captured,c217,Chai
ch00218,PITCH-CHAI,5.00,INR,2026-08-17T14:38:00Z,captured,c218,Chai
ch00219,PITCH-CHAI,5.00,INR,2026-08-17T15:39:00Z,captured,c219,Chai
ch00220,PITCH-CHAI,5.00,INR,2026-08-17T16:40:00Z,captured,c220,Chai
ch00221,PITCH-CHAI,5.00,INR,2026-08-17T17:41:00Z,captured,c221,Chai
ch00222,PITCH-CHAI,5.00,INR,2026-08-17T18:42:00Z,captured,c222,Chai
ch00223,PITCH-CHAI,5.00,INR,2026-08-17T19:43:00Z,captured,c223,Chai
ch00224,PITCH-CHAI,5.00,INR,2026-08-17T06:44:00Z,captured,c224,Chai
ch00225,PITCH-CHAI,5.00,INR,2026-08-17T07:45:00Z,captured,c225,Chai
ch00226,PITCH-CHAI,5.00,INR,2026-08-17T08:46:00Z,captured,c226,Chai
ch00227,PITCH-CHAI,5.00,INR,2026-08-17T09:47:00Z,captured,c227,Chai
ch00228,PITCH-CHAI,5.00,INR,2026-08-17T10:48:00Z,captured,c228,Chai
ch00229,PITCH-CHAI,5.00,INR,2026-08-17T11:49:00Z,captured,c229,Chai
ch00230,PITCH-CHAI,5.00,INR,2026-08-17T12:50:00Z,captured,c230,Chai
ch00231,PITCH-CHAI,5.00,INR,2026-08-17T13:51:00Z,captured,c231,Chai
ch00232,PITCH-CHAI,5.00,INR,2026-08-17T14:52:00Z,captured,c232,Chai
ch00233,PITCH-CHAI,5.00,INR,2026-08-17T15:53:00Z,captured,c233,Chai
ch00234,PITCH-CHAI,5.00,INR,2026-08-17T16:54:00Z,captured,c234,Chai
ch00235,PITCH-CHAI,5.00,INR,2026-08-17T17:55:00Z,captured,c235,Chai
ch00236,PITCH-CHAI,5.00,INR,2026-08-17T18:56:00Z,captured,c236,Chai
ch00237,PITCH-CHAI,5.00,INR,2026-08-17T19:57:00Z,captured,c237,Chai
ch00238,PITCH-CHAI,5.00,INR,2026-08-17T06:58:00Z,captured,c238,Chai
ch00239,PITCH-CHAI,5.00,INR,2026-08-17T07:59:00Z,captured,c239,Chai
ch00240,PITCH-CHAI,5.00,INR,2026-08-17T08:00:00Z,captured,c240,Chai
ch00241,PITCH-CHAI,5.00,INR,2026-08-17T09:01:00Z,captured,c241,Chai
ch00242,PITCH-CHAI,5.00,INR,2026-08-17T10:02:00Z,captured,c242,Chai
ch00243,PITCH-CHAI,5.00,INR,2026-08-17T11:03:00Z,captured,c243,Chai
ch00244,PITCH-CHAI,5.00,INR,2026-08-17T12:04:00Z,captured,c244,Chai
ch00245,PITCH-CHAI,5.00,INR,2026-08-17T13:05:00Z,captured,c245,Chai
ch00246,PITCH-CHAI,5.00,INR,2026-08-17T14:06:00Z,captured,c246,Chai
ch00247,PITCH-CHAI,5.00,INR,2026-08-17T15:07:00Z,captured,c247,Chai
ch00248,PITCH-CHAI,5.00,INR,2026-08-17T16:08:00Z,captured,c248,Chai
ch00249,PITCH-CHAI,5.00,INR,2026-08-17T17:09:00Z,captured,c249,Chai
ch00250,PITCH-CHAI,5.00,INR,2026-08-17T18:10:00Z,captured,c250,Chai
ch00251,PITCH-CHAI,5.00,INR,2026-08-17T19:11:00Z,captured,c251,Chai
ch00252,PITCH-CHAI,5.00,INR,2026-08-17T06:12:00Z,captured,c252,Chai
ch00253,PITCH-CHAI,5.00,INR,2026-08-17T07:13:00Z,captured,c253,Chai
ch00254,PITCH-CHAI,5.00,INR,2026-08-17T08:14:00Z,captured,c254,Chai
ch00255,PITCH-CHAI,5.00,INR,2026-08-17T09:15:00Z,captured,c255,Chai
ch00256,PITCH-CHAI,5.00,INR,2026-08-17T10:16:00Z,captured,c256,Chai
ch00257,PITCH-CHAI,5.00,INR,2026-08-17T11:17:00Z,captured,c257,Chai
ch00258,PITCH-CHAI,5.00,INR,2026-08-17T12:18:00Z,captured,c258,Chai
ch00259,PITCH-CHAI,5.00,INR,2026-08-17T13:19:00Z,captured,c259,Chai
ch00260,PITCH-CHAI,5.00,INR,2026-08-17T14:20:00Z,captured,c260,Chai
ch00261,PITCH-CHAI,5.00,INR,2026-08-17T15:21:00Z,captured,c261,Chai
ch00262,PITCH-CHAI,5.00,INR,2026-08-17T16:22:00Z,captured,c262,Chai
ch00263,PITCH-CHAI,5.00,INR,2026-08-17T17:23:00Z,captured,c263,Chai
ch00264,PITCH-CHAI,5.00,INR,2026-08-17T18:24:00Z,captured,c264,Chai
ch00265,PITCH-CHAI,5.00,INR,2026-08-17T19:25:00Z,captured,c265,Chai
ch00266,PITCH-CHAI,5.00,INR,2026-08-17T06:26:00Z,captured,c266,Chai
ch00267,PITCH-CHAI,5.00,INR,2026-08-17T07:27:00Z,captured,c267,Chai
ch00268,PITCH-CHAI,5.00,INR,2026-08-17T08:28:00Z,captured,c268,Chai
ch00269,PITCH-CHAI,5.00,INR,2026-08-17T09:29:00Z,captured,c269,Chai
ch00270,PITCH-CHAI,5.00,INR,2026-08-17T10:30:00Z,captured,c270,Chai
ch00271,PITCH-CHAI,5.00,INR,2026-08-17T11:31:00Z,captured,c271,Chai
ch00272,PITCH-CHAI,5.00,INR,2026-08-17T12:32:00Z,captured,c272,Chai
ch00273,PITCH-CHAI,5.00,INR,2026-08-17T13:33:00Z,captured,c273,Chai
ch00274,PITCH-CHAI,5.00,INR,2026-08-17T14:34:00Z,captured,c274,Chai
ch00275,PITCH-CHAI,5.00,INR,2026-08-17T15:35:00Z,captured,c275,Chai
ch00276,PITCH-CHAI,5.00,INR,2026-08-17T16:36:00Z,captured,c276,Chai
ch00277,PITCH-CHAI,5.00,INR,2026-08-17T17:37:00Z,captured,c277,Chai
ch00278,PITCH-CHAI,5.00,INR,2026-08-17T18:38:00Z,captured,c278,Chai
ch00279,PITCH-CHAI,5.00,INR,2026-08-17T19:39:00Z,captured,c279,Chai
ch00280,PITCH-CHAI,5.00,INR,2026-08-17T06:40:00Z,captured,c280,Chai
ch00281,PITCH-CHAI,5.00,INR,2026-08-17T07:41:00Z,captured,c281,Chai
ch00282,PITCH-CHAI,5.00,INR,2026-08-17T08:42:00Z,captured,c282,Chai
ch00283,PITCH-CHAI,5.00,INR,2026-08-17T09:43:00Z,captured,c283,Chai
ch00284,PITCH-CHAI,5.00,INR,2026-08-17T10:44:00Z,captured,c284,Chai
ch00285,PITCH-CHAI,5.00,INR,2026-08-17T11:45:00Z,captured,c285,Chai
ch00286,PITCH-CHAI,5.00,INR,2026-08-17T12:46:00Z,captured,c286,Chai
ch00287,PITCH-CHAI,5.00,INR,2026-08-17T13:47:00Z,captured,c287,Chai
ch00288,PITCH-CHAI,5.00,INR,2026-08-17T14:48:00Z,captured,c288,Chai
ch00289,PITCH-CHAI,5.00,INR,2026-08-17T15:49:00Z,captured,c289,Chai
ch00290,PITCH-CHAI,5.00,INR,2026-08-17T16:50:00Z,captured,c290,Chai
ch00291,PITCH-CHAI,5.00,INR,2026-08-17T17:51:00Z,captured,c291,Chai
ch00292,PITCH-CHAI,5.00,INR,2026-08-17T18:52:00Z,captured,c292,Chai
ch00293,PITCH-CHAI,5.00,INR,2026-08-17T19:53:00Z,captured,c293,Chai
ch00294,PITCH-CHAI,5.00,INR,2026-08-17T06:54:00Z,captured,c294,Chai
ch00295,PITCH-CHAI,5.00,INR,2026-08-17T07:55:00Z,captured,c295,Chai
ch00296,PITCH-CHAI,5.00,INR,2026-08-17T08:56:00Z,captured,c296,Chai
ch00297,PITCH-CHAI,5.00,INR,2026-08-17T09:57:00Z,captured,c297,Chai
ch00298,PITCH-CHAI,5.00,INR,2026-08-17T10:58:00Z,captured,c298,Chai
ch00299,PITCH-CHAI,5.00,INR,2026-08-17T11:59:00Z,captured,c299,Chai
ch00300,PITCH-CHAI,5.00,INR,2026-08-17T12:00:00Z,captured,c300,Chai
ch00301,PITCH-CHAI,5.00,INR,2026-08-17T13:01:00Z,captured,c301,Chai
ch00302,PITCH-CHAI,5.00,INR,2026-08-17T14:02:00Z,captured,c302,Chai
ch00303,PITCH-CHAI,5.00,INR,2026-08-17T15:03:00Z,captured,c303,Chai
ch00304,PITCH-CHAI,5.00,INR,2026-08-17T16:04:00Z,captured,c304,Chai
ch00305,PITCH-CHAI,5.00,INR,2026-08-17T17:05:00Z,captured,c305,Chai
ch00306,PITCH-CHAI,5.00,INR,2026-08-17T18:06:00Z,captured,c306,Chai
ch00307,PITCH-CHAI,5.00,INR,2026-08-17T19:07:00Z,captured,c307,Chai
ch00308,PITCH-CHAI,5.00,INR,2026-08-17T06:08:00Z,captured,c308,Chai
ch00309,PITCH-CHAI,5.00,INR,2026-08-17T07:09:00Z,captured,c309,Chai
ch00310,PITCH-CHAI,5.00,INR,2026-08-17T08:10:00Z,captured,c310,Chai
ch00311,PITCH-CHAI,5.00,INR,2026-08-17T09:11:00Z,captured,c311,Chai
ch00312,PITCH-CHAI,5.00,INR,2026-08-17T10:12:00Z,captured,c312,Chai
ch00313,PITCH-CHAI,5.00,INR,2026-08-17T11:13:00Z,captured,c313,Chai
ch00314,PITCH-CHAI,5.00,INR,2026-08-17T12:14:00Z,captured,c314,Chai
ch00315,PITCH-CHAI,5.00,INR,2026-08-17T13:15:00Z,captured,c315,Chai
ch00316,PITCH-CHAI,5.00,INR,2026-08-17T14:16:00Z,captured,c316,Chai
ch00317,PITCH-CHAI,5.00,INR,2026-08-17T15:17:00Z,captured,c317,Chai
ch00318,PITCH-CHAI,5.00,INR,2026-08-17T16:18:00Z,captured,c318,Chai
ch00319,PITCH-CHAI,5.00,INR,2026-08-17T17:19:00Z,captured,c319,Chai
ch00320,PITCH-CHAI,5.00,INR,2026-08-17T18:20:00Z,captured,c320,Chai
ch00321,PITCH-CHAI,5.00,INR,2026-08-17T19:21:00Z,captured,c321,Chai
ch00322,PITCH-CHAI,5.00,INR,2026-08-17T06:22:00Z,captured,c322,Chai
ch00323,PITCH-CHAI,5.00,INR,2026-08-17T07:23:00Z,captured,c323,Chai
ch00324,PITCH-CHAI,5.00,INR,2026-08-17T08:24:00Z,captured,c324,Chai
ch00325,PITCH-CHAI,5.00,INR,2026-08-17T09:25:00Z,captured,c325,Chai
ch00326,PITCH-CHAI,5.00,INR,2026-08-17T10:26:00Z,captured,c326,Chai
ch00327,PITCH-CHAI,5.00,INR,2026-08-17T11:27:00Z,captured,c327,Chai
ch00328,PITCH-CHAI,5.00,INR,2026-08-17T12:28:00Z,captured,c328,Chai
ch00329,PITCH-CHAI,5.00,INR,2026-08-17T13:29:00Z,captured,c329,Chai
ch00330,PITCH-CHAI,5.00,INR,2026-08-17T14:30:00Z,captured,c330,Chai
ch00331,PITCH-CHAI,5.00,INR,2026-08-17T15:31:00Z,captured,c331,Chai
ch00332,PITCH-CHAI,5.00,INR,2026-08-17T16:32:00Z,captured,c332,Chai
ch00333,PITCH-CHAI,5.00,INR,2026-08-17T17:33:00Z,captured,c333,Chai
ch00334,PITCH-CHAI,5.00,INR,2026-08-17T18:34:00Z,captured,c334,Chai
ch00335,PITCH-CHAI,5.00,INR,2026-08-17T19:35:00Z,captured,c335,Chai
ch00336,PITCH-CHAI,5.00,INR,2026-08-17T06:36:00Z,captured,c336,Chai
ch00337,PITCH-CHAI,5.00,INR,2026-08-17T07:37:00Z,captured,c337,Chai
ch00338,PITCH-CHAI,5.00,INR,2026-08-17T08:38:00Z,captured,c338,Chai
ch00339,PITCH-CHAI,5.00,INR,2026-08-17T09:39:00Z,captured,c339,Chai
ch00340,PITCH-CHAI,5.00,INR,2026-08-17T10:40:00Z,captured,c340,Chai
ch00341,PITCH-CHAI,5.00,INR,2026-08-17T11:41:00Z,captured,c341,Chai
ch00342,PITCH-CHAI,5.00,INR,2026-08-17T12:42:00Z,captured,c342,Chai
ch00343,PITCH-CHAI,5.00,INR,2026-08-17T13:43:00Z,captured,c343,Chai
ch00344,PITCH-CHAI,5.00,INR,2026-08-17T14:44:00Z,captured,c344,Chai
ch00345,PITCH-CHAI,5.00,INR,2026-08-17T15:45:00Z,captured,c345,Chai
ch00346,PITCH-CHAI,5.00,INR,2026-08-17T16:46:00Z,captured,c346,Chai
ch00347,PITCH-CHAI,5.00,INR,2026-08-17T17:47:00Z,captured,c347,Chai
ch00348,PITCH-CHAI,5.00,INR,2026-08-17T18:48:00Z,captured,c348,Chai
ch00349,PITCH-CHAI,5.00,INR,2026-08-17T19:49:00Z,captured,c349,Chai
ch00350,PITCH-CHAI,5.00,INR,2026-08-17T06:50:00Z,captured,c350,Chai
ch00351,PITCH-CHAI,5.00,INR,2026-08-17T07:51:00Z,captured,c351,Chai
ch00352,PITCH-CHAI,5.00,INR,2026-08-17T08:52:00Z,captured,c352,Chai
ch00353,PITCH-CHAI,5.00,INR,2026-08-17T09:53:00Z,captured,c353,Chai
ch00354,PITCH-CHAI,5.00,INR,2026-08-17T10:54:00Z,captured,c354,Chai
ch00355,PITCH-CHAI,5.00,INR,2026-08-17T11:55:00Z,captured,c355,Chai
ch00356,PITCH-CHAI,5.00,INR,2026-08-17T12:56:00Z,captured,c356,Chai
ch00357,PITCH-CHAI,5.00,INR,2026-08-17T13:57:00Z,captured,c357,Chai
ch00358,PITCH-CHAI,5.00,INR,2026-08-17T14:58:00Z,captured,c358,Chai
ch00359,PITCH-CHAI,5.00,INR,2026-08-17T15:59:00Z,captured,c359,Chai
ch00360,PITCH-CHAI,5.00,INR,2026-08-17T16:00:00Z,captured,c360,Chai
ch00361,PITCH-CHAI,5.00,INR,2026-08-17T17:01:00Z,captured,c361,Chai
ch00362,PITCH-CHAI,5.00,INR,2026-08-17T18:02:00Z,captured,c362,Chai
ch00363,PITCH-CHAI,5.00,INR,2026-08-17T19:03:00Z,captured,c363,Chai
ch00364,PITCH-CHAI,5.00,INR,2026-08-17T06:04:00Z,captured,c364,Chai
ch00365,PITCH-CHAI,5.00,INR,2026-08-17T07:05:00Z,captured,c365,Chai
ch00366,PITCH-CHAI,5.00,INR,2026-08-17T08:06:00Z,captured,c366,Chai
ch00367,PITCH-CHAI,5.00,INR,2026-08-17T09:07:00Z,captured,c367,Chai
ch00368,PITCH-CHAI,5.00,INR,2026-08-17T10:08:00Z,captured,c368,Chai
ch00369,PITCH-CHAI,5.00,INR,2026-08-17T11:09:00Z,captured,c369,Chai
ch00370,PITCH-CHAI,5.00,INR,2026-08-17T12:10:00Z,captured,c370,Chai
ch00371,PITCH-CHAI,5.00,INR,2026-08-17T13:11:00Z,captured,c371,Chai
ch00372,PITCH-CHAI,5.00,INR,2026-08-17T14:12:00Z,captured,c372,Chai
ch00373,PITCH-CHAI,5.00,INR,2026-08-17T15:13:00Z,captured,c373,Chai
ch00374,PITCH-CHAI,5.00,INR,2026-08-17T16:14:00Z,captured,c374,Chai
ch00375,PITCH-CHAI,5.00,INR,2026-08-17T17:15:00Z,captured,c375,Chai
ch00376,PITCH-CHAI,5.00,INR,2026-08-17T18:16:00Z,captured,c376,Chai
ch00377,PITCH-CHAI,5.00,INR,2026-08-17T19:17:00Z,captured,c377,Chai
ch00378,PITCH-CHAI,5.00,INR,2026-08-17T06:18:00Z,captured,c378,Chai
ch00379,PITCH-CHAI,5.00,INR,2026-08-17T07:19:00Z,captured,c379,Chai
ch00380,PITCH-CHAI,5.00,INR,2026-08-17T08:20:00Z,captured,c380,Chai
ch00381,PITCH-CHAI,5.00,INR,2026-08-17T09:21:00Z,captured,c381,Chai
ch00382,PITCH-CHAI,5.00,INR,2026-08-17T10:22:00Z,captured,c382,Chai
ch00383,PITCH-CHAI,5.00,INR,2026-08-17T11:23:00Z,captured,c383,Chai
ch00384,PITCH-CHAI,5.00,INR,2026-08-17T12:24:00Z,captured,c384,Chai
ch00385,PITCH-CHAI,5.00,INR,2026-08-17T13:25:00Z,captured,c385,Chai
ch00386,PITCH-CHAI,5.00,INR,2026-08-17T14:26:00Z,captured,c386,Chai
ch00387,PITCH-CHAI,5.00,INR,2026-08-17T15:27:00Z,captured,c387,Chai
ch00388,PITCH-CHAI,5.00,INR,2026-08-17T16:28:00Z,captured,c388,Chai
ch00389,PITCH-CHAI,5.00,INR,2026-08-17T17:29:00Z,captured,c389,Chai
ch00390,PITCH-CHAI,5.00,INR,2026-08-17T18:30:00Z,captured,c390,Chai
ch00391,PITCH-CHAI,5.00,INR,2026-08-17T19:31:00Z,captured,c391,Chai
ch00392,PITCH-CHAI,5.00,INR,2026-08-17T06:32:00Z,captured,c392,Chai
ch00393,PITCH-CHAI,5.00,INR,2026-08-17T07:33:00Z,captured,c393,Chai
ch00394,PITCH-CHAI,5.00,INR,2026-08-17T08:34:00Z,captured,c394,Chai
ch00395,PITCH-CHAI,5.00,INR,2026-08-17T09:35:00Z,captured,c395,Chai
ch00396,PITCH-CHAI,5.00,INR,2026-08-17T10:36:00Z,captured,c396,Chai
ch00397,PITCH-CHAI,5.00,INR,2026-08-17T11:37:00Z,captured,c397,Chai
ch00398,PITCH-CHAI,5.00,INR,2026-08-17T12:38:00Z,captured,c398,Chai
ch00399,PITCH-CHAI,5.00,INR,2026-08-17T13:39:00Z,captured,c399,Chai
ch00400,PITCH-CHAI,5.00,INR,2026-08-17T14:40:00Z,captured,c0,Chai
ch00401,PITCH-CHAI,5.00,INR,2026-08-17T15:41:00Z,captured,c1,Chai
ch00402,PITCH-CHAI,5.00,INR,2026-08-17T16:42:00Z,captured,c2,Chai
ch00403,PITCH-CHAI,5.00,INR,2026-08-17T17:43:00Z,captured,c3,Chai
ch00404,PITCH-CHAI,5.00,INR,2026-08-17T18:44:00Z,captured,c4,Chai
ch00405,PITCH-CHAI,5.00,INR,2026-08-17T19:45:00Z,captured,c5,Chai
ch00406,PITCH-CHAI,5.00,INR,2026-08-17T06:46:00Z,captured,c6,Chai
ch00407,PITCH-CHAI,5.00,INR,2026-08-17T07:47:00Z,captured,c7,Chai
ch00408,PITCH-CHAI,5.00,INR,2026-08-17T08:48:00Z,captured,c8,Chai
ch00409,PITCH-CHAI,5.00,INR,2026-08-17T09:49:00Z,captured,c9,Chai
ch00410,PITCH-CHAI,5.00,INR,2026-08-17T10:50:00Z,captured,c10,Chai
ch00411,PITCH-CHAI,5.00,INR,2026-08-17T11:51:00Z,captured,c11,Chai
ch00412,PITCH-CHAI,5.00,INR,2026-08-17T12:52:00Z,captured,c12,Chai
ch00413,PITCH-CHAI,5.00,INR,2026-08-17T13:53:00Z,captured,c13,Chai
ch00414,PITCH-CHAI,5.00,INR,2026-08-17T14:54:00Z,captured,c14,Chai
ch00415,PITCH-CHAI,5.00,INR,2026-08-17T15:55:00Z,captured,c15,Chai
ch00416,PITCH-CHAI,5.00,INR,2026-08-17T16:56:00Z,captured,c16,Chai
ch00417,PITCH-CHAI,5.00,INR,2026-08-17T17:57:00Z,captured,c17,Chai
ch00418,PITCH-CHAI,5.00,INR,2026-08-17T18:58:00Z,captured,c18,Chai
ch00419,PITCH-CHAI,5.00,INR,2026-08-17T19:59:00Z,captured,c19,Chai
ch00420,PITCH-CHAI,5.00,INR,2026-08-17T06:00:00Z,captured,c20,Chai
ch00421,PITCH-CHAI,5.00,INR,2026-08-17T07:01:00Z,captured,c21,Chai
ch00422,PITCH-CHAI,5.00,INR,2026-08-17T08:02:00Z,captured,c22,Chai
ch00423,PITCH-CHAI,5.00,INR,2026-08-17T09:03:00Z,captured,c23,Chai
ch00424,PITCH-CHAI,5.00,INR,2026-08-17T10:04:00Z,captured,c24,Chai
ch00425,PITCH-CHAI,5.00,INR,2026-08-17T11:05:00Z,captured,c25,Chai
ch00426,PITCH-CHAI,5.00,INR,2026-08-17T12:06:00Z,captured,c26,Chai
ch00427,PITCH-CHAI,5.00,INR,2026-08-17T13:07:00Z,captured,c27,Chai
ch00428,PITCH-CHAI,5.00,INR,2026-08-17T14:08:00Z,captured,c28,Chai
ch00429,PITCH-CHAI,5.00,INR,2026-08-17T15:09:00Z,captured,c29,Chai
ch00430,PITCH-CHAI,5.00,INR,2026-08-17T16:10:00Z,captured,c30,Chai
ch00431,PITCH-CHAI,5.00,INR,2026-08-17T17:11:00Z,captured,c31,Chai
ch00432,PITCH-CHAI,5.00,INR,2026-08-17T18:12:00Z,captured,c32,Chai
ch00433,PITCH-CHAI,5.00,INR,2026-08-17T19:13:00Z,captured,c33,Chai
ch00434,PITCH-CHAI,5.00,INR,2026-08-17T06:14:00Z,captured,c34,Chai
ch00435,PITCH-CHAI,5.00,INR,2026-08-17T07:15:00Z,captured,c35,Chai
ch00436,PITCH-CHAI,5.00,INR,2026-08-17T08:16:00Z,captured,c36,Chai
ch00437,PITCH-CHAI,5.00,INR,2026-08-17T09:17:00Z,captured,c37,Chai
ch00438,PITCH-CHAI,5.00,INR,2026-08-17T10:18:00Z,captured,c38,Chai
ch00439,PITCH-CHAI,5.00,INR,2026-08-17T11:19:00Z,captured,c39,Chai
ch00440,PITCH-CHAI,5.00,INR,2026-08-17T12:20:00Z,captured,c40,Chai
ch00441,PITCH-CHAI,5.00,INR,2026-08-17T13:21:00Z,captured,c41,Chai
ch00442,PITCH-CHAI,5.00,INR,2026-08-17T14:22:00Z,captured,c42,Chai
ch00443,PITCH-CHAI,5.00,INR,2026-08-17T15:23:00Z,captured,c43,Chai
ch00444,PITCH-CHAI,5.00,INR,2026-08-17T16:24:00Z,captured,c44,Chai
ch00445,PITCH-CHAI,5.00,INR,2026-08-17T17:25:00Z,captured,c45,Chai
ch00446,PITCH-CHAI,5.00,INR,2026-08-17T18:26:00Z,captured,c46,Chai
ch00447,PITCH-CHAI,5.00,INR,2026-08-17T19:27:00Z,captured,c47,Chai
ch00448,PITCH-CHAI,5.00,INR,2026-08-17T06:28:00Z,captured,c48,Chai
ch00449,PITCH-CHAI,5.00,INR,2026-08-17T07:29:00Z,captured,c49,Chai
ch00450,PITCH-CHAI,5.00,INR,2026-08-17T08:30:00Z,captured,c50,Chai
ch00451,PITCH-CHAI,5.00,INR,2026-08-17T09:31:00Z,captured,c51,Chai
ch00452,PITCH-CHAI,5.00,INR,2026-08-17T10:32:00Z,captured,c52,Chai
ch00453,PITCH-CHAI,5.00,INR,2026-08-17T11:33:00Z,captured,c53,Chai
ch00454,PITCH-CHAI,5.00,INR,2026-08-17T12:34:00Z,captured,c54,Chai
ch00455,PITCH-CHAI,5.00,INR,2026-08-17T13:35:00Z,captured,c55,Chai
ch00456,PITCH-CHAI,5.00,INR,2026-08-17T14:36:00Z,captured,c56,Chai
ch00457,PITCH-CHAI,5.00,INR,2026-08-17T15:37:00Z,captured,c57,Chai
ch00458,PITCH-CHAI,5.00,INR,2026-08-17T16:38:00Z,captured,c58,Chai
ch00459,PITCH-CHAI,5.00,INR,2026-08-17T17:39:00Z,captured,c59,Chai
ch00460,PITCH-CHAI,5.00,INR,2026-08-17T18:40:00Z,captured,c60,Chai
ch00461,PITCH-CHAI,5.00,INR,2026-08-17T19:41:00Z,captured,c61,Chai
ch00462,PITCH-CHAI,5.00,INR,2026-08-17T06:42:00Z,captured,c62,Chai
ch00463,PITCH-CHAI,5.00,INR,2026-08-17T07:43:00Z,captured,c63,Chai
ch00464,PITCH-CHAI,5.00,INR,2026-08-17T08:44:00Z,captured,c64,Chai
ch00465,PITCH-CHAI,5.00,INR,2026-08-17T09:45:00Z,captured,c65,Chai
ch00466,PITCH-CHAI,5.00,INR,2026-08-17T10:46:00Z,captured,c66,Chai
ch00467,PITCH-CHAI,5.00,INR,2026-08-17T11:47:00Z,captured,c67,Chai
ch00468,PITCH-CHAI,5.00,INR,2026-08-17T12:48:00Z,captured,c68,Chai
ch00469,PITCH-CHAI,5.00,INR,2026-08-17T13:49:00Z,captured,c69,Chai
ch00470,PITCH-CHAI,5.00,INR,2026-08-17T14:50:00Z,captured,c70,Chai
ch00471,PITCH-CHAI,5.00,INR,2026-08-17T15:51:00Z,captured,c71,Chai
ch00472,PITCH-CHAI,5.00,INR,2026-08-17T16:52:00Z,captured,c72,Chai
ch00473,PITCH-CHAI,5.00,INR,2026-08-17T17:53:00Z,captured,c73,Chai
ch00474,PITCH-CHAI,5.00,INR,2026-08-17T18:54:00Z,captured,c74,Chai
ch00475,PITCH-CHAI,5.00,INR,2026-08-17T19:55:00Z,captured,c75,Chai
ch00476,PITCH-CHAI,5.00,INR,2026-08-17T06:56:00Z,captured,c76,Chai
ch00477,PITCH-CHAI,5.00,INR,2026-08-17T07:57:00Z,captured,c77,Chai
ch00478,PITCH-CHAI,5.00,INR,2026-08-17T08:58:00Z,captured,c78,Chai
ch00479,PITCH-CHAI,5.00,INR,2026-08-17T09:59:00Z,captured,c79,Chai
ch00480,PITCH-CHAI,5.00,INR,2026-08-17T10:00:00Z,captured,c80,Chai
ch00481,PITCH-CHAI,5.00,INR,2026-08-17T11:01:00Z,captured,c81,Chai
ch00482,PITCH-CHAI,5.00,INR,2026-08-17T12:02:00Z,captured,c82,Chai
ch00483,PITCH-CHAI,5.00,INR,2026-08-17T13:03:00Z,captured,c83,Chai
ch00484,PITCH-CHAI,5.00,INR,2026-08-17T14:04:00Z,captured,c84,Chai
ch00485,PITCH-CHAI,5.00,INR,2026-08-17T15:05:00Z,captured,c85,Chai
ch00486,PITCH-CHAI,5.00,INR,2026-08-17T16:06:00Z,captured,c86,Chai
ch00487,PITCH-CHAI,5.00,INR,2026-08-17T17:07:00Z,captured,c87,Chai
ch00488,PITCH-CHAI,5.00,INR,2026-08-17T18:08:00Z,captured,c88,Chai
ch00489,PITCH-CHAI,5.00,INR,2026-08-17T19:09:00Z,captured,c89,Chai
ch00490,PITCH-CHAI,5.00,INR,2026-08-17T06:10:00Z,captured,c90,Chai
ch00491,PITCH-CHAI,5.00,INR,2026-08-17T07:11:00Z,captured,c91,Chai
ch00492,PITCH-CHAI,5.00,INR,2026-08-17T08:12:00Z,captured,c92,Chai
ch00493,PITCH-CHAI,5.00,INR,2026-08-17T09:13:00Z,captured,c93,Chai
ch00494,PITCH-CHAI,5.00,INR,2026-08-17T10:14:00Z,captured,c94,Chai
ch00495,PITCH-CHAI,5.00,INR,2026-08-17T11:15:00Z,captured,c95,Chai
ch00496,PITCH-CHAI,5.00,INR,2026-08-17T12:16:00Z,captured,c96,Chai
ch00497,PITCH-CHAI,5.00,INR,2026-08-17T13:17:00Z,captured,c97,Chai
ch00498,PITCH-CHAI,5.00,INR,2026-08-17T14:18:00Z,captured,c98,Chai
ch00499,PITCH-CHAI,5.00,INR,2026-08-17T15:19:00Z,captured,c99,Chai
ch00500,PITCH-CHAI,5.00,INR,2026-08-17T16:20:00Z,captured,c100,Chai
ch00501,PITCH-CHAI,5.00,INR,2026-08-17T17:21:00Z,captured,c101,Chai
ch00502,PITCH-CHAI,5.00,INR,2026-08-17T18:22:00Z,captured,c102,Chai
ch00503,PITCH-CHAI,5.00,INR,2026-08-17T19:23:00Z,captured,c103,Chai
ch00504,PITCH-CHAI,5.00,INR,2026-08-17T06:24:00Z,captured,c104,Chai
ch00505,PITCH-CHAI,5.00,INR,2026-08-17T07:25:00Z,captured,c105,Chai
ch00506,PITCH-CHAI,5.00,INR,2026-08-17T08:26:00Z,captured,c106,Chai
ch00507,PITCH-CHAI,5.00,INR,2026-08-17T09:27:00Z,captured,c107,Chai
ch00508,PITCH-CHAI,5.00,INR,2026-08-17T10:28:00Z,captured,c108,Chai
ch00509,PITCH-CHAI,5.00,INR,2026-08-17T11:29:00Z,captured,c109,Chai
ch00510,PITCH-CHAI,5.00,INR,2026-08-17T12:30:00Z,captured,c110,Chai
ch00511,PITCH-CHAI,5.00,INR,2026-08-17T13:31:00Z,captured,c111,Chai
ch00512,PITCH-CHAI,5.00,INR,2026-08-17T14:32:00Z,captured,c112,Chai
ch00513,PITCH-CHAI,5.00,INR,2026-08-17T15:33:00Z,captured,c113,Chai
ch00514,PITCH-CHAI,5.00,INR,2026-08-17T16:34:00Z,captured,c114,Chai
ch00515,PITCH-CHAI,5.00,INR,2026-08-17T17:35:00Z,captured,c115,Chai
ch00516,PITCH-CHAI,5.00,INR,2026-08-17T18:36:00Z,captured,c116,Chai
ch00517,PITCH-CHAI,5.00,INR,2026-08-17T19:37:00Z,captured,c117,Chai
ch00518,PITCH-CHAI,5.00,INR,2026-08-17T06:38:00Z,captured,c118,Chai
ch00519,PITCH-CHAI,5.00,INR,2026-08-17T07:39:00Z,captured,c119,Chai
ch00520,PITCH-CHAI,5.00,INR,2026-08-17T08:40:00Z,captured,c120,Chai
ch00521,PITCH-CHAI,5.00,INR,2026-08-17T09:41:00Z,captured,c121,Chai
ch00522,PITCH-CHAI,5.00,INR,2026-08-17T10:42:00Z,captured,c122,Chai
ch00523,PITCH-CHAI,5.00,INR,2026-08-17T11:43:00Z,captured,c123,Chai
ch00524,PITCH-CHAI,5.00,INR,2026-08-17T12:44:00Z,captured,c124,Chai
ch00525,PITCH-CHAI,5.00,INR,2026-08-17T13:45:00Z,captured,c125,Chai
ch00526,PITCH-CHAI,5.00,INR,2026-08-17T14:46:00Z,captured,c126,Chai
ch00527,PITCH-CHAI,5.00,INR,2026-08-17T15:47:00Z,captured,c127,Chai
ch00528,PITCH-CHAI,5.00,INR,2026-08-17T16:48:00Z,captured,c128,Chai
ch00529,PITCH-CHAI,5.00,INR,2026-08-17T17:49:00Z,captured,c129,Chai
ch00530,PITCH-CHAI,5.00,INR,2026-08-17T18:50:00Z,captured,c130,Chai
ch00531,PITCH-CHAI,5.00,INR,2026-08-17T19:51:00Z,captured,c131,Chai
ch00532,PITCH-CHAI,5.00,INR,2026-08-17T06:52:00Z,captured,c132,Chai
ch00533,PITCH-CHAI,5.00,INR,2026-08-17T07:53:00Z,captured,c133,Chai
ch00534,PITCH-CHAI,5.00,INR,2026-08-17T08:54:00Z,captured,c134,Chai
ch00535,PITCH-CHAI,5.00,INR,2026-08-17T09:55:00Z,captured,c135,Chai
ch00536,PITCH-CHAI,5.00,INR,2026-08-17T10:56:00Z,captured,c136,Chai
ch00537,PITCH-CHAI,5.00,INR,2026-08-17T11:57:00Z,captured,c137,Chai
ch00538,PITCH-CHAI,5.00,INR,2026-08-17T12:58:00Z,captured,c138,Chai
ch00539,PITCH-CHAI,5.00,INR,2026-08-17T13:59:00Z,captured,c139,Chai
ch00540,PITCH-CHAI,5.00,INR,2026-08-17T14:00:00Z,captured,c140,Chai
ch00541,PITCH-CHAI,5.00,INR,2026-08-17T15:01:00Z,captured,c141,Chai
ch00542,PITCH-CHAI,5.00,INR,2026-08-17T16:02:00Z,captured,c142,Chai
ch00543,PITCH-CHAI,5.00,INR,2026-08-17T17:03:00Z,captured,c143,Chai
ch00544,PITCH-CHAI,5.00,INR,2026-08-17T18:04:00Z,captured,c144,Chai
ch00545,PITCH-CHAI,5.00,INR,2026-08-17T19:05:00Z,captured,c145,Chai
ch00546,PITCH-CHAI,5.00,INR,2026-08-17T06:06:00Z,captured,c146,Chai
ch00547,PITCH-CHAI,5.00,INR,2026-08-17T07:07:00Z,captured,c147,Chai
ch00548,PITCH-CHAI,5.00,INR,2026-08-17T08:08:00Z,captured,c148,Chai
ch00549,PITCH-CHAI,5.00,INR,2026-08-17T09:09:00Z,captured,c149,Chai
ch00550,PITCH-CHAI,5.00,INR,2026-08-17T10:10:00Z,captured,c150,Chai
ch00551,PITCH-CHAI,5.00,INR,2026-08-17T11:11:00Z,captured,c151,Chai
ch00552,PITCH-CHAI,5.00,INR,2026-08-17T12:12:00Z,captured,c152,Chai
ch00553,PITCH-CHAI,5.00,INR,2026-08-17T13:13:00Z,captured,c153,Chai
ch00554,PITCH-CHAI,5.00,INR,2026-08-17T14:14:00Z,captured,c154,Chai
ch00555,PITCH-CHAI,5.00,INR,2026-08-17T15:15:00Z,captured,c155,Chai
ch00556,PITCH-CHAI,5.00,INR,2026-08-17T16:16:00Z,captured,c156,Chai
ch00557,PITCH-CHAI,5.00,INR,2026-08-17T17:17:00Z,captured,c157,Chai
ch00558,PITCH-CHAI,5.00,INR,2026-08-17T18:18:00Z,captured,c158,Chai
ch00559,PITCH-CHAI,5.00,INR,2026-08-17T19:19:00Z,captured,c159,Chai
ch00560,PITCH-CHAI,5.00,INR,2026-08-17T06:20:00Z,captured,c160,Chai
ch00561,PITCH-CHAI,5.00,INR,2026-08-17T07:21:00Z,captured,c161,Chai
ch00562,PITCH-CHAI,5.00,INR,2026-08-17T08:22:00Z,captured,c162,Chai
ch00563,PITCH-CHAI,5.00,INR,2026-08-17T09:23:00Z,captured,c163,Chai
ch00564,PITCH-CHAI,5.00,INR,2026-08-17T10:24:00Z,captured,c164,Chai
ch00565,PITCH-CHAI,5.00,INR,2026-08-17T11:25:00Z,captured,c165,Chai
ch00566,PITCH-CHAI,5.00,INR,2026-08-17T12:26:00Z,captured,c166,Chai
ch00567,PITCH-CHAI,5.00,INR,2026-08-17T13:27:00Z,captured,c167,Chai
ch00568,PITCH-CHAI,5.00,INR,2026-08-17T14:28:00Z,captured,c168,Chai
ch00569,PITCH-CHAI,5.00,INR,2026-08-17T15:29:00Z,captured,c169,Chai
ch00570,PITCH-CHAI,5.00,INR,2026-08-17T16:30:00Z,captured,c170,Chai
ch00571,PITCH-CHAI,5.00,INR,2026-08-17T17:31:00Z,captured,c171,Chai
ch00572,PITCH-CHAI,5.00,INR,2026-08-17T18:32:00Z,captured,c172,Chai
ch00573,PITCH-CHAI,5.00,INR,2026-08-17T19:33:00Z,captured,c173,Chai
ch00574,PITCH-CHAI,5.00,INR,2026-08-17T06:34:00Z,captured,c174,Chai
ch00575,PITCH-CHAI,5.00,INR,2026-08-17T07:35:00Z,captured,c175,Chai
ch00576,PITCH-CHAI,5.00,INR,2026-08-17T08:36:00Z,captured,c176,Chai
ch00577,PITCH-CHAI,5.00,INR,2026-08-17T09:37:00Z,captured,c177,Chai
ch00578,PITCH-CHAI,5.00,INR,2026-08-17T10:38:00Z,captured,c178,Chai
ch00579,PITCH-CHAI,5.00,INR,2026-08-17T11:39:00Z,captured,c179,Chai
ch00580,PITCH-CHAI,5.00,INR,2026-08-17T12:40:00Z,captured,c180,Chai
ch00581,PITCH-CHAI,5.00,INR,2026-08-17T13:41:00Z,captured,c181,Chai
ch00582,PITCH-CHAI,5.00,INR,2026-08-17T14:42:00Z,captured,c182,Chai
ch00583,PITCH-CHAI,5.00,INR,2026-08-17T15:43:00Z,captured,c183,Chai
ch00584,PITCH-CHAI,5.00,INR,2026-08-17T16:44:00Z,captured,c184,Chai
ch00585,PITCH-CHAI,5.00,INR,2026-08-17T17:45:00Z,captured,c185,Chai
ch00586,PITCH-CHAI,5.00,INR,2026-08-17T18:46:00Z,captured,c186,Chai
ch00587,PITCH-CHAI,5.00,INR,2026-08-17T19:47:00Z,captured,c187,Chai
ch00588,PITCH-CHAI,5.00,INR,2026-08-17T06:48:00Z,captured,c188,Chai
ch00589,PITCH-CHAI,5.00,INR,2026-08-17T07:49:00Z,captured,c189,Chai
ch00590,PITCH-CHAI,5.00,INR,2026-08-17T08:50:00Z,captured,c190,Chai
ch00591,PITCH-CHAI,5.00,INR,2026-08-17T09:51:00Z,captured,c191,Chai
ch00592,PITCH-CHAI,5.00,INR,2026-08-17T10:52:00Z,captured,c192,Chai
ch00593,PITCH-CHAI,5.00,INR,2026-08-17T11:53:00Z,captured,c193,Chai
ch00594,PITCH-CHAI,5.00,INR,2026-08-17T12:54:00Z,captured,c194,Chai
ch00595,PITCH-CHAI,5.00,INR,2026-08-17T13:55:00Z,captured,c195,Chai
ch00596,PITCH-CHAI,5.00,INR,2026-08-17T14:56:00Z,captured,c196,Chai
ch00597,PITCH-CHAI,5.00,INR,2026-08-17T15:57:00Z,captured,c197,Chai
ch00598,PITCH-CHAI,5.00,INR,2026-08-17T16:58:00Z,captured,c198,Chai
ch00599,PITCH-CHAI,5.00,INR,2026-08-17T17:59:00Z,captured,c199,Chai
ch00600,PITCH-CHAI,5.00,INR,2026-08-17T18:00:00Z,captured,c200,Chai
ch00601,PITCH-CHAI,5.00,INR,2026-08-17T19:01:00Z,captured,c201,Chai
ch00602,PITCH-CHAI,5.00,INR,2026-08-17T06:02:00Z,captured,c202,Chai
ch00603,PITCH-CHAI,5.00,INR,2026-08-17T07:03:00Z,captured,c203,Chai
ch00604,PITCH-CHAI,5.00,INR,2026-08-17T08:04:00Z,captured,c204,Chai
ch00605,PITCH-CHAI,5.00,INR,2026-08-17T09:05:00Z,captured,c205,Chai
ch00606,PITCH-CHAI,5.00,INR,2026-08-17T10:06:00Z,captured,c206,Chai
ch00607,PITCH-CHAI,5.00,INR,2026-08-17T11:07:00Z,captured,c207,Chai
ch00608,PITCH-CHAI,5.00,INR,2026-08-17T12:08:00Z,captured,c208,Chai
ch00609,PITCH-CHAI,5.00,INR,2026-08-17T13:09:00Z,captured,c209,Chai
ch00610,PITCH-CHAI,5.00,INR,2026-08-17T14:10:00Z,captured,c210,Chai
ch00611,PITCH-CHAI,5.00,INR,2026-08-17T15:11:00Z,captured,c211,Chai
ch00612,PITCH-CHAI,5.00,INR,2026-08-17T16:12:00Z,captured,c212,Chai
ch00613,PITCH-CHAI,5.00,INR,2026-08-17T17:13:00Z,captured,c213,Chai
ch00614,PITCH-CHAI,5.00,INR,2026-08-17T18:14:00Z,captured,c214,Chai
ch00615,PITCH-CHAI,5.00,INR,2026-08-17T19:15:00Z,captured,c215,Chai
ch00616,PITCH-CHAI,5.00,INR,2026-08-17T06:16:00Z,captured,c216,Chai
ch00617,PITCH-CHAI,5.00,INR,2026-08-17T07:17:00Z,captured,c217,Chai
ch00618,PITCH-CHAI,5.00,INR,2026-08-17T08:18:00Z,captured,c218,Chai
ch00619,PITCH-CHAI,5.00,INR,2026-08-17T09:19:00Z,captured,c219,Chai
ch00620,PITCH-CHAI,5.00,INR,2026-08-17T10:20:00Z,captured,c220,Chai
ch00621,PITCH-CHAI,5.00,INR,2026-08-17T11:21:00Z,captured,c221,Chai
ch00622,PITCH-CHAI,5.00,INR,2026-08-17T12:22:00Z,captured,c222,Chai
ch00623,PITCH-CHAI,5.00,INR,2026-08-17T13:23:00Z,captured,c223,Chai
ch00624,PITCH-CHAI,5.00,INR,2026-08-17T14:24:00Z,captured,c224,Chai
ch00625,PITCH-CHAI,5.00,INR,2026-08-17T15:25:00Z,captured,c225,Chai
ch00626,PITCH-CHAI,5.00,INR,2026-08-17T16:26:00Z,captured,c226,Chai
ch00627,PITCH-CHAI,5.00,INR,2026-08-17T17:27:00Z,captured,c227,Chai
ch00628,PITCH-CHAI,5.00,INR,2026-08-17T18:28:00Z,captured,c228,Chai
ch00629,PITCH-CHAI,5.00,INR,2026-08-17T19:29:00Z,captured,c229,Chai
ch00630,PITCH-CHAI,5.00,INR,2026-08-17T06:30:00Z,captured,c230,Chai
ch00631,PITCH-CHAI,5.00,INR,2026-08-17T07:31:00Z,captured,c231,Chai
ch00632,PITCH-CHAI,5.00,INR,2026-08-17T08:32:00Z,captured,c232,Chai
ch00633,PITCH-CHAI,5.00,INR,2026-08-17T09:33:00Z,captured,c233,Chai
ch00634,PITCH-CHAI,5.00,INR,2026-08-17T10:34:00Z,captured,c234,Chai
ch00635,PITCH-CHAI,5.00,INR,2026-08-17T11:35:00Z,captured,c235,Chai
ch00636,PITCH-CHAI,5.00,INR,2026-08-17T12:36:00Z,captured,c236,Chai
ch00637,PITCH-CHAI,5.00,INR,2026-08-17T13:37:00Z,captured,c237,Chai
ch00638,PITCH-CHAI,5.00,INR,2026-08-17T14:38:00Z,captured,c238,Chai
ch00639,PITCH-CHAI,5.00,INR,2026-08-17T15:39:00Z,captured,c239,Chai
ch00640,PITCH-CHAI,5.00,INR,2026-08-17T16:40:00Z,captured,c240,Chai
ch00641,PITCH-CHAI,5.00,INR,2026-08-17T17:41:00Z,captured,c241,Chai
ch00642,PITCH-CHAI,5.00,INR,2026-08-17T18:42:00Z,captured,c242,Chai
ch00643,PITCH-CHAI,5.00,INR,2026-08-17T19:43:00Z,captured,c243,Chai
ch00644,PITCH-CHAI,5.00,INR,2026-08-17T06:44:00Z,captured,c244,Chai
ch00645,PITCH-CHAI,5.00,INR,2026-08-17T07:45:00Z,captured,c245,Chai
ch00646,PITCH-CHAI,5.00,INR,2026-08-17T08:46:00Z,captured,c246,Chai
ch00647,PITCH-CHAI,5.00,INR,2026-08-17T09:47:00Z,captured,c247,Chai
ch00648,PITCH-CHAI,5.00,INR,2026-08-17T10:48:00Z,captured,c248,Chai
ch00649,PITCH-CHAI,5.00,INR,2026-08-17T11:49:00Z,captured,c249,Chai
ch00650,PITCH-CHAI,5.00,INR,2026-08-17T12:50:00Z,captured,c250,Chai
ch00651,PITCH-CHAI,5.00,INR,2026-08-17T13:51:00Z,captured,c251,Chai
ch00652,PITCH-CHAI,5.00,INR,2026-08-17T14:52:00Z,captured,c252,Chai
ch00653,PITCH-CHAI,5.00,INR,2026-08-17T15:53:00Z,captured,c253,Chai
ch00654,PITCH-CHAI,5.00,INR,2026-08-17T16:54:00Z,captured,c254,Chai
ch00655,PITCH-CHAI,5.00,INR,2026-08-17T17:55:00Z,captured,c255,Chai
ch00656,PITCH-CHAI,5.00,INR,2026-08-17T18:56:00Z,captured,c256,Chai
ch00657,PITCH-CHAI,5.00,INR,2026-08-17T19:57:00Z,captured,c257,Chai
ch00658,PITCH-CHAI,5.00,INR,2026-08-17T06:58:00Z,captured,c258,Chai
ch00659,PITCH-CHAI,5.00,INR,2026-08-17T07:59:00Z,captured,c259,Chai
ch00660,PITCH-CHAI,5.00,INR,2026-08-17T08:00:00Z,captured,c260,Chai
ch00661,PITCH-CHAI,5.00,INR,2026-08-17T09:01:00Z,captured,c261,Chai
ch00662,PITCH-CHAI,5.00,INR,2026-08-17T10:02:00Z,captured,c262,Chai
ch00663,PITCH-CHAI,5.00,INR,2026-08-17T11:03:00Z,captured,c263,Chai
ch00664,PITCH-CHAI,5.00,INR,2026-08-17T12:04:00Z,captured,c264,Chai
ch00665,PITCH-CHAI,5.00,INR,2026-08-17T13:05:00Z,captured,c265,Chai
ch00666,PITCH-CHAI,5.00,INR,2026-08-17T14:06:00Z,captured,c266,Chai
ch00667,PITCH-CHAI,5.00,INR,2026-08-17T15:07:00Z,captured,c267,Chai
ch00668,PITCH-CHAI,5.00,INR,2026-08-17T16:08:00Z,captured,c268,Chai
ch00669,PITCH-CHAI,5.00,INR,2026-08-17T17:09:00Z,captured,c269,Chai
ch00670,PITCH-CHAI,5.00,INR,2026-08-17T18:10:00Z,captured,c270,Chai
ch00671,PITCH-CHAI,5.00,INR,2026-08-17T19:11:00Z,captured,c271,Chai
ch00672,PITCH-CHAI,5.00,INR,2026-08-17T06:12:00Z,captured,c272,Chai
ch00673,PITCH-CHAI,5.00,INR,2026-08-17T07:13:00Z,captured,c273,Chai
ch00674,PITCH-CHAI,5.00,INR,2026-08-17T08:14:00Z,captured,c274,Chai
ch00675,PITCH-CHAI,5.00,INR,2026-08-17T09:15:00Z,captured,c275,Chai
ch00676,PITCH-CHAI,5.00,INR,2026-08-17T10:16:00Z,captured,c276,Chai
ch00677,PITCH-CHAI,5.00,INR,2026-08-17T11:17:00Z,captured,c277,Chai
ch00678,PITCH-CHAI,5.00,INR,2026-08-17T12:18:00Z,captured,c278,Chai
ch00679,PITCH-CHAI,5.00,INR,2026-08-17T13:19:00Z,captured,c279,Chai
ch00680,PITCH-CHAI,5.00,INR,2026-08-17T14:20:00Z,captured,c280,Chai
ch00681,PITCH-CHAI,5.00,INR,2026-08-17T15:21:00Z,captured,c281,Chai
ch00682,PITCH-CHAI,5.00,INR,2026-08-17T16:22:00Z,captured,c282,Chai
ch00683,PITCH-CHAI,5.00,INR,2026-08-17T17:23:00Z,captured,c283,Chai
ch00684,PITCH-CHAI,5.00,INR,2026-08-17T18:24:00Z,captured,c284,Chai
ch00685,PITCH-CHAI,5.00,INR,2026-08-17T19:25:00Z,captured,c285,Chai
ch00686,PITCH-CHAI,5.00,INR,2026-08-17T06:26:00Z,captured,c286,Chai
ch00687,PITCH-CHAI,5.00,INR,2026-08-17T07:27:00Z,captured,c287,Chai
ch00688,PITCH-CHAI,5.00,INR,2026-08-17T08:28:00Z,captured,c288,Chai
ch00689,PITCH-CHAI,5.00,INR,2026-08-17T09:29:00Z,captured,c289,Chai
ch00690,PITCH-CHAI,5.00,INR,2026-08-17T10:30:00Z,captured,c290,Chai
ch00691,PITCH-CHAI,5.00,INR,2026-08-17T11:31:00Z,captured,c291,Chai
ch00692,PITCH-CHAI,5.00,INR,2026-08-17T12:32:00Z,captured,c292,Chai
ch00693,PITCH-CHAI,5.00,INR,2026-08-17T13:33:00Z,captured,c293,Chai
ch00694,PITCH-CHAI,5.00,INR,2026-08-17T14:34:00Z,captured,c294,Chai
ch00695,PITCH-CHAI,5.00,INR,2026-08-17T15:35:00Z,captured,c295,Chai
ch00696,PITCH-CHAI,5.00,INR,2026-08-17T16:36:00Z,captured,c296,Chai
ch00697,PITCH-CHAI,5.00,INR,2026-08-17T17:37:00Z,captured,c297,Chai
ch00698,PITCH-CHAI,5.00,INR,2026-08-17T18:38:00Z,captured,c298,Chai
ch00699,PITCH-CHAI,5.00,INR,2026-08-17T19:39:00Z,captured,c299,Chai
ch00700,PITCH-CHAI,5.00,INR,2026-08-17T06:40:00Z,captured,c300,Chai
ch00701,PITCH-CHAI,5.00,INR,2026-08-17T07:41:00Z,captured,c301,Chai
ch00702,PITCH-CHAI,5.00,INR,2026-08-17T08:42:00Z,captured,c302,Chai
ch00703,PITCH-CHAI,5.00,INR,2026-08-17T09:43:00Z,captured,c303,Chai
ch00704,PITCH-CHAI,5.00,INR,2026-08-17T10:44:00Z,captured,c304,Chai
ch00705,PITCH-CHAI,5.00,INR,2026-08-17T11:45:00Z,captured,c305,Chai
ch00706,PITCH-CHAI,5.00,INR,2026-08-17T12:46:00Z,captured,c306,Chai
ch00707,PITCH-CHAI,5.00,INR,2026-08-17T13:47:00Z,captured,c307,Chai
ch00708,PITCH-CHAI,5.00,INR,2026-08-17T14:48:00Z,captured,c308,Chai
ch00709,PITCH-CHAI,5.00,INR,2026-08-17T15:49:00Z,captured,c309,Chai
ch00710,PITCH-CHAI,5.00,INR,2026-08-17T16:50:00Z,captured,c310,Chai
ch00711,PITCH-CHAI,5.00,INR,2026-08-17T17:51:00Z,captured,c311,Chai
ch00712,PITCH-CHAI,5.00,INR,2026-08-17T18:52:00Z,captured,c312,Chai
ch00713,PITCH-CHAI,5.00,INR,2026-08-17T19:53:00Z,captured,c313,Chai
ch00714,PITCH-CHAI,5.00,INR,2026-08-17T06:54:00Z,captured,c314,Chai
ch00715,PITCH-CHAI,5.00,INR,2026-08-17T07:55:00Z,captured,c315,Chai
ch00716,PITCH-CHAI,5.00,INR,2026-08-17T08:56:00Z,captured,c316,Chai
ch00717,PITCH-CHAI,5.00,INR,2026-08-17T09:57:00Z,captured,c317,Chai
ch00718,PITCH-CHAI,5.00,INR,2026-08-17T10:58:00Z,captured,c318,Chai
ch00719,PITCH-CHAI,5.00,INR,2026-08-17T11:59:00Z,captured,c319,Chai
ch00720,PITCH-CHAI,5.00,INR,2026-08-17T12:00:00Z,captured,c320,Chai
ch00721,PITCH-CHAI,5.00,INR,2026-08-17T13:01:00Z,captured,c321,Chai
ch00722,PITCH-CHAI,5.00,INR,2026-08-17T14:02:00Z,captured,c322,Chai
ch00723,PITCH-CHAI,5.00,INR,2026-08-17T15:03:00Z,captured,c323,Chai
ch00724,PITCH-CHAI,5.00,INR,2026-08-17T16:04:00Z,captured,c324,Chai
ch00725,PITCH-CHAI,5.00,INR,2026-08-17T17:05:00Z,captured,c325,Chai
ch00726,PITCH-CHAI,5.00,INR,2026-08-17T18:06:00Z,captured,c326,Chai
ch00727,PITCH-CHAI,5.00,INR,2026-08-17T19:07:00Z,captured,c327,Chai
ch00728,PITCH-CHAI,5.00,INR,2026-08-17T06:08:00Z,captured,c328,Chai
ch00729,PITCH-CHAI,5.00,INR,2026-08-17T07:09:00Z,captured,c329,Chai
ch00730,PITCH-CHAI,5.00,INR,2026-08-17T08:10:00Z,captured,c330,Chai
ch00731,PITCH-CHAI,5.00,INR,2026-08-17T09:11:00Z,captured,c331,Chai
ch00732,PITCH-CHAI,5.00,INR,2026-08-17T10:12:00Z,captured,c332,Chai
ch00733,PITCH-CHAI,5.00,INR,2026-08-17T11:13:00Z,captured,c333,Chai
ch00734,PITCH-CHAI,5.00,INR,2026-08-17T12:14:00Z,captured,c334,Chai
ch00735,PITCH-CHAI,5.00,INR,2026-08-17T13:15:00Z,captured,c335,Chai
ch00736,PITCH-CHAI,5.00,INR,2026-08-17T14:16:00Z,captured,c336,Chai
ch00737,PITCH-CHAI,5.00,INR,2026-08-17T15:17:00Z,captured,c337,Chai
ch00738,PITCH-CHAI,5.00,INR,2026-08-17T16:18:00Z,captured,c338,Chai
ch00739,PITCH-CHAI,5.00,INR,2026-08-17T17:19:00Z,captured,c339,Chai
ch00740,PITCH-CHAI,5.00,INR,2026-08-17T18:20:00Z,captured,c340,Chai
ch00741,PITCH-CHAI,5.00,INR,2026-08-17T19:21:00Z,captured,c341,Chai
ch00742,PITCH-CHAI,5.00,INR,2026-08-17T06:22:00Z,captured,c342,Chai
ch00743,PITCH-CHAI,5.00,INR,2026-08-17T07:23:00Z,captured,c343,Chai
ch00744,PITCH-CHAI,5.00,INR,2026-08-17T08:24:00Z,captured,c344,Chai
ch00745,PITCH-CHAI,5.00,INR,2026-08-17T09:25:00Z,captured,c345,Chai
ch00746,PITCH-CHAI,5.00,INR,2026-08-17T10:26:00Z,captured,c346,Chai
ch00747,PITCH-CHAI,5.00,INR,2026-08-17T11:27:00Z,captured,c347,Chai
ch00748,PITCH-CHAI,5.00,INR,2026-08-17T12:28:00Z,captured,c348,Chai
ch00749,PITCH-CHAI,5.00,INR,2026-08-17T13:29:00Z,captured,c349,Chai
ch00750,PITCH-CHAI,5.00,INR,2026-08-17T14:30:00Z,captured,c350,Chai
ch00751,PITCH-CHAI,5.00,INR,2026-08-17T15:31:00Z,captured,c351,Chai
ch00752,PITCH-CHAI,5.00,INR,2026-08-17T16:32:00Z,captured,c352,Chai
ch00753,PITCH-CHAI,5.00,INR,2026-08-17T17:33:00Z,captured,c353,Chai
ch00754,PITCH-CHAI,5.00,INR,2026-08-17T18:34:00Z,captured,c354,Chai
ch00755,PITCH-CHAI,5.00,INR,2026-08-17T19:35:00Z,captured,c355,Chai
ch00756,PITCH-CHAI,5.00,INR,2026-08-17T06:36:00Z,captured,c356,Chai
ch00757,PITCH-CHAI,5.00,INR,2026-08-17T07:37:00Z,captured,c357,Chai
ch00758,PITCH-CHAI,5.00,INR,2026-08-17T08:38:00Z,captured,c358,Chai
ch00759,PITCH-CHAI,5.00,INR,2026-08-17T09:39:00Z,captured,c359,Chai
ch00760,PITCH-CHAI,5.00,INR,2026-08-17T10:40:00Z,captured,c360,Chai
ch00761,PITCH-CHAI,5.00,INR,2026-08-17T11:41:00Z,captured,c361,Chai
ch00762,PITCH-CHAI,5.00,INR,2026-08-17T12:42:00Z,captured,c362,Chai
ch00763,PITCH-CHAI,5.00,INR,2026-08-17T13:43:00Z,captured,c363,Chai
ch00764,PITCH-CHAI,5.00,INR,2026-08-17T14:44:00Z,captured,c364,Chai
ch00765,PITCH-CHAI,5.00,INR,2026-08-17T15:45:00Z,captured,c365,Chai
ch00766,PITCH-CHAI,5.00,INR,2026-08-17T16:46:00Z,captured,c366,Chai
ch00767,PITCH-CHAI,5.00,INR,2026-08-17T17:47:00Z,captured,c367,Chai
ch00768,PITCH-CHAI,5.00,INR,2026-08-17T18:48:00Z,captured,c368,Chai
ch00769,PITCH-CHAI,5.00,INR,2026-08-17T19:49:00Z,captured,c369,Chai
ch00770,PITCH-CHAI,5.00,INR,2026-08-17T06:50:00Z,captured,c370,Chai
ch00771,PITCH-CHAI,5.00,INR,2026-08-17T07:51:00Z,captured,c371,Chai
ch00772,PITCH-CHAI,5.00,INR,2026-08-17T08:52:00Z,captured,c372,Chai
ch00773,PITCH-CHAI,5.00,INR,2026-08-17T09:53:00Z,captured,c373,Chai
ch00774,PITCH-CHAI,5.00,INR,2026-08-17T10:54:00Z,captured,c374,Chai
ch00775,PITCH-CHAI,5.00,INR,2026-08-17T11:55:00Z,captured,c375,Chai
ch00776,PITCH-CHAI,5.00,INR,2026-08-17T12:56:00Z,captured,c376,Chai
ch00777,PITCH-CHAI,5.00,INR,2026-08-17T13:57:00Z,captured,c377,Chai
ch00778,PITCH-CHAI,5.00,INR,2026-08-17T14:58:00Z,captured,c378,Chai
ch00779,PITCH-CHAI,5.00,INR,2026-08-17T15:59:00Z,captured,c379,Chai
ch00780,PITCH-CHAI,5.00,INR,2026-08-17T16:00:00Z,captured,c380,Chai
ch00781,PITCH-CHAI,5.00,INR,2026-08-17T17:01:00Z,captured,c381,Chai
ch00782,PITCH-CHAI,5.00,INR,2026-08-17T18:02:00Z,captured,c382,Chai
ch00783,PITCH-CHAI,5.00,INR,2026-08-17T19:03:00Z,captured,c383,Chai
ch00784,PITCH-CHAI,5.00,INR,2026-08-17T06:04:00Z,captured,c384,Chai
ch00785,PITCH-CHAI,5.00,INR,2026-08-17T07:05:00Z,captured,c385,Chai
ch00786,PITCH-CHAI,5.00,INR,2026-08-17T08:06:00Z,captured,c386,Chai
ch00787,PITCH-CHAI,5.00,INR,2026-08-17T09:07:00Z,captured,c387,Chai
ch00788,PITCH-CHAI,5.00,INR,2026-08-17T10:08:00Z,captured,c388,Chai
ch00789,PITCH-CHAI,5.00,INR,2026-08-17T11:09:00Z,captured,c389,Chai
ch00790,PITCH-CHAI,5.00,INR,2026-08-17T12:10:00Z,captured,c390,Chai
ch00791,PITCH-CHAI,5.00,INR,2026-08-17T13:11:00Z,captured,c391,Chai
ch00792,PITCH-CHAI,5.00,INR,2026-08-17T14:12:00Z,captured,c392,Chai
ch00793,PITCH-CHAI,5.00,INR,2026-08-17T15:13:00Z,captured,c393,Chai
ch00794,PITCH-CHAI,5.00,INR,2026-08-17T16:14:00Z,captured,c394,Chai
ch00795,PITCH-CHAI,5.00,INR,2026-08-17T17:15:00Z,captured,c395,Chai
ch00796,PITCH-CHAI,5.00,INR,2026-08-17T18:16:00Z,captured,c396,Chai
ch00797,PITCH-CHAI,5.00,INR,2026-08-17T19:17:00Z,captured,c397,Chai
ch00798,PITCH-CHAI,5.00,INR,2026-08-17T06:18:00Z,captured,c398,Chai
ch00799,PITCH-CHAI,5.00,INR,2026-08-17T07:19:00Z,captured,c399,Chai
ch00800,PITCH-CHAI,5.00,INR,2026-08-17T08:20:00Z,captured,c0,Chai
ch00801,PITCH-CHAI,5.00,INR,2026-08-17T09:21:00Z,captured,c1,Chai
ch00802,PITCH-CHAI,5.00,INR,2026-08-17T10:22:00Z,captured,c2,Chai
ch00803,PITCH-CHAI,5.00,INR,2026-08-17T11:23:00Z,captured,c3,Chai
ch00804,PITCH-CHAI,5.00,INR,2026-08-17T12:24:00Z,captured,c4,Chai
ch00805,PITCH-CHAI,5.00,INR,2026-08-17T13:25:00Z,captured,c5,Chai
ch00806,PITCH-CHAI,5.00,INR,2026-08-17T14:26:00Z,captured,c6,Chai
ch00807,PITCH-CHAI,5.00,INR,2026-08-17T15:27:00Z,captured,c7,Chai
ch00808,PITCH-CHAI,5.00,INR,2026-08-17T16:28:00Z,captured,c8,Chai
ch00809,PITCH-CHAI,5.00,INR,2026-08-17T17:29:00Z,captured,c9,Chai
ch00810,PITCH-CHAI,5.00,INR,2026-08-17T18:30:00Z,captured,c10,Chai
ch00811,PITCH-CHAI,5.00,INR,2026-08-17T19:31:00Z,captured,c11,Chai
ch00812,PITCH-CHAI,5.00,INR,2026-08-17T06:32:00Z,captured,c12,Chai
ch00813,PITCH-CHAI,5.00,INR,2026-08-17T07:33:00Z,captured,c13,Chai
ch00814,PITCH-CHAI,5.00,INR,2026-08-17T08:34:00Z,captured,c14,Chai
ch00815,PITCH-CHAI,5.00,INR,2026-08-17T09:35:00Z,captured,c15,Chai
ch00816,PITCH-CHAI,5.00,INR,2026-08-17T10:36:00Z,captured,c16,Chai
ch00817,PITCH-CHAI,5.00,INR,2026-08-17T11:37:00Z,captured,c17,Chai
ch00818,PITCH-CHAI,5.00,INR,2026-08-17T12:38:00Z,captured,c18,Chai
ch00819,PITCH-CHAI,5.00,INR,2026-08-17T13:39:00Z,captured,c19,Chai
ch00820,PITCH-CHAI,5.00,INR,2026-08-17T14:40:00Z,captured,c20,Chai
ch00821,PITCH-CHAI,5.00,INR,2026-08-17T15:41:00Z,captured,c21,Chai
ch00822,PITCH-CHAI,5.00,INR,2026-08-17T16:42:00Z,captured,c22,Chai
ch00823,PITCH-CHAI,5.00,INR,2026-08-17T17:43:00Z,captured,c23,Chai
ch00824,PITCH-CHAI,5.00,INR,2026-08-17T18:44:00Z,captured,c24,Chai
ch00825,PITCH-CHAI,5.00,INR,2026-08-17T19:45:00Z,captured,c25,Chai
ch00826,PITCH-CHAI,5.00,INR,2026-08-17T06:46:00Z,captured,c26,Chai
ch00827,PITCH-CHAI,5.00,INR,2026-08-17T07:47:00Z,captured,c27,Chai
ch00828,PITCH-CHAI,5.00,INR,2026-08-17T08:48:00Z,captured,c28,Chai
ch00829,PITCH-CHAI,5.00,INR,2026-08-17T09:49:00Z,captured,c29,Chai
ch00830,PITCH-CHAI,5.00,INR,2026-08-17T10:50:00Z,captured,c30,Chai
ch00831,PITCH-CHAI,5.00,INR,2026-08-17T11:51:00Z,captured,c31,Chai
ch00832,PITCH-CHAI,5.00,INR,2026-08-17T12:52:00Z,captured,c32,Chai
ch00833,PITCH-CHAI,5.00,INR,2026-08-17T13:53:00Z,captured,c33,Chai
ch00834,PITCH-CHAI,5.00,INR,2026-08-17T14:54:00Z,captured,c34,Chai
ch00835,PITCH-CHAI,5.00,INR,2026-08-17T15:55:00Z,captured,c35,Chai
ch00836,PITCH-CHAI,5.00,INR,2026-08-17T16:56:00Z,captured,c36,Chai
ch00837,PITCH-CHAI,5.00,INR,2026-08-17T17:57:00Z,captured,c37,Chai
ch00838,PITCH-CHAI,5.00,INR,2026-08-17T18:58:00Z,captured,c38,Chai
ch00839,PITCH-CHAI,5.00,INR,2026-08-17T19:59:00Z,captured,c39,Chai
ch00840,PITCH-CHAI,5.00,INR,2026-08-17T06:00:00Z,captured,c40,Chai
ch00841,PITCH-CHAI,5.00,INR,2026-08-17T07:01:00Z,captured,c41,Chai
ch00842,PITCH-CHAI,5.00,INR,2026-08-17T08:02:00Z,captured,c42,Chai
ch00843,PITCH-CHAI,5.00,INR,2026-08-17T09:03:00Z,captured,c43,Chai
ch00844,PITCH-CHAI,5.00,INR,2026-08-17T10:04:00Z,captured,c44,Chai
ch00845,PITCH-CHAI,5.00,INR,2026-08-17T11:05:00Z,captured,c45,Chai
ch00846,PITCH-CHAI,5.00,INR,2026-08-17T12:06:00Z,captured,c46,Chai
ch00847,PITCH-CHAI,5.00,INR,2026-08-17T13:07:00Z,captured,c47,Chai
ch00848,PITCH-CHAI,5.00,INR,2026-08-17T14:08:00Z,captured,c48,Chai
ch00849,PITCH-CHAI,5.00,INR,2026-08-17T15:09:00Z,captured,c49,Chai
ch00850,PITCH-CHAI,5.00,INR,2026-08-17T16:10:00Z,captured,c50,Chai
ch00851,PITCH-CHAI,5.00,INR,2026-08-17T17:11:00Z,captured,c51,Chai
ch00852,PITCH-CHAI,5.00,INR,2026-08-17T18:12:00Z,captured,c52,Chai
ch00853,PITCH-CHAI,5.00,INR,2026-08-17T19:13:00Z,captured,c53,Chai
ch00854,PITCH-CHAI,5.00,INR,2026-08-17T06:14:00Z,captured,c54,Chai
ch00855,PITCH-CHAI,5.00,INR,2026-08-17T07:15:00Z,captured,c55,Chai
ch00856,PITCH-CHAI,5.00,INR,2026-08-17T08:16:00Z,captured,c56,Chai
ch00857,PITCH-CHAI,5.00,INR,2026-08-17T09:17:00Z,captured,c57,Chai
ch00858,PITCH-CHAI,5.00,INR,2026-08-17T10:18:00Z,captured,c58,Chai
ch00859,PITCH-CHAI,5.00,INR,2026-08-17T11:19:00Z,captured,c59,Chai
ch00860,PITCH-CHAI,5.00,INR,2026-08-17T12:20:00Z,captured,c60,Chai
ch00861,PITCH-CHAI,5.00,INR,2026-08-17T13:21:00Z,captured,c61,Chai
ch00862,PITCH-CHAI,5.00,INR,2026-08-17T14:22:00Z,captured,c62,Chai
ch00863,PITCH-CHAI,5.00,INR,2026-08-17T15:23:00Z,captured,c63,Chai
ch00864,PITCH-CHAI,5.00,INR,2026-08-17T16:24:00Z,captured,c64,Chai
ch00865,PITCH-CHAI,5.00,INR,2026-08-17T17:25:00Z,captured,c65,Chai
ch00866,PITCH-CHAI,5.00,INR,2026-08-17T18:26:00Z,captured,c66,Chai
ch00867,PITCH-CHAI,5.00,INR,2026-08-17T19:27:00Z,captured,c67,Chai
ch00868,PITCH-CHAI,5.00,INR,2026-08-17T06:28:00Z,captured,c68,Chai
ch00869,PITCH-CHAI,5.00,INR,2026-08-17T07:29:00Z,captured,c69,Chai
ch00870,PITCH-CHAI,5.00,INR,2026-08-17T08:30:00Z,captured,c70,Chai
ch00871,PITCH-CHAI,5.00,INR,2026-08-17T09:31:00Z,captured,c71,Chai
ch00872,PITCH-CHAI,5.00,INR,2026-08-17T10:32:00Z,captured,c72,Chai
ch00873,PITCH-CHAI,5.00,INR,2026-08-17T11:33:00Z,captured,c73,Chai
ch00874,PITCH-CHAI,5.00,INR,2026-08-17T12:34:00Z,captured,c74,Chai
ch00875,PITCH-CHAI,5.00,INR,2026-08-17T13:35:00Z,captured,c75,Chai
ch00876,PITCH-CHAI,5.00,INR,2026-08-17T14:36:00Z,captured,c76,Chai
ch00877,PITCH-CHAI,5.00,INR,2026-08-17T15:37:00Z,captured,c77,Chai
ch00878,PITCH-CHAI,5.00,INR,2026-08-17T16:38:00Z,captured,c78,Chai
ch00879,PITCH-CHAI,5.00,INR,2026-08-17T17:39:00Z,captured,c79,Chai
ch00880,PITCH-CHAI,5.00,INR,2026-08-17T18:40:00Z,captured,c80,Chai
ch00881,PITCH-CHAI,5.00,INR,2026-08-17T19:41:00Z,captured,c81,Chai
ch00882,PITCH-CHAI,5.00,INR,2026-08-17T06:42:00Z,captured,c82,Chai
ch00883,PITCH-CHAI,5.00,INR,2026-08-17T07:43:00Z,captured,c83,Chai
ch00884,PITCH-CHAI,5.00,INR,2026-08-17T08:44:00Z,captured,c84,Chai
ch00885,PITCH-CHAI,5.00,INR,2026-08-17T09:45:00Z,captured,c85,Chai
ch00886,PITCH-CHAI,5.00,INR,2026-08-17T10:46:00Z,captured,c86,Chai
ch00887,PITCH-CHAI,5.00,INR,2026-08-17T11:47:00Z,captured,c87,Chai
ch00888,PITCH-CHAI,5.00,INR,2026-08-17T12:48:00Z,captured,c88,Chai
ch00889,PITCH-CHAI,5.00,INR,2026-08-17T13:49:00Z,captured,c89,Chai
ch00890,PITCH-CHAI,5.00,INR,2026-08-17T14:50:00Z,captured,c90,Chai
ch00891,PITCH-CHAI,5.00,INR,2026-08-17T15:51:00Z,captured,c91,Chai
ch00892,PITCH-CHAI,5.00,INR,2026-08-17T16:52:00Z,captured,c92,Chai
ch00893,PITCH-CHAI,5.00,INR,2026-08-17T17:53:00Z,captured,c93,Chai
ch00894,PITCH-CHAI,5.00,INR,2026-08-17T18:54:00Z,captured,c94,Chai
ch00895,PITCH-CHAI,5.00,INR,2026-08-17T19:55:00Z,captured,c95,Chai
ch00896,PITCH-CHAI,5.00,INR,2026-08-17T06:56:00Z,captured,c96,Chai
ch00897,PITCH-CHAI,5.00,INR,2026-08-17T07:57:00Z,captured,c97,Chai
ch00898,PITCH-CHAI,5.00,INR,2026-08-17T08:58:00Z,captured,c98,Chai
ch00899,PITCH-CHAI,5.00,INR,2026-08-17T09:59:00Z,captured,c99,Chai
ch00900,PITCH-CHAI,5.00,INR,2026-08-17T10:00:00Z,captured,c100,Chai
ch00901,PITCH-CHAI,5.00,INR,2026-08-17T11:01:00Z,captured,c101,Chai
ch00902,PITCH-CHAI,5.00,INR,2026-08-17T12:02:00Z,captured,c102,Chai
ch00903,PITCH-CHAI,5.00,INR,2026-08-17T13:03:00Z,captured,c103,Chai
ch00904,PITCH-CHAI,5.00,INR,2026-08-17T14:04:00Z,captured,c104,Chai
ch00905,PITCH-CHAI,5.00,INR,2026-08-17T15:05:00Z,captured,c105,Chai
ch00906,PITCH-CHAI,5.00,INR,2026-08-17T16:06:00Z,captured,c106,Chai
ch00907,PITCH-CHAI,5.00,INR,2026-08-17T17:07:00Z,captured,c107,Chai
ch00908,PITCH-CHAI,5.00,INR,2026-08-17T18:08:00Z,captured,c108,Chai
ch00909,PITCH-CHAI,5.00,INR,2026-08-17T19:09:00Z,captured,c109,Chai
ch00910,PITCH-CHAI,5.00,INR,2026-08-17T06:10:00Z,captured,c110,Chai
ch00911,PITCH-CHAI,5.00,INR,2026-08-17T07:11:00Z,captured,c111,Chai
ch00912,PITCH-CHAI,5.00,INR,2026-08-17T08:12:00Z,captured,c112,Chai
ch00913,PITCH-CHAI,5.00,INR,2026-08-17T09:13:00Z,captured,c113,Chai
ch00914,PITCH-CHAI,5.00,INR,2026-08-17T10:14:00Z,captured,c114,Chai
ch00915,PITCH-CHAI,5.00,INR,2026-08-17T11:15:00Z,captured,c115,Chai
ch00916,PITCH-CHAI,5.00,INR,2026-08-17T12:16:00Z,captured,c116,Chai
ch00917,PITCH-CHAI,5.00,INR,2026-08-17T13:17:00Z,captured,c117,Chai
ch00918,PITCH-CHAI,5.00,INR,2026-08-17T14:18:00Z,captured,c118,Chai
ch00919,PITCH-CHAI,5.00,INR,2026-08-17T15:19:00Z,captured,c119,Chai
ch00920,PITCH-CHAI,5.00,INR,2026-08-17T16:20:00Z,captured,c120,Chai
ch00921,PITCH-CHAI,5.00,INR,2026-08-17T17:21:00Z,captured,c121,Chai
ch00922,PITCH-CHAI,5.00,INR,2026-08-17T18:22:00Z,captured,c122,Chai
ch00923,PITCH-CHAI,5.00,INR,2026-08-17T19:23:00Z,captured,c123,Chai
ch00924,PITCH-CHAI,5.00,INR,2026-08-17T06:24:00Z,captured,c124,Chai
ch00925,PITCH-CHAI,5.00,INR,2026-08-17T07:25:00Z,captured,c125,Chai
ch00926,PITCH-CHAI,5.00,INR,2026-08-17T08:26:00Z,captured,c126,Chai
ch00927,PITCH-CHAI,5.00,INR,2026-08-17T09:27:00Z,captured,c127,Chai
ch00928,PITCH-CHAI,5.00,INR,2026-08-17T10:28:00Z,captured,c128,Chai
ch00929,PITCH-CHAI,5.00,INR,2026-08-17T11:29:00Z,captured,c129,Chai
ch00930,PITCH-CHAI,5.00,INR,2026-08-17T12:30:00Z,captured,c130,Chai
ch00931,PITCH-CHAI,5.00,INR,2026-08-17T13:31:00Z,captured,c131,Chai
ch00932,PITCH-CHAI,5.00,INR,2026-08-17T14:32:00Z,captured,c132,Chai
ch00933,PITCH-CHAI,5.00,INR,2026-08-17T15:33:00Z,captured,c133,Chai
ch00934,PITCH-CHAI,5.00,INR,2026-08-17T16:34:00Z,captured,c134,Chai
ch00935,PITCH-CHAI,5.00,INR,2026-08-17T17:35:00Z,captured,c135,Chai
ch00936,PITCH-CHAI,5.00,INR,2026-08-17T18:36:00Z,captured,c136,Chai
ch00937,PITCH-CHAI,5.00,INR,2026-08-17T19:37:00Z,captured,c137,Chai
ch00938,PITCH-CHAI,5.00,INR,2026-08-17T06:38:00Z,captured,c138,Chai
ch00939,PITCH-CHAI,5.00,INR,2026-08-17T07:39:00Z,captured,c139,Chai
ch00940,PITCH-CHAI,5.00,INR,2026-08-17T08:40:00Z,captured,c140,Chai
ch00941,PITCH-CHAI,5.00,INR,2026-08-17T09:41:00Z,captured,c141,Chai
ch00942,PITCH-CHAI,5.00,INR,2026-08-17T10:42:00Z,captured,c142,Chai
ch00943,PITCH-CHAI,5.00,INR,2026-08-17T11:43:00Z,captured,c143,Chai
ch00944,PITCH-CHAI,5.00,INR,2026-08-17T12:44:00Z,captured,c144,Chai
ch00945,PITCH-CHAI,5.00,INR,2026-08-17T13:45:00Z,captured,c145,Chai
ch00946,PITCH-CHAI,5.00,INR,2026-08-17T14:46:00Z,captured,c146,Chai
ch00947,PITCH-CHAI,5.00,INR,2026-08-17T15:47:00Z,captured,c147,Chai
ch00948,PITCH-CHAI,5.00,INR,2026-08-17T16:48:00Z,captured,c148,Chai
ch00949,PITCH-CHAI,5.00,INR,2026-08-17T17:49:00Z,captured,c149,Chai
ch00950,PITCH-CHAI,5.00,INR,2026-08-17T18:50:00Z,captured,c150,Chai
ch00951,PITCH-CHAI,5.00,INR,2026-08-17T19:51:00Z,captured,c151,Chai
ch00952,PITCH-CHAI,5.00,INR,2026-08-17T06:52:00Z,captured,c152,Chai
ch00953,PITCH-CHAI,5.00,INR,2026-08-17T07:53:00Z,captured,c153,Chai
ch00954,PITCH-CHAI,5.00,INR,2026-08-17T08:54:00Z,captured,c154,Chai
ch00955,PITCH-CHAI,5.00,INR,2026-08-17T09:55:00Z,captured,c155,Chai
ch00956,PITCH-CHAI,5.00,INR,2026-08-17T10:56:00Z,captured,c156,Chai
ch00957,PITCH-CHAI,5.00,INR,2026-08-17T11:57:00Z,captured,c157,Chai
ch00958,PITCH-CHAI,5.00,INR,2026-08-17T12:58:00Z,captured,c158,Chai
ch00959,PITCH-CHAI,5.00,INR,2026-08-17T13:59:00Z,captured,c159,Chai
ch00960,PITCH-CHAI,5.00,INR,2026-08-17T14:00:00Z,captured,c160,Chai
ch00961,PITCH-CHAI,5.00,INR,2026-08-17T15:01:00Z,captured,c161,Chai
ch00962,PITCH-CHAI,5.00,INR,2026-08-17T16:02:00Z,captured,c162,Chai
ch00963,PITCH-CHAI,5.00,INR,2026-08-17T17:03:00Z,captured,c163,Chai
ch00964,PITCH-CHAI,5.00,INR,2026-08-17T18:04:00Z,captured,c164,Chai
ch00965,PITCH-CHAI,5.00,INR,2026-08-17T19:05:00Z,captured,c165,Chai
ch00966,PITCH-CHAI,5.00,INR,2026-08-17T06:06:00Z,captured,c166,Chai
ch00967,PITCH-CHAI,5.00,INR,2026-08-17T07:07:00Z,captured,c167,Chai
ch00968,PITCH-CHAI,5.00,INR,2026-08-17T08:08:00Z,captured,c168,Chai
ch00969,PITCH-CHAI,5.00,INR,2026-08-17T09:09:00Z,captured,c169,Chai
ch00970,PITCH-CHAI,5.00,INR,2026-08-17T10:10:00Z,captured,c170,Chai
ch00971,PITCH-CHAI,5.00,INR,2026-08-17T11:11:00Z,captured,c171,Chai
ch00972,PITCH-CHAI,5.00,INR,2026-08-17T12:12:00Z,captured,c172,Chai
ch00973,PITCH-CHAI,5.00,INR,2026-08-17T13:13:00Z,captured,c173,Chai
ch00974,PITCH-CHAI,5.00,INR,2026-08-17T14:14:00Z,captured,c174,Chai
ch00975,PITCH-CHAI,5.00,INR,2026-08-17T15:15:00Z,captured,c175,Chai
ch00976,PITCH-CHAI,5.00,INR,2026-08-17T16:16:00Z,captured,c176,Chai
ch00977,PITCH-CHAI,5.00,INR,2026-08-17T17:17:00Z,captured,c177,Chai
ch00978,PITCH-CHAI,5.00,INR,2026-08-17T18:18:00Z,captured,c178,Chai
ch00979,PITCH-CHAI,5.00,INR,2026-08-17T19:19:00Z,captured,c179,Chai
ch00980,PITCH-CHAI,5.00,INR,2026-08-17T06:20:00Z,captured,c180,Chai
ch00981,PITCH-CHAI,5.00,INR,2026-08-17T07:21:00Z,captured,c181,Chai
ch00982,PITCH-CHAI,5.00,INR,2026-08-17T08:22:00Z,captured,c182,Chai
ch00983,PITCH-CHAI,5.00,INR,2026-08-17T09:23:00Z,captured,c183,Chai
ch00984,PITCH-CHAI,5.00,INR,2026-08-17T10:24:00Z,captured,c184,Chai
ch00985,PITCH-CHAI,5.00,INR,2026-08-17T11:25:00Z,captured,c185,Chai
ch00986,PITCH-CHAI,5.00,INR,2026-08-17T12:26:00Z,captured,c186,Chai
ch00987,PITCH-CHAI,5.00,INR,2026-08-17T13:27:00Z,captured,c187,Chai
ch00988,PITCH-CHAI,5.00,INR,2026-08-17T14:28:00Z,captured,c188,Chai
ch00989,PITCH-CHAI,5.00,INR,2026-08-17T15:29:00Z,captured,c189,Chai
ch00990,PITCH-CHAI,5.00,INR,2026-08-17T16:30:00Z,captured,c190,Chai
ch00991,PITCH-CHAI,5.00,INR,2026-08-17T17:31:00Z,captured,c191,Chai
ch00992,PITCH-CHAI,5.00,INR,2026-08-17T18:32:00Z,captured,c192,Chai
ch00993,PITCH-CHAI,5.00,INR,2026-08-17T19:33:00Z,captured,c193,Chai
ch00994,PITCH-CHAI,5.00,INR,2026-08-17T06:34:00Z,captured,c194,Chai
ch00995,PITCH-CHAI,5.00,INR,2026-08-17T07:35:00Z,captured,c195,Chai
ch00996,PITCH-CHAI,5.00,INR,2026-08-17T08:36:00Z,captured,c196,Chai
ch00997,PITCH-CHAI,5.00,INR,2026-08-17T09:37:00Z,captured,c197,Chai
ch00998,PITCH-CHAI,5.00,INR,2026-08-17T10:38:00Z,captured,c198,Chai
ch00999,PITCH-CHAI,5.00,INR,2026-08-17T11:39:00Z,captured,c199,Chai
ch01000,PITCH-CHAI,5.00,INR,2026-08-17T12:40:00Z,captured,c200,Chai
ch01001,PITCH-CHAI,5.00,INR,2026-08-17T13:41:00Z,captured,c201,Chai
ch01002,PITCH-CHAI,5.00,INR,2026-08-17T14:42:00Z,captured,c202,Chai
ch01003,PITCH-CHAI,5.00,INR,2026-08-17T15:43:00Z,captured,c203,Chai
ch01004,PITCH-CHAI,5.00,INR,2026-08-17T16:44:00Z,captured,c204,Chai
ch01005,PITCH-CHAI,5.00,INR,2026-08-17T17:45:00Z,captured,c205,Chai
ch01006,PITCH-CHAI,5.00,INR,2026-08-17T18:46:00Z,captured,c206,Chai
ch01007,PITCH-CHAI,5.00,INR,2026-08-17T19:47:00Z,captured,c207,Chai
ch01008,PITCH-CHAI,5.00,INR,2026-08-17T06:48:00Z,captured,c208,Chai
ch01009,PITCH-CHAI,5.00,INR,2026-08-17T07:49:00Z,captured,c209,Chai
ch01010,PITCH-CHAI,5.00,INR,2026-08-17T08:50:00Z,captured,c210,Chai
ch01011,PITCH-CHAI,5.00,INR,2026-08-17T09:51:00Z,captured,c211,Chai
ch01012,PITCH-CHAI,5.00,INR,2026-08-17T10:52:00Z,captured,c212,Chai
ch01013,PITCH-CHAI,5.00,INR,2026-08-17T11:53:00Z,captured,c213,Chai
ch01014,PITCH-CHAI,5.00,INR,2026-08-17T12:54:00Z,captured,c214,Chai
ch01015,PITCH-CHAI,5.00,INR,2026-08-17T13:55:00Z,captured,c215,Chai
ch01016,PITCH-CHAI,5.00,INR,2026-08-17T14:56:00Z,captured,c216,Chai
ch01017,PITCH-CHAI,5.00,INR,2026-08-17T15:57:00Z,captured,c217,Chai
ch01018,PITCH-CHAI,5.00,INR,2026-08-17T16:58:00Z,captured,c218,Chai
ch01019,PITCH-CHAI,5.00,INR,2026-08-17T17:59:00Z,captured,c219,Chai
ch01020,PITCH-CHAI,5.00,INR,2026-08-17T18:00:00Z,captured,c220,Chai
ch01021,PITCH-CHAI,5.00,INR,2026-08-17T19:01:00Z,captured,c221,Chai
ch01022,PITCH-CHAI,5.00,INR,2026-08-17T06:02:00Z,captured,c222,Chai
ch01023,PITCH-CHAI,5.00,INR,2026-08-17T07:03:00Z,captured,c223,Chai
ch01024,PITCH-CHAI,5.00,INR,2026-08-17T08:04:00Z,captured,c224,Chai
ch01025,PITCH-CHAI,5.00,INR,2026-08-17T09:05:00Z,captured,c225,Chai
ch01026,PITCH-CHAI,5.00,INR,2026-08-17T10:06:00Z,captured,c226,Chai
ch01027,PITCH-CHAI,5.00,INR,2026-08-17T11:07:00Z,captured,c227,Chai
ch01028,PITCH-CHAI,5.00,INR,2026-08-17T12:08:00Z,captured,c228,Chai
ch01029,PITCH-CHAI,5.00,INR,2026-08-17T13:09:00Z,captured,c229,Chai
ch01030,PITCH-CHAI,5.00,INR,2026-08-17T14:10:00Z,captured,c230,Chai
ch01031,PITCH-CHAI,5.00,INR,2026-08-17T15:11:00Z,captured,c231,Chai
ch01032,PITCH-CHAI,5.00,INR,2026-08-17T16:12:00Z,captured,c232,Chai
ch01033,PITCH-CHAI,5.00,INR,2026-08-17T17:13:00Z,captured,c233,Chai
ch01034,PITCH-CHAI,5.00,INR,2026-08-17T18:14:00Z,captured,c234,Chai
ch01035,PITCH-CHAI,5.00,INR,2026-08-17T19:15:00Z,captured,c235,Chai
ch01036,PITCH-CHAI,5.00,INR,2026-08-17T06:16:00Z,captured,c236,Chai
ch01037,PITCH-CHAI,5.00,INR,2026-08-17T07:17:00Z,captured,c237,Chai
ch01038,PITCH-CHAI,5.00,INR,2026-08-17T08:18:00Z,captured,c238,Chai
ch01039,PITCH-CHAI,5.00,INR,2026-08-17T09:19:00Z,captured,c239,Chai
ch01040,PITCH-CHAI,5.00,INR,2026-08-17T10:20:00Z,captured,c240,Chai
ch01041,PITCH-CHAI,5.00,INR,2026-08-17T11:21:00Z,captured,c241,Chai
ch01042,PITCH-CHAI,5.00,INR,2026-08-17T12:22:00Z,captured,c242,Chai
ch01043,PITCH-CHAI,5.00,INR,2026-08-17T13:23:00Z,captured,c243,Chai
ch01044,PITCH-CHAI,5.00,INR,2026-08-17T14:24:00Z,captured,c244,Chai
ch01045,PITCH-CHAI,5.00,INR,2026-08-17T15:25:00Z,captured,c245,Chai
ch01046,PITCH-CHAI,5.00,INR,2026-08-17T16:26:00Z,captured,c246,Chai
ch01047,PITCH-CHAI,5.00,INR,2026-08-17T17:27:00Z,captured,c247,Chai
ch01048,PITCH-CHAI,5.00,INR,2026-08-17T18:28:00Z,captured,c248,Chai
ch01049,PITCH-CHAI,5.00,INR,2026-08-17T19:29:00Z,captured,c249,Chai
ch01050,PITCH-CHAI,5.00,INR,2026-08-17T06:30:00Z,captured,c250,Chai
ch01051,PITCH-CHAI,5.00,INR,2026-08-17T07:31:00Z,captured,c251,Chai
ch01052,PITCH-CHAI,5.00,INR,2026-08-17T08:32:00Z,captured,c252,Chai
ch01053,PITCH-CHAI,5.00,INR,2026-08-17T09:33:00Z,captured,c253,Chai
ch01054,PITCH-CHAI,5.00,INR,2026-08-17T10:34:00Z,captured,c254,Chai
ch01055,PITCH-CHAI,5.00,INR,2026-08-17T11:35:00Z,captured,c255,Chai
ch01056,PITCH-CHAI,5.00,INR,2026-08-17T12:36:00Z,captured,c256,Chai
ch01057,PITCH-CHAI,5.00,INR,2026-08-17T13:37:00Z,captured,c257,Chai
ch01058,PITCH-CHAI,5.00,INR,2026-08-17T14:38:00Z,captured,c258,Chai
ch01059,PITCH-CHAI,5.00,INR,2026-08-17T15:39:00Z,captured,c259,Chai
ch01060,PITCH-CHAI,5.00,INR,2026-08-17T16:40:00Z,captured,c260,Chai
ch01061,PITCH-CHAI,5.00,INR,2026-08-17T17:41:00Z,captured,c261,Chai
ch01062,PITCH-CHAI,5.00,INR,2026-08-17T18:42:00Z,captured,c262,Chai
ch01063,PITCH-CHAI,5.00,INR,2026-08-17T19:43:00Z,captured,c263,Chai
ch01064,PITCH-CHAI,5.00,INR,2026-08-17T06:44:00Z,captured,c264,Chai
ch01065,PITCH-CHAI,5.00,INR,2026-08-17T07:45:00Z,captured,c265,Chai
ch01066,PITCH-CHAI,5.00,INR,2026-08-17T08:46:00Z,captured,c266,Chai
ch01067,PITCH-CHAI,5.00,INR,2026-08-17T09:47:00Z,captured,c267,Chai
ch01068,PITCH-CHAI,5.00,INR,2026-08-17T10:48:00Z,captured,c268,Chai
ch01069,PITCH-CHAI,5.00,INR,2026-08-17T11:49:00Z,captured,c269,Chai
ch01070,PITCH-CHAI,5.00,INR,2026-08-17T12:50:00Z,captured,c270,Chai
ch01071,PITCH-CHAI,5.00,INR,2026-08-17T13:51:00Z,captured,c271,Chai
ch01072,PITCH-CHAI,5.00,INR,2026-08-17T14:52:00Z,captured,c272,Chai
ch01073,PITCH-CHAI,5.00,INR,2026-08-17T15:53:00Z,captured,c273,Chai
ch01074,PITCH-CHAI,5.00,INR,2026-08-17T16:54:00Z,captured,c274,Chai
ch01075,PITCH-CHAI,5.00,INR,2026-08-17T17:55:00Z,captured,c275,Chai
ch01076,PITCH-CHAI,5.00,INR,2026-08-17T18:56:00Z,captured,c276,Chai
ch01077,PITCH-CHAI,5.00,INR,2026-08-17T19:57:00Z,captured,c277,Chai
ch01078,PITCH-CHAI,5.00,INR,2026-08-17T06:58:00Z,captured,c278,Chai
ch01079,PITCH-CHAI,5.00,INR,2026-08-17T07:59:00Z,captured,c279,Chai
ch01080,PITCH-CHAI,5.00,INR,2026-08-17T08:00:00Z,captured,c280,Chai
ch01081,PITCH-CHAI,5.00,INR,2026-08-17T09:01:00Z,captured,c281,Chai
ch01082,PITCH-CHAI,5.00,INR,2026-08-17T10:02:00Z,captured,c282,Chai
ch01083,PITCH-CHAI,5.00,INR,2026-08-17T11:03:00Z,captured,c283,Chai
ch01084,PITCH-CHAI,5.00,INR,2026-08-17T12:04:00Z,captured,c284,Chai
ch01085,PITCH-CHAI,5.00,INR,2026-08-17T13:05:00Z,captured,c285,Chai
ch01086,PITCH-CHAI,5.00,INR,2026-08-17T14:06:00Z,captured,c286,Chai
ch01087,PITCH-CHAI,5.00,INR,2026-08-17T15:07:00Z,captured,c287,Chai
ch01088,PITCH-CHAI,5.00,INR,2026-08-17T16:08:00Z,captured,c288,Chai
ch01089,PITCH-CHAI,5.00,INR,2026-08-17T17:09:00Z,captured,c289,Chai
ch01090,PITCH-CHAI,5.00,INR,2026-08-17T18:10:00Z,captured,c290,Chai
ch01091,PITCH-CHAI,5.00,INR,2026-08-17T19:11:00Z,captured,c291,Chai
ch01092,PITCH-CHAI,5.00,INR,2026-08-17T06:12:00Z,captured,c292,Chai
ch01093,PITCH-CHAI,5.00,INR,2026-08-17T07:13:00Z,captured,c293,Chai
ch01094,PITCH-CHAI,5.00,INR,2026-08-17T08:14:00Z,captured,c294,Chai
ch01095,PITCH-CHAI,5.00,INR,2026-08-17T09:15:00Z,captured,c295,Chai
ch01096,PITCH-CHAI,5.00,INR,2026-08-17T10:16:00Z,captured,c296,Chai
ch01097,PITCH-CHAI,5.00,INR,2026-08-17T11:17:00Z,captured,c297,Chai
ch01098,PITCH-CHAI,5.00,INR,2026-08-17T12:18:00Z,captured,c298,Chai
ch01099,PITCH-CHAI,5.00,INR,2026-08-17T13:19:00Z,captured,c299,Chai
ch01100,PITCH-CHAI,5.00,INR,2026-08-17T14:20:00Z,captured,c300,Chai
ch01101,PITCH-CHAI,5.00,INR,2026-08-17T15:21:00Z,captured,c301,Chai
ch01102,PITCH-CHAI,5.00,INR,2026-08-17T16:22:00Z,captured,c302,Chai
ch01103,PITCH-CHAI,5.00,INR,2026-08-17T17:23:00Z,captured,c303,Chai
ch01104,PITCH-CHAI,5.00,INR,2026-08-17T18:24:00Z,captured,c304,Chai
ch01105,PITCH-CHAI,5.00,INR,2026-08-17T19:25:00Z,captured,c305,Chai
ch01106,PITCH-CHAI,5.00,INR,2026-08-17T06:26:00Z,captured,c306,Chai
ch01107,PITCH-CHAI,5.00,INR,2026-08-17T07:27:00Z,captured,c307,Chai
ch01108,PITCH-CHAI,5.00,INR,2026-08-17T08:28:00Z,captured,c308,Chai
ch01109,PITCH-CHAI,5.00,INR,2026-08-17T09:29:00Z,captured,c309,Chai
ch01110,PITCH-CHAI,5.00,INR,2026-08-17T10:30:00Z,captured,c310,Chai
ch01111,PITCH-CHAI,5.00,INR,2026-08-17T11:31:00Z,captured,c311,Chai
ch01112,PITCH-CHAI,5.00,INR,2026-08-17T12:32:00Z,captured,c312,Chai
ch01113,PITCH-CHAI,5.00,INR,2026-08-17T13:33:00Z,captured,c313,Chai
ch01114,PITCH-CHAI,5.00,INR,2026-08-17T14:34:00Z,captured,c314,Chai
ch01115,PITCH-CHAI,5.00,INR,2026-08-17T15:35:00Z,captured,c315,Chai
ch01116,PITCH-CHAI,5.00,INR,2026-08-17T16:36:00Z,captured,c316,Chai
ch01117,PITCH-CHAI,5.00,INR,2026-08-17T17:37:00Z,captured,c317,Chai
ch01118,PITCH-CHAI,5.00,INR,2026-08-17T18:38:00Z,captured,c318,Chai
ch01119,PITCH-CHAI,5.00,INR,2026-08-17T19:39:00Z,captured,c319,Chai
ch01120,PITCH-CHAI,5.00,INR,2026-08-17T06:40:00Z,captured,c320,Chai
ch01121,PITCH-CHAI,5.00,INR,2026-08-17T07:41:00Z,captured,c321,Chai
ch01122,PITCH-CHAI,5.00,INR,2026-08-17T08:42:00Z,captured,c322,Chai
ch01123,PITCH-CHAI,5.00,INR,2026-08-17T09:43:00Z,captured,c323,Chai
ch01124,PITCH-CHAI,5.00,INR,2026-08-17T10:44:00Z,captured,c324,Chai
ch01125,PITCH-CHAI,5.00,INR,2026-08-17T11:45:00Z,captured,c325,Chai
ch01126,PITCH-CHAI,5.00,INR,2026-08-17T12:46:00Z,captured,c326,Chai
ch01127,PITCH-CHAI,5.00,INR,2026-08-17T13:47:00Z,captured,c327,Chai
ch01128,PITCH-CHAI,5.00,INR,2026-08-17T14:48:00Z,captured,c328,Chai
ch01129,PITCH-CHAI,5.00,INR,2026-08-17T15:49:00Z,captured,c329,Chai
ch01130,PITCH-CHAI,5.00,INR,2026-08-17T16:50:00Z,captured,c330,Chai
ch01131,PITCH-CHAI,5.00,INR,2026-08-17T17:51:00Z,captured,c331,Chai
ch01132,PITCH-CHAI,5.00,INR,2026-08-17T18:52:00Z,captured,c332,Chai
ch01133,PITCH-CHAI,5.00,INR,2026-08-17T19:53:00Z,captured,c333,Chai
ch01134,PITCH-CHAI,5.00,INR,2026-08-17T06:54:00Z,captured,c334,Chai
ch01135,PITCH-CHAI,5.00,INR,2026-08-17T07:55:00Z,captured,c335,Chai
ch01136,PITCH-CHAI,5.00,INR,2026-08-17T08:56:00Z,captured,c336,Chai
ch01137,PITCH-CHAI,5.00,INR,2026-08-17T09:57:00Z,captured,c337,Chai
ch01138,PITCH-CHAI,5.00,INR,2026-08-17T10:58:00Z,captured,c338,Chai
ch01139,PITCH-CHAI,5.00,INR,2026-08-17T11:59:00Z,captured,c339,Chai
ch01140,PITCH-CHAI,5.00,INR,2026-08-17T12:00:00Z,captured,c340,Chai
ch01141,PITCH-CHAI,5.00,INR,2026-08-17T13:01:00Z,captured,c341,Chai
ch01142,PITCH-CHAI,5.00,INR,2026-08-17T14:02:00Z,captured,c342,Chai
ch01143,PITCH-CHAI,5.00,INR,2026-08-17T15:03:00Z,captured,c343,Chai
ch01144,PITCH-CHAI,5.00,INR,2026-08-17T16:04:00Z,captured,c344,Chai
ch01145,PITCH-CHAI,5.00,INR,2026-08-17T17:05:00Z,captured,c345,Chai
ch01146,PITCH-CHAI,5.00,INR,2026-08-17T18:06:00Z,captured,c346,Chai
ch01147,PITCH-CHAI,5.00,INR,2026-08-17T19:07:00Z,captured,c347,Chai
ch01148,PITCH-CHAI,5.00,INR,2026-08-17T06:08:00Z,captured,c348,Chai
ch01149,PITCH-CHAI,5.00,INR,2026-08-17T07:09:00Z,captured,c349,Chai
ch01150,PITCH-CHAI,5.00,INR,2026-08-17T08:10:00Z,captured,c350,Chai
ch01151,PITCH-CHAI,5.00,INR,2026-08-17T09:11:00Z,captured,c351,Chai
ch01152,PITCH-CHAI,5.00,INR,2026-08-17T10:12:00Z,captured,c352,Chai
ch01153,PITCH-CHAI,5.00,INR,2026-08-17T11:13:00Z,captured,c353,Chai
ch01154,PITCH-CHAI,5.00,INR,2026-08-17T12:14:00Z,captured,c354,Chai
ch01155,PITCH-CHAI,5.00,INR,2026-08-17T13:15:00Z,captured,c355,Chai
ch01156,PITCH-CHAI,5.00,INR,2026-08-17T14:16:00Z,captured,c356,Chai
ch01157,PITCH-CHAI,5.00,INR,2026-08-17T15:17:00Z,captured,c357,Chai
ch01158,PITCH-CHAI,5.00,INR,2026-08-17T16:18:00Z,captured,c358,Chai
ch01159,PITCH-CHAI,5.00,INR,2026-08-17T17:19:00Z,captured,c359,Chai
ch01160,PITCH-CHAI,5.00,INR,2026-08-17T18:20:00Z,captured,c360,Chai
ch01161,PITCH-CHAI,5.00,INR,2026-08-17T19:21:00Z,captured,c361,Chai
ch01162,PITCH-CHAI,5.00,INR,2026-08-17T06:22:00Z,captured,c362,Chai
ch01163,PITCH-CHAI,5.00,INR,2026-08-17T07:23:00Z,captured,c363,Chai
ch01164,PITCH-CHAI,5.00,INR,2026-08-17T08:24:00Z,captured,c364,Chai
ch01165,PITCH-CHAI,5.00,INR,2026-08-17T09:25:00Z,captured,c365,Chai
ch01166,PITCH-CHAI,5.00,INR,2026-08-17T10:26:00Z,captured,c366,Chai
ch01167,PITCH-CHAI,5.00,INR,2026-08-17T11:27:00Z,captured,c367,Chai
ch01168,PITCH-CHAI,5.00,INR,2026-08-17T12:28:00Z,captured,c368,Chai
ch01169,PITCH-CHAI,5.00,INR,2026-08-17T13:29:00Z,captured,c369,Chai
ch01170,PITCH-CHAI,5.00,INR,2026-08-17T14:30:00Z,captured,c370,Chai
ch01171,PITCH-CHAI,5.00,INR,2026-08-17T15:31:00Z,captured,c371,Chai
ch01172,PITCH-CHAI,5.00,INR,2026-08-17T16:32:00Z,captured,c372,Chai
ch01173,PITCH-CHAI,5.00,INR,2026-08-17T17:33:00Z,captured,c373,Chai
ch01174,PITCH-CHAI,5.00,INR,2026-08-17T18:34:00Z,captured,c374,Chai
ch01175,PITCH-CHAI,5.00,INR,2026-08-17T19:35:00Z,captured,c375,Chai
ch01176,PITCH-CHAI,5.00,INR,2026-08-17T06:36:00Z,captured,c376,Chai
ch01177,PITCH-CHAI,5.00,INR,2026-08-17T07:37:00Z,captured,c377,Chai
ch01178,PITCH-CHAI,5.00,INR,2026-08-17T08:38:00Z,captured,c378,Chai
ch01179,PITCH-CHAI,5.00,INR,2026-08-17T09:39:00Z,captured,c379,Chai
ch01180,PITCH-CHAI,5.00,INR,2026-08-17T10:40:00Z,captured,c380,Chai
ch01181,PITCH-CHAI,5.00,INR,2026-08-17T11:41:00Z,captured,c381,Chai
ch01182,PITCH-CHAI,5.00,INR,2026-08-17T12:42:00Z,captured,c382,Chai
ch01183,PITCH-CHAI,5.00,INR,2026-08-17T13:43:00Z,captured,c383,Chai
ch01184,PITCH-CHAI,5.00,INR,2026-08-17T14:44:00Z,captured,c384,Chai
ch01185,PITCH-CHAI,5.00,INR,2026-08-17T15:45:00Z,captured,c385,Chai
ch01186,PITCH-CHAI,5.00,INR,2026-08-17T16:46:00Z,captured,c386,Chai
ch01187,PITCH-CHAI,5.00,INR,2026-08-17T17:47:00Z,captured,c387,Chai
ch01188,PITCH-CHAI,5.00,INR,2026-08-17T18:48:00Z,captured,c388,Chai
ch01189,PITCH-CHAI,5.00,INR,2026-08-17T19:49:00Z,captured,c389,Chai
ch01190,PITCH-CHAI,5.00,INR,2026-08-17T06:50:00Z,captured,c390,Chai
ch01191,PITCH-CHAI,5.00,INR,2026-08-17T07:51:00Z,captured,c391,Chai
ch01192,PITCH-CHAI,5.00,INR,2026-08-17T08:52:00Z,captured,c392,Chai
ch01193,PITCH-CHAI,5.00,INR,2026-08-17T09:53:00Z,captured,c393,Chai
ch01194,PITCH-CHAI,5.00,INR,2026-08-17T10:54:00Z,captured,c394,Chai
ch01195,PITCH-CHAI,5.00,INR,2026-08-17T11:55:00Z,captured,c395,Chai
ch01196,PITCH-CHAI,5.00,INR,2026-08-17T12:56:00Z,captured,c396,Chai
ch01197,PITCH-CHAI,5.00,INR,2026-08-17T13:57:00Z,captured,c397,Chai
ch01198,PITCH-CHAI,5.00,INR,2026-08-17T14:58:00Z,captured,c398,Chai
ch01199,PITCH-CHAI,5.00,INR,2026-08-17T15:59:00Z,captured,c399,Chai
ch01200,PITCH-CHAI,5.00,INR,2026-08-17T16:00:00Z,captured,c0,Chai
ch01201,PITCH-CHAI,5.00,INR,2026-08-17T17:01:00Z,captured,c1,Chai
ch01202,PITCH-CHAI,5.00,INR,2026-08-17T18:02:00Z,captured,c2,Chai
ch01203,PITCH-CHAI,5.00,INR,2026-08-17T19:03:00Z,captured,c3,Chai
ch01204,PITCH-CHAI,5.00,INR,2026-08-17T06:04:00Z,captured,c4,Chai
ch01205,PITCH-CHAI,5.00,INR,2026-08-17T07:05:00Z,captured,c5,Chai
ch01206,PITCH-CHAI,5.00,INR,2026-08-17T08:06:00Z,captured,c6,Chai
ch01207,PITCH-CHAI,5.00,INR,2026-08-17T09:07:00Z,captured,c7,Chai
ch01208,PITCH-CHAI,5.00,INR,2026-08-17T10:08:00Z,captured,c8,Chai
ch01209,PITCH-CHAI,5.00,INR,2026-08-17T11:09:00Z,captured,c9,Chai
ch01210,PITCH-CHAI,5.00,INR,2026-08-17T12:10:00Z,captured,c10,Chai
ch01211,PITCH-CHAI,5.00,INR,2026-08-17T13:11:00Z,captured,c11,Chai
ch01212,PITCH-CHAI,5.00,INR,2026-08-17T14:12:00Z,captured,c12,Chai
ch01213,PITCH-CHAI,5.00,INR,2026-08-17T15:13:00Z,captured,c13,Chai
ch01214,PITCH-CHAI,5.00,INR,2026-08-17T16:14:00Z,captured,c14,Chai
ch01215,PITCH-CHAI,5.00,INR,2026-08-17T17:15:00Z,captured,c15,Chai
ch01216,PITCH-CHAI,5.00,INR,2026-08-17T18:16:00Z,captured,c16,Chai
ch01217,PITCH-CHAI,5.00,INR,2026-08-17T19:17:00Z,captured,c17,Chai
ch01218,PITCH-CHAI,5.00,INR,2026-08-17T06:18:00Z,captured,c18,Chai
ch01219,PITCH-CHAI,5.00,INR,2026-08-17T07:19:00Z,captured,c19,Chai
ch01220,PITCH-CHAI,5.00,INR,2026-08-17T08:20:00Z,captured,c20,Chai
ch01221,PITCH-CHAI,5.00,INR,2026-08-17T09:21:00Z,captured,c21,Chai
ch01222,PITCH-CHAI,5.00,INR,2026-08-17T10:22:00Z,captured,c22,Chai
ch01223,PITCH-CHAI,5.00,INR,2026-08-17T11:23:00Z,captured,c23,Chai
ch01224,PITCH-CHAI,5.00,INR,2026-08-17T12:24:00Z,captured,c24,Chai
ch01225,PITCH-CHAI,5.00,INR,2026-08-17T13:25:00Z,captured,c25,Chai
ch01226,PITCH-CHAI,5.00,INR,2026-08-17T14:26:00Z,captured,c26,Chai
ch01227,PITCH-CHAI,5.00,INR,2026-08-17T15:27:00Z,captured,c27,Chai
ch01228,PITCH-CHAI,5.00,INR,2026-08-17T16:28:00Z,captured,c28,Chai
ch01229,PITCH-CHAI,5.00,INR,2026-08-17T17:29:00Z,captured,c29,Chai
ch01230,PITCH-CHAI,5.00,INR,2026-08-17T18:30:00Z,captured,c30,Chai
ch01231,PITCH-CHAI,5.00,INR,2026-08-17T19:31:00Z,captured,c31,Chai
ch01232,PITCH-CHAI,5.00,INR,2026-08-17T06:32:00Z,captured,c32,Chai
ch01233,PITCH-CHAI,5.00,INR,2026-08-17T07:33:00Z,captured,c33,Chai
ch01234,PITCH-CHAI,5.00,INR,2026-08-17T08:34:00Z,captured,c34,Chai
ch01235,PITCH-CHAI,5.00,INR,2026-08-17T09:35:00Z,captured,c35,Chai
ch01236,PITCH-CHAI,5.00,INR,2026-08-17T10:36:00Z,captured,c36,Chai
ch01237,PITCH-CHAI,5.00,INR,2026-08-17T11:37:00Z,captured,c37,Chai
ch01238,PITCH-CHAI,5.00,INR,2026-08-17T12:38:00Z,captured,c38,Chai
ch01239,PITCH-CHAI,5.00,INR,2026-08-17T13:39:00Z,captured,c39,Chai
ch01240,PITCH-CHAI,5.00,INR,2026-08-17T14:40:00Z,captured,c40,Chai
ch01241,PITCH-CHAI,5.00,INR,2026-08-17T15:41:00Z,captured,c41,Chai
ch01242,PITCH-CHAI,5.00,INR,2026-08-17T16:42:00Z,captured,c42,Chai
ch01243,PITCH-CHAI,5.00,INR,2026-08-17T17:43:00Z,captured,c43,Chai
ch01244,PITCH-CHAI,5.00,INR,2026-08-17T18:44:00Z,captured,c44,Chai
ch01245,PITCH-CHAI,5.00,INR,2026-08-17T19:45:00Z,captured,c45,Chai
ch01246,PITCH-CHAI,5.00,INR,2026-08-17T06:46:00Z,captured,c46,Chai
ch01247,PITCH-CHAI,5.00,INR,2026-08-17T07:47:00Z,captured,c47,Chai
ch01248,PITCH-CHAI,5.00,INR,2026-08-17T08:48:00Z,captured,c48,Chai
ch01249,PITCH-CHAI,5.00,INR,2026-08-17T09:49:00Z,captured,c49,Chai
ch01250,PITCH-CHAI,5.00,INR,2026-08-17T10:50:00Z,captured,c50,Chai
ch01251,PITCH-CHAI,5.00,INR,2026-08-17T11:51:00Z,captured,c51,Chai
ch01252,PITCH-CHAI,5.00,INR,2026-08-17T12:52:00Z,captured,c52,Chai
ch01253,PITCH-CHAI,5.00,INR,2026-08-17T13:53:00Z,captured,c53,Chai
ch01254,PITCH-CHAI,5.00,INR,2026-08-17T14:54:00Z,captured,c54,Chai
ch01255,PITCH-CHAI,5.00,INR,2026-08-17T15:55:00Z,captured,c55,Chai
ch01256,PITCH-CHAI,5.00,INR,2026-08-17T16:56:00Z,captured,c56,Chai
ch01257,PITCH-CHAI,5.00,INR,2026-08-17T17:57:00Z,captured,c57,Chai
ch01258,PITCH-CHAI,5.00,INR,2026-08-17T18:58:00Z,captured,c58,Chai
ch01259,PITCH-CHAI,5.00,INR,2026-08-17T19:59:00Z,captured,c59,Chai
ch01260,PITCH-CHAI,5.00,INR,2026-08-17T06:00:00Z,captured,c60,Chai
ch01261,PITCH-CHAI,5.00,INR,2026-08-17T07:01:00Z,captured,c61,Chai
ch01262,PITCH-CHAI,5.00,INR,2026-08-17T08:02:00Z,captured,c62,Chai
ch01263,PITCH-CHAI,5.00,INR,2026-08-17T09:03:00Z,captured,c63,Chai
ch01264,PITCH-CHAI,5.00,INR,2026-08-17T10:04:00Z,captured,c64,Chai
ch01265,PITCH-CHAI,5.00,INR,2026-08-17T11:05:00Z,captured,c65,Chai
ch01266,PITCH-CHAI,5.00,INR,2026-08-17T12:06:00Z,captured,c66,Chai
ch01267,PITCH-CHAI,5.00,INR,2026-08-17T13:07:00Z,captured,c67,Chai
ch01268,PITCH-CHAI,5.00,INR,2026-08-17T14:08:00Z,captured,c68,Chai
ch01269,PITCH-CHAI,5.00,INR,2026-08-17T15:09:00Z,captured,c69,Chai
ch01270,PITCH-CHAI,5.00,INR,2026-08-17T16:10:00Z,captured,c70,Chai
ch01271,PITCH-CHAI,5.00,INR,2026-08-17T17:11:00Z,captured,c71,Chai
ch01272,PITCH-CHAI,5.00,INR,2026-08-17T18:12:00Z,captured,c72,Chai
ch01273,PITCH-CHAI,5.00,INR,2026-08-17T19:13:00Z,captured,c73,Chai
ch01274,PITCH-CHAI,5.00,INR,2026-08-17T06:14:00Z,captured,c74,Chai
ch01275,PITCH-CHAI,5.00,INR,2026-08-17T07:15:00Z,captured,c75,Chai
ch01276,PITCH-CHAI,5.00,INR,2026-08-17T08:16:00Z,captured,c76,Chai
ch01277,PITCH-CHAI,5.00,INR,2026-08-17T09:17:00Z,captured,c77,Chai
ch01278,PITCH-CHAI,5.00,INR,2026-08-17T10:18:00Z,captured,c78,Chai
ch01279,PITCH-CHAI,5.00,INR,2026-08-17T11:19:00Z,captured,c79,Chai
ch01280,PITCH-CHAI,5.00,INR,2026-08-17T12:20:00Z,captured,c80,Chai
ch01281,PITCH-CHAI,5.00,INR,2026-08-17T13:21:00Z,captured,c81,Chai
ch01282,PITCH-CHAI,5.00,INR,2026-08-17T14:22:00Z,captured,c82,Chai
ch01283,PITCH-CHAI,5.00,INR,2026-08-17T15:23:00Z,captured,c83,Chai
ch01284,PITCH-CHAI,5.00,INR,2026-08-17T16:24:00Z,captured,c84,Chai
ch01285,PITCH-CHAI,5.00,INR,2026-08-17T17:25:00Z,captured,c85,Chai
ch01286,PITCH-CHAI,5.00,INR,2026-08-17T18:26:00Z,captured,c86,Chai
ch01287,PITCH-CHAI,5.00,INR,2026-08-17T19:27:00Z,captured,c87,Chai
ch01288,PITCH-CHAI,5.00,INR,2026-08-17T06:28:00Z,captured,c88,Chai
ch01289,PITCH-CHAI,5.00,INR,2026-08-17T07:29:00Z,captured,c89,Chai
ch01290,PITCH-CHAI,5.00,INR,2026-08-17T08:30:00Z,captured,c90,Chai
ch01291,PITCH-CHAI,5.00,INR,2026-08-17T09:31:00Z,captured,c91,Chai
ch01292,PITCH-CHAI,5.00,INR,2026-08-17T10:32:00Z,captured,c92,Chai
ch01293,PITCH-CHAI,5.00,INR,2026-08-17T11:33:00Z,captured,c93,Chai
ch01294,PITCH-CHAI,5.00,INR,2026-08-17T12:34:00Z,captured,c94,Chai
ch01295,PITCH-CHAI,5.00,INR,2026-08-17T13:35:00Z,captured,c95,Chai
ch01296,PITCH-CHAI,5.00,INR,2026-08-17T14:36:00Z,captured,c96,Chai
ch01297,PITCH-CHAI,5.00,INR,2026-08-17T15:37:00Z,captured,c97,Chai
ch01298,PITCH-CHAI,5.00,INR,2026-08-17T16:38:00Z,captured,c98,Chai
ch01299,PITCH-CHAI,5.00,INR,2026-08-17T17:39:00Z,captured,c99,Chai
ch01300,PITCH-CHAI,5.00,INR,2026-08-17T18:40:00Z,captured,c100,Chai
ch01301,PITCH-CHAI,5.00,INR,2026-08-17T19:41:00Z,captured,c101,Chai
ch01302,PITCH-CHAI,5.00,INR,2026-08-17T06:42:00Z,captured,c102,Chai
ch01303,PITCH-CHAI,5.00,INR,2026-08-17T07:43:00Z,captured,c103,Chai
ch01304,PITCH-CHAI,5.00,INR,2026-08-17T08:44:00Z,captured,c104,Chai
ch01305,PITCH-CHAI,5.00,INR,2026-08-17T09:45:00Z,captured,c105,Chai
ch01306,PITCH-CHAI,5.00,INR,2026-08-17T10:46:00Z,captured,c106,Chai
ch01307,PITCH-CHAI,5.00,INR,2026-08-17T11:47:00Z,captured,c107,Chai
ch01308,PITCH-CHAI,5.00,INR,2026-08-17T12:48:00Z,captured,c108,Chai
ch01309,PITCH-CHAI,5.00,INR,2026-08-17T13:49:00Z,captured,c109,Chai
ch01310,PITCH-CHAI,5.00,INR,2026-08-17T14:50:00Z,captured,c110,Chai
ch01311,PITCH-CHAI,5.00,INR,2026-08-17T15:51:00Z,captured,c111,Chai
ch01312,PITCH-CHAI,5.00,INR,2026-08-17T16:52:00Z,captured,c112,Chai
ch01313,PITCH-CHAI,5.00,INR,2026-08-17T17:53:00Z,captured,c113,Chai
ch01314,PITCH-CHAI,5.00,INR,2026-08-17T18:54:00Z,captured,c114,Chai
ch01315,PITCH-CHAI,5.00,INR,2026-08-17T19:55:00Z,captured,c115,Chai
ch01316,PITCH-CHAI,5.00,INR,2026-08-17T06:56:00Z,captured,c116,Chai
ch01317,PITCH-CHAI,5.00,INR,2026-08-17T07:57:00Z,captured,c117,Chai
ch01318,PITCH-CHAI,5.00,INR,2026-08-17T08:58:00Z,captured,c118,Chai
ch01319,PITCH-CHAI,5.00,INR,2026-08-17T09:59:00Z,captured,c119,Chai
ch01320,PITCH-CHAI,5.00,INR,2026-08-17T10:00:00Z,captured,c120,Chai
ch01321,PITCH-CHAI,5.00,INR,2026-08-17T11:01:00Z,captured,c121,Chai
ch01322,PITCH-CHAI,5.00,INR,2026-08-17T12:02:00Z,captured,c122,Chai
ch01323,PITCH-CHAI,5.00,INR,2026-08-17T13:03:00Z,captured,c123,Chai
ch01324,PITCH-CHAI,5.00,INR,2026-08-17T14:04:00Z,captured,c124,Chai
ch01325,PITCH-CHAI,5.00,INR,2026-08-17T15:05:00Z,captured,c125,Chai
ch01326,PITCH-CHAI,5.00,INR,2026-08-17T16:06:00Z,captured,c126,Chai
ch01327,PITCH-CHAI,5.00,INR,2026-08-17T17:07:00Z,captured,c127,Chai
ch01328,PITCH-CHAI,5.00,INR,2026-08-17T18:08:00Z,captured,c128,Chai
ch01329,PITCH-CHAI,5.00,INR,2026-08-17T19:09:00Z,captured,c129,Chai
ch01330,PITCH-CHAI,5.00,INR,2026-08-17T06:10:00Z,captured,c130,Chai
ch01331,PITCH-CHAI,5.00,INR,2026-08-17T07:11:00Z,captured,c131,Chai
ch01332,PITCH-CHAI,5.00,INR,2026-08-17T08:12:00Z,captured,c132,Chai
ch01333,PITCH-CHAI,5.00,INR,2026-08-17T09:13:00Z,captured,c133,Chai
ch01334,PITCH-CHAI,5.00,INR,2026-08-17T10:14:00Z,captured,c134,Chai
ch01335,PITCH-CHAI,5.00,INR,2026-08-17T11:15:00Z,captured,c135,Chai
ch01336,PITCH-CHAI,5.00,INR,2026-08-17T12:16:00Z,captured,c136,Chai
ch01337,PITCH-CHAI,5.00,INR,2026-08-17T13:17:00Z,captured,c137,Chai
ch01338,PITCH-CHAI,5.00,INR,2026-08-17T14:18:00Z,captured,c138,Chai
ch01339,PITCH-CHAI,5.00,INR,2026-08-17T15:19:00Z,captured,c139,Chai
ch01340,PITCH-CHAI,5.00,INR,2026-08-17T16:20:00Z,captured,c140,Chai
ch01341,PITCH-CHAI,5.00,INR,2026-08-17T17:21:00Z,captured,c141,Chai
ch01342,PITCH-CHAI,5.00,INR,2026-08-17T18:22:00Z,captured,c142,Chai
ch01343,PITCH-CHAI,5.00,INR,2026-08-17T19:23:00Z,captured,c143,Chai
ch01344,PITCH-CHAI,5.00,INR,2026-08-17T06:24:00Z,captured,c144,Chai
ch01345,PITCH-CHAI,5.00,INR,2026-08-17T07:25:00Z,captured,c145,Chai
ch01346,PITCH-CHAI,5.00,INR,2026-08-17T08:26:00Z,captured,c146,Chai
ch01347,PITCH-CHAI,5.00,INR,2026-08-17T09:27:00Z,captured,c147,Chai
ch01348,PITCH-CHAI,5.00,INR,2026-08-17T10:28:00Z,captured,c148,Chai
ch01349,PITCH-CHAI,5.00,INR,2026-08-17T11:29:00Z,captured,c149,Chai
ch01350,PITCH-CHAI,5.00,INR,2026-08-17T12:30:00Z,captured,c150,Chai
ch01351,PITCH-CHAI,5.00,INR,2026-08-17T13:31:00Z,captured,c151,Chai
ch01352,PITCH-CHAI,5.00,INR,2026-08-17T14:32:00Z,captured,c152,Chai
ch01353,PITCH-CHAI,5.00,INR,2026-08-17T15:33:00Z,captured,c153,Chai
ch01354,PITCH-CHAI,5.00,INR,2026-08-17T16:34:00Z,captured,c154,Chai
ch01355,PITCH-CHAI,5.00,INR,2026-08-17T17:35:00Z,captured,c155,Chai
ch01356,PITCH-CHAI,5.00,INR,2026-08-17T18:36:00Z,captured,c156,Chai
ch01357,PITCH-CHAI,5.00,INR,2026-08-17T19:37:00Z,captured,c157,Chai
ch01358,PITCH-CHAI,5.00,INR,2026-08-17T06:38:00Z,captured,c158,Chai
ch01359,PITCH-CHAI,5.00,INR,2026-08-17T07:39:00Z,captured,c159,Chai
ch01360,PITCH-CHAI,5.00,INR,2026-08-17T08:40:00Z,captured,c160,Chai
ch01361,PITCH-CHAI,5.00,INR,2026-08-17T09:41:00Z,captured,c161,Chai
ch01362,PITCH-CHAI,5.00,INR,2026-08-17T10:42:00Z,captured,c162,Chai
ch01363,PITCH-CHAI,5.00,INR,2026-08-17T11:43:00Z,captured,c163,Chai
ch01364,PITCH-CHAI,5.00,INR,2026-08-17T12:44:00Z,captured,c164,Chai
ch01365,PITCH-CHAI,5.00,INR,2026-08-17T13:45:00Z,captured,c165,Chai
ch01366,PITCH-CHAI,5.00,INR,2026-08-17T14:46:00Z,captured,c166,Chai
ch01367,PITCH-CHAI,5.00,INR,2026-08-17T15:47:00Z,captured,c167,Chai
ch01368,PITCH-CHAI,5.00,INR,2026-08-17T16:48:00Z,captured,c168,Chai
ch01369,PITCH-CHAI,5.00,INR,2026-08-17T17:49:00Z,captured,c169,Chai
ch01370,PITCH-CHAI,5.00,INR,2026-08-17T18:50:00Z,captured,c170,Chai
ch01371,PITCH-CHAI,5.00,INR,2026-08-17T19:51:00Z,captured,c171,Chai
ch01372,PITCH-CHAI,5.00,INR,2026-08-17T06:52:00Z,captured,c172,Chai
ch01373,PITCH-CHAI,5.00,INR,2026-08-17T07:53:00Z,captured,c173,Chai
ch01374,PITCH-CHAI,5.00,INR,2026-08-17T08:54:00Z,captured,c174,Chai
ch01375,PITCH-CHAI,5.00,INR,2026-08-17T09:55:00Z,captured,c175,Chai
ch01376,PITCH-CHAI,5.00,INR,2026-08-17T10:56:00Z,captured,c176,Chai
ch01377,PITCH-CHAI,5.00,INR,2026-08-17T11:57:00Z,captured,c177,Chai
ch01378,PITCH-CHAI,5.00,INR,2026-08-17T12:58:00Z,captured,c178,Chai
ch01379,PITCH-CHAI,5.00,INR,2026-08-17T13:59:00Z,captured,c179,Chai
ch01380,PITCH-CHAI,5.00,INR,2026-08-17T14:00:00Z,captured,c180,Chai
ch01381,PITCH-CHAI,5.00,INR,2026-08-17T15:01:00Z,captured,c181,Chai
ch01382,PITCH-CHAI,5.00,INR,2026-08-17T16:02:00Z,captured,c182,Chai
ch01383,PITCH-CHAI,5.00,INR,2026-08-17T17:03:00Z,captured,c183,Chai
ch01384,PITCH-CHAI,5.00,INR,2026-08-17T18:04:00Z,captured,c184,Chai
ch01385,PITCH-CHAI,5.00,INR,2026-08-17T19:05:00Z,captured,c185,Chai
ch01386,PITCH-CHAI,5.00,INR,2026-08-17T06:06:00Z,captured,c186,Chai
ch01387,PITCH-CHAI,5.00,INR,2026-08-17T07:07:00Z,captured,c187,Chai
ch01388,PITCH-CHAI,5.00,INR,2026-08-17T08:08:00Z,captured,c188,Chai
ch01389,PITCH-CHAI,5.00,INR,2026-08-17T09:09:00Z,captured,c189,Chai
ch01390,PITCH-CHAI,5.00,INR,2026-08-17T10:10:00Z,captured,c190,Chai
ch01391,PITCH-CHAI,5.00,INR,2026-08-17T11:11:00Z,captured,c191,Chai
ch01392,PITCH-CHAI,5.00,INR,2026-08-17T12:12:00Z,captured,c192,Chai
ch01393,PITCH-CHAI,5.00,INR,2026-08-17T13:13:00Z,captured,c193,Chai
ch01394,PITCH-CHAI,5.00,INR,2026-08-17T14:14:00Z,captured,c194,Chai
ch01395,PITCH-CHAI,5.00,INR,2026-08-17T15:15:00Z,captured,c195,Chai
ch01396,PITCH-CHAI,5.00,INR,2026-08-17T16:16:00Z,captured,c196,Chai
ch01397,PITCH-CHAI,5.00,INR,2026-08-17T17:17:00Z,captured,c197,Chai
ch01398,PITCH-CHAI,5.00,INR,2026-08-17T18:18:00Z,captured,c198,Chai
ch01399,PITCH-CHAI,5.00,INR,2026-08-17T19:19:00Z,captured,c199,Chai
ch01400,PITCH-CHAI,5.00,INR,2026-08-17T06:20:00Z,captured,c200,Chai
ch01401,PITCH-CHAI,5.00,INR,2026-08-17T07:21:00Z,captured,c201,Chai
ch01402,PITCH-CHAI,5.00,INR,2026-08-17T08:22:00Z,captured,c202,Chai
ch01403,PITCH-CHAI,5.00,INR,2026-08-17T09:23:00Z,captured,c203,Chai
ch01404,PITCH-CHAI,5.00,INR,2026-08-17T10:24:00Z,captured,c204,Chai
ch01405,PITCH-CHAI,5.00,INR,2026-08-17T11:25:00Z,captured,c205,Chai
ch01406,PITCH-CHAI,5.00,INR,2026-08-17T12:26:00Z,captured,c206,Chai
ch01407,PITCH-CHAI,5.00,INR,2026-08-17T13:27:00Z,captured,c207,Chai
ch01408,PITCH-CHAI,5.00,INR,2026-08-17T14:28:00Z,captured,c208,Chai
ch01409,PITCH-CHAI,5.00,INR,2026-08-17T15:29:00Z,captured,c209,Chai
ch01410,PITCH-CHAI,5.00,INR,2026-08-17T16:30:00Z,captured,c210,Chai
ch01411,PITCH-CHAI,5.00,INR,2026-08-17T17:31:00Z,captured,c211,Chai
ch01412,PITCH-CHAI,5.00,INR,2026-08-17T18:32:00Z,captured,c212,Chai
ch01413,PITCH-CHAI,5.00,INR,2026-08-17T19:33:00Z,captured,c213,Chai
ch01414,PITCH-CHAI,5.00,INR,2026-08-17T06:34:00Z,captured,c214,Chai
ch01415,PITCH-CHAI,5.00,INR,2026-08-17T07:35:00Z,captured,c215,Chai
ch01416,PITCH-CHAI,5.00,INR,2026-08-17T08:36:00Z,captured,c216,Chai
ch01417,PITCH-CHAI,5.00,INR,2026-08-17T09:37:00Z,captured,c217,Chai
ch01418,PITCH-CHAI,5.00,INR,2026-08-17T10:38:00Z,captured,c218,Chai
ch01419,PITCH-CHAI,5.00,INR,2026-08-17T11:39:00Z,captured,c219,Chai
ch01420,PITCH-CHAI,5.00,INR,2026-08-17T12:40:00Z,captured,c220,Chai
ch01421,PITCH-CHAI,5.00,INR,2026-08-17T13:41:00Z,captured,c221,Chai
ch01422,PITCH-CHAI,5.00,INR,2026-08-17T14:42:00Z,captured,c222,Chai
ch01423,PITCH-CHAI,5.00,INR,2026-08-17T15:43:00Z,captured,c223,Chai
ch01424,PITCH-CHAI,5.00,INR,2026-08-17T16:44:00Z,captured,c224,Chai
ch01425,PITCH-CHAI,5.00,INR,2026-08-17T17:45:00Z,captured,c225,Chai
ch01426,PITCH-CHAI,5.00,INR,2026-08-17T18:46:00Z,captured,c226,Chai
ch01427,PITCH-CHAI,5.00,INR,2026-08-17T19:47:00Z,captured,c227,Chai
ch01428,PITCH-CHAI,5.00,INR,2026-08-17T06:48:00Z,captured,c228,Chai
ch01429,PITCH-CHAI,5.00,INR,2026-08-17T07:49:00Z,captured,c229,Chai
ch01430,PITCH-CHAI,5.00,INR,2026-08-17T08:50:00Z,captured,c230,Chai
ch01431,PITCH-CHAI,5.00,INR,2026-08-17T09:51:00Z,captured,c231,Chai
ch01432,PITCH-CHAI,5.00,INR,2026-08-17T10:52:00Z,captured,c232,Chai
ch01433,PITCH-CHAI,5.00,INR,2026-08-17T11:53:00Z,captured,c233,Chai
ch01434,PITCH-CHAI,5.00,INR,2026-08-17T12:54:00Z,captured,c234,Chai
ch01435,PITCH-CHAI,5.00,INR,2026-08-17T13:55:00Z,captured,c235,Chai
ch01436,PITCH-CHAI,5.00,INR,2026-08-17T14:56:00Z,captured,c236,Chai
ch01437,PITCH-CHAI,5.00,INR,2026-08-17T15:57:00Z,captured,c237,Chai
ch01438,PITCH-CHAI,5.00,INR,2026-08-17T16:58:00Z,captured,c238,Chai
ch01439,PITCH-CHAI,5.00,INR,2026-08-17T17:59:00Z,captured,c239,Chai
ch01440,PITCH-CHAI,5.00,INR,2026-08-17T18:00:00Z,captured,c240,Chai
ch01441,PITCH-CHAI,5.00,INR,2026-08-17T19:01:00Z,captured,c241,Chai
ch01442,PITCH-CHAI,5.00,INR,2026-08-17T06:02:00Z,captured,c242,Chai
ch01443,PITCH-CHAI,5.00,INR,2026-08-17T07:03:00Z,captured,c243,Chai
ch01444,PITCH-CHAI,5.00,INR,2026-08-17T08:04:00Z,captured,c244,Chai
ch01445,PITCH-CHAI,5.00,INR,2026-08-17T09:05:00Z,captured,c245,Chai
ch01446,PITCH-CHAI,5.00,INR,2026-08-17T10:06:00Z,captured,c246,Chai
ch01447,PITCH-CHAI,5.00,INR,2026-08-17T11:07:00Z,captured,c247,Chai
ch01448,PITCH-CHAI,5.00,INR,2026-08-17T12:08:00Z,captured,c248,Chai
ch01449,PITCH-CHAI,5.00,INR,2026-08-17T13:09:00Z,captured,c249,Chai
ch01450,PITCH-CHAI,5.00,INR,2026-08-17T14:10:00Z,captured,c250,Chai
ch01451,PITCH-CHAI,5.00,INR,2026-08-17T15:11:00Z,captured,c251,Chai
ch01452,PITCH-CHAI,5.00,INR,2026-08-17T16:12:00Z,captured,c252,Chai
ch01453,PITCH-CHAI,5.00,INR,2026-08-17T17:13:00Z,captured,c253,Chai
ch01454,PITCH-CHAI,5.00,INR,2026-08-17T18:14:00Z,captured,c254,Chai
ch01455,PITCH-CHAI,5.00,INR,2026-08-17T19:15:00Z,captured,c255,Chai
ch01456,PITCH-CHAI,5.00,INR,2026-08-17T06:16:00Z,captured,c256,Chai
ch01457,PITCH-CHAI,5.00,INR,2026-08-17T07:17:00Z,captured,c257,Chai
ch01458,PITCH-CHAI,5.00,INR,2026-08-17T08:18:00Z,captured,c258,Chai
ch01459,PITCH-CHAI,5.00,INR,2026-08-17T09:19:00Z,captured,c259,Chai
ch01460,PITCH-CHAI,5.00,INR,2026-08-17T10:20:00Z,captured,c260,Chai
ch01461,PITCH-CHAI,5.00,INR,2026-08-17T11:21:00Z,captured,c261,Chai
ch01462,PITCH-CHAI,5.00,INR,2026-08-17T12:22:00Z,captured,c262,Chai
ch01463,PITCH-CHAI,5.00,INR,2026-08-17T13:23:00Z,captured,c263,Chai
ch01464,PITCH-CHAI,5.00,INR,2026-08-17T14:24:00Z,captured,c264,Chai
ch01465,PITCH-CHAI,5.00,INR,2026-08-17T15:25:00Z,captured,c265,Chai
ch01466,PITCH-CHAI,5.00,INR,2026-08-17T16:26:00Z,captured,c266,Chai
ch01467,PITCH-CHAI,5.00,INR,2026-08-17T17:27:00Z,captured,c267,Chai
ch01468,PITCH-CHAI,5.00,INR,2026-08-17T18:28:00Z,captured,c268,Chai
ch01469,PITCH-CHAI,5.00,INR,2026-08-17T19:29:00Z,captured,c269,Chai
ch01470,PITCH-CHAI,5.00,INR,2026-08-17T06:30:00Z,captured,c270,Chai
ch01471,PITCH-CHAI,5.00,INR,2026-08-17T07:31:00Z,captured,c271,Chai
ch01472,PITCH-CHAI,5.00,INR,2026-08-17T08:32:00Z,captured,c272,Chai
ch01473,PITCH-CHAI,5.00,INR,2026-08-17T09:33:00Z,captured,c273,Chai
ch01474,PITCH-CHAI,5.00,INR,2026-08-17T10:34:00Z,captured,c274,Chai
ch01475,PITCH-CHAI,5.00,INR,2026-08-17T11:35:00Z,captured,c275,Chai
ch01476,PITCH-CHAI,5.00,INR,2026-08-17T12:36:00Z,captured,c276,Chai
ch01477,PITCH-CHAI,5.00,INR,2026-08-17T13:37:00Z,captured,c277,Chai
ch01478,PITCH-CHAI,5.00,INR,2026-08-17T14:38:00Z,captured,c278,Chai
ch01479,PITCH-CHAI,5.00,INR,2026-08-17T15:39:00Z,captured,c279,Chai
ch01480,PITCH-CHAI,5.00,INR,2026-08-17T16:40:00Z,captured,c280,Chai
ch01481,PITCH-CHAI,5.00,INR,2026-08-17T17:41:00Z,captured,c281,Chai
ch01482,PITCH-CHAI,5.00,INR,2026-08-17T18:42:00Z,captured,c282,Chai
ch01483,PITCH-CHAI,5.00,INR,2026-08-17T19:43:00Z,captured,c283,Chai
ch01484,PITCH-CHAI,5.00,INR,2026-08-17T06:44:00Z,captured,c284,Chai
ch01485,PITCH-CHAI,5.00,INR,2026-08-17T07:45:00Z,captured,c285,Chai
ch01486,PITCH-CHAI,5.00,INR,2026-08-17T08:46:00Z,captured,c286,Chai
ch01487,PITCH-CHAI,5.00,INR,2026-08-17T09:47:00Z,captured,c287,Chai
ch01488,PITCH-CHAI,5.00,INR,2026-08-17T10:48:00Z,captured,c288,Chai
ch01489,PITCH-CHAI,5.00,INR,2026-08-17T11:49:00Z,captured,c289,Chai
ch01490,PITCH-CHAI,5.00,INR,2026-08-17T12:50:00Z,captured,c290,Chai
ch01491,PITCH-CHAI,5.00,INR,2026-08-17T13:51:00Z,captured,c291,Chai
ch01492,PITCH-CHAI,5.00,INR,2026-08-17T14:52:00Z,captured,c292,Chai
ch01493,PITCH-CHAI,5.00,INR,2026-08-17T15:53:00Z,captured,c293,Chai
ch01494,PITCH-CHAI,5.00,INR,2026-08-17T16:54:00Z,captured,c294,Chai
ch01495,PITCH-CHAI,5.00,INR,2026-08-17T17:55:00Z,captured,c295,Chai
ch01496,PITCH-CHAI,5.00,INR,2026-08-17T18:56:00Z,captured,c296,Chai
ch01497,PITCH-CHAI,5.00,INR,2026-08-17T19:57:00Z,captured,c297,Chai
ch01498,PITCH-CHAI,5.00,INR,2026-08-17T06:58:00Z,captured,c298,Chai
ch01499,PITCH-CHAI,5.00,INR,2026-08-17T07:59:00Z,captured,c299,Chai
ch01500,PITCH-CHAI,5.00,INR,2026-08-17T08:00:00Z,captured,c300,Chai
ch01501,PITCH-CHAI,5.00,INR,2026-08-17T09:01:00Z,captured,c301,Chai
ch01502,PITCH-CHAI,5.00,INR,2026-08-17T10:02:00Z,captured,c302,Chai
ch01503,PITCH-CHAI,5.00,INR,2026-08-17T11:03:00Z,captured,c303,Chai
ch01504,PITCH-CHAI,5.00,INR,2026-08-17T12:04:00Z,captured,c304,Chai
ch01505,PITCH-CHAI,5.00,INR,2026-08-17T13:05:00Z,captured,c305,Chai
ch01506,PITCH-CHAI,5.00,INR,2026-08-17T14:06:00Z,captured,c306,Chai
ch01507,PITCH-CHAI,5.00,INR,2026-08-17T15:07:00Z,captured,c307,Chai
ch01508,PITCH-CHAI,5.00,INR,2026-08-17T16:08:00Z,captured,c308,Chai
ch01509,PITCH-CHAI,5.00,INR,2026-08-17T17:09:00Z,captured,c309,Chai
ch01510,PITCH-CHAI,5.00,INR,2026-08-17T18:10:00Z,captured,c310,Chai
ch01511,PITCH-CHAI,5.00,INR,2026-08-17T19:11:00Z,captured,c311,Chai
ch01512,PITCH-CHAI,5.00,INR,2026-08-17T06:12:00Z,captured,c312,Chai
ch01513,PITCH-CHAI,5.00,INR,2026-08-17T07:13:00Z,captured,c313,Chai
ch01514,PITCH-CHAI,5.00,INR,2026-08-17T08:14:00Z,captured,c314,Chai
ch01515,PITCH-CHAI,5.00,INR,2026-08-17T09:15:00Z,captured,c315,Chai
ch01516,PITCH-CHAI,5.00,INR,2026-08-17T10:16:00Z,captured,c316,Chai
ch01517,PITCH-CHAI,5.00,INR,2026-08-17T11:17:00Z,captured,c317,Chai
ch01518,PITCH-CHAI,5.00,INR,2026-08-17T12:18:00Z,captured,c318,Chai
ch01519,PITCH-CHAI,5.00,INR,2026-08-17T13:19:00Z,captured,c319,Chai
ch01520,PITCH-CHAI,5.00,INR,2026-08-17T14:20:00Z,captured,c320,Chai
ch01521,PITCH-CHAI,5.00,INR,2026-08-17T15:21:00Z,captured,c321,Chai
ch01522,PITCH-CHAI,5.00,INR,2026-08-17T16:22:00Z,captured,c322,Chai
ch01523,PITCH-CHAI,5.00,INR,2026-08-17T17:23:00Z,captured,c323,Chai
ch01524,PITCH-CHAI,5.00,INR,2026-08-17T18:24:00Z,captured,c324,Chai
ch01525,PITCH-CHAI,5.00,INR,2026-08-17T19:25:00Z,captured,c325,Chai
ch01526,PITCH-CHAI,5.00,INR,2026-08-17T06:26:00Z,captured,c326,Chai
ch01527,PITCH-CHAI,5.00,INR,2026-08-17T07:27:00Z,captured,c327,Chai
ch01528,PITCH-CHAI,5.00,INR,2026-08-17T08:28:00Z,captured,c328,Chai
ch01529,PITCH-CHAI,5.00,INR,2026-08-17T09:29:00Z,captured,c329,Chai
ch01530,PITCH-CHAI,5.00,INR,2026-08-17T10:30:00Z,captured,c330,Chai
ch01531,PITCH-CHAI,5.00,INR,2026-08-17T11:31:00Z,captured,c331,Chai
ch01532,PITCH-CHAI,5.00,INR,2026-08-17T12:32:00Z,captured,c332,Chai
ch01533,PITCH-CHAI,5.00,INR,2026-08-17T13:33:00Z,captured,c333,Chai
ch01534,PITCH-CHAI,5.00,INR,2026-08-17T14:34:00Z,captured,c334,Chai
ch01535,PITCH-CHAI,5.00,INR,2026-08-17T15:35:00Z,captured,c335,Chai
ch01536,PITCH-CHAI,5.00,INR,2026-08-17T16:36:00Z,captured,c336,Chai
ch01537,PITCH-CHAI,5.00,INR,2026-08-17T17:37:00Z,captured,c337,Chai
ch01538,PITCH-CHAI,5.00,INR,2026-08-17T18:38:00Z,captured,c338,Chai
ch01539,PITCH-CHAI,5.00,INR,2026-08-17T19:39:00Z,captured,c339,Chai
ch01540,PITCH-CHAI,5.00,INR,2026-08-17T06:40:00Z,captured,c340,Chai
ch01541,PITCH-CHAI,5.00,INR,2026-08-17T07:41:00Z,captured,c341,Chai
ch01542,PITCH-CHAI,5.00,INR,2026-08-17T08:42:00Z,captured,c342,Chai
ch01543,PITCH-CHAI,5.00,INR,2026-08-17T09:43:00Z,captured,c343,Chai
ch01544,PITCH-CHAI,5.00,INR,2026-08-17T10:44:00Z,captured,c344,Chai
ch01545,PITCH-CHAI,5.00,INR,2026-08-17T11:45:00Z,captured,c345,Chai
ch01546,PITCH-CHAI,5.00,INR,2026-08-17T12:46:00Z,captured,c346,Chai
ch01547,PITCH-CHAI,5.00,INR,2026-08-17T13:47:00Z,captured,c347,Chai
ch01548,PITCH-CHAI,5.00,INR,2026-08-17T14:48:00Z,captured,c348,Chai
ch01549,PITCH-CHAI,5.00,INR,2026-08-17T15:49:00Z,captured,c349,Chai
ch01550,PITCH-CHAI,5.00,INR,2026-08-17T16:50:00Z,captured,c350,Chai
ch01551,PITCH-CHAI,5.00,INR,2026-08-17T17:51:00Z,captured,c351,Chai
ch01552,PITCH-CHAI,5.00,INR,2026-08-17T18:52:00Z,captured,c352,Chai
ch01553,PITCH-CHAI,5.00,INR,2026-08-17T19:53:00Z,captured,c353,Chai
ch01554,PITCH-CHAI,5.00,INR,2026-08-17T06:54:00Z,captured,c354,Chai
ch01555,PITCH-CHAI,5.00,INR,2026-08-17T07:55:00Z,captured,c355,Chai
ch01556,PITCH-CHAI,5.00,INR,2026-08-17T08:56:00Z,captured,c356,Chai
ch01557,PITCH-CHAI,5.00,INR,2026-08-17T09:57:00Z,captured,c357,Chai
ch01558,PITCH-CHAI,5.00,INR,2026-08-17T10:58:00Z,captured,c358,Chai
ch01559,PITCH-CHAI,5.00,INR,2026-08-17T11:59:00Z,captured,c359,Chai
ch01560,PITCH-CHAI,5.00,INR,2026-08-17T12:00:00Z,captured,c360,Chai
ch01561,PITCH-CHAI,5.00,INR,2026-08-17T13:01:00Z,captured,c361,Chai
ch01562,PITCH-CHAI,5.00,INR,2026-08-17T14:02:00Z,captured,c362,Chai
ch01563,PITCH-CHAI,5.00,INR,2026-08-17T15:03:00Z,captured,c363,Chai
ch01564,PITCH-CHAI,5.00,INR,2026-08-17T16:04:00Z,captured,c364,Chai
ch01565,PITCH-CHAI,5.00,INR,2026-08-17T17:05:00Z,captured,c365,Chai
ch01566,PITCH-CHAI,5.00,INR,2026-08-17T18:06:00Z,captured,c366,Chai
ch01567,PITCH-CHAI,5.00,INR,2026-08-17T19:07:00Z,captured,c367,Chai
ch01568,PITCH-CHAI,5.00,INR,2026-08-17T06:08:00Z,captured,c368,Chai
ch01569,PITCH-CHAI,5.00,INR,2026-08-17T07:09:00Z,captured,c369,Chai
ch01570,PITCH-CHAI,5.00,INR,2026-08-17T08:10:00Z,captured,c370,Chai
ch01571,PITCH-CHAI,5.00,INR,2026-08-17T09:11:00Z,captured,c371,Chai
ch01572,PITCH-CHAI,5.00,INR,2026-08-17T10:12:00Z,captured,c372,Chai
ch01573,PITCH-CHAI,5.00,INR,2026-08-17T11:13:00Z,captured,c373,Chai
ch01574,PITCH-CHAI,5.00,INR,2026-08-17T12:14:00Z,captured,c374,Chai
ch01575,PITCH-CHAI,5.00,INR,2026-08-17T13:15:00Z,captured,c375,Chai
ch01576,PITCH-CHAI,5.00,INR,2026-08-17T14:16:00Z,captured,c376,Chai
ch01577,PITCH-CHAI,5.00,INR,2026-08-17T15:17:00Z,captured,c377,Chai
ch01578,PITCH-CHAI,5.00,INR,2026-08-17T16:18:00Z,captured,c378,Chai
ch01579,PITCH-CHAI,5.00,INR,2026-08-17T17:19:00Z,captured,c379,Chai
ch01580,PITCH-CHAI,5.00,INR,2026-08-17T18:20:00Z,captured,c380,Chai
ch01581,PITCH-CHAI,5.00,INR,2026-08-17T19:21:00Z,captured,c381,Chai
ch01582,PITCH-CHAI,5.00,INR,2026-08-17T06:22:00Z,captured,c382,Chai
ch01583,PITCH-CHAI,5.00,INR,2026-08-17T07:23:00Z,captured,c383,Chai
ch01584,PITCH-CHAI,5.00,INR,2026-08-17T08:24:00Z,captured,c384,Chai
ch01585,PITCH-CHAI,5.00,INR,2026-08-17T09:25:00Z,captured,c385,Chai
ch01586,PITCH-CHAI,5.00,INR,2026-08-17T10:26:00Z,captured,c386,Chai
ch01587,PITCH-CHAI,5.00,INR,2026-08-17T11:27:00Z,captured,c387,Chai
ch01588,PITCH-CHAI,5.00,INR,2026-08-17T12:28:00Z,captured,c388,Chai
ch01589,PITCH-CHAI,5.00,INR,2026-08-17T13:29:00Z,captured,c389,Chai
ch01590,PITCH-CHAI,5.00,INR,2026-08-17T14:30:00Z,captured,c390,Chai
ch01591,PITCH-CHAI,5.00,INR,2026-08-17T15:31:00Z,captured,c391,Chai
ch01592,PITCH-CHAI,5.00,INR,2026-08-17T16:32:00Z,captured,c392,Chai
ch01593,PITCH-CHAI,5.00,INR,2026-08-17T17:33:00Z,captured,c393,Chai
ch01594,PITCH-CHAI,5.00,INR,2026-08-17T18:34:00Z,captured,c394,Chai
ch01595,PITCH-CHAI,5.00,INR,2026-08-17T19:35:00Z,captured,c395,Chai
ch01596,PITCH-CHAI,5.00,INR,2026-08-17T06:36:00Z,captured,c396,Chai
ch01597,PITCH-CHAI,5.00,INR,2026-08-17T07:37:00Z,captured,c397,Chai
ch01598,PITCH-CHAI,5.00,INR,2026-08-17T08:38:00Z,captured,c398,Chai
ch01599,PITCH-CHAI,5.00,INR,2026-08-17T09:39:00Z,captured,c399,Chai
ch01600,PITCH-CHAI,5.00,INR,2026-08-17T10:40:00Z,captured,c0,Chai
ch01601,PITCH-CHAI,5.00,INR,2026-08-17T11:41:00Z,captured,c1,Chai
ch01602,PITCH-CHAI,5.00,INR,2026-08-17T12:42:00Z,captured,c2,Chai
ch01603,PITCH-CHAI,5.00,INR,2026-08-17T13:43:00Z,captured,c3,Chai
ch01604,PITCH-CHAI,5.00,INR,2026-08-17T14:44:00Z,captured,c4,Chai
ch01605,PITCH-CHAI,5.00,INR,2026-08-17T15:45:00Z,captured,c5,Chai
ch01606,PITCH-CHAI,5.00,INR,2026-08-17T16:46:00Z,captured,c6,Chai
ch01607,PITCH-CHAI,5.00,INR,2026-08-17T17:47:00Z,captured,c7,Chai
ch01608,PITCH-CHAI,5.00,INR,2026-08-17T18:48:00Z,captured,c8,Chai
ch01609,PITCH-CHAI,5.00,INR,2026-08-17T19:49:00Z,captured,c9,Chai
ch01610,PITCH-CHAI,5.00,INR,2026-08-17T06:50:00Z,captured,c10,Chai
ch01611,PITCH-CHAI,5.00,INR,2026-08-17T07:51:00Z,captured,c11,Chai
ch01612,PITCH-CHAI,5.00,INR,2026-08-17T08:52:00Z,captured,c12,Chai
ch01613,PITCH-CHAI,5.00,INR,2026-08-17T09:53:00Z,captured,c13,Chai
ch01614,PITCH-CHAI,5.00,INR,2026-08-17T10:54:00Z,captured,c14,Chai
ch01615,PITCH-CHAI,5.00,INR,2026-08-17T11:55:00Z,captured,c15,Chai
ch01616,PITCH-CHAI,5.00,INR,2026-08-17T12:56:00Z,captured,c16,Chai
ch01617,PITCH-CHAI,5.00,INR,2026-08-17T13:57:00Z,captured,c17,Chai
ch01618,PITCH-CHAI,5.00,INR,2026-08-17T14:58:00Z,captured,c18,Chai
ch01619,PITCH-CHAI,5.00,INR,2026-08-17T15:59:00Z,captured,c19,Chai
ch01620,PITCH-CHAI,5.00,INR,2026-08-17T16:00:00Z,captured,c20,Chai
ch01621,PITCH-CHAI,5.00,INR,2026-08-17T17:01:00Z,captured,c21,Chai
ch01622,PITCH-CHAI,5.00,INR,2026-08-17T18:02:00Z,captured,c22,Chai
ch01623,PITCH-CHAI,5.00,INR,2026-08-17T19:03:00Z,captured,c23,Chai
ch01624,PITCH-CHAI,5.00,INR,2026-08-17T06:04:00Z,captured,c24,Chai
ch01625,PITCH-CHAI,5.00,INR,2026-08-17T07:05:00Z,captured,c25,Chai
ch01626,PITCH-CHAI,5.00,INR,2026-08-17T08:06:00Z,captured,c26,Chai
ch01627,PITCH-CHAI,5.00,INR,2026-08-17T09:07:00Z,captured,c27,Chai
ch01628,PITCH-CHAI,5.00,INR,2026-08-17T10:08:00Z,captured,c28,Chai
ch01629,PITCH-CHAI,5.00,INR,2026-08-17T11:09:00Z,captured,c29,Chai
ch01630,PITCH-CHAI,5.00,INR,2026-08-17T12:10:00Z,captured,c30,Chai
ch01631,PITCH-CHAI,5.00,INR,2026-08-17T13:11:00Z,captured,c31,Chai
ch01632,PITCH-CHAI,5.00,INR,2026-08-17T14:12:00Z,captured,c32,Chai
ch01633,PITCH-CHAI,5.00,INR,2026-08-17T15:13:00Z,captured,c33,Chai
ch01634,PITCH-CHAI,5.00,INR,2026-08-17T16:14:00Z,captured,c34,Chai
ch01635,PITCH-CHAI,5.00,INR,2026-08-17T17:15:00Z,captured,c35,Chai
ch01636,PITCH-CHAI,5.00,INR,2026-08-17T18:16:00Z,captured,c36,Chai
ch01637,PITCH-CHAI,5.00,INR,2026-08-17T19:17:00Z,captured,c37,Chai
ch01638,PITCH-CHAI,5.00,INR,2026-08-17T06:18:00Z,captured,c38,Chai
ch01639,PITCH-CHAI,5.00,INR,2026-08-17T07:19:00Z,captured,c39,Chai
ch01640,PITCH-CHAI,5.00,INR,2026-08-17T08:20:00Z,captured,c40,Chai
ch01641,PITCH-CHAI,5.00,INR,2026-08-17T09:21:00Z,captured,c41,Chai
ch01642,PITCH-CHAI,5.00,INR,2026-08-17T10:22:00Z,captured,c42,Chai
ch01643,PITCH-CHAI,5.00,INR,2026-08-17T11:23:00Z,captured,c43,Chai
ch01644,PITCH-CHAI,5.00,INR,2026-08-17T12:24:00Z,captured,c44,Chai
ch01645,PITCH-CHAI,5.00,INR,2026-08-17T13:25:00Z,captured,c45,Chai
ch01646,PITCH-CHAI,5.00,INR,2026-08-17T14:26:00Z,captured,c46,Chai
ch01647,PITCH-CHAI,5.00,INR,2026-08-17T15:27:00Z,captured,c47,Chai
ch01648,PITCH-CHAI,5.00,INR,2026-08-17T16:28:00Z,captured,c48,Chai
ch01649,PITCH-CHAI,5.00,INR,2026-08-17T17:29:00Z,captured,c49,Chai
ch01650,PITCH-CHAI,5.00,INR,2026-08-17T18:30:00Z,captured,c50,Chai
ch01651,PITCH-CHAI,5.00,INR,2026-08-17T19:31:00Z,captured,c51,Chai
ch01652,PITCH-CHAI,5.00,INR,2026-08-17T06:32:00Z,captured,c52,Chai
ch01653,PITCH-CHAI,5.00,INR,2026-08-17T07:33:00Z,captured,c53,Chai
ch01654,PITCH-CHAI,5.00,INR,2026-08-17T08:34:00Z,captured,c54,Chai
ch01655,PITCH-CHAI,5.00,INR,2026-08-17T09:35:00Z,captured,c55,Chai
ch01656,PITCH-CHAI,5.00,INR,2026-08-17T10:36:00Z,captured,c56,Chai
ch01657,PITCH-CHAI,5.00,INR,2026-08-17T11:37:00Z,captured,c57,Chai
ch01658,PITCH-CHAI,5.00,INR,2026-08-17T12:38:00Z,captured,c58,Chai
ch01659,PITCH-CHAI,5.00,INR,2026-08-17T13:39:00Z,captured,c59,Chai
ch01660,PITCH-CHAI,5.00,INR,2026-08-17T14:40:00Z,captured,c60,Chai
ch01661,PITCH-CHAI,5.00,INR,2026-08-17T15:41:00Z,captured,c61,Chai
ch01662,PITCH-CHAI,5.00,INR,2026-08-17T16:42:00Z,captured,c62,Chai
ch01663,PITCH-CHAI,5.00,INR,2026-08-17T17:43:00Z,captured,c63,Chai
ch01664,PITCH-CHAI,5.00,INR,2026-08-17T18:44:00Z,captured,c64,Chai
ch01665,PITCH-CHAI,5.00,INR,2026-08-17T19:45:00Z,captured,c65,Chai
ch01666,PITCH-CHAI,5.00,INR,2026-08-17T06:46:00Z,captured,c66,Chai
ch01667,PITCH-CHAI,5.00,INR,2026-08-17T07:47:00Z,captured,c67,Chai
ch01668,PITCH-CHAI,5.00,INR,2026-08-17T08:48:00Z,captured,c68,Chai
ch01669,PITCH-CHAI,5.00,INR,2026-08-17T09:49:00Z,captured,c69,Chai
ch01670,PITCH-CHAI,5.00,INR,2026-08-17T10:50:00Z,captured,c70,Chai
ch01671,PITCH-CHAI,5.00,INR,2026-08-17T11:51:00Z,captured,c71,Chai
ch01672,PITCH-CHAI,5.00,INR,2026-08-17T12:52:00Z,captured,c72,Chai
ch01673,PITCH-CHAI,5.00,INR,2026-08-17T13:53:00Z,captured,c73,Chai
ch01674,PITCH-CHAI,5.00,INR,2026-08-17T14:54:00Z,captured,c74,Chai
ch01675,PITCH-CHAI,5.00,INR,2026-08-17T15:55:00Z,captured,c75,Chai
ch01676,PITCH-CHAI,5.00,INR,2026-08-17T16:56:00Z,captured,c76,Chai
ch01677,PITCH-CHAI,5.00,INR,2026-08-17T17:57:00Z,captured,c77,Chai
ch01678,PITCH-CHAI,5.00,INR,2026-08-17T18:58:00Z,captured,c78,Chai
ch01679,PITCH-CHAI,5.00,INR,2026-08-17T19:59:00Z,captured,c79,Chai
ch01680,PITCH-CHAI,5.00,INR,2026-08-17T06:00:00Z,captured,c80,Chai
ch01681,PITCH-CHAI,5.00,INR,2026-08-17T07:01:00Z,captured,c81,Chai
ch01682,PITCH-CHAI,5.00,INR,2026-08-17T08:02:00Z,captured,c82,Chai
ch01683,PITCH-CHAI,5.00,INR,2026-08-17T09:03:00Z,captured,c83,Chai
ch01684,PITCH-CHAI,5.00,INR,2026-08-17T10:04:00Z,captured,c84,Chai
ch01685,PITCH-CHAI,5.00,INR,2026-08-17T11:05:00Z,captured,c85,Chai
ch01686,PITCH-CHAI,5.00,INR,2026-08-17T12:06:00Z,captured,c86,Chai
ch01687,PITCH-CHAI,5.00,INR,2026-08-17T13:07:00Z,captured,c87,Chai
ch01688,PITCH-CHAI,5.00,INR,2026-08-17T14:08:00Z,captured,c88,Chai
ch01689,PITCH-CHAI,5.00,INR,2026-08-17T15:09:00Z,captured,c89,Chai
ch01690,PITCH-CHAI,5.00,INR,2026-08-17T16:10:00Z,captured,c90,Chai
ch01691,PITCH-CHAI,5.00,INR,2026-08-17T17:11:00Z,captured,c91,Chai
ch01692,PITCH-CHAI,5.00,INR,2026-08-17T18:12:00Z,captured,c92,Chai
ch01693,PITCH-CHAI,5.00,INR,2026-08-17T19:13:00Z,captured,c93,Chai
ch01694,PITCH-CHAI,5.00,INR,2026-08-17T06:14:00Z,captured,c94,Chai
ch01695,PITCH-CHAI,5.00,INR,2026-08-17T07:15:00Z,captured,c95,Chai
ch01696,PITCH-CHAI,5.00,INR,2026-08-17T08:16:00Z,captured,c96,Chai
ch01697,PITCH-CHAI,5.00,INR,2026-08-17T09:17:00Z,captured,c97,Chai
ch01698,PITCH-CHAI,5.00,INR,2026-08-17T10:18:00Z,captured,c98,Chai
ch01699,PITCH-CHAI,5.00,INR,2026-08-17T11:19:00Z,captured,c99,Chai
ch01700,PITCH-CHAI,5.00,INR,2026-08-17T12:20:00Z,captured,c100,Chai
ch01701,PITCH-CHAI,5.00,INR,2026-08-17T13:21:00Z,captured,c101,Chai
ch01702,PITCH-CHAI,5.00,INR,2026-08-17T14:22:00Z,captured,c102,Chai
ch01703,PITCH-CHAI,5.00,INR,2026-08-17T15:23:00Z,captured,c103,Chai
ch01704,PITCH-CHAI,5.00,INR,2026-08-17T16:24:00Z,captured,c104,Chai
ch01705,PITCH-CHAI,5.00,INR,2026-08-17T17:25:00Z,captured,c105,Chai
ch01706,PITCH-CHAI,5.00,INR,2026-08-17T18:26:00Z,captured,c106,Chai
ch01707,PITCH-CHAI,5.00,INR,2026-08-17T19:27:00Z,captured,c107,Chai
ch01708,PITCH-CHAI,5.00,INR,2026-08-17T06:28:00Z,captured,c108,Chai
ch01709,PITCH-CHAI,5.00,INR,2026-08-17T07:29:00Z,captured,c109,Chai
ch01710,PITCH-CHAI,5.00,INR,2026-08-17T08:30:00Z,captured,c110,Chai
ch01711,PITCH-CHAI,5.00,INR,2026-08-17T09:31:00Z,captured,c111,Chai
ch01712,PITCH-CHAI,5.00,INR,2026-08-17T10:32:00Z,captured,c112,Chai
ch01713,PITCH-CHAI,5.00,INR,2026-08-17T11:33:00Z,captured,c113,Chai
ch01714,PITCH-CHAI,5.00,INR,2026-08-17T12:34:00Z,captured,c114,Chai
ch01715,PITCH-CHAI,5.00,INR,2026-08-17T13:35:00Z,captured,c115,Chai
ch01716,PITCH-CHAI,5.00,INR,2026-08-17T14:36:00Z,captured,c116,Chai
ch01717,PITCH-CHAI,5.00,INR,2026-08-17T15:37:00Z,captured,c117,Chai
ch01718,PITCH-CHAI,5.00,INR,2026-08-17T16:38:00Z,captured,c118,Chai
ch01719,PITCH-CHAI,5.00,INR,2026-08-17T17:39:00Z,captured,c119,Chai
ch01720,PITCH-CHAI,5.00,INR,2026-08-17T18:40:00Z,captured,c120,Chai
ch01721,PITCH-CHAI,5.00,INR,2026-08-17T19:41:00Z,captured,c121,Chai
ch01722,PITCH-CHAI,5.00,INR,2026-08-17T06:42:00Z,captured,c122,Chai
ch01723,PITCH-CHAI,5.00,INR,2026-08-17T07:43:00Z,captured,c123,Chai
ch01724,PITCH-CHAI,5.00,INR,2026-08-17T08:44:00Z,captured,c124,Chai
ch01725,PITCH-CHAI,5.00,INR,2026-08-17T09:45:00Z,captured,c125,Chai
ch01726,PITCH-CHAI,5.00,INR,2026-08-17T10:46:00Z,captured,c126,Chai
ch01727,PITCH-CHAI,5.00,INR,2026-08-17T11:47:00Z,captured,c127,Chai
ch01728,PITCH-CHAI,5.00,INR,2026-08-17T12:48:00Z,captured,c128,Chai
ch01729,PITCH-CHAI,5.00,INR,2026-08-17T13:49:00Z,captured,c129,Chai
ch01730,PITCH-CHAI,5.00,INR,2026-08-17T14:50:00Z,captured,c130,Chai
ch01731,PITCH-CHAI,5.00,INR,2026-08-17T15:51:00Z,captured,c131,Chai
ch01732,PITCH-CHAI,5.00,INR,2026-08-17T16:52:00Z,captured,c132,Chai
ch01733,PITCH-CHAI,5.00,INR,2026-08-17T17:53:00Z,captured,c133,Chai
ch01734,PITCH-CHAI,5.00,INR,2026-08-17T18:54:00Z,captured,c134,Chai
ch01735,PITCH-CHAI,5.00,INR,2026-08-17T19:55:00Z,captured,c135,Chai
ch01736,PITCH-CHAI,5.00,INR,2026-08-17T06:56:00Z,captured,c136,Chai
ch01737,PITCH-CHAI,5.00,INR,2026-08-17T07:57:00Z,captured,c137,Chai
ch01738,PITCH-CHAI,5.00,INR,2026-08-17T08:58:00Z,captured,c138,Chai
ch01739,PITCH-CHAI,5.00,INR,2026-08-17T09:59:00Z,captured,c139,Chai
ch01740,PITCH-CHAI,5.00,INR,2026-08-17T10:00:00Z,captured,c140,Chai
ch01741,PITCH-CHAI,5.00,INR,2026-08-17T11:01:00Z,captured,c141,Chai
ch01742,PITCH-CHAI,5.00,INR,2026-08-17T12:02:00Z,captured,c142,Chai
ch01743,PITCH-CHAI,5.00,INR,2026-08-17T13:03:00Z,captured,c143,Chai
ch01744,PITCH-CHAI,5.00,INR,2026-08-17T14:04:00Z,captured,c144,Chai
ch01745,PITCH-CHAI,5.00,INR,2026-08-17T15:05:00Z,captured,c145,Chai
ch01746,PITCH-CHAI,5.00,INR,2026-08-17T16:06:00Z,captured,c146,Chai
ch01747,PITCH-CHAI,5.00,INR,2026-08-17T17:07:00Z,captured,c147,Chai
ch01748,PITCH-CHAI,5.00,INR,2026-08-17T18:08:00Z,captured,c148,Chai
ch01749,PITCH-CHAI,5.00,INR,2026-08-17T19:09:00Z,captured,c149,Chai
ch01750,PITCH-CHAI,5.00,INR,2026-08-17T06:10:00Z,captured,c150,Chai
ch01751,PITCH-CHAI,5.00,INR,2026-08-17T07:11:00Z,captured,c151,Chai
ch01752,PITCH-CHAI,5.00,INR,2026-08-17T08:12:00Z,captured,c152,Chai
ch01753,PITCH-CHAI,5.00,INR,2026-08-17T09:13:00Z,captured,c153,Chai
ch01754,PITCH-CHAI,5.00,INR,2026-08-17T10:14:00Z,captured,c154,Chai
ch01755,PITCH-CHAI,5.00,INR,2026-08-17T11:15:00Z,captured,c155,Chai
ch01756,PITCH-CHAI,5.00,INR,2026-08-17T12:16:00Z,captured,c156,Chai
ch01757,PITCH-CHAI,5.00,INR,2026-08-17T13:17:00Z,captured,c157,Chai
ch01758,PITCH-CHAI,5.00,INR,2026-08-17T14:18:00Z,captured,c158,Chai
ch01759,PITCH-CHAI,5.00,INR,2026-08-17T15:19:00Z,captured,c159,Chai
ch01760,PITCH-CHAI,5.00,INR,2026-08-17T16:20:00Z,captured,c160,Chai
ch01761,PITCH-CHAI,5.00,INR,2026-08-17T17:21:00Z,captured,c161,Chai
ch01762,PITCH-CHAI,5.00,INR,2026-08-17T18:22:00Z,captured,c162,Chai
ch01763,PITCH-CHAI,5.00,INR,2026-08-17T19:23:00Z,captured,c163,Chai
ch01764,PITCH-CHAI,5.00,INR,2026-08-17T06:24:00Z,captured,c164,Chai
ch01765,PITCH-CHAI,5.00,INR,2026-08-17T07:25:00Z,captured,c165,Chai
ch01766,PITCH-CHAI,5.00,INR,2026-08-17T08:26:00Z,captured,c166,Chai
ch01767,PITCH-CHAI,5.00,INR,2026-08-17T09:27:00Z,captured,c167,Chai
ch01768,PITCH-CHAI,5.00,INR,2026-08-17T10:28:00Z,captured,c168,Chai
ch01769,PITCH-CHAI,5.00,INR,2026-08-17T11:29:00Z,captured,c169,Chai
ch01770,PITCH-CHAI,5.00,INR,2026-08-17T12:30:00Z,captured,c170,Chai
ch01771,PITCH-CHAI,5.00,INR,2026-08-17T13:31:00Z,captured,c171,Chai
ch01772,PITCH-CHAI,5.00,INR,2026-08-17T14:32:00Z,captured,c172,Chai
ch01773,PITCH-CHAI,5.00,INR,2026-08-17T15:33:00Z,captured,c173,Chai
ch01774,PITCH-CHAI,5.00,INR,2026-08-17T16:34:00Z,captured,c174,Chai
ch01775,PITCH-CHAI,5.00,INR,2026-08-17T17:35:00Z,captured,c175,Chai
ch01776,PITCH-CHAI,5.00,INR,2026-08-17T18:36:00Z,captured,c176,Chai
ch01777,PITCH-CHAI,5.00,INR,2026-08-17T19:37:00Z,captured,c177,Chai
ch01778,PITCH-CHAI,5.00,INR,2026-08-17T06:38:00Z,captured,c178,Chai
ch01779,PITCH-CHAI,5.00,INR,2026-08-17T07:39:00Z,captured,c179,Chai
ch01780,PITCH-CHAI,5.00,INR,2026-08-17T08:40:00Z,captured,c180,Chai
ch01781,PITCH-CHAI,5.00,INR,2026-08-17T09:41:00Z,captured,c181,Chai
ch01782,PITCH-CHAI,5.00,INR,2026-08-17T10:42:00Z,captured,c182,Chai
ch01783,PITCH-CHAI,5.00,INR,2026-08-17T11:43:00Z,captured,c183,Chai
ch01784,PITCH-CHAI,5.00,INR,2026-08-17T12:44:00Z,captured,c184,Chai
ch01785,PITCH-CHAI,5.00,INR,2026-08-17T13:45:00Z,captured,c185,Chai
ch01786,PITCH-CHAI,5.00,INR,2026-08-17T14:46:00Z,captured,c186,Chai
ch01787,PITCH-CHAI,5.00,INR,2026-08-17T15:47:00Z,captured,c187,Chai
ch01788,PITCH-CHAI,5.00,INR,2026-08-17T16:48:00Z,captured,c188,Chai
ch01789,PITCH-CHAI,5.00,INR,2026-08-17T17:49:00Z,captured,c189,Chai
ch01790,PITCH-CHAI,5.00,INR,2026-08-17T18:50:00Z,captured,c190,Chai
ch01791,PITCH-CHAI,5.00,INR,2026-08-17T19:51:00Z,captured,c191,Chai
ch01792,PITCH-CHAI,5.00,INR,2026-08-17T06:52:00Z,captured,c192,Chai
ch01793,PITCH-CHAI,5.00,INR,2026-08-17T07:53:00Z,captured,c193,Chai
ch01794,PITCH-CHAI,5.00,INR,2026-08-17T08:54:00Z,captured,c194,Chai
ch01795,PITCH-CHAI,5.00,INR,2026-08-17T09:55:00Z,captured,c195,Chai
ch01796,PITCH-CHAI,5.00,INR,2026-08-17T10:56:00Z,captured,c196,Chai
ch01797,PITCH-CHAI,5.00,INR,2026-08-17T11:57:00Z,captured,c197,Chai
ch01798,PITCH-CHAI,5.00,INR,2026-08-17T12:58:00Z,captured,c198,Chai
ch01799,PITCH-CHAI,5.00,INR,2026-08-17T13:59:00Z,captured,c199,Chai
ch01800,PITCH-CHAI,5.00,INR,2026-08-17T14:00:00Z,captured,c200,Chai
ch01801,PITCH-CHAI,5.00,INR,2026-08-17T15:01:00Z,captured,c201,Chai
ch01802,PITCH-CHAI,5.00,INR,2026-08-17T16:02:00Z,captured,c202,Chai
ch01803,PITCH-CHAI,5.00,INR,2026-08-17T17:03:00Z,captured,c203,Chai
ch01804,PITCH-CHAI,5.00,INR,2026-08-17T18:04:00Z,captured,c204,Chai
ch01805,PITCH-CHAI,5.00,INR,2026-08-17T19:05:00Z,captured,c205,Chai
ch01806,PITCH-CHAI,5.00,INR,2026-08-17T06:06:00Z,captured,c206,Chai
ch01807,PITCH-CHAI,5.00,INR,2026-08-17T07:07:00Z,captured,c207,Chai
ch01808,PITCH-CHAI,5.00,INR,2026-08-17T08:08:00Z,captured,c208,Chai
ch01809,PITCH-CHAI,5.00,INR,2026-08-17T09:09:00Z,captured,c209,Chai
ch01810,PITCH-CHAI,5.00,INR,2026-08-17T10:10:00Z,captured,c210,Chai
ch01811,PITCH-CHAI,5.00,INR,2026-08-17T11:11:00Z,captured,c211,Chai
ch01812,PITCH-CHAI,5.00,INR,2026-08-17T12:12:00Z,captured,c212,Chai
ch01813,PITCH-CHAI,5.00,INR,2026-08-17T13:13:00Z,captured,c213,Chai
ch01814,PITCH-CHAI,5.00,INR,2026-08-17T14:14:00Z,captured,c214,Chai
ch01815,PITCH-CHAI,5.00,INR,2026-08-17T15:15:00Z,captured,c215,Chai
ch01816,PITCH-CHAI,5.00,INR,2026-08-17T16:16:00Z,captured,c216,Chai
ch01817,PITCH-CHAI,5.00,INR,2026-08-17T17:17:00Z,captured,c217,Chai
ch01818,PITCH-CHAI,5.00,INR,2026-08-17T18:18:00Z,captured,c218,Chai
ch01819,PITCH-CHAI,5.00,INR,2026-08-17T19:19:00Z,captured,c219,Chai
ch01820,PITCH-CHAI,5.00,INR,2026-08-17T06:20:00Z,captured,c220,Chai
ch01821,PITCH-CHAI,5.00,INR,2026-08-17T07:21:00Z,captured,c221,Chai
ch01822,PITCH-CHAI,5.00,INR,2026-08-17T08:22:00Z,captured,c222,Chai
ch01823,PITCH-CHAI,5.00,INR,2026-08-17T09:23:00Z,captured,c223,Chai
ch01824,PITCH-CHAI,5.00,INR,2026-08-17T10:24:00Z,captured,c224,Chai
ch01825,PITCH-CHAI,5.00,INR,2026-08-17T11:25:00Z,captured,c225,Chai
ch01826,PITCH-CHAI,5.00,INR,2026-08-17T12:26:00Z,captured,c226,Chai
ch01827,PITCH-CHAI,5.00,INR,2026-08-17T13:27:00Z,captured,c227,Chai
ch01828,PITCH-CHAI,5.00,INR,2026-08-17T14:28:00Z,captured,c228,Chai
ch01829,PITCH-CHAI,5.00,INR,2026-08-17T15:29:00Z,captured,c229,Chai
ch01830,PITCH-CHAI,5.00,INR,2026-08-17T16:30:00Z,captured,c230,Chai
ch01831,PITCH-CHAI,5.00,INR,2026-08-17T17:31:00Z,captured,c231,Chai
ch01832,PITCH-CHAI,5.00,INR,2026-08-17T18:32:00Z,captured,c232,Chai
ch01833,PITCH-CHAI,5.00,INR,2026-08-17T19:33:00Z,captured,c233,Chai
ch01834,PITCH-CHAI,5.00,INR,2026-08-17T06:34:00Z,captured,c234,Chai
ch01835,PITCH-CHAI,5.00,INR,2026-08-17T07:35:00Z,captured,c235,Chai
ch01836,PITCH-CHAI,5.00,INR,2026-08-17T08:36:00Z,captured,c236,Chai
ch01837,PITCH-CHAI,5.00,INR,2026-08-17T09:37:00Z,captured,c237,Chai
ch01838,PITCH-CHAI,5.00,INR,2026-08-17T10:38:00Z,captured,c238,Chai
ch01839,PITCH-CHAI,5.00,INR,2026-08-17T11:39:00Z,captured,c239,Chai
ch01840,PITCH-CHAI,5.00,INR,2026-08-17T12:40:00Z,captured,c240,Chai
ch01841,PITCH-CHAI,5.00,INR,2026-08-17T13:41:00Z,captured,c241,Chai
ch01842,PITCH-CHAI,5.00,INR,2026-08-17T14:42:00Z,captured,c242,Chai
ch01843,PITCH-CHAI,5.00,INR,2026-08-17T15:43:00Z,captured,c243,Chai
ch01844,PITCH-CHAI,5.00,INR,2026-08-17T16:44:00Z,captured,c244,Chai
ch01845,PITCH-CHAI,5.00,INR,2026-08-17T17:45:00Z,captured,c245,Chai
ch01846,PITCH-CHAI,5.00,INR,2026-08-17T18:46:00Z,captured,c246,Chai
ch01847,PITCH-CHAI,5.00,INR,2026-08-17T19:47:00Z,captured,c247,Chai
ch01848,PITCH-CHAI,5.00,INR,2026-08-17T06:48:00Z,captured,c248,Chai
ch01849,PITCH-CHAI,5.00,INR,2026-08-17T07:49:00Z,captured,c249,Chai
ch01850,PITCH-CHAI,5.00,INR,2026-08-17T08:50:00Z,captured,c250,Chai
ch01851,PITCH-CHAI,5.00,INR,2026-08-17T09:51:00Z,captured,c251,Chai
ch01852,PITCH-CHAI,5.00,INR,2026-08-17T10:52:00Z,captured,c252,Chai
ch01853,PITCH-CHAI,5.00,INR,2026-08-17T11:53:00Z,captured,c253,Chai
ch01854,PITCH-CHAI,5.00,INR,2026-08-17T12:54:00Z,captured,c254,Chai
ch01855,PITCH-CHAI,5.00,INR,2026-08-17T13:55:00Z,captured,c255,Chai
ch01856,PITCH-CHAI,5.00,INR,2026-08-17T14:56:00Z,captured,c256,Chai
ch01857,PITCH-CHAI,5.00,INR,2026-08-17T15:57:00Z,captured,c257,Chai
ch01858,PITCH-CHAI,5.00,INR,2026-08-17T16:58:00Z,captured,c258,Chai
ch01859,PITCH-CHAI,5.00,INR,2026-08-17T17:59:00Z,captured,c259,Chai
ch01860,PITCH-CHAI,5.00,INR,2026-08-17T18:00:00Z,captured,c260,Chai
ch01861,PITCH-CHAI,5.00,INR,2026-08-17T19:01:00Z,captured,c261,Chai
ch01862,PITCH-CHAI,5.00,INR,2026-08-17T06:02:00Z,captured,c262,Chai
ch01863,PITCH-CHAI,5.00,INR,2026-08-17T07:03:00Z,captured,c263,Chai
ch01864,PITCH-CHAI,5.00,INR,2026-08-17T08:04:00Z,captured,c264,Chai
ch01865,PITCH-CHAI,5.00,INR,2026-08-17T09:05:00Z,captured,c265,Chai
ch01866,PITCH-CHAI,5.00,INR,2026-08-17T10:06:00Z,captured,c266,Chai
ch01867,PITCH-CHAI,5.00,INR,2026-08-17T11:07:00Z,captured,c267,Chai
ch01868,PITCH-CHAI,5.00,INR,2026-08-17T12:08:00Z,captured,c268,Chai
ch01869,PITCH-CHAI,5.00,INR,2026-08-17T13:09:00Z,captured,c269,Chai
ch01870,PITCH-CHAI,5.00,INR,2026-08-17T14:10:00Z,captured,c270,Chai
ch01871,PITCH-CHAI,5.00,INR,2026-08-17T15:11:00Z,captured,c271,Chai
ch01872,PITCH-CHAI,5.00,INR,2026-08-17T16:12:00Z,captured,c272,Chai
ch01873,PITCH-CHAI,5.00,INR,2026-08-17T17:13:00Z,captured,c273,Chai
ch01874,PITCH-CHAI,5.00,INR,2026-08-17T18:14:00Z,captured,c274,Chai
ch01875,PITCH-CHAI,5.00,INR,2026-08-17T19:15:00Z,captured,c275,Chai
ch01876,PITCH-CHAI,5.00,INR,2026-08-17T06:16:00Z,captured,c276,Chai
ch01877,PITCH-CHAI,5.00,INR,2026-08-17T07:17:00Z,captured,c277,Chai
ch01878,PITCH-CHAI,5.00,INR,2026-08-17T08:18:00Z,captured,c278,Chai
ch01879,PITCH-CHAI,5.00,INR,2026-08-17T09:19:00Z,captured,c279,Chai
ch01880,PITCH-CHAI,5.00,INR,2026-08-17T10:20:00Z,captured,c280,Chai
ch01881,PITCH-CHAI,5.00,INR,2026-08-17T11:21:00Z,captured,c281,Chai
ch01882,PITCH-CHAI,5.00,INR,2026-08-17T12:22:00Z,captured,c282,Chai
ch01883,PITCH-CHAI,5.00,INR,2026-08-17T13:23:00Z,captured,c283,Chai
ch01884,PITCH-CHAI,5.00,INR,2026-08-17T14:24:00Z,captured,c284,Chai
ch01885,PITCH-CHAI,5.00,INR,2026-08-17T15:25:00Z,captured,c285,Chai
ch01886,PITCH-CHAI,5.00,INR,2026-08-17T16:26:00Z,captured,c286,Chai
ch01887,PITCH-CHAI,5.00,INR,2026-08-17T17:27:00Z,captured,c287,Chai
ch01888,PITCH-CHAI,5.00,INR,2026-08-17T18:28:00Z,captured,c288,Chai
ch01889,PITCH-CHAI,5.00,INR,2026-08-17T19:29:00Z,captured,c289,Chai
ch01890,PITCH-CHAI,5.00,INR,2026-08-17T06:30:00Z,captured,c290,Chai
ch01891,PITCH-CHAI,5.00,INR,2026-08-17T07:31:00Z,captured,c291,Chai
ch01892,PITCH-CHAI,5.00,INR,2026-08-17T08:32:00Z,captured,c292,Chai
ch01893,PITCH-CHAI,5.00,INR,2026-08-17T09:33:00Z,captured,c293,Chai
ch01894,PITCH-CHAI,5.00,INR,2026-08-17T10:34:00Z,captured,c294,Chai
ch01895,PITCH-CHAI,5.00,INR,2026-08-17T11:35:00Z,captured,c295,Chai
ch01896,PITCH-CHAI,5.00,INR,2026-08-17T12:36:00Z,captured,c296,Chai
ch01897,PITCH-CHAI,5.00,INR,2026-08-17T13:37:00Z,captured,c297,Chai
ch01898,PITCH-CHAI,5.00,INR,2026-08-17T14:38:00Z,captured,c298,Chai
ch01899,PITCH-CHAI,5.00,INR,2026-08-17T15:39:00Z,captured,c299,Chai
ch01900,PITCH-CHAI,5.00,INR,2026-08-17T16:40:00Z,captured,c300,Chai
ch01901,PITCH-CHAI,5.00,INR,2026-08-17T17:41:00Z,captured,c301,Chai
ch01902,PITCH-CHAI,5.00,INR,2026-08-17T18:42:00Z,captured,c302,Chai
ch01903,PITCH-CHAI,5.00,INR,2026-08-17T19:43:00Z,captured,c303,Chai
ch01904,PITCH-CHAI,5.00,INR,2026-08-17T06:44:00Z,captured,c304,Chai
ch01905,PITCH-CHAI,5.00,INR,2026-08-17T07:45:00Z,captured,c305,Chai
ch01906,PITCH-CHAI,5.00,INR,2026-08-17T08:46:00Z,captured,c306,Chai
ch01907,PITCH-CHAI,5.00,INR,2026-08-17T09:47:00Z,captured,c307,Chai
ch01908,PITCH-CHAI,5.00,INR,2026-08-17T10:48:00Z,captured,c308,Chai
ch01909,PITCH-CHAI,5.00,INR,2026-08-17T11:49:00Z,captured,c309,Chai
ch01910,PITCH-CHAI,5.00,INR,2026-08-17T12:50:00Z,captured,c310,Chai
ch01911,PITCH-CHAI,5.00,INR,2026-08-17T13:51:00Z,captured,c311,Chai
ch01912,PITCH-CHAI,5.00,INR,2026-08-17T14:52:00Z,captured,c312,Chai
ch01913,PITCH-CHAI,5.00,INR,2026-08-17T15:53:00Z,captured,c313,Chai
ch01914,PITCH-CHAI,5.00,INR,2026-08-17T16:54:00Z,captured,c314,Chai
ch01915,PITCH-CHAI,5.00,INR,2026-08-17T17:55:00Z,captured,c315,Chai
ch01916,PITCH-CHAI,5.00,INR,2026-08-17T18:56:00Z,captured,c316,Chai
ch01917,PITCH-CHAI,5.00,INR,2026-08-17T19:57:00Z,captured,c317,Chai
ch01918,PITCH-CHAI,5.00,INR,2026-08-17T06:58:00Z,captured,c318,Chai
ch01919,PITCH-CHAI,5.00,INR,2026-08-17T07:59:00Z,captured,c319,Chai
ch01920,PITCH-CHAI,5.00,INR,2026-08-17T08:00:00Z,captured,c320,Chai
ch01921,PITCH-CHAI,5.00,INR,2026-08-17T09:01:00Z,captured,c321,Chai
ch01922,PITCH-CHAI,5.00,INR,2026-08-17T10:02:00Z,captured,c322,Chai
ch01923,PITCH-CHAI,5.00,INR,2026-08-17T11:03:00Z,captured,c323,Chai
ch01924,PITCH-CHAI,5.00,INR,2026-08-17T12:04:00Z,captured,c324,Chai
ch01925,PITCH-CHAI,5.00,INR,2026-08-17T13:05:00Z,captured,c325,Chai
ch01926,PITCH-CHAI,5.00,INR,2026-08-17T14:06:00Z,captured,c326,Chai
ch01927,PITCH-CHAI,5.00,INR,2026-08-17T15:07:00Z,captured,c327,Chai
ch01928,PITCH-CHAI,5.00,INR,2026-08-17T16:08:00Z,captured,c328,Chai
ch01929,PITCH-CHAI,5.00,INR,2026-08-17T17:09:00Z,captured,c329,Chai
ch01930,PITCH-CHAI,5.00,INR,2026-08-17T18:10:00Z,captured,c330,Chai
ch01931,PITCH-CHAI,5.00,INR,2026-08-17T19:11:00Z,captured,c331,Chai
ch01932,PITCH-CHAI,5.00,INR,2026-08-17T06:12:00Z,captured,c332,Chai
ch01933,PITCH-CHAI,5.00,INR,2026-08-17T07:13:00Z,captured,c333,Chai
ch01934,PITCH-CHAI,5.00,INR,2026-08-17T08:14:00Z,captured,c334,Chai
ch01935,PITCH-CHAI,5.00,INR,2026-08-17T09:15:00Z,captured,c335,Chai
ch01936,PITCH-CHAI,5.00,INR,2026-08-17T10:16:00Z,captured,c336,Chai
ch01937,PITCH-CHAI,5.00,INR,2026-08-17T11:17:00Z,captured,c337,Chai
ch01938,PITCH-CHAI,5.00,INR,2026-08-17T12:18:00Z,captured,c338,Chai
ch01939,PITCH-CHAI,5.00,INR,2026-08-17T13:19:00Z,captured,c339,Chai
ch01940,PITCH-CHAI,5.00,INR,2026-08-17T14:20:00Z,captured,c340,Chai
ch01941,PITCH-CHAI,5.00,INR,2026-08-17T15:21:00Z,captured,c341,Chai
ch01942,PITCH-CHAI,5.00,INR,2026-08-17T16:22:00Z,captured,c342,Chai
ch01943,PITCH-CHAI,5.00,INR,2026-08-17T17:23:00Z,captured,c343,Chai
ch01944,PITCH-CHAI,5.00,INR,2026-08-17T18:24:00Z,captured,c344,Chai
ch01945,PITCH-CHAI,5.00,INR,2026-08-17T19:25:00Z,captured,c345,Chai
ch01946,PITCH-CHAI,5.00,INR,2026-08-17T06:26:00Z,captured,c346,Chai
ch01947,PITCH-CHAI,5.00,INR,2026-08-17T07:27:00Z,captured,c347,Chai
ch01948,PITCH-CHAI,5.00,INR,2026-08-17T08:28:00Z,captured,c348,Chai
ch01949,PITCH-CHAI,5.00,INR,2026-08-17T09:29:00Z,captured,c349,Chai
ch01950,PITCH-CHAI,5.00,INR,2026-08-17T10:30:00Z,captured,c350,Chai
ch01951,PITCH-CHAI,5.00,INR,2026-08-17T11:31:00Z,captured,c351,Chai
ch01952,PITCH-CHAI,5.00,INR,2026-08-17T12:32:00Z,captured,c352,Chai
ch01953,PITCH-CHAI,5.00,INR,2026-08-17T13:33:00Z,captured,c353,Chai
ch01954,PITCH-CHAI,5.00,INR,2026-08-17T14:34:00Z,captured,c354,Chai
ch01955,PITCH-CHAI,5.00,INR,2026-08-17T15:35:00Z,captured,c355,Chai
ch01956,PITCH-CHAI,5.00,INR,2026-08-17T16:36:00Z,captured,c356,Chai
ch01957,PITCH-CHAI,5.00,INR,2026-08-17T17:37:00Z,captured,c357,Chai
ch01958,PITCH-CHAI,5.00,INR,2026-08-17T18:38:00Z,captured,c358,Chai
ch01959,PITCH-CHAI,5.00,INR,2026-08-17T19:39:00Z,captured,c359,Chai
ch01960,PITCH-CHAI,5.00,INR,2026-08-17T06:40:00Z,captured,c360,Chai
ch01961,PITCH-CHAI,5.00,INR,2026-08-17T07:41:00Z,captured,c361,Chai
ch01962,PITCH-CHAI,5.00,INR,2026-08-17T08:42:00Z,captured,c362,Chai
ch01963,PITCH-CHAI,5.00,INR,2026-08-17T09:43:00Z,captured,c363,Chai
ch01964,PITCH-CHAI,5.00,INR,2026-08-17T10:44:00Z,captured,c364,Chai
ch01965,PITCH-CHAI,5.00,INR,2026-08-17T11:45:00Z,captured,c365,Chai
ch01966,PITCH-CHAI,5.00,INR,2026-08-17T12:46:00Z,captured,c366,Chai
ch01967,PITCH-CHAI,5.00,INR,2026-08-17T13:47:00Z,captured,c367,Chai
ch01968,PITCH-CHAI,5.00,INR,2026-08-17T14:48:00Z,captured,c368,Chai
ch01969,PITCH-CHAI,5.00,INR,2026-08-17T15:49:00Z,captured,c369,Chai
ch01970,PITCH-CHAI,5.00,INR,2026-08-17T16:50:00Z,captured,c370,Chai
ch01971,PITCH-CHAI,5.00,INR,2026-08-17T17:51:00Z,captured,c371,Chai
ch01972,PITCH-CHAI,5.00,INR,2026-08-17T18:52:00Z,captured,c372,Chai
ch01973,PITCH-CHAI,5.00,INR,2026-08-17T19:53:00Z,captured,c373,Chai
ch01974,PITCH-CHAI,5.00,INR,2026-08-17T06:54:00Z,captured,c374,Chai
ch01975,PITCH-CHAI,5.00,INR,2026-08-17T07:55:00Z,captured,c375,Chai
ch01976,PITCH-CHAI,5.00,INR,2026-08-17T08:56:00Z,captured,c376,Chai
ch01977,PITCH-CHAI,5.00,INR,2026-08-17T09:57:00Z,captured,c377,Chai
ch01978,PITCH-CHAI,5.00,INR,2026-08-17T10:58:00Z,captured,c378,Chai
ch01979,PITCH-CHAI,5.00,INR,2026-08-17T11:59:00Z,captured,c379,Chai
ch01980,PITCH-CHAI,5.00,INR,2026-08-17T12:00:00Z,captured,c380,Chai
ch01981,PITCH-CHAI,5.00,INR,2026-08-17T13:01:00Z,captured,c381,Chai
ch01982,PITCH-CHAI,5.00,INR,2026-08-17T14:02:00Z,captured,c382,Chai
ch01983,PITCH-CHAI,5.00,INR,2026-08-17T15:03:00Z,captured,c383,Chai
ch01984,PITCH-CHAI,5.00,INR,2026-08-17T16:04:00Z,captured,c384,Chai
ch01985,PITCH-CHAI,5.00,INR,2026-08-17T17:05:00Z,captured,c385,Chai
ch01986,PITCH-CHAI,5.00,INR,2026-08-17T18:06:00Z,captured,c386,Chai
ch01987,PITCH-CHAI,5.00,INR,2026-08-17T19:07:00Z,captured,c387,Chai
ch01988,PITCH-CHAI,5.00,INR,2026-08-17T06:08:00Z,captured,c388,Chai
ch01989,PITCH-CHAI,5.00,INR,2026-08-17T07:09:00Z,captured,c389,Chai
ch01990,PITCH-CHAI,5.00,INR,2026-08-17T08:10:00Z,captured,c390,Chai
ch01991,PITCH-CHAI,5.00,INR,2026-08-17T09:11:00Z,captured,c391,Chai
ch01992,PITCH-CHAI,5.00,INR,2026-08-17T10:12:00Z,captured,c392,Chai
ch01993,PITCH-CHAI,5.00,INR,2026-08-17T11:13:00Z,captured,c393,Chai
ch01994,PITCH-CHAI,5.00,INR,2026-08-17T12:14:00Z,captured,c394,Chai
ch01995,PITCH-CHAI,5.00,INR,2026-08-17T13:15:00Z,captured,c395,Chai
ch01996,PITCH-CHAI,5.00,INR,2026-08-17T14:16:00Z,captured,c396,Chai
ch01997,PITCH-CHAI,5.00,INR,2026-08-17T15:17:00Z,captured,c397,Chai
ch01998,PITCH-CHAI,5.00,INR,2026-08-17T16:18:00Z,captured,c398,Chai
ch01999,PITCH-CHAI,5.00,INR,2026-08-17T17:19:00Z,captured,c399,Chai
